pxd	data_file	category	field	assessed_value	gold_value	normalized_assessed_value	normalized_gold_value	status	match_method	similarity
PXD011799	20170126_Lumos_RSLC2_Maurer_Hartl_UW_MFPL_shotgun_MMa_TMT2_TiO2_Fr3_MS2.raw	Biological	characteristics[cell type]	B cells		b cells		assessed_only	unmatched	0.000000
PXD011799	20170126_Lumos_RSLC2_Maurer_Hartl_UW_MFPL_shotgun_MMa_TMT2_TiO2_Fr3_MS2.raw	Biological	characteristics[disease]	metastatic melanoma		metastatic melanoma		assessed_only	unmatched	0.000000
PXD011799	20170126_Lumos_RSLC2_Maurer_Hartl_UW_MFPL_shotgun_MMa_TMT2_TiO2_Fr3_MS2.raw	Biological	characteristics[disease]		melanoma		melanoma	gold_only	unmatched	0.000000
PXD011799	20170126_Lumos_RSLC2_Maurer_Hartl_UW_MFPL_shotgun_MMa_TMT2_TiO2_Fr3_MS2.raw	Biological	characteristics[organism part]	blood, melanoma		blood melanoma		assessed_only	unmatched	0.000000
PXD011799	20170126_Lumos_RSLC2_Maurer_Hartl_UW_MFPL_shotgun_MMa_TMT2_TiO2_Fr3_MS2.raw	Biological	characteristics[organism part]		B cells		b cells	gold_only	unmatched	0.000000
PXD011799	20170126_Lumos_RSLC2_Maurer_Hartl_UW_MFPL_shotgun_MMa_TMT2_TiO2_Fr3_MS2.raw	Biological	characteristics[organism]	Homo sapiens	Homo sapiens	homo sapiens	homo sapiens	matched	exact_normalized	1.000000
PXD011799	20170126_Lumos_RSLC2_Maurer_Hartl_UW_MFPL_shotgun_MMa_TMT2_TiO2_Fr3_MS2.raw	Technical	comment[alkylation reagent]	iodoacetamide		iodoacetamide		assessed_only	unmatched	0.000000
PXD011799	20170126_Lumos_RSLC2_Maurer_Hartl_UW_MFPL_shotgun_MMa_TMT2_TiO2_Fr3_MS2.raw	Technical	comment[cleavage agent details]	NT=Trypsin;AC=MS:1001251	NT=Trypsin;AC=MS:1001251	cv:ms:1001251	cv:ms:1001251	matched	cv_accession	1.000000
PXD011799	20170126_Lumos_RSLC2_Maurer_Hartl_UW_MFPL_shotgun_MMa_TMT2_TiO2_Fr3_MS2.raw	Technical	comment[dissociation method]	NT=beam-type collision-induced dissociation;AC=MS:1000422		cv:ms:1000422		assessed_only	unmatched	0.000000
PXD011799	20170126_Lumos_RSLC2_Maurer_Hartl_UW_MFPL_shotgun_MMa_TMT2_TiO2_Fr3_MS2.raw	Technical	comment[fragment mass tolerance]	0.01 Da		0.01 da		assessed_only	unmatched	0.000000
PXD011799	20170126_Lumos_RSLC2_Maurer_Hartl_UW_MFPL_shotgun_MMa_TMT2_TiO2_Fr3_MS2.raw	Technical	comment[fragment mass tolerance]		10 ppm		10 ppm	gold_only	unmatched	0.000000
PXD011799	20170126_Lumos_RSLC2_Maurer_Hartl_UW_MFPL_shotgun_MMa_TMT2_TiO2_Fr3_MS2.raw	Technical	comment[instrument]	NT=Orbitrap Fusion Lumos;AC=MS:1002732	NT=Orbitrap Fusion Lumos	cv:ms:1002732	nt orbitrap fusion lumos	matched	fuzzy	0.933333
PXD011799	20170126_Lumos_RSLC2_Maurer_Hartl_UW_MFPL_shotgun_MMa_TMT2_TiO2_Fr3_MS2.raw	Technical	comment[label]	TMT131	TMT131	tmt131	tmt131	matched	exact_normalized	1.000000
PXD011799	20170126_Lumos_RSLC2_Maurer_Hartl_UW_MFPL_shotgun_MMa_TMT2_TiO2_Fr3_MS2.raw	Technical	comment[label]	TMT130C	TMT130C	tmt130c	tmt130c	matched	exact_normalized	1.000000
PXD011799	20170126_Lumos_RSLC2_Maurer_Hartl_UW_MFPL_shotgun_MMa_TMT2_TiO2_Fr3_MS2.raw	Technical	comment[label]	TMT130N	TMT130N	tmt130n	tmt130n	matched	exact_normalized	1.000000
PXD011799	20170126_Lumos_RSLC2_Maurer_Hartl_UW_MFPL_shotgun_MMa_TMT2_TiO2_Fr3_MS2.raw	Technical	comment[label]	TMT129C	TMT129C	tmt129c	tmt129c	matched	exact_normalized	1.000000
PXD011799	20170126_Lumos_RSLC2_Maurer_Hartl_UW_MFPL_shotgun_MMa_TMT2_TiO2_Fr3_MS2.raw	Technical	comment[label]	TMT129N	TMT129N	tmt129n	tmt129n	matched	exact_normalized	1.000000
PXD011799	20170126_Lumos_RSLC2_Maurer_Hartl_UW_MFPL_shotgun_MMa_TMT2_TiO2_Fr3_MS2.raw	Technical	comment[label]	TMT128C	TMT128C	tmt128c	tmt128c	matched	exact_normalized	1.000000
PXD011799	20170126_Lumos_RSLC2_Maurer_Hartl_UW_MFPL_shotgun_MMa_TMT2_TiO2_Fr3_MS2.raw	Technical	comment[label]	TMT128N	TMT128N	tmt128n	tmt128n	matched	exact_normalized	1.000000
PXD011799	20170126_Lumos_RSLC2_Maurer_Hartl_UW_MFPL_shotgun_MMa_TMT2_TiO2_Fr3_MS2.raw	Technical	comment[label]	TMT127C	TMT127C	tmt127c	tmt127c	matched	exact_normalized	1.000000
PXD011799	20170126_Lumos_RSLC2_Maurer_Hartl_UW_MFPL_shotgun_MMa_TMT2_TiO2_Fr3_MS2.raw	Technical	comment[label]	TMT127N	TMT127N	tmt127n	tmt127n	matched	exact_normalized	1.000000
PXD011799	20170126_Lumos_RSLC2_Maurer_Hartl_UW_MFPL_shotgun_MMa_TMT2_TiO2_Fr3_MS2.raw	Technical	comment[label]	TMT126	TMT126	tmt126	tmt126	matched	exact_normalized	1.000000
PXD011799	20170126_Lumos_RSLC2_Maurer_Hartl_UW_MFPL_shotgun_MMa_TMT2_TiO2_Fr3_MS2.raw	Technical	comment[modification parameters]	NT=Deamidation;AC=UNIMOD:7;MT=Variable;TA=NQ	NT=Deamidation;TA=N,Q;AC=UNIMOD:7;MT=variable	cv:unimod:7	cv:unimod:7	matched	cv_accession	1.000000
PXD011799	20170126_Lumos_RSLC2_Maurer_Hartl_UW_MFPL_shotgun_MMa_TMT2_TiO2_Fr3_MS2.raw	Technical	comment[modification parameters]	NT=Phospho;AC=UNIMOD:21;MT=Variable;TA=STY	NT=Phosphorylation;TA=S,T,Y;AC=UNIMOD:21;MT=variable	cv:unimod:21	cv:unimod:21	matched	cv_accession	1.000000
PXD011799	20170126_Lumos_RSLC2_Maurer_Hartl_UW_MFPL_shotgun_MMa_TMT2_TiO2_Fr3_MS2.raw	Technical	comment[modification parameters]	NT=Oxidation;AC=UNIMOD:35;MT=Variable;TA=M	NT=Oxidation;TA=M;AC=UNIMOD:35;MT=variable	cv:unimod:35	cv:unimod:35	matched	cv_accession	1.000000
PXD011799	20170126_Lumos_RSLC2_Maurer_Hartl_UW_MFPL_shotgun_MMa_TMT2_TiO2_Fr3_MS2.raw	Technical	comment[modification parameters]	NT=TMT6plex;AC=UNIMOD:730;MT=Fixed;TA=K	NT=TMT6plex;PP=Any N-term;AC=UNIMOD:737;MT=fixed	cv:unimod:730	cv:unimod:737	matched	exact_normalized	1.000000
PXD011799	20170126_Lumos_RSLC2_Maurer_Hartl_UW_MFPL_shotgun_MMa_TMT2_TiO2_Fr3_MS2.raw	Technical	comment[modification parameters]	NT=Carbamidomethyl;AC=UNIMOD:4;MT=Fixed;TA=C	NT=Carbamidomethyl;TA=C;AC=UNIMOD:4;MT=fixed	cv:unimod:4	cv:unimod:4	matched	cv_accession	1.000000
PXD011799	20170126_Lumos_RSLC2_Maurer_Hartl_UW_MFPL_shotgun_MMa_TMT2_TiO2_Fr3_MS2.raw	Technical	comment[ms2 mass analyzer]	orbitrap		orbitrap		assessed_only	unmatched	0.000000
PXD011799	20170126_Lumos_RSLC2_Maurer_Hartl_UW_MFPL_shotgun_MMa_TMT2_TiO2_Fr3_MS2.raw	Technical	comment[precursor mass tolerance]	10 ppm		10 ppm		assessed_only	unmatched	0.000000
PXD011799	20170126_Lumos_RSLC2_Maurer_Hartl_UW_MFPL_shotgun_MMa_TMT2_TiO2_Fr3_MS2.raw	Technical	comment[precursor mass tolerance]		0.01 Da		0.01 da	gold_only	unmatched	0.000000
PXD011799	20170126_Lumos_RSLC2_Maurer_Hartl_UW_MFPL_shotgun_MMa_TMT2_TiO2_Fr3_MS2.raw	Technical	comment[proteomics data acquisition method]	NT=data-dependent acquisition;AC=PRIDE:0000627		cv:pride:0000627		assessed_only	unmatched	0.000000
PXD011799	20170126_Lumos_RSLC2_Maurer_Hartl_UW_MFPL_shotgun_MMa_TMT2_TiO2_Fr3_MS2.raw	Technical	comment[reduction reagent]	dithiothreitol		dithiothreitol		assessed_only	unmatched	0.000000
PXD011799	20170126_Lumos_RSLC2_Maurer_Hartl_UW_MFPL_shotgun_MMa_TMT2_TiO2_Fr3_MS2.raw	Technical	technology type	proteomic profiling by mass spectrometry		proteomic profiling by mass spectrometry		assessed_only	unmatched	0.000000
PXD011799	20170126_Lumos_RSLC2_Maurer_Hartl_UW_MFPL_shotgun_MMa_TMT2_TiO2_Fr3_MS2.raw	ExperimentalDesign	characteristics[biological replicate]	8		8		assessed_only	unmatched	0.000000
PXD011799	20170126_Lumos_RSLC2_Maurer_Hartl_UW_MFPL_shotgun_MMa_TMT2_TiO2_Fr3_MS2.raw	ExperimentalDesign	comment[fraction identifier]	12		12		assessed_only	unmatched	0.000000
PXD011799	20170126_Lumos_RSLC2_Maurer_Hartl_UW_MFPL_shotgun_MMa_TMT2_TiO2_Fr3_MS2.raw	ExperimentalDesign	comment[fraction identifier]		3		3	gold_only	unmatched	0.000000
PXD011799	20170126_Lumos_RSLC2_Maurer_Hartl_UW_MFPL_shotgun_MMa_TMT2_TiO2_Fr3_MS2.raw	ExperimentalDesign	comment[technical replicate]	1	1	1	1	matched	exact_normalized	1.000000
PXD011799	20170126_Lumos_RSLC2_Maurer_Hartl_UW_MFPL_shotgun_MMa_TMT2_TiO2_Fr3_MS2.raw	ExperimentalDesign	factor value[disease]	metastatic melanoma		metastatic melanoma		assessed_only	unmatched	0.000000
PXD011799	20170126_Lumos_RSLC2_Maurer_Hartl_UW_MFPL_shotgun_MMa_TMT2_TiO2_Fr3_MS2.raw	ExperimentalDesign	factor value[experimental design]	cell type (PBMCB, TAB), treatment (MCM, control)		cell type pbmcb tab treatment mcm control		assessed_only	unmatched	0.000000
PXD011799	20170131_Lumos_RSLC4_Maurer_Hartl_UW_MFPL_Global_TMT_fr10_MS2.raw	Biological	characteristics[cell type]	B cells		b cells		assessed_only	unmatched	0.000000
PXD011799	20170131_Lumos_RSLC4_Maurer_Hartl_UW_MFPL_Global_TMT_fr10_MS2.raw	Biological	characteristics[disease]	metastatic melanoma		metastatic melanoma		assessed_only	unmatched	0.000000
PXD011799	20170131_Lumos_RSLC4_Maurer_Hartl_UW_MFPL_Global_TMT_fr10_MS2.raw	Biological	characteristics[disease]		melanoma		melanoma	gold_only	unmatched	0.000000
PXD011799	20170131_Lumos_RSLC4_Maurer_Hartl_UW_MFPL_Global_TMT_fr10_MS2.raw	Biological	characteristics[organism part]	blood, melanoma		blood melanoma		assessed_only	unmatched	0.000000
PXD011799	20170131_Lumos_RSLC4_Maurer_Hartl_UW_MFPL_Global_TMT_fr10_MS2.raw	Biological	characteristics[organism part]		B cells		b cells	gold_only	unmatched	0.000000
PXD011799	20170131_Lumos_RSLC4_Maurer_Hartl_UW_MFPL_Global_TMT_fr10_MS2.raw	Biological	characteristics[organism]	Homo sapiens	Homo sapiens	homo sapiens	homo sapiens	matched	exact_normalized	1.000000
PXD011799	20170131_Lumos_RSLC4_Maurer_Hartl_UW_MFPL_Global_TMT_fr10_MS2.raw	Technical	comment[alkylation reagent]	iodoacetamide		iodoacetamide		assessed_only	unmatched	0.000000
PXD011799	20170131_Lumos_RSLC4_Maurer_Hartl_UW_MFPL_Global_TMT_fr10_MS2.raw	Technical	comment[cleavage agent details]	NT=Trypsin;AC=MS:1001251	NT=Trypsin;AC=MS:1001251	cv:ms:1001251	cv:ms:1001251	matched	cv_accession	1.000000
PXD011799	20170131_Lumos_RSLC4_Maurer_Hartl_UW_MFPL_Global_TMT_fr10_MS2.raw	Technical	comment[dissociation method]	NT=beam-type collision-induced dissociation;AC=MS:1000422		cv:ms:1000422		assessed_only	unmatched	0.000000
PXD011799	20170131_Lumos_RSLC4_Maurer_Hartl_UW_MFPL_Global_TMT_fr10_MS2.raw	Technical	comment[fragment mass tolerance]	0.01 Da		0.01 da		assessed_only	unmatched	0.000000
PXD011799	20170131_Lumos_RSLC4_Maurer_Hartl_UW_MFPL_Global_TMT_fr10_MS2.raw	Technical	comment[fragment mass tolerance]		10 ppm		10 ppm	gold_only	unmatched	0.000000
PXD011799	20170131_Lumos_RSLC4_Maurer_Hartl_UW_MFPL_Global_TMT_fr10_MS2.raw	Technical	comment[instrument]	NT=Orbitrap Fusion Lumos;AC=MS:1002732	NT=Orbitrap Fusion Lumos	cv:ms:1002732	nt orbitrap fusion lumos	matched	fuzzy	0.933333
PXD011799	20170131_Lumos_RSLC4_Maurer_Hartl_UW_MFPL_Global_TMT_fr10_MS2.raw	Technical	comment[label]	TMT131	TMT131	tmt131	tmt131	matched	exact_normalized	1.000000
PXD011799	20170131_Lumos_RSLC4_Maurer_Hartl_UW_MFPL_Global_TMT_fr10_MS2.raw	Technical	comment[label]	TMT130C	TMT130C	tmt130c	tmt130c	matched	exact_normalized	1.000000
PXD011799	20170131_Lumos_RSLC4_Maurer_Hartl_UW_MFPL_Global_TMT_fr10_MS2.raw	Technical	comment[label]	TMT130N	TMT130N	tmt130n	tmt130n	matched	exact_normalized	1.000000
PXD011799	20170131_Lumos_RSLC4_Maurer_Hartl_UW_MFPL_Global_TMT_fr10_MS2.raw	Technical	comment[label]	TMT129C	TMT129C	tmt129c	tmt129c	matched	exact_normalized	1.000000
PXD011799	20170131_Lumos_RSLC4_Maurer_Hartl_UW_MFPL_Global_TMT_fr10_MS2.raw	Technical	comment[label]	TMT129N	TMT129N	tmt129n	tmt129n	matched	exact_normalized	1.000000
PXD011799	20170131_Lumos_RSLC4_Maurer_Hartl_UW_MFPL_Global_TMT_fr10_MS2.raw	Technical	comment[label]	TMT128C	TMT128C	tmt128c	tmt128c	matched	exact_normalized	1.000000
PXD011799	20170131_Lumos_RSLC4_Maurer_Hartl_UW_MFPL_Global_TMT_fr10_MS2.raw	Technical	comment[label]	TMT128N	TMT128N	tmt128n	tmt128n	matched	exact_normalized	1.000000
PXD011799	20170131_Lumos_RSLC4_Maurer_Hartl_UW_MFPL_Global_TMT_fr10_MS2.raw	Technical	comment[label]	TMT127C	TMT127C	tmt127c	tmt127c	matched	exact_normalized	1.000000
PXD011799	20170131_Lumos_RSLC4_Maurer_Hartl_UW_MFPL_Global_TMT_fr10_MS2.raw	Technical	comment[label]	TMT127N	TMT127N	tmt127n	tmt127n	matched	exact_normalized	1.000000
PXD011799	20170131_Lumos_RSLC4_Maurer_Hartl_UW_MFPL_Global_TMT_fr10_MS2.raw	Technical	comment[label]	TMT126	TMT126	tmt126	tmt126	matched	exact_normalized	1.000000
PXD011799	20170131_Lumos_RSLC4_Maurer_Hartl_UW_MFPL_Global_TMT_fr10_MS2.raw	Technical	comment[modification parameters]	NT=Deamidation;AC=UNIMOD:7;MT=Variable;TA=NQ	NT=Deamidation;TA=N,Q;AC=UNIMOD:7;MT=variable	cv:unimod:7	cv:unimod:7	matched	cv_accession	1.000000
PXD011799	20170131_Lumos_RSLC4_Maurer_Hartl_UW_MFPL_Global_TMT_fr10_MS2.raw	Technical	comment[modification parameters]	NT=Oxidation;AC=UNIMOD:35;MT=Variable;TA=M	NT=Oxidation;TA=M;AC=UNIMOD:35;MT=variable	cv:unimod:35	cv:unimod:35	matched	cv_accession	1.000000
PXD011799	20170131_Lumos_RSLC4_Maurer_Hartl_UW_MFPL_Global_TMT_fr10_MS2.raw	Technical	comment[modification parameters]	NT=TMT6plex;AC=UNIMOD:730;MT=Fixed;TA=K	NT=TMT6plex;PP=Any N-term;AC=UNIMOD:737;MT=fixed	cv:unimod:730	cv:unimod:737	matched	exact_normalized	1.000000
PXD011799	20170131_Lumos_RSLC4_Maurer_Hartl_UW_MFPL_Global_TMT_fr10_MS2.raw	Technical	comment[modification parameters]	NT=Carbamidomethyl;AC=UNIMOD:4;MT=Fixed;TA=C	NT=Carbamidomethyl;TA=C;AC=UNIMOD:4;MT=fixed	cv:unimod:4	cv:unimod:4	matched	cv_accession	1.000000
PXD011799	20170131_Lumos_RSLC4_Maurer_Hartl_UW_MFPL_Global_TMT_fr10_MS2.raw	Technical	comment[modification parameters]	NT=Phospho;AC=UNIMOD:21;MT=Variable;TA=STY		cv:unimod:21		assessed_only	unmatched	0.000000
PXD011799	20170131_Lumos_RSLC4_Maurer_Hartl_UW_MFPL_Global_TMT_fr10_MS2.raw	Technical	comment[ms2 mass analyzer]	orbitrap		orbitrap		assessed_only	unmatched	0.000000
PXD011799	20170131_Lumos_RSLC4_Maurer_Hartl_UW_MFPL_Global_TMT_fr10_MS2.raw	Technical	comment[precursor mass tolerance]	10 ppm		10 ppm		assessed_only	unmatched	0.000000
PXD011799	20170131_Lumos_RSLC4_Maurer_Hartl_UW_MFPL_Global_TMT_fr10_MS2.raw	Technical	comment[precursor mass tolerance]		0.01 Da		0.01 da	gold_only	unmatched	0.000000
PXD011799	20170131_Lumos_RSLC4_Maurer_Hartl_UW_MFPL_Global_TMT_fr10_MS2.raw	Technical	comment[proteomics data acquisition method]	NT=data-dependent acquisition;AC=PRIDE:0000627		cv:pride:0000627		assessed_only	unmatched	0.000000
PXD011799	20170131_Lumos_RSLC4_Maurer_Hartl_UW_MFPL_Global_TMT_fr10_MS2.raw	Technical	comment[reduction reagent]	dithiothreitol		dithiothreitol		assessed_only	unmatched	0.000000
PXD011799	20170131_Lumos_RSLC4_Maurer_Hartl_UW_MFPL_Global_TMT_fr10_MS2.raw	Technical	technology type	proteomic profiling by mass spectrometry		proteomic profiling by mass spectrometry		assessed_only	unmatched	0.000000
PXD011799	20170131_Lumos_RSLC4_Maurer_Hartl_UW_MFPL_Global_TMT_fr10_MS2.raw	ExperimentalDesign	characteristics[biological replicate]	8		8		assessed_only	unmatched	0.000000
PXD011799	20170131_Lumos_RSLC4_Maurer_Hartl_UW_MFPL_Global_TMT_fr10_MS2.raw	ExperimentalDesign	comment[fraction identifier]	12		12		assessed_only	unmatched	0.000000
PXD011799	20170131_Lumos_RSLC4_Maurer_Hartl_UW_MFPL_Global_TMT_fr10_MS2.raw	ExperimentalDesign	comment[fraction identifier]		10		10	gold_only	unmatched	0.000000
PXD011799	20170131_Lumos_RSLC4_Maurer_Hartl_UW_MFPL_Global_TMT_fr10_MS2.raw	ExperimentalDesign	comment[technical replicate]	1	1	1	1	matched	exact_normalized	1.000000
PXD011799	20170131_Lumos_RSLC4_Maurer_Hartl_UW_MFPL_Global_TMT_fr10_MS2.raw	ExperimentalDesign	factor value[disease]	metastatic melanoma		metastatic melanoma		assessed_only	unmatched	0.000000
PXD011799	20170131_Lumos_RSLC4_Maurer_Hartl_UW_MFPL_Global_TMT_fr10_MS2.raw	ExperimentalDesign	factor value[experimental design]	cell type (PBMCB, TAB), treatment (MCM, control)		cell type pbmcb tab treatment mcm control		assessed_only	unmatched	0.000000
PXD011799	20170131_Lumos_RSLC4_Maurer_Hartl_UW_MFPL_Global_TMT_fr11_MS2.raw	Biological	characteristics[cell type]	B cells		b cells		assessed_only	unmatched	0.000000
PXD011799	20170131_Lumos_RSLC4_Maurer_Hartl_UW_MFPL_Global_TMT_fr11_MS2.raw	Biological	characteristics[disease]	metastatic melanoma		metastatic melanoma		assessed_only	unmatched	0.000000
PXD011799	20170131_Lumos_RSLC4_Maurer_Hartl_UW_MFPL_Global_TMT_fr11_MS2.raw	Biological	characteristics[disease]		melanoma		melanoma	gold_only	unmatched	0.000000
PXD011799	20170131_Lumos_RSLC4_Maurer_Hartl_UW_MFPL_Global_TMT_fr11_MS2.raw	Biological	characteristics[organism part]	blood, melanoma		blood melanoma		assessed_only	unmatched	0.000000
PXD011799	20170131_Lumos_RSLC4_Maurer_Hartl_UW_MFPL_Global_TMT_fr11_MS2.raw	Biological	characteristics[organism part]		B cells		b cells	gold_only	unmatched	0.000000
PXD011799	20170131_Lumos_RSLC4_Maurer_Hartl_UW_MFPL_Global_TMT_fr11_MS2.raw	Biological	characteristics[organism]	Homo sapiens	Homo sapiens	homo sapiens	homo sapiens	matched	exact_normalized	1.000000
PXD011799	20170131_Lumos_RSLC4_Maurer_Hartl_UW_MFPL_Global_TMT_fr11_MS2.raw	Technical	comment[alkylation reagent]	iodoacetamide		iodoacetamide		assessed_only	unmatched	0.000000
PXD011799	20170131_Lumos_RSLC4_Maurer_Hartl_UW_MFPL_Global_TMT_fr11_MS2.raw	Technical	comment[cleavage agent details]	NT=Trypsin;AC=MS:1001251	NT=Trypsin;AC=MS:1001251	cv:ms:1001251	cv:ms:1001251	matched	cv_accession	1.000000
PXD011799	20170131_Lumos_RSLC4_Maurer_Hartl_UW_MFPL_Global_TMT_fr11_MS2.raw	Technical	comment[dissociation method]	NT=beam-type collision-induced dissociation;AC=MS:1000422		cv:ms:1000422		assessed_only	unmatched	0.000000
PXD011799	20170131_Lumos_RSLC4_Maurer_Hartl_UW_MFPL_Global_TMT_fr11_MS2.raw	Technical	comment[fragment mass tolerance]	0.01 Da		0.01 da		assessed_only	unmatched	0.000000
PXD011799	20170131_Lumos_RSLC4_Maurer_Hartl_UW_MFPL_Global_TMT_fr11_MS2.raw	Technical	comment[fragment mass tolerance]		10 ppm		10 ppm	gold_only	unmatched	0.000000
PXD011799	20170131_Lumos_RSLC4_Maurer_Hartl_UW_MFPL_Global_TMT_fr11_MS2.raw	Technical	comment[instrument]	NT=Orbitrap Fusion Lumos;AC=MS:1002732	NT=Orbitrap Fusion Lumos	cv:ms:1002732	nt orbitrap fusion lumos	matched	fuzzy	0.933333
PXD011799	20170131_Lumos_RSLC4_Maurer_Hartl_UW_MFPL_Global_TMT_fr11_MS2.raw	Technical	comment[label]	TMT131	TMT131	tmt131	tmt131	matched	exact_normalized	1.000000
PXD011799	20170131_Lumos_RSLC4_Maurer_Hartl_UW_MFPL_Global_TMT_fr11_MS2.raw	Technical	comment[label]	TMT130C	TMT130C	tmt130c	tmt130c	matched	exact_normalized	1.000000
PXD011799	20170131_Lumos_RSLC4_Maurer_Hartl_UW_MFPL_Global_TMT_fr11_MS2.raw	Technical	comment[label]	TMT130N	TMT130N	tmt130n	tmt130n	matched	exact_normalized	1.000000
PXD011799	20170131_Lumos_RSLC4_Maurer_Hartl_UW_MFPL_Global_TMT_fr11_MS2.raw	Technical	comment[label]	TMT129C	TMT129C	tmt129c	tmt129c	matched	exact_normalized	1.000000
PXD011799	20170131_Lumos_RSLC4_Maurer_Hartl_UW_MFPL_Global_TMT_fr11_MS2.raw	Technical	comment[label]	TMT129N	TMT129N	tmt129n	tmt129n	matched	exact_normalized	1.000000
PXD011799	20170131_Lumos_RSLC4_Maurer_Hartl_UW_MFPL_Global_TMT_fr11_MS2.raw	Technical	comment[label]	TMT128C	TMT128C	tmt128c	tmt128c	matched	exact_normalized	1.000000
PXD011799	20170131_Lumos_RSLC4_Maurer_Hartl_UW_MFPL_Global_TMT_fr11_MS2.raw	Technical	comment[label]	TMT128N	TMT128N	tmt128n	tmt128n	matched	exact_normalized	1.000000
PXD011799	20170131_Lumos_RSLC4_Maurer_Hartl_UW_MFPL_Global_TMT_fr11_MS2.raw	Technical	comment[label]	TMT127C	TMT127C	tmt127c	tmt127c	matched	exact_normalized	1.000000
PXD011799	20170131_Lumos_RSLC4_Maurer_Hartl_UW_MFPL_Global_TMT_fr11_MS2.raw	Technical	comment[label]	TMT127N	TMT127N	tmt127n	tmt127n	matched	exact_normalized	1.000000
PXD011799	20170131_Lumos_RSLC4_Maurer_Hartl_UW_MFPL_Global_TMT_fr11_MS2.raw	Technical	comment[label]	TMT126	TMT126	tmt126	tmt126	matched	exact_normalized	1.000000
PXD011799	20170131_Lumos_RSLC4_Maurer_Hartl_UW_MFPL_Global_TMT_fr11_MS2.raw	Technical	comment[modification parameters]	NT=Deamidation;AC=UNIMOD:7;MT=Variable;TA=NQ	NT=Deamidation;TA=N,Q;AC=UNIMOD:7;MT=variable	cv:unimod:7	cv:unimod:7	matched	cv_accession	1.000000
PXD011799	20170131_Lumos_RSLC4_Maurer_Hartl_UW_MFPL_Global_TMT_fr11_MS2.raw	Technical	comment[modification parameters]	NT=Oxidation;AC=UNIMOD:35;MT=Variable;TA=M	NT=Oxidation;TA=M;AC=UNIMOD:35;MT=variable	cv:unimod:35	cv:unimod:35	matched	cv_accession	1.000000
PXD011799	20170131_Lumos_RSLC4_Maurer_Hartl_UW_MFPL_Global_TMT_fr11_MS2.raw	Technical	comment[modification parameters]	NT=TMT6plex;AC=UNIMOD:730;MT=Fixed;TA=K	NT=TMT6plex;PP=Any N-term;AC=UNIMOD:737;MT=fixed	cv:unimod:730	cv:unimod:737	matched	exact_normalized	1.000000
PXD011799	20170131_Lumos_RSLC4_Maurer_Hartl_UW_MFPL_Global_TMT_fr11_MS2.raw	Technical	comment[modification parameters]	NT=Carbamidomethyl;AC=UNIMOD:4;MT=Fixed;TA=C	NT=Carbamidomethyl;TA=C;AC=UNIMOD:4;MT=fixed	cv:unimod:4	cv:unimod:4	matched	cv_accession	1.000000
PXD011799	20170131_Lumos_RSLC4_Maurer_Hartl_UW_MFPL_Global_TMT_fr11_MS2.raw	Technical	comment[modification parameters]	NT=Phospho;AC=UNIMOD:21;MT=Variable;TA=STY		cv:unimod:21		assessed_only	unmatched	0.000000
PXD011799	20170131_Lumos_RSLC4_Maurer_Hartl_UW_MFPL_Global_TMT_fr11_MS2.raw	Technical	comment[ms2 mass analyzer]	orbitrap		orbitrap		assessed_only	unmatched	0.000000
PXD011799	20170131_Lumos_RSLC4_Maurer_Hartl_UW_MFPL_Global_TMT_fr11_MS2.raw	Technical	comment[precursor mass tolerance]	10 ppm		10 ppm		assessed_only	unmatched	0.000000
PXD011799	20170131_Lumos_RSLC4_Maurer_Hartl_UW_MFPL_Global_TMT_fr11_MS2.raw	Technical	comment[precursor mass tolerance]		0.01 Da		0.01 da	gold_only	unmatched	0.000000
PXD011799	20170131_Lumos_RSLC4_Maurer_Hartl_UW_MFPL_Global_TMT_fr11_MS2.raw	Technical	comment[proteomics data acquisition method]	NT=data-dependent acquisition;AC=PRIDE:0000627		cv:pride:0000627		assessed_only	unmatched	0.000000
PXD011799	20170131_Lumos_RSLC4_Maurer_Hartl_UW_MFPL_Global_TMT_fr11_MS2.raw	Technical	comment[reduction reagent]	dithiothreitol		dithiothreitol		assessed_only	unmatched	0.000000
PXD011799	20170131_Lumos_RSLC4_Maurer_Hartl_UW_MFPL_Global_TMT_fr11_MS2.raw	Technical	technology type	proteomic profiling by mass spectrometry		proteomic profiling by mass spectrometry		assessed_only	unmatched	0.000000
PXD011799	20170131_Lumos_RSLC4_Maurer_Hartl_UW_MFPL_Global_TMT_fr11_MS2.raw	ExperimentalDesign	characteristics[biological replicate]	8		8		assessed_only	unmatched	0.000000
PXD011799	20170131_Lumos_RSLC4_Maurer_Hartl_UW_MFPL_Global_TMT_fr11_MS2.raw	ExperimentalDesign	comment[fraction identifier]	12		12		assessed_only	unmatched	0.000000
PXD011799	20170131_Lumos_RSLC4_Maurer_Hartl_UW_MFPL_Global_TMT_fr11_MS2.raw	ExperimentalDesign	comment[fraction identifier]		11		11	gold_only	unmatched	0.000000
PXD011799	20170131_Lumos_RSLC4_Maurer_Hartl_UW_MFPL_Global_TMT_fr11_MS2.raw	ExperimentalDesign	comment[technical replicate]	1	1	1	1	matched	exact_normalized	1.000000
PXD011799	20170131_Lumos_RSLC4_Maurer_Hartl_UW_MFPL_Global_TMT_fr11_MS2.raw	ExperimentalDesign	factor value[disease]	metastatic melanoma		metastatic melanoma		assessed_only	unmatched	0.000000
PXD011799	20170131_Lumos_RSLC4_Maurer_Hartl_UW_MFPL_Global_TMT_fr11_MS2.raw	ExperimentalDesign	factor value[experimental design]	cell type (PBMCB, TAB), treatment (MCM, control)		cell type pbmcb tab treatment mcm control		assessed_only	unmatched	0.000000
PXD011799	20170131_Lumos_RSLC4_Maurer_Hartl_UW_MFPL_Global_TMT_fr12_MS2.raw	Biological	characteristics[cell type]	B cells		b cells		assessed_only	unmatched	0.000000
PXD011799	20170131_Lumos_RSLC4_Maurer_Hartl_UW_MFPL_Global_TMT_fr12_MS2.raw	Biological	characteristics[disease]	metastatic melanoma		metastatic melanoma		assessed_only	unmatched	0.000000
PXD011799	20170131_Lumos_RSLC4_Maurer_Hartl_UW_MFPL_Global_TMT_fr12_MS2.raw	Biological	characteristics[disease]		melanoma		melanoma	gold_only	unmatched	0.000000
PXD011799	20170131_Lumos_RSLC4_Maurer_Hartl_UW_MFPL_Global_TMT_fr12_MS2.raw	Biological	characteristics[organism part]	blood, melanoma		blood melanoma		assessed_only	unmatched	0.000000
PXD011799	20170131_Lumos_RSLC4_Maurer_Hartl_UW_MFPL_Global_TMT_fr12_MS2.raw	Biological	characteristics[organism part]		B cells		b cells	gold_only	unmatched	0.000000
PXD011799	20170131_Lumos_RSLC4_Maurer_Hartl_UW_MFPL_Global_TMT_fr12_MS2.raw	Biological	characteristics[organism]	Homo sapiens	Homo sapiens	homo sapiens	homo sapiens	matched	exact_normalized	1.000000
PXD011799	20170131_Lumos_RSLC4_Maurer_Hartl_UW_MFPL_Global_TMT_fr12_MS2.raw	Technical	comment[alkylation reagent]	iodoacetamide		iodoacetamide		assessed_only	unmatched	0.000000
PXD011799	20170131_Lumos_RSLC4_Maurer_Hartl_UW_MFPL_Global_TMT_fr12_MS2.raw	Technical	comment[cleavage agent details]	NT=Trypsin;AC=MS:1001251	NT=Trypsin;AC=MS:1001251	cv:ms:1001251	cv:ms:1001251	matched	cv_accession	1.000000
PXD011799	20170131_Lumos_RSLC4_Maurer_Hartl_UW_MFPL_Global_TMT_fr12_MS2.raw	Technical	comment[dissociation method]	NT=beam-type collision-induced dissociation;AC=MS:1000422		cv:ms:1000422		assessed_only	unmatched	0.000000
PXD011799	20170131_Lumos_RSLC4_Maurer_Hartl_UW_MFPL_Global_TMT_fr12_MS2.raw	Technical	comment[fragment mass tolerance]	0.01 Da		0.01 da		assessed_only	unmatched	0.000000
PXD011799	20170131_Lumos_RSLC4_Maurer_Hartl_UW_MFPL_Global_TMT_fr12_MS2.raw	Technical	comment[fragment mass tolerance]		10 ppm		10 ppm	gold_only	unmatched	0.000000
PXD011799	20170131_Lumos_RSLC4_Maurer_Hartl_UW_MFPL_Global_TMT_fr12_MS2.raw	Technical	comment[instrument]	NT=Orbitrap Fusion Lumos;AC=MS:1002732	NT=Orbitrap Fusion Lumos	cv:ms:1002732	nt orbitrap fusion lumos	matched	fuzzy	0.933333
PXD011799	20170131_Lumos_RSLC4_Maurer_Hartl_UW_MFPL_Global_TMT_fr12_MS2.raw	Technical	comment[label]	TMT131	TMT131	tmt131	tmt131	matched	exact_normalized	1.000000
PXD011799	20170131_Lumos_RSLC4_Maurer_Hartl_UW_MFPL_Global_TMT_fr12_MS2.raw	Technical	comment[label]	TMT130C	TMT130C	tmt130c	tmt130c	matched	exact_normalized	1.000000
PXD011799	20170131_Lumos_RSLC4_Maurer_Hartl_UW_MFPL_Global_TMT_fr12_MS2.raw	Technical	comment[label]	TMT130N	TMT130N	tmt130n	tmt130n	matched	exact_normalized	1.000000
PXD011799	20170131_Lumos_RSLC4_Maurer_Hartl_UW_MFPL_Global_TMT_fr12_MS2.raw	Technical	comment[label]	TMT129C	TMT129C	tmt129c	tmt129c	matched	exact_normalized	1.000000
PXD011799	20170131_Lumos_RSLC4_Maurer_Hartl_UW_MFPL_Global_TMT_fr12_MS2.raw	Technical	comment[label]	TMT129N	TMT129N	tmt129n	tmt129n	matched	exact_normalized	1.000000
PXD011799	20170131_Lumos_RSLC4_Maurer_Hartl_UW_MFPL_Global_TMT_fr12_MS2.raw	Technical	comment[label]	TMT128C	TMT128C	tmt128c	tmt128c	matched	exact_normalized	1.000000
PXD011799	20170131_Lumos_RSLC4_Maurer_Hartl_UW_MFPL_Global_TMT_fr12_MS2.raw	Technical	comment[label]	TMT128N	TMT128N	tmt128n	tmt128n	matched	exact_normalized	1.000000
PXD011799	20170131_Lumos_RSLC4_Maurer_Hartl_UW_MFPL_Global_TMT_fr12_MS2.raw	Technical	comment[label]	TMT127C	TMT127C	tmt127c	tmt127c	matched	exact_normalized	1.000000
PXD011799	20170131_Lumos_RSLC4_Maurer_Hartl_UW_MFPL_Global_TMT_fr12_MS2.raw	Technical	comment[label]	TMT127N	TMT127N	tmt127n	tmt127n	matched	exact_normalized	1.000000
PXD011799	20170131_Lumos_RSLC4_Maurer_Hartl_UW_MFPL_Global_TMT_fr12_MS2.raw	Technical	comment[label]	TMT126	TMT126	tmt126	tmt126	matched	exact_normalized	1.000000
PXD011799	20170131_Lumos_RSLC4_Maurer_Hartl_UW_MFPL_Global_TMT_fr12_MS2.raw	Technical	comment[modification parameters]	NT=Deamidation;AC=UNIMOD:7;MT=Variable;TA=NQ	NT=Deamidation;TA=N,Q;AC=UNIMOD:7;MT=variable	cv:unimod:7	cv:unimod:7	matched	cv_accession	1.000000
PXD011799	20170131_Lumos_RSLC4_Maurer_Hartl_UW_MFPL_Global_TMT_fr12_MS2.raw	Technical	comment[modification parameters]	NT=Oxidation;AC=UNIMOD:35;MT=Variable;TA=M	NT=Oxidation;TA=M;AC=UNIMOD:35;MT=variable	cv:unimod:35	cv:unimod:35	matched	cv_accession	1.000000
PXD011799	20170131_Lumos_RSLC4_Maurer_Hartl_UW_MFPL_Global_TMT_fr12_MS2.raw	Technical	comment[modification parameters]	NT=TMT6plex;AC=UNIMOD:730;MT=Fixed;TA=K	NT=TMT6plex;PP=Any N-term;AC=UNIMOD:737;MT=fixed	cv:unimod:730	cv:unimod:737	matched	exact_normalized	1.000000
PXD011799	20170131_Lumos_RSLC4_Maurer_Hartl_UW_MFPL_Global_TMT_fr12_MS2.raw	Technical	comment[modification parameters]	NT=Carbamidomethyl;AC=UNIMOD:4;MT=Fixed;TA=C	NT=Carbamidomethyl;TA=C;AC=UNIMOD:4;MT=fixed	cv:unimod:4	cv:unimod:4	matched	cv_accession	1.000000
PXD011799	20170131_Lumos_RSLC4_Maurer_Hartl_UW_MFPL_Global_TMT_fr12_MS2.raw	Technical	comment[modification parameters]	NT=Phospho;AC=UNIMOD:21;MT=Variable;TA=STY		cv:unimod:21		assessed_only	unmatched	0.000000
PXD011799	20170131_Lumos_RSLC4_Maurer_Hartl_UW_MFPL_Global_TMT_fr12_MS2.raw	Technical	comment[ms2 mass analyzer]	orbitrap		orbitrap		assessed_only	unmatched	0.000000
PXD011799	20170131_Lumos_RSLC4_Maurer_Hartl_UW_MFPL_Global_TMT_fr12_MS2.raw	Technical	comment[precursor mass tolerance]	10 ppm		10 ppm		assessed_only	unmatched	0.000000
PXD011799	20170131_Lumos_RSLC4_Maurer_Hartl_UW_MFPL_Global_TMT_fr12_MS2.raw	Technical	comment[precursor mass tolerance]		0.01 Da		0.01 da	gold_only	unmatched	0.000000
PXD011799	20170131_Lumos_RSLC4_Maurer_Hartl_UW_MFPL_Global_TMT_fr12_MS2.raw	Technical	comment[proteomics data acquisition method]	NT=data-dependent acquisition;AC=PRIDE:0000627		cv:pride:0000627		assessed_only	unmatched	0.000000
PXD011799	20170131_Lumos_RSLC4_Maurer_Hartl_UW_MFPL_Global_TMT_fr12_MS2.raw	Technical	comment[reduction reagent]	dithiothreitol		dithiothreitol		assessed_only	unmatched	0.000000
PXD011799	20170131_Lumos_RSLC4_Maurer_Hartl_UW_MFPL_Global_TMT_fr12_MS2.raw	Technical	technology type	proteomic profiling by mass spectrometry		proteomic profiling by mass spectrometry		assessed_only	unmatched	0.000000
PXD011799	20170131_Lumos_RSLC4_Maurer_Hartl_UW_MFPL_Global_TMT_fr12_MS2.raw	ExperimentalDesign	characteristics[biological replicate]	8		8		assessed_only	unmatched	0.000000
PXD011799	20170131_Lumos_RSLC4_Maurer_Hartl_UW_MFPL_Global_TMT_fr12_MS2.raw	ExperimentalDesign	comment[fraction identifier]	12	12	12	12	matched	exact_normalized	1.000000
PXD011799	20170131_Lumos_RSLC4_Maurer_Hartl_UW_MFPL_Global_TMT_fr12_MS2.raw	ExperimentalDesign	comment[technical replicate]	1	1	1	1	matched	exact_normalized	1.000000
PXD011799	20170131_Lumos_RSLC4_Maurer_Hartl_UW_MFPL_Global_TMT_fr12_MS2.raw	ExperimentalDesign	factor value[disease]	metastatic melanoma		metastatic melanoma		assessed_only	unmatched	0.000000
PXD011799	20170131_Lumos_RSLC4_Maurer_Hartl_UW_MFPL_Global_TMT_fr12_MS2.raw	ExperimentalDesign	factor value[experimental design]	cell type (PBMCB, TAB), treatment (MCM, control)		cell type pbmcb tab treatment mcm control		assessed_only	unmatched	0.000000
PXD011799	20170131_Lumos_RSLC4_Maurer_Hartl_UW_MFPL_Global_TMT_fr1_MS2.raw	Biological	characteristics[cell type]	B cells		b cells		assessed_only	unmatched	0.000000
PXD011799	20170131_Lumos_RSLC4_Maurer_Hartl_UW_MFPL_Global_TMT_fr1_MS2.raw	Biological	characteristics[disease]	metastatic melanoma		metastatic melanoma		assessed_only	unmatched	0.000000
PXD011799	20170131_Lumos_RSLC4_Maurer_Hartl_UW_MFPL_Global_TMT_fr1_MS2.raw	Biological	characteristics[disease]		melanoma		melanoma	gold_only	unmatched	0.000000
PXD011799	20170131_Lumos_RSLC4_Maurer_Hartl_UW_MFPL_Global_TMT_fr1_MS2.raw	Biological	characteristics[organism part]	blood, melanoma		blood melanoma		assessed_only	unmatched	0.000000
PXD011799	20170131_Lumos_RSLC4_Maurer_Hartl_UW_MFPL_Global_TMT_fr1_MS2.raw	Biological	characteristics[organism part]		B cells		b cells	gold_only	unmatched	0.000000
PXD011799	20170131_Lumos_RSLC4_Maurer_Hartl_UW_MFPL_Global_TMT_fr1_MS2.raw	Biological	characteristics[organism]	Homo sapiens	Homo sapiens	homo sapiens	homo sapiens	matched	exact_normalized	1.000000
PXD011799	20170131_Lumos_RSLC4_Maurer_Hartl_UW_MFPL_Global_TMT_fr1_MS2.raw	Technical	comment[alkylation reagent]	iodoacetamide		iodoacetamide		assessed_only	unmatched	0.000000
PXD011799	20170131_Lumos_RSLC4_Maurer_Hartl_UW_MFPL_Global_TMT_fr1_MS2.raw	Technical	comment[cleavage agent details]	NT=Trypsin;AC=MS:1001251	NT=Trypsin;AC=MS:1001251	cv:ms:1001251	cv:ms:1001251	matched	cv_accession	1.000000
PXD011799	20170131_Lumos_RSLC4_Maurer_Hartl_UW_MFPL_Global_TMT_fr1_MS2.raw	Technical	comment[dissociation method]	NT=beam-type collision-induced dissociation;AC=MS:1000422		cv:ms:1000422		assessed_only	unmatched	0.000000
PXD011799	20170131_Lumos_RSLC4_Maurer_Hartl_UW_MFPL_Global_TMT_fr1_MS2.raw	Technical	comment[fragment mass tolerance]	0.01 Da		0.01 da		assessed_only	unmatched	0.000000
PXD011799	20170131_Lumos_RSLC4_Maurer_Hartl_UW_MFPL_Global_TMT_fr1_MS2.raw	Technical	comment[fragment mass tolerance]		10 ppm		10 ppm	gold_only	unmatched	0.000000
PXD011799	20170131_Lumos_RSLC4_Maurer_Hartl_UW_MFPL_Global_TMT_fr1_MS2.raw	Technical	comment[instrument]	NT=Orbitrap Fusion Lumos;AC=MS:1002732	NT=Orbitrap Fusion Lumos	cv:ms:1002732	nt orbitrap fusion lumos	matched	fuzzy	0.933333
PXD011799	20170131_Lumos_RSLC4_Maurer_Hartl_UW_MFPL_Global_TMT_fr1_MS2.raw	Technical	comment[label]	TMT131	TMT131	tmt131	tmt131	matched	exact_normalized	1.000000
PXD011799	20170131_Lumos_RSLC4_Maurer_Hartl_UW_MFPL_Global_TMT_fr1_MS2.raw	Technical	comment[label]	TMT130C	TMT130C	tmt130c	tmt130c	matched	exact_normalized	1.000000
PXD011799	20170131_Lumos_RSLC4_Maurer_Hartl_UW_MFPL_Global_TMT_fr1_MS2.raw	Technical	comment[label]	TMT130N	TMT130N	tmt130n	tmt130n	matched	exact_normalized	1.000000
PXD011799	20170131_Lumos_RSLC4_Maurer_Hartl_UW_MFPL_Global_TMT_fr1_MS2.raw	Technical	comment[label]	TMT129C	TMT129C	tmt129c	tmt129c	matched	exact_normalized	1.000000
PXD011799	20170131_Lumos_RSLC4_Maurer_Hartl_UW_MFPL_Global_TMT_fr1_MS2.raw	Technical	comment[label]	TMT129N	TMT129N	tmt129n	tmt129n	matched	exact_normalized	1.000000
PXD011799	20170131_Lumos_RSLC4_Maurer_Hartl_UW_MFPL_Global_TMT_fr1_MS2.raw	Technical	comment[label]	TMT128C	TMT128C	tmt128c	tmt128c	matched	exact_normalized	1.000000
PXD011799	20170131_Lumos_RSLC4_Maurer_Hartl_UW_MFPL_Global_TMT_fr1_MS2.raw	Technical	comment[label]	TMT128N	TMT128N	tmt128n	tmt128n	matched	exact_normalized	1.000000
PXD011799	20170131_Lumos_RSLC4_Maurer_Hartl_UW_MFPL_Global_TMT_fr1_MS2.raw	Technical	comment[label]	TMT127C	TMT127C	tmt127c	tmt127c	matched	exact_normalized	1.000000
PXD011799	20170131_Lumos_RSLC4_Maurer_Hartl_UW_MFPL_Global_TMT_fr1_MS2.raw	Technical	comment[label]	TMT127N	TMT127N	tmt127n	tmt127n	matched	exact_normalized	1.000000
PXD011799	20170131_Lumos_RSLC4_Maurer_Hartl_UW_MFPL_Global_TMT_fr1_MS2.raw	Technical	comment[label]	TMT126	TMT126	tmt126	tmt126	matched	exact_normalized	1.000000
PXD011799	20170131_Lumos_RSLC4_Maurer_Hartl_UW_MFPL_Global_TMT_fr1_MS2.raw	Technical	comment[modification parameters]	NT=Deamidation;AC=UNIMOD:7;MT=Variable;TA=NQ	NT=Deamidation;TA=N,Q;AC=UNIMOD:7;MT=variable	cv:unimod:7	cv:unimod:7	matched	cv_accession	1.000000
PXD011799	20170131_Lumos_RSLC4_Maurer_Hartl_UW_MFPL_Global_TMT_fr1_MS2.raw	Technical	comment[modification parameters]	NT=Oxidation;AC=UNIMOD:35;MT=Variable;TA=M	NT=Oxidation;TA=M;AC=UNIMOD:35;MT=variable	cv:unimod:35	cv:unimod:35	matched	cv_accession	1.000000
PXD011799	20170131_Lumos_RSLC4_Maurer_Hartl_UW_MFPL_Global_TMT_fr1_MS2.raw	Technical	comment[modification parameters]	NT=TMT6plex;AC=UNIMOD:730;MT=Fixed;TA=K	NT=TMT6plex;PP=Any N-term;AC=UNIMOD:737;MT=fixed	cv:unimod:730	cv:unimod:737	matched	exact_normalized	1.000000
PXD011799	20170131_Lumos_RSLC4_Maurer_Hartl_UW_MFPL_Global_TMT_fr1_MS2.raw	Technical	comment[modification parameters]	NT=Carbamidomethyl;AC=UNIMOD:4;MT=Fixed;TA=C	NT=Carbamidomethyl;TA=C;AC=UNIMOD:4;MT=fixed	cv:unimod:4	cv:unimod:4	matched	cv_accession	1.000000
PXD011799	20170131_Lumos_RSLC4_Maurer_Hartl_UW_MFPL_Global_TMT_fr1_MS2.raw	Technical	comment[modification parameters]	NT=Phospho;AC=UNIMOD:21;MT=Variable;TA=STY		cv:unimod:21		assessed_only	unmatched	0.000000
PXD011799	20170131_Lumos_RSLC4_Maurer_Hartl_UW_MFPL_Global_TMT_fr1_MS2.raw	Technical	comment[ms2 mass analyzer]	orbitrap		orbitrap		assessed_only	unmatched	0.000000
PXD011799	20170131_Lumos_RSLC4_Maurer_Hartl_UW_MFPL_Global_TMT_fr1_MS2.raw	Technical	comment[precursor mass tolerance]	10 ppm		10 ppm		assessed_only	unmatched	0.000000
PXD011799	20170131_Lumos_RSLC4_Maurer_Hartl_UW_MFPL_Global_TMT_fr1_MS2.raw	Technical	comment[precursor mass tolerance]		0.01 Da		0.01 da	gold_only	unmatched	0.000000
PXD011799	20170131_Lumos_RSLC4_Maurer_Hartl_UW_MFPL_Global_TMT_fr1_MS2.raw	Technical	comment[proteomics data acquisition method]	NT=data-dependent acquisition;AC=PRIDE:0000627		cv:pride:0000627		assessed_only	unmatched	0.000000
PXD011799	20170131_Lumos_RSLC4_Maurer_Hartl_UW_MFPL_Global_TMT_fr1_MS2.raw	Technical	comment[reduction reagent]	dithiothreitol		dithiothreitol		assessed_only	unmatched	0.000000
PXD011799	20170131_Lumos_RSLC4_Maurer_Hartl_UW_MFPL_Global_TMT_fr1_MS2.raw	Technical	technology type	proteomic profiling by mass spectrometry		proteomic profiling by mass spectrometry		assessed_only	unmatched	0.000000
PXD011799	20170131_Lumos_RSLC4_Maurer_Hartl_UW_MFPL_Global_TMT_fr1_MS2.raw	ExperimentalDesign	characteristics[biological replicate]	8		8		assessed_only	unmatched	0.000000
PXD011799	20170131_Lumos_RSLC4_Maurer_Hartl_UW_MFPL_Global_TMT_fr1_MS2.raw	ExperimentalDesign	comment[fraction identifier]	12		12		assessed_only	unmatched	0.000000
PXD011799	20170131_Lumos_RSLC4_Maurer_Hartl_UW_MFPL_Global_TMT_fr1_MS2.raw	ExperimentalDesign	comment[fraction identifier]		1		1	gold_only	unmatched	0.000000
PXD011799	20170131_Lumos_RSLC4_Maurer_Hartl_UW_MFPL_Global_TMT_fr1_MS2.raw	ExperimentalDesign	comment[technical replicate]	1	1	1	1	matched	exact_normalized	1.000000
PXD011799	20170131_Lumos_RSLC4_Maurer_Hartl_UW_MFPL_Global_TMT_fr1_MS2.raw	ExperimentalDesign	factor value[disease]	metastatic melanoma		metastatic melanoma		assessed_only	unmatched	0.000000
PXD011799	20170131_Lumos_RSLC4_Maurer_Hartl_UW_MFPL_Global_TMT_fr1_MS2.raw	ExperimentalDesign	factor value[experimental design]	cell type (PBMCB, TAB), treatment (MCM, control)		cell type pbmcb tab treatment mcm control		assessed_only	unmatched	0.000000
PXD011799	20170131_Lumos_RSLC4_Maurer_Hartl_UW_MFPL_Global_TMT_fr2_MS2.raw	Biological	characteristics[cell type]	B cells		b cells		assessed_only	unmatched	0.000000
PXD011799	20170131_Lumos_RSLC4_Maurer_Hartl_UW_MFPL_Global_TMT_fr2_MS2.raw	Biological	characteristics[disease]	metastatic melanoma		metastatic melanoma		assessed_only	unmatched	0.000000
PXD011799	20170131_Lumos_RSLC4_Maurer_Hartl_UW_MFPL_Global_TMT_fr2_MS2.raw	Biological	characteristics[disease]		melanoma		melanoma	gold_only	unmatched	0.000000
PXD011799	20170131_Lumos_RSLC4_Maurer_Hartl_UW_MFPL_Global_TMT_fr2_MS2.raw	Biological	characteristics[organism part]	blood, melanoma		blood melanoma		assessed_only	unmatched	0.000000
PXD011799	20170131_Lumos_RSLC4_Maurer_Hartl_UW_MFPL_Global_TMT_fr2_MS2.raw	Biological	characteristics[organism part]		B cells		b cells	gold_only	unmatched	0.000000
PXD011799	20170131_Lumos_RSLC4_Maurer_Hartl_UW_MFPL_Global_TMT_fr2_MS2.raw	Biological	characteristics[organism]	Homo sapiens	Homo sapiens	homo sapiens	homo sapiens	matched	exact_normalized	1.000000
PXD011799	20170131_Lumos_RSLC4_Maurer_Hartl_UW_MFPL_Global_TMT_fr2_MS2.raw	Technical	comment[alkylation reagent]	iodoacetamide		iodoacetamide		assessed_only	unmatched	0.000000
PXD011799	20170131_Lumos_RSLC4_Maurer_Hartl_UW_MFPL_Global_TMT_fr2_MS2.raw	Technical	comment[cleavage agent details]	NT=Trypsin;AC=MS:1001251	NT=Trypsin;AC=MS:1001251	cv:ms:1001251	cv:ms:1001251	matched	cv_accession	1.000000
PXD011799	20170131_Lumos_RSLC4_Maurer_Hartl_UW_MFPL_Global_TMT_fr2_MS2.raw	Technical	comment[dissociation method]	NT=beam-type collision-induced dissociation;AC=MS:1000422		cv:ms:1000422		assessed_only	unmatched	0.000000
PXD011799	20170131_Lumos_RSLC4_Maurer_Hartl_UW_MFPL_Global_TMT_fr2_MS2.raw	Technical	comment[fragment mass tolerance]	0.01 Da		0.01 da		assessed_only	unmatched	0.000000
PXD011799	20170131_Lumos_RSLC4_Maurer_Hartl_UW_MFPL_Global_TMT_fr2_MS2.raw	Technical	comment[fragment mass tolerance]		10 ppm		10 ppm	gold_only	unmatched	0.000000
PXD011799	20170131_Lumos_RSLC4_Maurer_Hartl_UW_MFPL_Global_TMT_fr2_MS2.raw	Technical	comment[instrument]	NT=Orbitrap Fusion Lumos;AC=MS:1002732	NT=Orbitrap Fusion Lumos	cv:ms:1002732	nt orbitrap fusion lumos	matched	fuzzy	0.933333
PXD011799	20170131_Lumos_RSLC4_Maurer_Hartl_UW_MFPL_Global_TMT_fr2_MS2.raw	Technical	comment[label]	TMT131	TMT131	tmt131	tmt131	matched	exact_normalized	1.000000
PXD011799	20170131_Lumos_RSLC4_Maurer_Hartl_UW_MFPL_Global_TMT_fr2_MS2.raw	Technical	comment[label]	TMT130C	TMT130C	tmt130c	tmt130c	matched	exact_normalized	1.000000
PXD011799	20170131_Lumos_RSLC4_Maurer_Hartl_UW_MFPL_Global_TMT_fr2_MS2.raw	Technical	comment[label]	TMT130N	TMT130N	tmt130n	tmt130n	matched	exact_normalized	1.000000
PXD011799	20170131_Lumos_RSLC4_Maurer_Hartl_UW_MFPL_Global_TMT_fr2_MS2.raw	Technical	comment[label]	TMT129C	TMT129C	tmt129c	tmt129c	matched	exact_normalized	1.000000
PXD011799	20170131_Lumos_RSLC4_Maurer_Hartl_UW_MFPL_Global_TMT_fr2_MS2.raw	Technical	comment[label]	TMT129N	TMT129N	tmt129n	tmt129n	matched	exact_normalized	1.000000
PXD011799	20170131_Lumos_RSLC4_Maurer_Hartl_UW_MFPL_Global_TMT_fr2_MS2.raw	Technical	comment[label]	TMT128C	TMT128C	tmt128c	tmt128c	matched	exact_normalized	1.000000
PXD011799	20170131_Lumos_RSLC4_Maurer_Hartl_UW_MFPL_Global_TMT_fr2_MS2.raw	Technical	comment[label]	TMT128N	TMT128N	tmt128n	tmt128n	matched	exact_normalized	1.000000
PXD011799	20170131_Lumos_RSLC4_Maurer_Hartl_UW_MFPL_Global_TMT_fr2_MS2.raw	Technical	comment[label]	TMT127C	TMT127C	tmt127c	tmt127c	matched	exact_normalized	1.000000
PXD011799	20170131_Lumos_RSLC4_Maurer_Hartl_UW_MFPL_Global_TMT_fr2_MS2.raw	Technical	comment[label]	TMT127N	TMT127N	tmt127n	tmt127n	matched	exact_normalized	1.000000
PXD011799	20170131_Lumos_RSLC4_Maurer_Hartl_UW_MFPL_Global_TMT_fr2_MS2.raw	Technical	comment[label]	TMT126	TMT126	tmt126	tmt126	matched	exact_normalized	1.000000
PXD011799	20170131_Lumos_RSLC4_Maurer_Hartl_UW_MFPL_Global_TMT_fr2_MS2.raw	Technical	comment[modification parameters]	NT=Deamidation;AC=UNIMOD:7;MT=Variable;TA=NQ	NT=Deamidation;TA=N,Q;AC=UNIMOD:7;MT=variable	cv:unimod:7	cv:unimod:7	matched	cv_accession	1.000000
PXD011799	20170131_Lumos_RSLC4_Maurer_Hartl_UW_MFPL_Global_TMT_fr2_MS2.raw	Technical	comment[modification parameters]	NT=Oxidation;AC=UNIMOD:35;MT=Variable;TA=M	NT=Oxidation;TA=M;AC=UNIMOD:35;MT=variable	cv:unimod:35	cv:unimod:35	matched	cv_accession	1.000000
PXD011799	20170131_Lumos_RSLC4_Maurer_Hartl_UW_MFPL_Global_TMT_fr2_MS2.raw	Technical	comment[modification parameters]	NT=TMT6plex;AC=UNIMOD:730;MT=Fixed;TA=K	NT=TMT6plex;PP=Any N-term;AC=UNIMOD:737;MT=fixed	cv:unimod:730	cv:unimod:737	matched	exact_normalized	1.000000
PXD011799	20170131_Lumos_RSLC4_Maurer_Hartl_UW_MFPL_Global_TMT_fr2_MS2.raw	Technical	comment[modification parameters]	NT=Carbamidomethyl;AC=UNIMOD:4;MT=Fixed;TA=C	NT=Carbamidomethyl;TA=C;AC=UNIMOD:4;MT=fixed	cv:unimod:4	cv:unimod:4	matched	cv_accession	1.000000
PXD011799	20170131_Lumos_RSLC4_Maurer_Hartl_UW_MFPL_Global_TMT_fr2_MS2.raw	Technical	comment[modification parameters]	NT=Phospho;AC=UNIMOD:21;MT=Variable;TA=STY		cv:unimod:21		assessed_only	unmatched	0.000000
PXD011799	20170131_Lumos_RSLC4_Maurer_Hartl_UW_MFPL_Global_TMT_fr2_MS2.raw	Technical	comment[ms2 mass analyzer]	orbitrap		orbitrap		assessed_only	unmatched	0.000000
PXD011799	20170131_Lumos_RSLC4_Maurer_Hartl_UW_MFPL_Global_TMT_fr2_MS2.raw	Technical	comment[precursor mass tolerance]	10 ppm		10 ppm		assessed_only	unmatched	0.000000
PXD011799	20170131_Lumos_RSLC4_Maurer_Hartl_UW_MFPL_Global_TMT_fr2_MS2.raw	Technical	comment[precursor mass tolerance]		0.01 Da		0.01 da	gold_only	unmatched	0.000000
PXD011799	20170131_Lumos_RSLC4_Maurer_Hartl_UW_MFPL_Global_TMT_fr2_MS2.raw	Technical	comment[proteomics data acquisition method]	NT=data-dependent acquisition;AC=PRIDE:0000627		cv:pride:0000627		assessed_only	unmatched	0.000000
PXD011799	20170131_Lumos_RSLC4_Maurer_Hartl_UW_MFPL_Global_TMT_fr2_MS2.raw	Technical	comment[reduction reagent]	dithiothreitol		dithiothreitol		assessed_only	unmatched	0.000000
PXD011799	20170131_Lumos_RSLC4_Maurer_Hartl_UW_MFPL_Global_TMT_fr2_MS2.raw	Technical	technology type	proteomic profiling by mass spectrometry		proteomic profiling by mass spectrometry		assessed_only	unmatched	0.000000
PXD011799	20170131_Lumos_RSLC4_Maurer_Hartl_UW_MFPL_Global_TMT_fr2_MS2.raw	ExperimentalDesign	characteristics[biological replicate]	8		8		assessed_only	unmatched	0.000000
PXD011799	20170131_Lumos_RSLC4_Maurer_Hartl_UW_MFPL_Global_TMT_fr2_MS2.raw	ExperimentalDesign	comment[fraction identifier]	12		12		assessed_only	unmatched	0.000000
PXD011799	20170131_Lumos_RSLC4_Maurer_Hartl_UW_MFPL_Global_TMT_fr2_MS2.raw	ExperimentalDesign	comment[fraction identifier]		2		2	gold_only	unmatched	0.000000
PXD011799	20170131_Lumos_RSLC4_Maurer_Hartl_UW_MFPL_Global_TMT_fr2_MS2.raw	ExperimentalDesign	comment[technical replicate]	1	1	1	1	matched	exact_normalized	1.000000
PXD011799	20170131_Lumos_RSLC4_Maurer_Hartl_UW_MFPL_Global_TMT_fr2_MS2.raw	ExperimentalDesign	factor value[disease]	metastatic melanoma		metastatic melanoma		assessed_only	unmatched	0.000000
PXD011799	20170131_Lumos_RSLC4_Maurer_Hartl_UW_MFPL_Global_TMT_fr2_MS2.raw	ExperimentalDesign	factor value[experimental design]	cell type (PBMCB, TAB), treatment (MCM, control)		cell type pbmcb tab treatment mcm control		assessed_only	unmatched	0.000000
PXD011799	20170131_Lumos_RSLC4_Maurer_Hartl_UW_MFPL_Global_TMT_fr3_MS2.raw	Biological	characteristics[cell type]	B cells		b cells		assessed_only	unmatched	0.000000
PXD011799	20170131_Lumos_RSLC4_Maurer_Hartl_UW_MFPL_Global_TMT_fr3_MS2.raw	Biological	characteristics[disease]	metastatic melanoma		metastatic melanoma		assessed_only	unmatched	0.000000
PXD011799	20170131_Lumos_RSLC4_Maurer_Hartl_UW_MFPL_Global_TMT_fr3_MS2.raw	Biological	characteristics[disease]		melanoma		melanoma	gold_only	unmatched	0.000000
PXD011799	20170131_Lumos_RSLC4_Maurer_Hartl_UW_MFPL_Global_TMT_fr3_MS2.raw	Biological	characteristics[organism part]	blood, melanoma		blood melanoma		assessed_only	unmatched	0.000000
PXD011799	20170131_Lumos_RSLC4_Maurer_Hartl_UW_MFPL_Global_TMT_fr3_MS2.raw	Biological	characteristics[organism part]		B cells		b cells	gold_only	unmatched	0.000000
PXD011799	20170131_Lumos_RSLC4_Maurer_Hartl_UW_MFPL_Global_TMT_fr3_MS2.raw	Biological	characteristics[organism]	Homo sapiens	Homo sapiens	homo sapiens	homo sapiens	matched	exact_normalized	1.000000
PXD011799	20170131_Lumos_RSLC4_Maurer_Hartl_UW_MFPL_Global_TMT_fr3_MS2.raw	Technical	comment[alkylation reagent]	iodoacetamide		iodoacetamide		assessed_only	unmatched	0.000000
PXD011799	20170131_Lumos_RSLC4_Maurer_Hartl_UW_MFPL_Global_TMT_fr3_MS2.raw	Technical	comment[cleavage agent details]	NT=Trypsin;AC=MS:1001251	NT=Trypsin;AC=MS:1001251	cv:ms:1001251	cv:ms:1001251	matched	cv_accession	1.000000
PXD011799	20170131_Lumos_RSLC4_Maurer_Hartl_UW_MFPL_Global_TMT_fr3_MS2.raw	Technical	comment[dissociation method]	NT=beam-type collision-induced dissociation;AC=MS:1000422		cv:ms:1000422		assessed_only	unmatched	0.000000
PXD011799	20170131_Lumos_RSLC4_Maurer_Hartl_UW_MFPL_Global_TMT_fr3_MS2.raw	Technical	comment[fragment mass tolerance]	0.01 Da		0.01 da		assessed_only	unmatched	0.000000
PXD011799	20170131_Lumos_RSLC4_Maurer_Hartl_UW_MFPL_Global_TMT_fr3_MS2.raw	Technical	comment[fragment mass tolerance]		10 ppm		10 ppm	gold_only	unmatched	0.000000
PXD011799	20170131_Lumos_RSLC4_Maurer_Hartl_UW_MFPL_Global_TMT_fr3_MS2.raw	Technical	comment[instrument]	NT=Orbitrap Fusion Lumos;AC=MS:1002732	NT=Orbitrap Fusion Lumos	cv:ms:1002732	nt orbitrap fusion lumos	matched	fuzzy	0.933333
PXD011799	20170131_Lumos_RSLC4_Maurer_Hartl_UW_MFPL_Global_TMT_fr3_MS2.raw	Technical	comment[label]	TMT131	TMT131	tmt131	tmt131	matched	exact_normalized	1.000000
PXD011799	20170131_Lumos_RSLC4_Maurer_Hartl_UW_MFPL_Global_TMT_fr3_MS2.raw	Technical	comment[label]	TMT130C	TMT130C	tmt130c	tmt130c	matched	exact_normalized	1.000000
PXD011799	20170131_Lumos_RSLC4_Maurer_Hartl_UW_MFPL_Global_TMT_fr3_MS2.raw	Technical	comment[label]	TMT130N	TMT130N	tmt130n	tmt130n	matched	exact_normalized	1.000000
PXD011799	20170131_Lumos_RSLC4_Maurer_Hartl_UW_MFPL_Global_TMT_fr3_MS2.raw	Technical	comment[label]	TMT129C	TMT129C	tmt129c	tmt129c	matched	exact_normalized	1.000000
PXD011799	20170131_Lumos_RSLC4_Maurer_Hartl_UW_MFPL_Global_TMT_fr3_MS2.raw	Technical	comment[label]	TMT129N	TMT129N	tmt129n	tmt129n	matched	exact_normalized	1.000000
PXD011799	20170131_Lumos_RSLC4_Maurer_Hartl_UW_MFPL_Global_TMT_fr3_MS2.raw	Technical	comment[label]	TMT128C	TMT128C	tmt128c	tmt128c	matched	exact_normalized	1.000000
PXD011799	20170131_Lumos_RSLC4_Maurer_Hartl_UW_MFPL_Global_TMT_fr3_MS2.raw	Technical	comment[label]	TMT128N	TMT128N	tmt128n	tmt128n	matched	exact_normalized	1.000000
PXD011799	20170131_Lumos_RSLC4_Maurer_Hartl_UW_MFPL_Global_TMT_fr3_MS2.raw	Technical	comment[label]	TMT127C	TMT127C	tmt127c	tmt127c	matched	exact_normalized	1.000000
PXD011799	20170131_Lumos_RSLC4_Maurer_Hartl_UW_MFPL_Global_TMT_fr3_MS2.raw	Technical	comment[label]	TMT127N	TMT127N	tmt127n	tmt127n	matched	exact_normalized	1.000000
PXD011799	20170131_Lumos_RSLC4_Maurer_Hartl_UW_MFPL_Global_TMT_fr3_MS2.raw	Technical	comment[label]	TMT126	TMT126	tmt126	tmt126	matched	exact_normalized	1.000000
PXD011799	20170131_Lumos_RSLC4_Maurer_Hartl_UW_MFPL_Global_TMT_fr3_MS2.raw	Technical	comment[modification parameters]	NT=Deamidation;AC=UNIMOD:7;MT=Variable;TA=NQ	NT=Deamidation;TA=N,Q;AC=UNIMOD:7;MT=variable	cv:unimod:7	cv:unimod:7	matched	cv_accession	1.000000
PXD011799	20170131_Lumos_RSLC4_Maurer_Hartl_UW_MFPL_Global_TMT_fr3_MS2.raw	Technical	comment[modification parameters]	NT=Oxidation;AC=UNIMOD:35;MT=Variable;TA=M	NT=Oxidation;TA=M;AC=UNIMOD:35;MT=variable	cv:unimod:35	cv:unimod:35	matched	cv_accession	1.000000
PXD011799	20170131_Lumos_RSLC4_Maurer_Hartl_UW_MFPL_Global_TMT_fr3_MS2.raw	Technical	comment[modification parameters]	NT=TMT6plex;AC=UNIMOD:730;MT=Fixed;TA=K	NT=TMT6plex;PP=Any N-term;AC=UNIMOD:737;MT=fixed	cv:unimod:730	cv:unimod:737	matched	exact_normalized	1.000000
PXD011799	20170131_Lumos_RSLC4_Maurer_Hartl_UW_MFPL_Global_TMT_fr3_MS2.raw	Technical	comment[modification parameters]	NT=Carbamidomethyl;AC=UNIMOD:4;MT=Fixed;TA=C	NT=Carbamidomethyl;TA=C;AC=UNIMOD:4;MT=fixed	cv:unimod:4	cv:unimod:4	matched	cv_accession	1.000000
PXD011799	20170131_Lumos_RSLC4_Maurer_Hartl_UW_MFPL_Global_TMT_fr3_MS2.raw	Technical	comment[modification parameters]	NT=Phospho;AC=UNIMOD:21;MT=Variable;TA=STY		cv:unimod:21		assessed_only	unmatched	0.000000
PXD011799	20170131_Lumos_RSLC4_Maurer_Hartl_UW_MFPL_Global_TMT_fr3_MS2.raw	Technical	comment[ms2 mass analyzer]	orbitrap		orbitrap		assessed_only	unmatched	0.000000
PXD011799	20170131_Lumos_RSLC4_Maurer_Hartl_UW_MFPL_Global_TMT_fr3_MS2.raw	Technical	comment[precursor mass tolerance]	10 ppm		10 ppm		assessed_only	unmatched	0.000000
PXD011799	20170131_Lumos_RSLC4_Maurer_Hartl_UW_MFPL_Global_TMT_fr3_MS2.raw	Technical	comment[precursor mass tolerance]		0.01 Da		0.01 da	gold_only	unmatched	0.000000
PXD011799	20170131_Lumos_RSLC4_Maurer_Hartl_UW_MFPL_Global_TMT_fr3_MS2.raw	Technical	comment[proteomics data acquisition method]	NT=data-dependent acquisition;AC=PRIDE:0000627		cv:pride:0000627		assessed_only	unmatched	0.000000
PXD011799	20170131_Lumos_RSLC4_Maurer_Hartl_UW_MFPL_Global_TMT_fr3_MS2.raw	Technical	comment[reduction reagent]	dithiothreitol		dithiothreitol		assessed_only	unmatched	0.000000
PXD011799	20170131_Lumos_RSLC4_Maurer_Hartl_UW_MFPL_Global_TMT_fr3_MS2.raw	Technical	technology type	proteomic profiling by mass spectrometry		proteomic profiling by mass spectrometry		assessed_only	unmatched	0.000000
PXD011799	20170131_Lumos_RSLC4_Maurer_Hartl_UW_MFPL_Global_TMT_fr3_MS2.raw	ExperimentalDesign	characteristics[biological replicate]	8		8		assessed_only	unmatched	0.000000
PXD011799	20170131_Lumos_RSLC4_Maurer_Hartl_UW_MFPL_Global_TMT_fr3_MS2.raw	ExperimentalDesign	comment[fraction identifier]	12		12		assessed_only	unmatched	0.000000
PXD011799	20170131_Lumos_RSLC4_Maurer_Hartl_UW_MFPL_Global_TMT_fr3_MS2.raw	ExperimentalDesign	comment[fraction identifier]		3		3	gold_only	unmatched	0.000000
PXD011799	20170131_Lumos_RSLC4_Maurer_Hartl_UW_MFPL_Global_TMT_fr3_MS2.raw	ExperimentalDesign	comment[technical replicate]	1	1	1	1	matched	exact_normalized	1.000000
PXD011799	20170131_Lumos_RSLC4_Maurer_Hartl_UW_MFPL_Global_TMT_fr3_MS2.raw	ExperimentalDesign	factor value[disease]	metastatic melanoma		metastatic melanoma		assessed_only	unmatched	0.000000
PXD011799	20170131_Lumos_RSLC4_Maurer_Hartl_UW_MFPL_Global_TMT_fr3_MS2.raw	ExperimentalDesign	factor value[experimental design]	cell type (PBMCB, TAB), treatment (MCM, control)		cell type pbmcb tab treatment mcm control		assessed_only	unmatched	0.000000
PXD011799	20170131_Lumos_RSLC4_Maurer_Hartl_UW_MFPL_Global_TMT_fr4_Ms2.raw	Biological	characteristics[cell type]	B cells		b cells		assessed_only	unmatched	0.000000
PXD011799	20170131_Lumos_RSLC4_Maurer_Hartl_UW_MFPL_Global_TMT_fr4_Ms2.raw	Biological	characteristics[disease]	metastatic melanoma		metastatic melanoma		assessed_only	unmatched	0.000000
PXD011799	20170131_Lumos_RSLC4_Maurer_Hartl_UW_MFPL_Global_TMT_fr4_Ms2.raw	Biological	characteristics[disease]		melanoma		melanoma	gold_only	unmatched	0.000000
PXD011799	20170131_Lumos_RSLC4_Maurer_Hartl_UW_MFPL_Global_TMT_fr4_Ms2.raw	Biological	characteristics[organism part]	blood, melanoma		blood melanoma		assessed_only	unmatched	0.000000
PXD011799	20170131_Lumos_RSLC4_Maurer_Hartl_UW_MFPL_Global_TMT_fr4_Ms2.raw	Biological	characteristics[organism part]		B cells		b cells	gold_only	unmatched	0.000000
PXD011799	20170131_Lumos_RSLC4_Maurer_Hartl_UW_MFPL_Global_TMT_fr4_Ms2.raw	Biological	characteristics[organism]	Homo sapiens	Homo sapiens	homo sapiens	homo sapiens	matched	exact_normalized	1.000000
PXD011799	20170131_Lumos_RSLC4_Maurer_Hartl_UW_MFPL_Global_TMT_fr4_Ms2.raw	Technical	comment[alkylation reagent]	iodoacetamide		iodoacetamide		assessed_only	unmatched	0.000000
PXD011799	20170131_Lumos_RSLC4_Maurer_Hartl_UW_MFPL_Global_TMT_fr4_Ms2.raw	Technical	comment[cleavage agent details]	NT=Trypsin;AC=MS:1001251	NT=Trypsin;AC=MS:1001251	cv:ms:1001251	cv:ms:1001251	matched	cv_accession	1.000000
PXD011799	20170131_Lumos_RSLC4_Maurer_Hartl_UW_MFPL_Global_TMT_fr4_Ms2.raw	Technical	comment[dissociation method]	NT=beam-type collision-induced dissociation;AC=MS:1000422		cv:ms:1000422		assessed_only	unmatched	0.000000
PXD011799	20170131_Lumos_RSLC4_Maurer_Hartl_UW_MFPL_Global_TMT_fr4_Ms2.raw	Technical	comment[fragment mass tolerance]	0.01 Da		0.01 da		assessed_only	unmatched	0.000000
PXD011799	20170131_Lumos_RSLC4_Maurer_Hartl_UW_MFPL_Global_TMT_fr4_Ms2.raw	Technical	comment[fragment mass tolerance]		10 ppm		10 ppm	gold_only	unmatched	0.000000
PXD011799	20170131_Lumos_RSLC4_Maurer_Hartl_UW_MFPL_Global_TMT_fr4_Ms2.raw	Technical	comment[instrument]	NT=Orbitrap Fusion Lumos;AC=MS:1002732	NT=Orbitrap Fusion Lumos	cv:ms:1002732	nt orbitrap fusion lumos	matched	fuzzy	0.933333
PXD011799	20170131_Lumos_RSLC4_Maurer_Hartl_UW_MFPL_Global_TMT_fr4_Ms2.raw	Technical	comment[label]	TMT131	TMT131	tmt131	tmt131	matched	exact_normalized	1.000000
PXD011799	20170131_Lumos_RSLC4_Maurer_Hartl_UW_MFPL_Global_TMT_fr4_Ms2.raw	Technical	comment[label]	TMT130C	TMT130C	tmt130c	tmt130c	matched	exact_normalized	1.000000
PXD011799	20170131_Lumos_RSLC4_Maurer_Hartl_UW_MFPL_Global_TMT_fr4_Ms2.raw	Technical	comment[label]	TMT130N	TMT130N	tmt130n	tmt130n	matched	exact_normalized	1.000000
PXD011799	20170131_Lumos_RSLC4_Maurer_Hartl_UW_MFPL_Global_TMT_fr4_Ms2.raw	Technical	comment[label]	TMT129C	TMT129C	tmt129c	tmt129c	matched	exact_normalized	1.000000
PXD011799	20170131_Lumos_RSLC4_Maurer_Hartl_UW_MFPL_Global_TMT_fr4_Ms2.raw	Technical	comment[label]	TMT129N	TMT129N	tmt129n	tmt129n	matched	exact_normalized	1.000000
PXD011799	20170131_Lumos_RSLC4_Maurer_Hartl_UW_MFPL_Global_TMT_fr4_Ms2.raw	Technical	comment[label]	TMT128C	TMT128C	tmt128c	tmt128c	matched	exact_normalized	1.000000
PXD011799	20170131_Lumos_RSLC4_Maurer_Hartl_UW_MFPL_Global_TMT_fr4_Ms2.raw	Technical	comment[label]	TMT128N	TMT128N	tmt128n	tmt128n	matched	exact_normalized	1.000000
PXD011799	20170131_Lumos_RSLC4_Maurer_Hartl_UW_MFPL_Global_TMT_fr4_Ms2.raw	Technical	comment[label]	TMT127C	TMT127C	tmt127c	tmt127c	matched	exact_normalized	1.000000
PXD011799	20170131_Lumos_RSLC4_Maurer_Hartl_UW_MFPL_Global_TMT_fr4_Ms2.raw	Technical	comment[label]	TMT127N	TMT127N	tmt127n	tmt127n	matched	exact_normalized	1.000000
PXD011799	20170131_Lumos_RSLC4_Maurer_Hartl_UW_MFPL_Global_TMT_fr4_Ms2.raw	Technical	comment[label]	TMT126	TMT126	tmt126	tmt126	matched	exact_normalized	1.000000
PXD011799	20170131_Lumos_RSLC4_Maurer_Hartl_UW_MFPL_Global_TMT_fr4_Ms2.raw	Technical	comment[modification parameters]	NT=Deamidation;AC=UNIMOD:7;MT=Variable;TA=NQ	NT=Deamidation;TA=N,Q;AC=UNIMOD:7;MT=variable	cv:unimod:7	cv:unimod:7	matched	cv_accession	1.000000
PXD011799	20170131_Lumos_RSLC4_Maurer_Hartl_UW_MFPL_Global_TMT_fr4_Ms2.raw	Technical	comment[modification parameters]	NT=Oxidation;AC=UNIMOD:35;MT=Variable;TA=M	NT=Oxidation;TA=M;AC=UNIMOD:35;MT=variable	cv:unimod:35	cv:unimod:35	matched	cv_accession	1.000000
PXD011799	20170131_Lumos_RSLC4_Maurer_Hartl_UW_MFPL_Global_TMT_fr4_Ms2.raw	Technical	comment[modification parameters]	NT=TMT6plex;AC=UNIMOD:730;MT=Fixed;TA=K	NT=TMT6plex;PP=Any N-term;AC=UNIMOD:737;MT=fixed	cv:unimod:730	cv:unimod:737	matched	exact_normalized	1.000000
PXD011799	20170131_Lumos_RSLC4_Maurer_Hartl_UW_MFPL_Global_TMT_fr4_Ms2.raw	Technical	comment[modification parameters]	NT=Carbamidomethyl;AC=UNIMOD:4;MT=Fixed;TA=C	NT=Carbamidomethyl;TA=C;AC=UNIMOD:4;MT=fixed	cv:unimod:4	cv:unimod:4	matched	cv_accession	1.000000
PXD011799	20170131_Lumos_RSLC4_Maurer_Hartl_UW_MFPL_Global_TMT_fr4_Ms2.raw	Technical	comment[modification parameters]	NT=Phospho;AC=UNIMOD:21;MT=Variable;TA=STY		cv:unimod:21		assessed_only	unmatched	0.000000
PXD011799	20170131_Lumos_RSLC4_Maurer_Hartl_UW_MFPL_Global_TMT_fr4_Ms2.raw	Technical	comment[ms2 mass analyzer]	orbitrap		orbitrap		assessed_only	unmatched	0.000000
PXD011799	20170131_Lumos_RSLC4_Maurer_Hartl_UW_MFPL_Global_TMT_fr4_Ms2.raw	Technical	comment[precursor mass tolerance]	10 ppm		10 ppm		assessed_only	unmatched	0.000000
PXD011799	20170131_Lumos_RSLC4_Maurer_Hartl_UW_MFPL_Global_TMT_fr4_Ms2.raw	Technical	comment[precursor mass tolerance]		0.01 Da		0.01 da	gold_only	unmatched	0.000000
PXD011799	20170131_Lumos_RSLC4_Maurer_Hartl_UW_MFPL_Global_TMT_fr4_Ms2.raw	Technical	comment[proteomics data acquisition method]	NT=data-dependent acquisition;AC=PRIDE:0000627		cv:pride:0000627		assessed_only	unmatched	0.000000
PXD011799	20170131_Lumos_RSLC4_Maurer_Hartl_UW_MFPL_Global_TMT_fr4_Ms2.raw	Technical	comment[reduction reagent]	dithiothreitol		dithiothreitol		assessed_only	unmatched	0.000000
PXD011799	20170131_Lumos_RSLC4_Maurer_Hartl_UW_MFPL_Global_TMT_fr4_Ms2.raw	Technical	technology type	proteomic profiling by mass spectrometry		proteomic profiling by mass spectrometry		assessed_only	unmatched	0.000000
PXD011799	20170131_Lumos_RSLC4_Maurer_Hartl_UW_MFPL_Global_TMT_fr4_Ms2.raw	ExperimentalDesign	characteristics[biological replicate]	8		8		assessed_only	unmatched	0.000000
PXD011799	20170131_Lumos_RSLC4_Maurer_Hartl_UW_MFPL_Global_TMT_fr4_Ms2.raw	ExperimentalDesign	comment[fraction identifier]	12		12		assessed_only	unmatched	0.000000
PXD011799	20170131_Lumos_RSLC4_Maurer_Hartl_UW_MFPL_Global_TMT_fr4_Ms2.raw	ExperimentalDesign	comment[fraction identifier]		4		4	gold_only	unmatched	0.000000
PXD011799	20170131_Lumos_RSLC4_Maurer_Hartl_UW_MFPL_Global_TMT_fr4_Ms2.raw	ExperimentalDesign	comment[technical replicate]	1	1	1	1	matched	exact_normalized	1.000000
PXD011799	20170131_Lumos_RSLC4_Maurer_Hartl_UW_MFPL_Global_TMT_fr4_Ms2.raw	ExperimentalDesign	factor value[disease]	metastatic melanoma		metastatic melanoma		assessed_only	unmatched	0.000000
PXD011799	20170131_Lumos_RSLC4_Maurer_Hartl_UW_MFPL_Global_TMT_fr4_Ms2.raw	ExperimentalDesign	factor value[experimental design]	cell type (PBMCB, TAB), treatment (MCM, control)		cell type pbmcb tab treatment mcm control		assessed_only	unmatched	0.000000
PXD011799	20170131_Lumos_RSLC4_Maurer_Hartl_UW_MFPL_Global_TMT_fr5_MS2.raw	Biological	characteristics[cell type]	B cells		b cells		assessed_only	unmatched	0.000000
PXD011799	20170131_Lumos_RSLC4_Maurer_Hartl_UW_MFPL_Global_TMT_fr5_MS2.raw	Biological	characteristics[disease]	metastatic melanoma		metastatic melanoma		assessed_only	unmatched	0.000000
PXD011799	20170131_Lumos_RSLC4_Maurer_Hartl_UW_MFPL_Global_TMT_fr5_MS2.raw	Biological	characteristics[disease]		melanoma		melanoma	gold_only	unmatched	0.000000
PXD011799	20170131_Lumos_RSLC4_Maurer_Hartl_UW_MFPL_Global_TMT_fr5_MS2.raw	Biological	characteristics[organism part]	blood, melanoma		blood melanoma		assessed_only	unmatched	0.000000
PXD011799	20170131_Lumos_RSLC4_Maurer_Hartl_UW_MFPL_Global_TMT_fr5_MS2.raw	Biological	characteristics[organism part]		B cells		b cells	gold_only	unmatched	0.000000
PXD011799	20170131_Lumos_RSLC4_Maurer_Hartl_UW_MFPL_Global_TMT_fr5_MS2.raw	Biological	characteristics[organism]	Homo sapiens	Homo sapiens	homo sapiens	homo sapiens	matched	exact_normalized	1.000000
PXD011799	20170131_Lumos_RSLC4_Maurer_Hartl_UW_MFPL_Global_TMT_fr5_MS2.raw	Technical	comment[alkylation reagent]	iodoacetamide		iodoacetamide		assessed_only	unmatched	0.000000
PXD011799	20170131_Lumos_RSLC4_Maurer_Hartl_UW_MFPL_Global_TMT_fr5_MS2.raw	Technical	comment[cleavage agent details]	NT=Trypsin;AC=MS:1001251	NT=Trypsin;AC=MS:1001251	cv:ms:1001251	cv:ms:1001251	matched	cv_accession	1.000000
PXD011799	20170131_Lumos_RSLC4_Maurer_Hartl_UW_MFPL_Global_TMT_fr5_MS2.raw	Technical	comment[dissociation method]	NT=beam-type collision-induced dissociation;AC=MS:1000422		cv:ms:1000422		assessed_only	unmatched	0.000000
PXD011799	20170131_Lumos_RSLC4_Maurer_Hartl_UW_MFPL_Global_TMT_fr5_MS2.raw	Technical	comment[fragment mass tolerance]	0.01 Da		0.01 da		assessed_only	unmatched	0.000000
PXD011799	20170131_Lumos_RSLC4_Maurer_Hartl_UW_MFPL_Global_TMT_fr5_MS2.raw	Technical	comment[fragment mass tolerance]		10 ppm		10 ppm	gold_only	unmatched	0.000000
PXD011799	20170131_Lumos_RSLC4_Maurer_Hartl_UW_MFPL_Global_TMT_fr5_MS2.raw	Technical	comment[instrument]	NT=Orbitrap Fusion Lumos;AC=MS:1002732	NT=Orbitrap Fusion Lumos	cv:ms:1002732	nt orbitrap fusion lumos	matched	fuzzy	0.933333
PXD011799	20170131_Lumos_RSLC4_Maurer_Hartl_UW_MFPL_Global_TMT_fr5_MS2.raw	Technical	comment[label]	TMT131	TMT131	tmt131	tmt131	matched	exact_normalized	1.000000
PXD011799	20170131_Lumos_RSLC4_Maurer_Hartl_UW_MFPL_Global_TMT_fr5_MS2.raw	Technical	comment[label]	TMT130C	TMT130C	tmt130c	tmt130c	matched	exact_normalized	1.000000
PXD011799	20170131_Lumos_RSLC4_Maurer_Hartl_UW_MFPL_Global_TMT_fr5_MS2.raw	Technical	comment[label]	TMT130N	TMT130N	tmt130n	tmt130n	matched	exact_normalized	1.000000
PXD011799	20170131_Lumos_RSLC4_Maurer_Hartl_UW_MFPL_Global_TMT_fr5_MS2.raw	Technical	comment[label]	TMT129C	TMT129C	tmt129c	tmt129c	matched	exact_normalized	1.000000
PXD011799	20170131_Lumos_RSLC4_Maurer_Hartl_UW_MFPL_Global_TMT_fr5_MS2.raw	Technical	comment[label]	TMT129N	TMT129N	tmt129n	tmt129n	matched	exact_normalized	1.000000
PXD011799	20170131_Lumos_RSLC4_Maurer_Hartl_UW_MFPL_Global_TMT_fr5_MS2.raw	Technical	comment[label]	TMT128C	TMT128C	tmt128c	tmt128c	matched	exact_normalized	1.000000
PXD011799	20170131_Lumos_RSLC4_Maurer_Hartl_UW_MFPL_Global_TMT_fr5_MS2.raw	Technical	comment[label]	TMT128N	TMT128N	tmt128n	tmt128n	matched	exact_normalized	1.000000
PXD011799	20170131_Lumos_RSLC4_Maurer_Hartl_UW_MFPL_Global_TMT_fr5_MS2.raw	Technical	comment[label]	TMT127C	TMT127C	tmt127c	tmt127c	matched	exact_normalized	1.000000
PXD011799	20170131_Lumos_RSLC4_Maurer_Hartl_UW_MFPL_Global_TMT_fr5_MS2.raw	Technical	comment[label]	TMT127N	TMT127N	tmt127n	tmt127n	matched	exact_normalized	1.000000
PXD011799	20170131_Lumos_RSLC4_Maurer_Hartl_UW_MFPL_Global_TMT_fr5_MS2.raw	Technical	comment[label]	TMT126	TMT126	tmt126	tmt126	matched	exact_normalized	1.000000
PXD011799	20170131_Lumos_RSLC4_Maurer_Hartl_UW_MFPL_Global_TMT_fr5_MS2.raw	Technical	comment[modification parameters]	NT=Deamidation;AC=UNIMOD:7;MT=Variable;TA=NQ	NT=Deamidation;TA=N,Q;AC=UNIMOD:7;MT=variable	cv:unimod:7	cv:unimod:7	matched	cv_accession	1.000000
PXD011799	20170131_Lumos_RSLC4_Maurer_Hartl_UW_MFPL_Global_TMT_fr5_MS2.raw	Technical	comment[modification parameters]	NT=Oxidation;AC=UNIMOD:35;MT=Variable;TA=M	NT=Oxidation;TA=M;AC=UNIMOD:35;MT=variable	cv:unimod:35	cv:unimod:35	matched	cv_accession	1.000000
PXD011799	20170131_Lumos_RSLC4_Maurer_Hartl_UW_MFPL_Global_TMT_fr5_MS2.raw	Technical	comment[modification parameters]	NT=TMT6plex;AC=UNIMOD:730;MT=Fixed;TA=K	NT=TMT6plex;PP=Any N-term;AC=UNIMOD:737;MT=fixed	cv:unimod:730	cv:unimod:737	matched	exact_normalized	1.000000
PXD011799	20170131_Lumos_RSLC4_Maurer_Hartl_UW_MFPL_Global_TMT_fr5_MS2.raw	Technical	comment[modification parameters]	NT=Carbamidomethyl;AC=UNIMOD:4;MT=Fixed;TA=C	NT=Carbamidomethyl;TA=C;AC=UNIMOD:4;MT=fixed	cv:unimod:4	cv:unimod:4	matched	cv_accession	1.000000
PXD011799	20170131_Lumos_RSLC4_Maurer_Hartl_UW_MFPL_Global_TMT_fr5_MS2.raw	Technical	comment[modification parameters]	NT=Phospho;AC=UNIMOD:21;MT=Variable;TA=STY		cv:unimod:21		assessed_only	unmatched	0.000000
PXD011799	20170131_Lumos_RSLC4_Maurer_Hartl_UW_MFPL_Global_TMT_fr5_MS2.raw	Technical	comment[ms2 mass analyzer]	orbitrap		orbitrap		assessed_only	unmatched	0.000000
PXD011799	20170131_Lumos_RSLC4_Maurer_Hartl_UW_MFPL_Global_TMT_fr5_MS2.raw	Technical	comment[precursor mass tolerance]	10 ppm		10 ppm		assessed_only	unmatched	0.000000
PXD011799	20170131_Lumos_RSLC4_Maurer_Hartl_UW_MFPL_Global_TMT_fr5_MS2.raw	Technical	comment[precursor mass tolerance]		0.01 Da		0.01 da	gold_only	unmatched	0.000000
PXD011799	20170131_Lumos_RSLC4_Maurer_Hartl_UW_MFPL_Global_TMT_fr5_MS2.raw	Technical	comment[proteomics data acquisition method]	NT=data-dependent acquisition;AC=PRIDE:0000627		cv:pride:0000627		assessed_only	unmatched	0.000000
PXD011799	20170131_Lumos_RSLC4_Maurer_Hartl_UW_MFPL_Global_TMT_fr5_MS2.raw	Technical	comment[reduction reagent]	dithiothreitol		dithiothreitol		assessed_only	unmatched	0.000000
PXD011799	20170131_Lumos_RSLC4_Maurer_Hartl_UW_MFPL_Global_TMT_fr5_MS2.raw	Technical	technology type	proteomic profiling by mass spectrometry		proteomic profiling by mass spectrometry		assessed_only	unmatched	0.000000
PXD011799	20170131_Lumos_RSLC4_Maurer_Hartl_UW_MFPL_Global_TMT_fr5_MS2.raw	ExperimentalDesign	characteristics[biological replicate]	8		8		assessed_only	unmatched	0.000000
PXD011799	20170131_Lumos_RSLC4_Maurer_Hartl_UW_MFPL_Global_TMT_fr5_MS2.raw	ExperimentalDesign	comment[fraction identifier]	12		12		assessed_only	unmatched	0.000000
PXD011799	20170131_Lumos_RSLC4_Maurer_Hartl_UW_MFPL_Global_TMT_fr5_MS2.raw	ExperimentalDesign	comment[fraction identifier]		5		5	gold_only	unmatched	0.000000
PXD011799	20170131_Lumos_RSLC4_Maurer_Hartl_UW_MFPL_Global_TMT_fr5_MS2.raw	ExperimentalDesign	comment[technical replicate]	1	1	1	1	matched	exact_normalized	1.000000
PXD011799	20170131_Lumos_RSLC4_Maurer_Hartl_UW_MFPL_Global_TMT_fr5_MS2.raw	ExperimentalDesign	factor value[disease]	metastatic melanoma		metastatic melanoma		assessed_only	unmatched	0.000000
PXD011799	20170131_Lumos_RSLC4_Maurer_Hartl_UW_MFPL_Global_TMT_fr5_MS2.raw	ExperimentalDesign	factor value[experimental design]	cell type (PBMCB, TAB), treatment (MCM, control)		cell type pbmcb tab treatment mcm control		assessed_only	unmatched	0.000000
PXD011799	20170131_Lumos_RSLC4_Maurer_Hartl_UW_MFPL_Global_TMT_fr6_MS2.raw	Biological	characteristics[cell type]	B cells		b cells		assessed_only	unmatched	0.000000
PXD011799	20170131_Lumos_RSLC4_Maurer_Hartl_UW_MFPL_Global_TMT_fr6_MS2.raw	Biological	characteristics[disease]	metastatic melanoma		metastatic melanoma		assessed_only	unmatched	0.000000
PXD011799	20170131_Lumos_RSLC4_Maurer_Hartl_UW_MFPL_Global_TMT_fr6_MS2.raw	Biological	characteristics[disease]		melanoma		melanoma	gold_only	unmatched	0.000000
PXD011799	20170131_Lumos_RSLC4_Maurer_Hartl_UW_MFPL_Global_TMT_fr6_MS2.raw	Biological	characteristics[organism part]	blood, melanoma		blood melanoma		assessed_only	unmatched	0.000000
PXD011799	20170131_Lumos_RSLC4_Maurer_Hartl_UW_MFPL_Global_TMT_fr6_MS2.raw	Biological	characteristics[organism part]		B cells		b cells	gold_only	unmatched	0.000000
PXD011799	20170131_Lumos_RSLC4_Maurer_Hartl_UW_MFPL_Global_TMT_fr6_MS2.raw	Biological	characteristics[organism]	Homo sapiens	Homo sapiens	homo sapiens	homo sapiens	matched	exact_normalized	1.000000
PXD011799	20170131_Lumos_RSLC4_Maurer_Hartl_UW_MFPL_Global_TMT_fr6_MS2.raw	Technical	comment[alkylation reagent]	iodoacetamide		iodoacetamide		assessed_only	unmatched	0.000000
PXD011799	20170131_Lumos_RSLC4_Maurer_Hartl_UW_MFPL_Global_TMT_fr6_MS2.raw	Technical	comment[cleavage agent details]	NT=Trypsin;AC=MS:1001251	NT=Trypsin;AC=MS:1001251	cv:ms:1001251	cv:ms:1001251	matched	cv_accession	1.000000
PXD011799	20170131_Lumos_RSLC4_Maurer_Hartl_UW_MFPL_Global_TMT_fr6_MS2.raw	Technical	comment[dissociation method]	NT=beam-type collision-induced dissociation;AC=MS:1000422		cv:ms:1000422		assessed_only	unmatched	0.000000
PXD011799	20170131_Lumos_RSLC4_Maurer_Hartl_UW_MFPL_Global_TMT_fr6_MS2.raw	Technical	comment[fragment mass tolerance]	0.01 Da		0.01 da		assessed_only	unmatched	0.000000
PXD011799	20170131_Lumos_RSLC4_Maurer_Hartl_UW_MFPL_Global_TMT_fr6_MS2.raw	Technical	comment[fragment mass tolerance]		10 ppm		10 ppm	gold_only	unmatched	0.000000
PXD011799	20170131_Lumos_RSLC4_Maurer_Hartl_UW_MFPL_Global_TMT_fr6_MS2.raw	Technical	comment[instrument]	NT=Orbitrap Fusion Lumos;AC=MS:1002732	NT=Orbitrap Fusion Lumos	cv:ms:1002732	nt orbitrap fusion lumos	matched	fuzzy	0.933333
PXD011799	20170131_Lumos_RSLC4_Maurer_Hartl_UW_MFPL_Global_TMT_fr6_MS2.raw	Technical	comment[label]	TMT131	TMT131	tmt131	tmt131	matched	exact_normalized	1.000000
PXD011799	20170131_Lumos_RSLC4_Maurer_Hartl_UW_MFPL_Global_TMT_fr6_MS2.raw	Technical	comment[label]	TMT130C	TMT130C	tmt130c	tmt130c	matched	exact_normalized	1.000000
PXD011799	20170131_Lumos_RSLC4_Maurer_Hartl_UW_MFPL_Global_TMT_fr6_MS2.raw	Technical	comment[label]	TMT130N	TMT130N	tmt130n	tmt130n	matched	exact_normalized	1.000000
PXD011799	20170131_Lumos_RSLC4_Maurer_Hartl_UW_MFPL_Global_TMT_fr6_MS2.raw	Technical	comment[label]	TMT129C	TMT129C	tmt129c	tmt129c	matched	exact_normalized	1.000000
PXD011799	20170131_Lumos_RSLC4_Maurer_Hartl_UW_MFPL_Global_TMT_fr6_MS2.raw	Technical	comment[label]	TMT129N	TMT129N	tmt129n	tmt129n	matched	exact_normalized	1.000000
PXD011799	20170131_Lumos_RSLC4_Maurer_Hartl_UW_MFPL_Global_TMT_fr6_MS2.raw	Technical	comment[label]	TMT128C	TMT128C	tmt128c	tmt128c	matched	exact_normalized	1.000000
PXD011799	20170131_Lumos_RSLC4_Maurer_Hartl_UW_MFPL_Global_TMT_fr6_MS2.raw	Technical	comment[label]	TMT128N	TMT128N	tmt128n	tmt128n	matched	exact_normalized	1.000000
PXD011799	20170131_Lumos_RSLC4_Maurer_Hartl_UW_MFPL_Global_TMT_fr6_MS2.raw	Technical	comment[label]	TMT127C	TMT127C	tmt127c	tmt127c	matched	exact_normalized	1.000000
PXD011799	20170131_Lumos_RSLC4_Maurer_Hartl_UW_MFPL_Global_TMT_fr6_MS2.raw	Technical	comment[label]	TMT127N	TMT127N	tmt127n	tmt127n	matched	exact_normalized	1.000000
PXD011799	20170131_Lumos_RSLC4_Maurer_Hartl_UW_MFPL_Global_TMT_fr6_MS2.raw	Technical	comment[label]	TMT126	TMT126	tmt126	tmt126	matched	exact_normalized	1.000000
PXD011799	20170131_Lumos_RSLC4_Maurer_Hartl_UW_MFPL_Global_TMT_fr6_MS2.raw	Technical	comment[modification parameters]	NT=Deamidation;AC=UNIMOD:7;MT=Variable;TA=NQ	NT=Deamidation;TA=N,Q;AC=UNIMOD:7;MT=variable	cv:unimod:7	cv:unimod:7	matched	cv_accession	1.000000
PXD011799	20170131_Lumos_RSLC4_Maurer_Hartl_UW_MFPL_Global_TMT_fr6_MS2.raw	Technical	comment[modification parameters]	NT=Oxidation;AC=UNIMOD:35;MT=Variable;TA=M	NT=Oxidation;TA=M;AC=UNIMOD:35;MT=variable	cv:unimod:35	cv:unimod:35	matched	cv_accession	1.000000
PXD011799	20170131_Lumos_RSLC4_Maurer_Hartl_UW_MFPL_Global_TMT_fr6_MS2.raw	Technical	comment[modification parameters]	NT=TMT6plex;AC=UNIMOD:730;MT=Fixed;TA=K	NT=TMT6plex;PP=Any N-term;AC=UNIMOD:737;MT=fixed	cv:unimod:730	cv:unimod:737	matched	exact_normalized	1.000000
PXD011799	20170131_Lumos_RSLC4_Maurer_Hartl_UW_MFPL_Global_TMT_fr6_MS2.raw	Technical	comment[modification parameters]	NT=Carbamidomethyl;AC=UNIMOD:4;MT=Fixed;TA=C	NT=Carbamidomethyl;TA=C;AC=UNIMOD:4;MT=fixed	cv:unimod:4	cv:unimod:4	matched	cv_accession	1.000000
PXD011799	20170131_Lumos_RSLC4_Maurer_Hartl_UW_MFPL_Global_TMT_fr6_MS2.raw	Technical	comment[modification parameters]	NT=Phospho;AC=UNIMOD:21;MT=Variable;TA=STY		cv:unimod:21		assessed_only	unmatched	0.000000
PXD011799	20170131_Lumos_RSLC4_Maurer_Hartl_UW_MFPL_Global_TMT_fr6_MS2.raw	Technical	comment[ms2 mass analyzer]	orbitrap		orbitrap		assessed_only	unmatched	0.000000
PXD011799	20170131_Lumos_RSLC4_Maurer_Hartl_UW_MFPL_Global_TMT_fr6_MS2.raw	Technical	comment[precursor mass tolerance]	10 ppm		10 ppm		assessed_only	unmatched	0.000000
PXD011799	20170131_Lumos_RSLC4_Maurer_Hartl_UW_MFPL_Global_TMT_fr6_MS2.raw	Technical	comment[precursor mass tolerance]		0.01 Da		0.01 da	gold_only	unmatched	0.000000
PXD011799	20170131_Lumos_RSLC4_Maurer_Hartl_UW_MFPL_Global_TMT_fr6_MS2.raw	Technical	comment[proteomics data acquisition method]	NT=data-dependent acquisition;AC=PRIDE:0000627		cv:pride:0000627		assessed_only	unmatched	0.000000
PXD011799	20170131_Lumos_RSLC4_Maurer_Hartl_UW_MFPL_Global_TMT_fr6_MS2.raw	Technical	comment[reduction reagent]	dithiothreitol		dithiothreitol		assessed_only	unmatched	0.000000
PXD011799	20170131_Lumos_RSLC4_Maurer_Hartl_UW_MFPL_Global_TMT_fr6_MS2.raw	Technical	technology type	proteomic profiling by mass spectrometry		proteomic profiling by mass spectrometry		assessed_only	unmatched	0.000000
PXD011799	20170131_Lumos_RSLC4_Maurer_Hartl_UW_MFPL_Global_TMT_fr6_MS2.raw	ExperimentalDesign	characteristics[biological replicate]	8		8		assessed_only	unmatched	0.000000
PXD011799	20170131_Lumos_RSLC4_Maurer_Hartl_UW_MFPL_Global_TMT_fr6_MS2.raw	ExperimentalDesign	comment[fraction identifier]	12		12		assessed_only	unmatched	0.000000
PXD011799	20170131_Lumos_RSLC4_Maurer_Hartl_UW_MFPL_Global_TMT_fr6_MS2.raw	ExperimentalDesign	comment[fraction identifier]		6		6	gold_only	unmatched	0.000000
PXD011799	20170131_Lumos_RSLC4_Maurer_Hartl_UW_MFPL_Global_TMT_fr6_MS2.raw	ExperimentalDesign	comment[technical replicate]	1	1	1	1	matched	exact_normalized	1.000000
PXD011799	20170131_Lumos_RSLC4_Maurer_Hartl_UW_MFPL_Global_TMT_fr6_MS2.raw	ExperimentalDesign	factor value[disease]	metastatic melanoma		metastatic melanoma		assessed_only	unmatched	0.000000
PXD011799	20170131_Lumos_RSLC4_Maurer_Hartl_UW_MFPL_Global_TMT_fr6_MS2.raw	ExperimentalDesign	factor value[experimental design]	cell type (PBMCB, TAB), treatment (MCM, control)		cell type pbmcb tab treatment mcm control		assessed_only	unmatched	0.000000
PXD011799	20170131_Lumos_RSLC4_Maurer_Hartl_UW_MFPL_Global_TMT_fr7_MS2.raw	Biological	characteristics[cell type]	B cells		b cells		assessed_only	unmatched	0.000000
PXD011799	20170131_Lumos_RSLC4_Maurer_Hartl_UW_MFPL_Global_TMT_fr7_MS2.raw	Biological	characteristics[disease]	metastatic melanoma		metastatic melanoma		assessed_only	unmatched	0.000000
PXD011799	20170131_Lumos_RSLC4_Maurer_Hartl_UW_MFPL_Global_TMT_fr7_MS2.raw	Biological	characteristics[disease]		melanoma		melanoma	gold_only	unmatched	0.000000
PXD011799	20170131_Lumos_RSLC4_Maurer_Hartl_UW_MFPL_Global_TMT_fr7_MS2.raw	Biological	characteristics[organism part]	blood, melanoma		blood melanoma		assessed_only	unmatched	0.000000
PXD011799	20170131_Lumos_RSLC4_Maurer_Hartl_UW_MFPL_Global_TMT_fr7_MS2.raw	Biological	characteristics[organism part]		B cells		b cells	gold_only	unmatched	0.000000
PXD011799	20170131_Lumos_RSLC4_Maurer_Hartl_UW_MFPL_Global_TMT_fr7_MS2.raw	Biological	characteristics[organism]	Homo sapiens	Homo sapiens	homo sapiens	homo sapiens	matched	exact_normalized	1.000000
PXD011799	20170131_Lumos_RSLC4_Maurer_Hartl_UW_MFPL_Global_TMT_fr7_MS2.raw	Technical	comment[alkylation reagent]	iodoacetamide		iodoacetamide		assessed_only	unmatched	0.000000
PXD011799	20170131_Lumos_RSLC4_Maurer_Hartl_UW_MFPL_Global_TMT_fr7_MS2.raw	Technical	comment[cleavage agent details]	NT=Trypsin;AC=MS:1001251	NT=Trypsin;AC=MS:1001251	cv:ms:1001251	cv:ms:1001251	matched	cv_accession	1.000000
PXD011799	20170131_Lumos_RSLC4_Maurer_Hartl_UW_MFPL_Global_TMT_fr7_MS2.raw	Technical	comment[dissociation method]	NT=beam-type collision-induced dissociation;AC=MS:1000422		cv:ms:1000422		assessed_only	unmatched	0.000000
PXD011799	20170131_Lumos_RSLC4_Maurer_Hartl_UW_MFPL_Global_TMT_fr7_MS2.raw	Technical	comment[fragment mass tolerance]	0.01 Da		0.01 da		assessed_only	unmatched	0.000000
PXD011799	20170131_Lumos_RSLC4_Maurer_Hartl_UW_MFPL_Global_TMT_fr7_MS2.raw	Technical	comment[fragment mass tolerance]		10 ppm		10 ppm	gold_only	unmatched	0.000000
PXD011799	20170131_Lumos_RSLC4_Maurer_Hartl_UW_MFPL_Global_TMT_fr7_MS2.raw	Technical	comment[instrument]	NT=Orbitrap Fusion Lumos;AC=MS:1002732	NT=Orbitrap Fusion Lumos	cv:ms:1002732	nt orbitrap fusion lumos	matched	fuzzy	0.933333
PXD011799	20170131_Lumos_RSLC4_Maurer_Hartl_UW_MFPL_Global_TMT_fr7_MS2.raw	Technical	comment[label]	TMT131	TMT131	tmt131	tmt131	matched	exact_normalized	1.000000
PXD011799	20170131_Lumos_RSLC4_Maurer_Hartl_UW_MFPL_Global_TMT_fr7_MS2.raw	Technical	comment[label]	TMT130C	TMT130C	tmt130c	tmt130c	matched	exact_normalized	1.000000
PXD011799	20170131_Lumos_RSLC4_Maurer_Hartl_UW_MFPL_Global_TMT_fr7_MS2.raw	Technical	comment[label]	TMT130N	TMT130N	tmt130n	tmt130n	matched	exact_normalized	1.000000
PXD011799	20170131_Lumos_RSLC4_Maurer_Hartl_UW_MFPL_Global_TMT_fr7_MS2.raw	Technical	comment[label]	TMT129C	TMT129C	tmt129c	tmt129c	matched	exact_normalized	1.000000
PXD011799	20170131_Lumos_RSLC4_Maurer_Hartl_UW_MFPL_Global_TMT_fr7_MS2.raw	Technical	comment[label]	TMT129N	TMT129N	tmt129n	tmt129n	matched	exact_normalized	1.000000
PXD011799	20170131_Lumos_RSLC4_Maurer_Hartl_UW_MFPL_Global_TMT_fr7_MS2.raw	Technical	comment[label]	TMT128C	TMT128C	tmt128c	tmt128c	matched	exact_normalized	1.000000
PXD011799	20170131_Lumos_RSLC4_Maurer_Hartl_UW_MFPL_Global_TMT_fr7_MS2.raw	Technical	comment[label]	TMT128N	TMT128N	tmt128n	tmt128n	matched	exact_normalized	1.000000
PXD011799	20170131_Lumos_RSLC4_Maurer_Hartl_UW_MFPL_Global_TMT_fr7_MS2.raw	Technical	comment[label]	TMT127C	TMT127C	tmt127c	tmt127c	matched	exact_normalized	1.000000
PXD011799	20170131_Lumos_RSLC4_Maurer_Hartl_UW_MFPL_Global_TMT_fr7_MS2.raw	Technical	comment[label]	TMT127N	TMT127N	tmt127n	tmt127n	matched	exact_normalized	1.000000
PXD011799	20170131_Lumos_RSLC4_Maurer_Hartl_UW_MFPL_Global_TMT_fr7_MS2.raw	Technical	comment[label]	TMT126	TMT126	tmt126	tmt126	matched	exact_normalized	1.000000
PXD011799	20170131_Lumos_RSLC4_Maurer_Hartl_UW_MFPL_Global_TMT_fr7_MS2.raw	Technical	comment[modification parameters]	NT=Deamidation;AC=UNIMOD:7;MT=Variable;TA=NQ	NT=Deamidation;TA=N,Q;AC=UNIMOD:7;MT=variable	cv:unimod:7	cv:unimod:7	matched	cv_accession	1.000000
PXD011799	20170131_Lumos_RSLC4_Maurer_Hartl_UW_MFPL_Global_TMT_fr7_MS2.raw	Technical	comment[modification parameters]	NT=Oxidation;AC=UNIMOD:35;MT=Variable;TA=M	NT=Oxidation;TA=M;AC=UNIMOD:35;MT=variable	cv:unimod:35	cv:unimod:35	matched	cv_accession	1.000000
PXD011799	20170131_Lumos_RSLC4_Maurer_Hartl_UW_MFPL_Global_TMT_fr7_MS2.raw	Technical	comment[modification parameters]	NT=TMT6plex;AC=UNIMOD:730;MT=Fixed;TA=K	NT=TMT6plex;PP=Any N-term;AC=UNIMOD:737;MT=fixed	cv:unimod:730	cv:unimod:737	matched	exact_normalized	1.000000
PXD011799	20170131_Lumos_RSLC4_Maurer_Hartl_UW_MFPL_Global_TMT_fr7_MS2.raw	Technical	comment[modification parameters]	NT=Carbamidomethyl;AC=UNIMOD:4;MT=Fixed;TA=C	NT=Carbamidomethyl;TA=C;AC=UNIMOD:4;MT=fixed	cv:unimod:4	cv:unimod:4	matched	cv_accession	1.000000
PXD011799	20170131_Lumos_RSLC4_Maurer_Hartl_UW_MFPL_Global_TMT_fr7_MS2.raw	Technical	comment[modification parameters]	NT=Phospho;AC=UNIMOD:21;MT=Variable;TA=STY		cv:unimod:21		assessed_only	unmatched	0.000000
PXD011799	20170131_Lumos_RSLC4_Maurer_Hartl_UW_MFPL_Global_TMT_fr7_MS2.raw	Technical	comment[ms2 mass analyzer]	orbitrap		orbitrap		assessed_only	unmatched	0.000000
PXD011799	20170131_Lumos_RSLC4_Maurer_Hartl_UW_MFPL_Global_TMT_fr7_MS2.raw	Technical	comment[precursor mass tolerance]	10 ppm		10 ppm		assessed_only	unmatched	0.000000
PXD011799	20170131_Lumos_RSLC4_Maurer_Hartl_UW_MFPL_Global_TMT_fr7_MS2.raw	Technical	comment[precursor mass tolerance]		0.01 Da		0.01 da	gold_only	unmatched	0.000000
PXD011799	20170131_Lumos_RSLC4_Maurer_Hartl_UW_MFPL_Global_TMT_fr7_MS2.raw	Technical	comment[proteomics data acquisition method]	NT=data-dependent acquisition;AC=PRIDE:0000627		cv:pride:0000627		assessed_only	unmatched	0.000000
PXD011799	20170131_Lumos_RSLC4_Maurer_Hartl_UW_MFPL_Global_TMT_fr7_MS2.raw	Technical	comment[reduction reagent]	dithiothreitol		dithiothreitol		assessed_only	unmatched	0.000000
PXD011799	20170131_Lumos_RSLC4_Maurer_Hartl_UW_MFPL_Global_TMT_fr7_MS2.raw	Technical	technology type	proteomic profiling by mass spectrometry		proteomic profiling by mass spectrometry		assessed_only	unmatched	0.000000
PXD011799	20170131_Lumos_RSLC4_Maurer_Hartl_UW_MFPL_Global_TMT_fr7_MS2.raw	ExperimentalDesign	characteristics[biological replicate]	8		8		assessed_only	unmatched	0.000000
PXD011799	20170131_Lumos_RSLC4_Maurer_Hartl_UW_MFPL_Global_TMT_fr7_MS2.raw	ExperimentalDesign	comment[fraction identifier]	12		12		assessed_only	unmatched	0.000000
PXD011799	20170131_Lumos_RSLC4_Maurer_Hartl_UW_MFPL_Global_TMT_fr7_MS2.raw	ExperimentalDesign	comment[fraction identifier]		7		7	gold_only	unmatched	0.000000
PXD011799	20170131_Lumos_RSLC4_Maurer_Hartl_UW_MFPL_Global_TMT_fr7_MS2.raw	ExperimentalDesign	comment[technical replicate]	1	1	1	1	matched	exact_normalized	1.000000
PXD011799	20170131_Lumos_RSLC4_Maurer_Hartl_UW_MFPL_Global_TMT_fr7_MS2.raw	ExperimentalDesign	factor value[disease]	metastatic melanoma		metastatic melanoma		assessed_only	unmatched	0.000000
PXD011799	20170131_Lumos_RSLC4_Maurer_Hartl_UW_MFPL_Global_TMT_fr7_MS2.raw	ExperimentalDesign	factor value[experimental design]	cell type (PBMCB, TAB), treatment (MCM, control)		cell type pbmcb tab treatment mcm control		assessed_only	unmatched	0.000000
PXD011799	20170131_Lumos_RSLC4_Maurer_Hartl_UW_MFPL_Global_TMT_fr8_MS2.raw	Biological	characteristics[cell type]	B cells		b cells		assessed_only	unmatched	0.000000
PXD011799	20170131_Lumos_RSLC4_Maurer_Hartl_UW_MFPL_Global_TMT_fr8_MS2.raw	Biological	characteristics[disease]	metastatic melanoma		metastatic melanoma		assessed_only	unmatched	0.000000
PXD011799	20170131_Lumos_RSLC4_Maurer_Hartl_UW_MFPL_Global_TMT_fr8_MS2.raw	Biological	characteristics[disease]		melanoma		melanoma	gold_only	unmatched	0.000000
PXD011799	20170131_Lumos_RSLC4_Maurer_Hartl_UW_MFPL_Global_TMT_fr8_MS2.raw	Biological	characteristics[organism part]	blood, melanoma		blood melanoma		assessed_only	unmatched	0.000000
PXD011799	20170131_Lumos_RSLC4_Maurer_Hartl_UW_MFPL_Global_TMT_fr8_MS2.raw	Biological	characteristics[organism part]		B cells		b cells	gold_only	unmatched	0.000000
PXD011799	20170131_Lumos_RSLC4_Maurer_Hartl_UW_MFPL_Global_TMT_fr8_MS2.raw	Biological	characteristics[organism]	Homo sapiens	Homo sapiens	homo sapiens	homo sapiens	matched	exact_normalized	1.000000
PXD011799	20170131_Lumos_RSLC4_Maurer_Hartl_UW_MFPL_Global_TMT_fr8_MS2.raw	Technical	comment[alkylation reagent]	iodoacetamide		iodoacetamide		assessed_only	unmatched	0.000000
PXD011799	20170131_Lumos_RSLC4_Maurer_Hartl_UW_MFPL_Global_TMT_fr8_MS2.raw	Technical	comment[cleavage agent details]	NT=Trypsin;AC=MS:1001251	NT=Trypsin;AC=MS:1001251	cv:ms:1001251	cv:ms:1001251	matched	cv_accession	1.000000
PXD011799	20170131_Lumos_RSLC4_Maurer_Hartl_UW_MFPL_Global_TMT_fr8_MS2.raw	Technical	comment[dissociation method]	NT=beam-type collision-induced dissociation;AC=MS:1000422		cv:ms:1000422		assessed_only	unmatched	0.000000
PXD011799	20170131_Lumos_RSLC4_Maurer_Hartl_UW_MFPL_Global_TMT_fr8_MS2.raw	Technical	comment[fragment mass tolerance]	0.01 Da		0.01 da		assessed_only	unmatched	0.000000
PXD011799	20170131_Lumos_RSLC4_Maurer_Hartl_UW_MFPL_Global_TMT_fr8_MS2.raw	Technical	comment[fragment mass tolerance]		10 ppm		10 ppm	gold_only	unmatched	0.000000
PXD011799	20170131_Lumos_RSLC4_Maurer_Hartl_UW_MFPL_Global_TMT_fr8_MS2.raw	Technical	comment[instrument]	NT=Orbitrap Fusion Lumos;AC=MS:1002732	NT=Orbitrap Fusion Lumos	cv:ms:1002732	nt orbitrap fusion lumos	matched	fuzzy	0.933333
PXD011799	20170131_Lumos_RSLC4_Maurer_Hartl_UW_MFPL_Global_TMT_fr8_MS2.raw	Technical	comment[label]	TMT131	TMT131	tmt131	tmt131	matched	exact_normalized	1.000000
PXD011799	20170131_Lumos_RSLC4_Maurer_Hartl_UW_MFPL_Global_TMT_fr8_MS2.raw	Technical	comment[label]	TMT130C	TMT130C	tmt130c	tmt130c	matched	exact_normalized	1.000000
PXD011799	20170131_Lumos_RSLC4_Maurer_Hartl_UW_MFPL_Global_TMT_fr8_MS2.raw	Technical	comment[label]	TMT130N	TMT130N	tmt130n	tmt130n	matched	exact_normalized	1.000000
PXD011799	20170131_Lumos_RSLC4_Maurer_Hartl_UW_MFPL_Global_TMT_fr8_MS2.raw	Technical	comment[label]	TMT129C	TMT129C	tmt129c	tmt129c	matched	exact_normalized	1.000000
PXD011799	20170131_Lumos_RSLC4_Maurer_Hartl_UW_MFPL_Global_TMT_fr8_MS2.raw	Technical	comment[label]	TMT129N	TMT129N	tmt129n	tmt129n	matched	exact_normalized	1.000000
PXD011799	20170131_Lumos_RSLC4_Maurer_Hartl_UW_MFPL_Global_TMT_fr8_MS2.raw	Technical	comment[label]	TMT128C	TMT128C	tmt128c	tmt128c	matched	exact_normalized	1.000000
PXD011799	20170131_Lumos_RSLC4_Maurer_Hartl_UW_MFPL_Global_TMT_fr8_MS2.raw	Technical	comment[label]	TMT128N	TMT128N	tmt128n	tmt128n	matched	exact_normalized	1.000000
PXD011799	20170131_Lumos_RSLC4_Maurer_Hartl_UW_MFPL_Global_TMT_fr8_MS2.raw	Technical	comment[label]	TMT127C	TMT127C	tmt127c	tmt127c	matched	exact_normalized	1.000000
PXD011799	20170131_Lumos_RSLC4_Maurer_Hartl_UW_MFPL_Global_TMT_fr8_MS2.raw	Technical	comment[label]	TMT127N	TMT127N	tmt127n	tmt127n	matched	exact_normalized	1.000000
PXD011799	20170131_Lumos_RSLC4_Maurer_Hartl_UW_MFPL_Global_TMT_fr8_MS2.raw	Technical	comment[label]	TMT126	TMT126	tmt126	tmt126	matched	exact_normalized	1.000000
PXD011799	20170131_Lumos_RSLC4_Maurer_Hartl_UW_MFPL_Global_TMT_fr8_MS2.raw	Technical	comment[modification parameters]	NT=Deamidation;AC=UNIMOD:7;MT=Variable;TA=NQ	NT=Deamidation;TA=N,Q;AC=UNIMOD:7;MT=variable	cv:unimod:7	cv:unimod:7	matched	cv_accession	1.000000
PXD011799	20170131_Lumos_RSLC4_Maurer_Hartl_UW_MFPL_Global_TMT_fr8_MS2.raw	Technical	comment[modification parameters]	NT=Oxidation;AC=UNIMOD:35;MT=Variable;TA=M	NT=Oxidation;TA=M;AC=UNIMOD:35;MT=variable	cv:unimod:35	cv:unimod:35	matched	cv_accession	1.000000
PXD011799	20170131_Lumos_RSLC4_Maurer_Hartl_UW_MFPL_Global_TMT_fr8_MS2.raw	Technical	comment[modification parameters]	NT=TMT6plex;AC=UNIMOD:730;MT=Fixed;TA=K	NT=TMT6plex;PP=Any N-term;AC=UNIMOD:737;MT=fixed	cv:unimod:730	cv:unimod:737	matched	exact_normalized	1.000000
PXD011799	20170131_Lumos_RSLC4_Maurer_Hartl_UW_MFPL_Global_TMT_fr8_MS2.raw	Technical	comment[modification parameters]	NT=Carbamidomethyl;AC=UNIMOD:4;MT=Fixed;TA=C	NT=Carbamidomethyl;TA=C;AC=UNIMOD:4;MT=fixed	cv:unimod:4	cv:unimod:4	matched	cv_accession	1.000000
PXD011799	20170131_Lumos_RSLC4_Maurer_Hartl_UW_MFPL_Global_TMT_fr8_MS2.raw	Technical	comment[modification parameters]	NT=Phospho;AC=UNIMOD:21;MT=Variable;TA=STY		cv:unimod:21		assessed_only	unmatched	0.000000
PXD011799	20170131_Lumos_RSLC4_Maurer_Hartl_UW_MFPL_Global_TMT_fr8_MS2.raw	Technical	comment[ms2 mass analyzer]	orbitrap		orbitrap		assessed_only	unmatched	0.000000
PXD011799	20170131_Lumos_RSLC4_Maurer_Hartl_UW_MFPL_Global_TMT_fr8_MS2.raw	Technical	comment[precursor mass tolerance]	10 ppm		10 ppm		assessed_only	unmatched	0.000000
PXD011799	20170131_Lumos_RSLC4_Maurer_Hartl_UW_MFPL_Global_TMT_fr8_MS2.raw	Technical	comment[precursor mass tolerance]		0.01 Da		0.01 da	gold_only	unmatched	0.000000
PXD011799	20170131_Lumos_RSLC4_Maurer_Hartl_UW_MFPL_Global_TMT_fr8_MS2.raw	Technical	comment[proteomics data acquisition method]	NT=data-dependent acquisition;AC=PRIDE:0000627		cv:pride:0000627		assessed_only	unmatched	0.000000
PXD011799	20170131_Lumos_RSLC4_Maurer_Hartl_UW_MFPL_Global_TMT_fr8_MS2.raw	Technical	comment[reduction reagent]	dithiothreitol		dithiothreitol		assessed_only	unmatched	0.000000
PXD011799	20170131_Lumos_RSLC4_Maurer_Hartl_UW_MFPL_Global_TMT_fr8_MS2.raw	Technical	technology type	proteomic profiling by mass spectrometry		proteomic profiling by mass spectrometry		assessed_only	unmatched	0.000000
PXD011799	20170131_Lumos_RSLC4_Maurer_Hartl_UW_MFPL_Global_TMT_fr8_MS2.raw	ExperimentalDesign	characteristics[biological replicate]	8		8		assessed_only	unmatched	0.000000
PXD011799	20170131_Lumos_RSLC4_Maurer_Hartl_UW_MFPL_Global_TMT_fr8_MS2.raw	ExperimentalDesign	comment[fraction identifier]	12		12		assessed_only	unmatched	0.000000
PXD011799	20170131_Lumos_RSLC4_Maurer_Hartl_UW_MFPL_Global_TMT_fr8_MS2.raw	ExperimentalDesign	comment[fraction identifier]		8		8	gold_only	unmatched	0.000000
PXD011799	20170131_Lumos_RSLC4_Maurer_Hartl_UW_MFPL_Global_TMT_fr8_MS2.raw	ExperimentalDesign	comment[technical replicate]	1	1	1	1	matched	exact_normalized	1.000000
PXD011799	20170131_Lumos_RSLC4_Maurer_Hartl_UW_MFPL_Global_TMT_fr8_MS2.raw	ExperimentalDesign	factor value[disease]	metastatic melanoma		metastatic melanoma		assessed_only	unmatched	0.000000
PXD011799	20170131_Lumos_RSLC4_Maurer_Hartl_UW_MFPL_Global_TMT_fr8_MS2.raw	ExperimentalDesign	factor value[experimental design]	cell type (PBMCB, TAB), treatment (MCM, control)		cell type pbmcb tab treatment mcm control		assessed_only	unmatched	0.000000
PXD011799	20170131_Lumos_RSLC4_Maurer_Hartl_UW_MFPL_Global_TMT_fr9_MS2.raw	Biological	characteristics[cell type]	B cells		b cells		assessed_only	unmatched	0.000000
PXD011799	20170131_Lumos_RSLC4_Maurer_Hartl_UW_MFPL_Global_TMT_fr9_MS2.raw	Biological	characteristics[disease]	metastatic melanoma		metastatic melanoma		assessed_only	unmatched	0.000000
PXD011799	20170131_Lumos_RSLC4_Maurer_Hartl_UW_MFPL_Global_TMT_fr9_MS2.raw	Biological	characteristics[disease]		melanoma		melanoma	gold_only	unmatched	0.000000
PXD011799	20170131_Lumos_RSLC4_Maurer_Hartl_UW_MFPL_Global_TMT_fr9_MS2.raw	Biological	characteristics[organism part]	blood, melanoma		blood melanoma		assessed_only	unmatched	0.000000
PXD011799	20170131_Lumos_RSLC4_Maurer_Hartl_UW_MFPL_Global_TMT_fr9_MS2.raw	Biological	characteristics[organism part]		B cells		b cells	gold_only	unmatched	0.000000
PXD011799	20170131_Lumos_RSLC4_Maurer_Hartl_UW_MFPL_Global_TMT_fr9_MS2.raw	Biological	characteristics[organism]	Homo sapiens	Homo sapiens	homo sapiens	homo sapiens	matched	exact_normalized	1.000000
PXD011799	20170131_Lumos_RSLC4_Maurer_Hartl_UW_MFPL_Global_TMT_fr9_MS2.raw	Technical	comment[alkylation reagent]	iodoacetamide		iodoacetamide		assessed_only	unmatched	0.000000
PXD011799	20170131_Lumos_RSLC4_Maurer_Hartl_UW_MFPL_Global_TMT_fr9_MS2.raw	Technical	comment[cleavage agent details]	NT=Trypsin;AC=MS:1001251	NT=Trypsin;AC=MS:1001251	cv:ms:1001251	cv:ms:1001251	matched	cv_accession	1.000000
PXD011799	20170131_Lumos_RSLC4_Maurer_Hartl_UW_MFPL_Global_TMT_fr9_MS2.raw	Technical	comment[dissociation method]	NT=beam-type collision-induced dissociation;AC=MS:1000422		cv:ms:1000422		assessed_only	unmatched	0.000000
PXD011799	20170131_Lumos_RSLC4_Maurer_Hartl_UW_MFPL_Global_TMT_fr9_MS2.raw	Technical	comment[fragment mass tolerance]	0.01 Da		0.01 da		assessed_only	unmatched	0.000000
PXD011799	20170131_Lumos_RSLC4_Maurer_Hartl_UW_MFPL_Global_TMT_fr9_MS2.raw	Technical	comment[fragment mass tolerance]		10 ppm		10 ppm	gold_only	unmatched	0.000000
PXD011799	20170131_Lumos_RSLC4_Maurer_Hartl_UW_MFPL_Global_TMT_fr9_MS2.raw	Technical	comment[instrument]	NT=Orbitrap Fusion Lumos;AC=MS:1002732	NT=Orbitrap Fusion Lumos	cv:ms:1002732	nt orbitrap fusion lumos	matched	fuzzy	0.933333
PXD011799	20170131_Lumos_RSLC4_Maurer_Hartl_UW_MFPL_Global_TMT_fr9_MS2.raw	Technical	comment[label]	TMT131	TMT131	tmt131	tmt131	matched	exact_normalized	1.000000
PXD011799	20170131_Lumos_RSLC4_Maurer_Hartl_UW_MFPL_Global_TMT_fr9_MS2.raw	Technical	comment[label]	TMT130C	TMT130C	tmt130c	tmt130c	matched	exact_normalized	1.000000
PXD011799	20170131_Lumos_RSLC4_Maurer_Hartl_UW_MFPL_Global_TMT_fr9_MS2.raw	Technical	comment[label]	TMT130N	TMT130N	tmt130n	tmt130n	matched	exact_normalized	1.000000
PXD011799	20170131_Lumos_RSLC4_Maurer_Hartl_UW_MFPL_Global_TMT_fr9_MS2.raw	Technical	comment[label]	TMT129C	TMT129C	tmt129c	tmt129c	matched	exact_normalized	1.000000
PXD011799	20170131_Lumos_RSLC4_Maurer_Hartl_UW_MFPL_Global_TMT_fr9_MS2.raw	Technical	comment[label]	TMT129N	TMT129N	tmt129n	tmt129n	matched	exact_normalized	1.000000
PXD011799	20170131_Lumos_RSLC4_Maurer_Hartl_UW_MFPL_Global_TMT_fr9_MS2.raw	Technical	comment[label]	TMT128C	TMT128C	tmt128c	tmt128c	matched	exact_normalized	1.000000
PXD011799	20170131_Lumos_RSLC4_Maurer_Hartl_UW_MFPL_Global_TMT_fr9_MS2.raw	Technical	comment[label]	TMT128N	TMT128N	tmt128n	tmt128n	matched	exact_normalized	1.000000
PXD011799	20170131_Lumos_RSLC4_Maurer_Hartl_UW_MFPL_Global_TMT_fr9_MS2.raw	Technical	comment[label]	TMT127C	TMT127C	tmt127c	tmt127c	matched	exact_normalized	1.000000
PXD011799	20170131_Lumos_RSLC4_Maurer_Hartl_UW_MFPL_Global_TMT_fr9_MS2.raw	Technical	comment[label]	TMT127N	TMT127N	tmt127n	tmt127n	matched	exact_normalized	1.000000
PXD011799	20170131_Lumos_RSLC4_Maurer_Hartl_UW_MFPL_Global_TMT_fr9_MS2.raw	Technical	comment[label]	TMT126	TMT126	tmt126	tmt126	matched	exact_normalized	1.000000
PXD011799	20170131_Lumos_RSLC4_Maurer_Hartl_UW_MFPL_Global_TMT_fr9_MS2.raw	Technical	comment[modification parameters]	NT=Deamidation;AC=UNIMOD:7;MT=Variable;TA=NQ	NT=Deamidation;TA=N,Q;AC=UNIMOD:7;MT=variable	cv:unimod:7	cv:unimod:7	matched	cv_accession	1.000000
PXD011799	20170131_Lumos_RSLC4_Maurer_Hartl_UW_MFPL_Global_TMT_fr9_MS2.raw	Technical	comment[modification parameters]	NT=Oxidation;AC=UNIMOD:35;MT=Variable;TA=M	NT=Oxidation;TA=M;AC=UNIMOD:35;MT=variable	cv:unimod:35	cv:unimod:35	matched	cv_accession	1.000000
PXD011799	20170131_Lumos_RSLC4_Maurer_Hartl_UW_MFPL_Global_TMT_fr9_MS2.raw	Technical	comment[modification parameters]	NT=TMT6plex;AC=UNIMOD:730;MT=Fixed;TA=K	NT=TMT6plex;PP=Any N-term;AC=UNIMOD:737;MT=fixed	cv:unimod:730	cv:unimod:737	matched	exact_normalized	1.000000
PXD011799	20170131_Lumos_RSLC4_Maurer_Hartl_UW_MFPL_Global_TMT_fr9_MS2.raw	Technical	comment[modification parameters]	NT=Carbamidomethyl;AC=UNIMOD:4;MT=Fixed;TA=C	NT=Carbamidomethyl;TA=C;AC=UNIMOD:4;MT=fixed	cv:unimod:4	cv:unimod:4	matched	cv_accession	1.000000
PXD011799	20170131_Lumos_RSLC4_Maurer_Hartl_UW_MFPL_Global_TMT_fr9_MS2.raw	Technical	comment[modification parameters]	NT=Phospho;AC=UNIMOD:21;MT=Variable;TA=STY		cv:unimod:21		assessed_only	unmatched	0.000000
PXD011799	20170131_Lumos_RSLC4_Maurer_Hartl_UW_MFPL_Global_TMT_fr9_MS2.raw	Technical	comment[ms2 mass analyzer]	orbitrap		orbitrap		assessed_only	unmatched	0.000000
PXD011799	20170131_Lumos_RSLC4_Maurer_Hartl_UW_MFPL_Global_TMT_fr9_MS2.raw	Technical	comment[precursor mass tolerance]	10 ppm		10 ppm		assessed_only	unmatched	0.000000
PXD011799	20170131_Lumos_RSLC4_Maurer_Hartl_UW_MFPL_Global_TMT_fr9_MS2.raw	Technical	comment[precursor mass tolerance]		0.01 Da		0.01 da	gold_only	unmatched	0.000000
PXD011799	20170131_Lumos_RSLC4_Maurer_Hartl_UW_MFPL_Global_TMT_fr9_MS2.raw	Technical	comment[proteomics data acquisition method]	NT=data-dependent acquisition;AC=PRIDE:0000627		cv:pride:0000627		assessed_only	unmatched	0.000000
PXD011799	20170131_Lumos_RSLC4_Maurer_Hartl_UW_MFPL_Global_TMT_fr9_MS2.raw	Technical	comment[reduction reagent]	dithiothreitol		dithiothreitol		assessed_only	unmatched	0.000000
PXD011799	20170131_Lumos_RSLC4_Maurer_Hartl_UW_MFPL_Global_TMT_fr9_MS2.raw	Technical	technology type	proteomic profiling by mass spectrometry		proteomic profiling by mass spectrometry		assessed_only	unmatched	0.000000
PXD011799	20170131_Lumos_RSLC4_Maurer_Hartl_UW_MFPL_Global_TMT_fr9_MS2.raw	ExperimentalDesign	characteristics[biological replicate]	8		8		assessed_only	unmatched	0.000000
PXD011799	20170131_Lumos_RSLC4_Maurer_Hartl_UW_MFPL_Global_TMT_fr9_MS2.raw	ExperimentalDesign	comment[fraction identifier]	12		12		assessed_only	unmatched	0.000000
PXD011799	20170131_Lumos_RSLC4_Maurer_Hartl_UW_MFPL_Global_TMT_fr9_MS2.raw	ExperimentalDesign	comment[fraction identifier]		9		9	gold_only	unmatched	0.000000
PXD011799	20170131_Lumos_RSLC4_Maurer_Hartl_UW_MFPL_Global_TMT_fr9_MS2.raw	ExperimentalDesign	comment[technical replicate]	1	1	1	1	matched	exact_normalized	1.000000
PXD011799	20170131_Lumos_RSLC4_Maurer_Hartl_UW_MFPL_Global_TMT_fr9_MS2.raw	ExperimentalDesign	factor value[disease]	metastatic melanoma		metastatic melanoma		assessed_only	unmatched	0.000000
PXD011799	20170131_Lumos_RSLC4_Maurer_Hartl_UW_MFPL_Global_TMT_fr9_MS2.raw	ExperimentalDesign	factor value[experimental design]	cell type (PBMCB, TAB), treatment (MCM, control)		cell type pbmcb tab treatment mcm control		assessed_only	unmatched	0.000000
PXD011799	20170131_Lumos_RSLC4_Maurer_Hartl_UW_MFPL_TiO2_TMT_fr1.raw	Biological	characteristics[cell type]	B cells		b cells		assessed_only	unmatched	0.000000
PXD011799	20170131_Lumos_RSLC4_Maurer_Hartl_UW_MFPL_TiO2_TMT_fr1.raw	Biological	characteristics[disease]	metastatic melanoma		metastatic melanoma		assessed_only	unmatched	0.000000
PXD011799	20170131_Lumos_RSLC4_Maurer_Hartl_UW_MFPL_TiO2_TMT_fr1.raw	Biological	characteristics[disease]		melanoma		melanoma	gold_only	unmatched	0.000000
PXD011799	20170131_Lumos_RSLC4_Maurer_Hartl_UW_MFPL_TiO2_TMT_fr1.raw	Biological	characteristics[organism part]	blood, melanoma		blood melanoma		assessed_only	unmatched	0.000000
PXD011799	20170131_Lumos_RSLC4_Maurer_Hartl_UW_MFPL_TiO2_TMT_fr1.raw	Biological	characteristics[organism part]		B cells		b cells	gold_only	unmatched	0.000000
PXD011799	20170131_Lumos_RSLC4_Maurer_Hartl_UW_MFPL_TiO2_TMT_fr1.raw	Biological	characteristics[organism]	Homo sapiens	Homo sapiens	homo sapiens	homo sapiens	matched	exact_normalized	1.000000
PXD011799	20170131_Lumos_RSLC4_Maurer_Hartl_UW_MFPL_TiO2_TMT_fr1.raw	Technical	comment[alkylation reagent]	iodoacetamide		iodoacetamide		assessed_only	unmatched	0.000000
PXD011799	20170131_Lumos_RSLC4_Maurer_Hartl_UW_MFPL_TiO2_TMT_fr1.raw	Technical	comment[cleavage agent details]	NT=Trypsin;AC=MS:1001251	NT=Trypsin;AC=MS:1001251	cv:ms:1001251	cv:ms:1001251	matched	cv_accession	1.000000
PXD011799	20170131_Lumos_RSLC4_Maurer_Hartl_UW_MFPL_TiO2_TMT_fr1.raw	Technical	comment[dissociation method]	NT=beam-type collision-induced dissociation;AC=MS:1000422		cv:ms:1000422		assessed_only	unmatched	0.000000
PXD011799	20170131_Lumos_RSLC4_Maurer_Hartl_UW_MFPL_TiO2_TMT_fr1.raw	Technical	comment[fragment mass tolerance]	0.01 Da		0.01 da		assessed_only	unmatched	0.000000
PXD011799	20170131_Lumos_RSLC4_Maurer_Hartl_UW_MFPL_TiO2_TMT_fr1.raw	Technical	comment[fragment mass tolerance]		10 ppm		10 ppm	gold_only	unmatched	0.000000
PXD011799	20170131_Lumos_RSLC4_Maurer_Hartl_UW_MFPL_TiO2_TMT_fr1.raw	Technical	comment[instrument]	NT=Orbitrap Fusion Lumos;AC=MS:1002732	NT=Orbitrap Fusion Lumos	cv:ms:1002732	nt orbitrap fusion lumos	matched	fuzzy	0.933333
PXD011799	20170131_Lumos_RSLC4_Maurer_Hartl_UW_MFPL_TiO2_TMT_fr1.raw	Technical	comment[label]	TMT131	TMT131	tmt131	tmt131	matched	exact_normalized	1.000000
PXD011799	20170131_Lumos_RSLC4_Maurer_Hartl_UW_MFPL_TiO2_TMT_fr1.raw	Technical	comment[label]	TMT130C	TMT130C	tmt130c	tmt130c	matched	exact_normalized	1.000000
PXD011799	20170131_Lumos_RSLC4_Maurer_Hartl_UW_MFPL_TiO2_TMT_fr1.raw	Technical	comment[label]	TMT130N	TMT130N	tmt130n	tmt130n	matched	exact_normalized	1.000000
PXD011799	20170131_Lumos_RSLC4_Maurer_Hartl_UW_MFPL_TiO2_TMT_fr1.raw	Technical	comment[label]	TMT129C	TMT129C	tmt129c	tmt129c	matched	exact_normalized	1.000000
PXD011799	20170131_Lumos_RSLC4_Maurer_Hartl_UW_MFPL_TiO2_TMT_fr1.raw	Technical	comment[label]	TMT129N	TMT129N	tmt129n	tmt129n	matched	exact_normalized	1.000000
PXD011799	20170131_Lumos_RSLC4_Maurer_Hartl_UW_MFPL_TiO2_TMT_fr1.raw	Technical	comment[label]	TMT128C	TMT128C	tmt128c	tmt128c	matched	exact_normalized	1.000000
PXD011799	20170131_Lumos_RSLC4_Maurer_Hartl_UW_MFPL_TiO2_TMT_fr1.raw	Technical	comment[label]	TMT128N	TMT128N	tmt128n	tmt128n	matched	exact_normalized	1.000000
PXD011799	20170131_Lumos_RSLC4_Maurer_Hartl_UW_MFPL_TiO2_TMT_fr1.raw	Technical	comment[label]	TMT127C	TMT127C	tmt127c	tmt127c	matched	exact_normalized	1.000000
PXD011799	20170131_Lumos_RSLC4_Maurer_Hartl_UW_MFPL_TiO2_TMT_fr1.raw	Technical	comment[label]	TMT127N	TMT127N	tmt127n	tmt127n	matched	exact_normalized	1.000000
PXD011799	20170131_Lumos_RSLC4_Maurer_Hartl_UW_MFPL_TiO2_TMT_fr1.raw	Technical	comment[label]	TMT126	TMT126	tmt126	tmt126	matched	exact_normalized	1.000000
PXD011799	20170131_Lumos_RSLC4_Maurer_Hartl_UW_MFPL_TiO2_TMT_fr1.raw	Technical	comment[modification parameters]	NT=Deamidation;AC=UNIMOD:7;MT=Variable;TA=NQ	NT=Deamidation;TA=N,Q;AC=UNIMOD:7;MT=variable	cv:unimod:7	cv:unimod:7	matched	cv_accession	1.000000
PXD011799	20170131_Lumos_RSLC4_Maurer_Hartl_UW_MFPL_TiO2_TMT_fr1.raw	Technical	comment[modification parameters]	NT=Phospho;AC=UNIMOD:21;MT=Variable;TA=STY	NT=Phosphorylation;TA=S,T,Y;AC=UNIMOD:21;MT=variable	cv:unimod:21	cv:unimod:21	matched	cv_accession	1.000000
PXD011799	20170131_Lumos_RSLC4_Maurer_Hartl_UW_MFPL_TiO2_TMT_fr1.raw	Technical	comment[modification parameters]	NT=Oxidation;AC=UNIMOD:35;MT=Variable;TA=M	NT=Oxidation;TA=M;AC=UNIMOD:35;MT=variable	cv:unimod:35	cv:unimod:35	matched	cv_accession	1.000000
PXD011799	20170131_Lumos_RSLC4_Maurer_Hartl_UW_MFPL_TiO2_TMT_fr1.raw	Technical	comment[modification parameters]	NT=TMT6plex;AC=UNIMOD:730;MT=Fixed;TA=K	NT=TMT6plex;PP=Any N-term;AC=UNIMOD:737;MT=fixed	cv:unimod:730	cv:unimod:737	matched	exact_normalized	1.000000
PXD011799	20170131_Lumos_RSLC4_Maurer_Hartl_UW_MFPL_TiO2_TMT_fr1.raw	Technical	comment[modification parameters]	NT=Carbamidomethyl;AC=UNIMOD:4;MT=Fixed;TA=C	NT=Carbamidomethyl;TA=C;AC=UNIMOD:4;MT=fixed	cv:unimod:4	cv:unimod:4	matched	cv_accession	1.000000
PXD011799	20170131_Lumos_RSLC4_Maurer_Hartl_UW_MFPL_TiO2_TMT_fr1.raw	Technical	comment[ms2 mass analyzer]	orbitrap		orbitrap		assessed_only	unmatched	0.000000
PXD011799	20170131_Lumos_RSLC4_Maurer_Hartl_UW_MFPL_TiO2_TMT_fr1.raw	Technical	comment[precursor mass tolerance]	10 ppm		10 ppm		assessed_only	unmatched	0.000000
PXD011799	20170131_Lumos_RSLC4_Maurer_Hartl_UW_MFPL_TiO2_TMT_fr1.raw	Technical	comment[precursor mass tolerance]		0.01 Da		0.01 da	gold_only	unmatched	0.000000
PXD011799	20170131_Lumos_RSLC4_Maurer_Hartl_UW_MFPL_TiO2_TMT_fr1.raw	Technical	comment[proteomics data acquisition method]	NT=data-dependent acquisition;AC=PRIDE:0000627		cv:pride:0000627		assessed_only	unmatched	0.000000
PXD011799	20170131_Lumos_RSLC4_Maurer_Hartl_UW_MFPL_TiO2_TMT_fr1.raw	Technical	comment[reduction reagent]	dithiothreitol		dithiothreitol		assessed_only	unmatched	0.000000
PXD011799	20170131_Lumos_RSLC4_Maurer_Hartl_UW_MFPL_TiO2_TMT_fr1.raw	Technical	technology type	proteomic profiling by mass spectrometry		proteomic profiling by mass spectrometry		assessed_only	unmatched	0.000000
PXD011799	20170131_Lumos_RSLC4_Maurer_Hartl_UW_MFPL_TiO2_TMT_fr1.raw	ExperimentalDesign	characteristics[biological replicate]	8		8		assessed_only	unmatched	0.000000
PXD011799	20170131_Lumos_RSLC4_Maurer_Hartl_UW_MFPL_TiO2_TMT_fr1.raw	ExperimentalDesign	comment[fraction identifier]	12		12		assessed_only	unmatched	0.000000
PXD011799	20170131_Lumos_RSLC4_Maurer_Hartl_UW_MFPL_TiO2_TMT_fr1.raw	ExperimentalDesign	comment[fraction identifier]		1		1	gold_only	unmatched	0.000000
PXD011799	20170131_Lumos_RSLC4_Maurer_Hartl_UW_MFPL_TiO2_TMT_fr1.raw	ExperimentalDesign	comment[technical replicate]	1	1	1	1	matched	exact_normalized	1.000000
PXD011799	20170131_Lumos_RSLC4_Maurer_Hartl_UW_MFPL_TiO2_TMT_fr1.raw	ExperimentalDesign	factor value[disease]	metastatic melanoma		metastatic melanoma		assessed_only	unmatched	0.000000
PXD011799	20170131_Lumos_RSLC4_Maurer_Hartl_UW_MFPL_TiO2_TMT_fr1.raw	ExperimentalDesign	factor value[experimental design]	cell type (PBMCB, TAB), treatment (MCM, control)		cell type pbmcb tab treatment mcm control		assessed_only	unmatched	0.000000
PXD011799	20170131_Lumos_RSLC4_Maurer_Hartl_UW_MFPL_TiO2_TMT_fr10.raw	Biological	characteristics[cell type]	B cells		b cells		assessed_only	unmatched	0.000000
PXD011799	20170131_Lumos_RSLC4_Maurer_Hartl_UW_MFPL_TiO2_TMT_fr10.raw	Biological	characteristics[disease]	metastatic melanoma		metastatic melanoma		assessed_only	unmatched	0.000000
PXD011799	20170131_Lumos_RSLC4_Maurer_Hartl_UW_MFPL_TiO2_TMT_fr10.raw	Biological	characteristics[disease]		melanoma		melanoma	gold_only	unmatched	0.000000
PXD011799	20170131_Lumos_RSLC4_Maurer_Hartl_UW_MFPL_TiO2_TMT_fr10.raw	Biological	characteristics[organism part]	blood, melanoma		blood melanoma		assessed_only	unmatched	0.000000
PXD011799	20170131_Lumos_RSLC4_Maurer_Hartl_UW_MFPL_TiO2_TMT_fr10.raw	Biological	characteristics[organism part]		B cells		b cells	gold_only	unmatched	0.000000
PXD011799	20170131_Lumos_RSLC4_Maurer_Hartl_UW_MFPL_TiO2_TMT_fr10.raw	Biological	characteristics[organism]	Homo sapiens	Homo sapiens	homo sapiens	homo sapiens	matched	exact_normalized	1.000000
PXD011799	20170131_Lumos_RSLC4_Maurer_Hartl_UW_MFPL_TiO2_TMT_fr10.raw	Technical	comment[alkylation reagent]	iodoacetamide		iodoacetamide		assessed_only	unmatched	0.000000
PXD011799	20170131_Lumos_RSLC4_Maurer_Hartl_UW_MFPL_TiO2_TMT_fr10.raw	Technical	comment[cleavage agent details]	NT=Trypsin;AC=MS:1001251	NT=Trypsin;AC=MS:1001251	cv:ms:1001251	cv:ms:1001251	matched	cv_accession	1.000000
PXD011799	20170131_Lumos_RSLC4_Maurer_Hartl_UW_MFPL_TiO2_TMT_fr10.raw	Technical	comment[dissociation method]	NT=beam-type collision-induced dissociation;AC=MS:1000422		cv:ms:1000422		assessed_only	unmatched	0.000000
PXD011799	20170131_Lumos_RSLC4_Maurer_Hartl_UW_MFPL_TiO2_TMT_fr10.raw	Technical	comment[fragment mass tolerance]	0.01 Da		0.01 da		assessed_only	unmatched	0.000000
PXD011799	20170131_Lumos_RSLC4_Maurer_Hartl_UW_MFPL_TiO2_TMT_fr10.raw	Technical	comment[fragment mass tolerance]		10 ppm		10 ppm	gold_only	unmatched	0.000000
PXD011799	20170131_Lumos_RSLC4_Maurer_Hartl_UW_MFPL_TiO2_TMT_fr10.raw	Technical	comment[instrument]	NT=Orbitrap Fusion Lumos;AC=MS:1002732	NT=Orbitrap Fusion Lumos	cv:ms:1002732	nt orbitrap fusion lumos	matched	fuzzy	0.933333
PXD011799	20170131_Lumos_RSLC4_Maurer_Hartl_UW_MFPL_TiO2_TMT_fr10.raw	Technical	comment[label]	TMT131	TMT131	tmt131	tmt131	matched	exact_normalized	1.000000
PXD011799	20170131_Lumos_RSLC4_Maurer_Hartl_UW_MFPL_TiO2_TMT_fr10.raw	Technical	comment[label]	TMT130C	TMT130C	tmt130c	tmt130c	matched	exact_normalized	1.000000
PXD011799	20170131_Lumos_RSLC4_Maurer_Hartl_UW_MFPL_TiO2_TMT_fr10.raw	Technical	comment[label]	TMT130N	TMT130N	tmt130n	tmt130n	matched	exact_normalized	1.000000
PXD011799	20170131_Lumos_RSLC4_Maurer_Hartl_UW_MFPL_TiO2_TMT_fr10.raw	Technical	comment[label]	TMT129C	TMT129C	tmt129c	tmt129c	matched	exact_normalized	1.000000
PXD011799	20170131_Lumos_RSLC4_Maurer_Hartl_UW_MFPL_TiO2_TMT_fr10.raw	Technical	comment[label]	TMT129N	TMT129N	tmt129n	tmt129n	matched	exact_normalized	1.000000
PXD011799	20170131_Lumos_RSLC4_Maurer_Hartl_UW_MFPL_TiO2_TMT_fr10.raw	Technical	comment[label]	TMT128C	TMT128C	tmt128c	tmt128c	matched	exact_normalized	1.000000
PXD011799	20170131_Lumos_RSLC4_Maurer_Hartl_UW_MFPL_TiO2_TMT_fr10.raw	Technical	comment[label]	TMT128N	TMT128N	tmt128n	tmt128n	matched	exact_normalized	1.000000
PXD011799	20170131_Lumos_RSLC4_Maurer_Hartl_UW_MFPL_TiO2_TMT_fr10.raw	Technical	comment[label]	TMT127C	TMT127C	tmt127c	tmt127c	matched	exact_normalized	1.000000
PXD011799	20170131_Lumos_RSLC4_Maurer_Hartl_UW_MFPL_TiO2_TMT_fr10.raw	Technical	comment[label]	TMT127N	TMT127N	tmt127n	tmt127n	matched	exact_normalized	1.000000
PXD011799	20170131_Lumos_RSLC4_Maurer_Hartl_UW_MFPL_TiO2_TMT_fr10.raw	Technical	comment[label]	TMT126	TMT126	tmt126	tmt126	matched	exact_normalized	1.000000
PXD011799	20170131_Lumos_RSLC4_Maurer_Hartl_UW_MFPL_TiO2_TMT_fr10.raw	Technical	comment[modification parameters]	NT=Deamidation;AC=UNIMOD:7;MT=Variable;TA=NQ	NT=Deamidation;TA=N,Q;AC=UNIMOD:7;MT=variable	cv:unimod:7	cv:unimod:7	matched	cv_accession	1.000000
PXD011799	20170131_Lumos_RSLC4_Maurer_Hartl_UW_MFPL_TiO2_TMT_fr10.raw	Technical	comment[modification parameters]	NT=Phospho;AC=UNIMOD:21;MT=Variable;TA=STY	NT=Phosphorylation;TA=S,T,Y;AC=UNIMOD:21;MT=variable	cv:unimod:21	cv:unimod:21	matched	cv_accession	1.000000
PXD011799	20170131_Lumos_RSLC4_Maurer_Hartl_UW_MFPL_TiO2_TMT_fr10.raw	Technical	comment[modification parameters]	NT=Oxidation;AC=UNIMOD:35;MT=Variable;TA=M	NT=Oxidation;TA=M;AC=UNIMOD:35;MT=variable	cv:unimod:35	cv:unimod:35	matched	cv_accession	1.000000
PXD011799	20170131_Lumos_RSLC4_Maurer_Hartl_UW_MFPL_TiO2_TMT_fr10.raw	Technical	comment[modification parameters]	NT=TMT6plex;AC=UNIMOD:730;MT=Fixed;TA=K	NT=TMT6plex;PP=Any N-term;AC=UNIMOD:737;MT=fixed	cv:unimod:730	cv:unimod:737	matched	exact_normalized	1.000000
PXD011799	20170131_Lumos_RSLC4_Maurer_Hartl_UW_MFPL_TiO2_TMT_fr10.raw	Technical	comment[modification parameters]	NT=Carbamidomethyl;AC=UNIMOD:4;MT=Fixed;TA=C	NT=Carbamidomethyl;TA=C;AC=UNIMOD:4;MT=fixed	cv:unimod:4	cv:unimod:4	matched	cv_accession	1.000000
PXD011799	20170131_Lumos_RSLC4_Maurer_Hartl_UW_MFPL_TiO2_TMT_fr10.raw	Technical	comment[ms2 mass analyzer]	orbitrap		orbitrap		assessed_only	unmatched	0.000000
PXD011799	20170131_Lumos_RSLC4_Maurer_Hartl_UW_MFPL_TiO2_TMT_fr10.raw	Technical	comment[precursor mass tolerance]	10 ppm		10 ppm		assessed_only	unmatched	0.000000
PXD011799	20170131_Lumos_RSLC4_Maurer_Hartl_UW_MFPL_TiO2_TMT_fr10.raw	Technical	comment[precursor mass tolerance]		0.01 Da		0.01 da	gold_only	unmatched	0.000000
PXD011799	20170131_Lumos_RSLC4_Maurer_Hartl_UW_MFPL_TiO2_TMT_fr10.raw	Technical	comment[proteomics data acquisition method]	NT=data-dependent acquisition;AC=PRIDE:0000627		cv:pride:0000627		assessed_only	unmatched	0.000000
PXD011799	20170131_Lumos_RSLC4_Maurer_Hartl_UW_MFPL_TiO2_TMT_fr10.raw	Technical	comment[reduction reagent]	dithiothreitol		dithiothreitol		assessed_only	unmatched	0.000000
PXD011799	20170131_Lumos_RSLC4_Maurer_Hartl_UW_MFPL_TiO2_TMT_fr10.raw	Technical	technology type	proteomic profiling by mass spectrometry		proteomic profiling by mass spectrometry		assessed_only	unmatched	0.000000
PXD011799	20170131_Lumos_RSLC4_Maurer_Hartl_UW_MFPL_TiO2_TMT_fr10.raw	ExperimentalDesign	characteristics[biological replicate]	8		8		assessed_only	unmatched	0.000000
PXD011799	20170131_Lumos_RSLC4_Maurer_Hartl_UW_MFPL_TiO2_TMT_fr10.raw	ExperimentalDesign	comment[fraction identifier]	12		12		assessed_only	unmatched	0.000000
PXD011799	20170131_Lumos_RSLC4_Maurer_Hartl_UW_MFPL_TiO2_TMT_fr10.raw	ExperimentalDesign	comment[fraction identifier]		10		10	gold_only	unmatched	0.000000
PXD011799	20170131_Lumos_RSLC4_Maurer_Hartl_UW_MFPL_TiO2_TMT_fr10.raw	ExperimentalDesign	comment[technical replicate]	1	1	1	1	matched	exact_normalized	1.000000
PXD011799	20170131_Lumos_RSLC4_Maurer_Hartl_UW_MFPL_TiO2_TMT_fr10.raw	ExperimentalDesign	factor value[disease]	metastatic melanoma		metastatic melanoma		assessed_only	unmatched	0.000000
PXD011799	20170131_Lumos_RSLC4_Maurer_Hartl_UW_MFPL_TiO2_TMT_fr10.raw	ExperimentalDesign	factor value[experimental design]	cell type (PBMCB, TAB), treatment (MCM, control)		cell type pbmcb tab treatment mcm control		assessed_only	unmatched	0.000000
PXD011799	20170131_Lumos_RSLC4_Maurer_Hartl_UW_MFPL_TiO2_TMT_fr11.raw	Biological	characteristics[cell type]	B cells		b cells		assessed_only	unmatched	0.000000
PXD011799	20170131_Lumos_RSLC4_Maurer_Hartl_UW_MFPL_TiO2_TMT_fr11.raw	Biological	characteristics[disease]	metastatic melanoma		metastatic melanoma		assessed_only	unmatched	0.000000
PXD011799	20170131_Lumos_RSLC4_Maurer_Hartl_UW_MFPL_TiO2_TMT_fr11.raw	Biological	characteristics[disease]		melanoma		melanoma	gold_only	unmatched	0.000000
PXD011799	20170131_Lumos_RSLC4_Maurer_Hartl_UW_MFPL_TiO2_TMT_fr11.raw	Biological	characteristics[organism part]	blood, melanoma		blood melanoma		assessed_only	unmatched	0.000000
PXD011799	20170131_Lumos_RSLC4_Maurer_Hartl_UW_MFPL_TiO2_TMT_fr11.raw	Biological	characteristics[organism part]		B cells		b cells	gold_only	unmatched	0.000000
PXD011799	20170131_Lumos_RSLC4_Maurer_Hartl_UW_MFPL_TiO2_TMT_fr11.raw	Biological	characteristics[organism]	Homo sapiens	Homo sapiens	homo sapiens	homo sapiens	matched	exact_normalized	1.000000
PXD011799	20170131_Lumos_RSLC4_Maurer_Hartl_UW_MFPL_TiO2_TMT_fr11.raw	Technical	comment[alkylation reagent]	iodoacetamide		iodoacetamide		assessed_only	unmatched	0.000000
PXD011799	20170131_Lumos_RSLC4_Maurer_Hartl_UW_MFPL_TiO2_TMT_fr11.raw	Technical	comment[cleavage agent details]	NT=Trypsin;AC=MS:1001251	NT=Trypsin;AC=MS:1001251	cv:ms:1001251	cv:ms:1001251	matched	cv_accession	1.000000
PXD011799	20170131_Lumos_RSLC4_Maurer_Hartl_UW_MFPL_TiO2_TMT_fr11.raw	Technical	comment[dissociation method]	NT=beam-type collision-induced dissociation;AC=MS:1000422		cv:ms:1000422		assessed_only	unmatched	0.000000
PXD011799	20170131_Lumos_RSLC4_Maurer_Hartl_UW_MFPL_TiO2_TMT_fr11.raw	Technical	comment[fragment mass tolerance]	0.01 Da		0.01 da		assessed_only	unmatched	0.000000
PXD011799	20170131_Lumos_RSLC4_Maurer_Hartl_UW_MFPL_TiO2_TMT_fr11.raw	Technical	comment[fragment mass tolerance]		10 ppm		10 ppm	gold_only	unmatched	0.000000
PXD011799	20170131_Lumos_RSLC4_Maurer_Hartl_UW_MFPL_TiO2_TMT_fr11.raw	Technical	comment[instrument]	NT=Orbitrap Fusion Lumos;AC=MS:1002732	NT=Orbitrap Fusion Lumos	cv:ms:1002732	nt orbitrap fusion lumos	matched	fuzzy	0.933333
PXD011799	20170131_Lumos_RSLC4_Maurer_Hartl_UW_MFPL_TiO2_TMT_fr11.raw	Technical	comment[label]	TMT131	TMT131	tmt131	tmt131	matched	exact_normalized	1.000000
PXD011799	20170131_Lumos_RSLC4_Maurer_Hartl_UW_MFPL_TiO2_TMT_fr11.raw	Technical	comment[label]	TMT130C	TMT130C	tmt130c	tmt130c	matched	exact_normalized	1.000000
PXD011799	20170131_Lumos_RSLC4_Maurer_Hartl_UW_MFPL_TiO2_TMT_fr11.raw	Technical	comment[label]	TMT130N	TMT130N	tmt130n	tmt130n	matched	exact_normalized	1.000000
PXD011799	20170131_Lumos_RSLC4_Maurer_Hartl_UW_MFPL_TiO2_TMT_fr11.raw	Technical	comment[label]	TMT129C	TMT129C	tmt129c	tmt129c	matched	exact_normalized	1.000000
PXD011799	20170131_Lumos_RSLC4_Maurer_Hartl_UW_MFPL_TiO2_TMT_fr11.raw	Technical	comment[label]	TMT129N	TMT129N	tmt129n	tmt129n	matched	exact_normalized	1.000000
PXD011799	20170131_Lumos_RSLC4_Maurer_Hartl_UW_MFPL_TiO2_TMT_fr11.raw	Technical	comment[label]	TMT128C	TMT128C	tmt128c	tmt128c	matched	exact_normalized	1.000000
PXD011799	20170131_Lumos_RSLC4_Maurer_Hartl_UW_MFPL_TiO2_TMT_fr11.raw	Technical	comment[label]	TMT128N	TMT128N	tmt128n	tmt128n	matched	exact_normalized	1.000000
PXD011799	20170131_Lumos_RSLC4_Maurer_Hartl_UW_MFPL_TiO2_TMT_fr11.raw	Technical	comment[label]	TMT127C	TMT127C	tmt127c	tmt127c	matched	exact_normalized	1.000000
PXD011799	20170131_Lumos_RSLC4_Maurer_Hartl_UW_MFPL_TiO2_TMT_fr11.raw	Technical	comment[label]	TMT127N	TMT127N	tmt127n	tmt127n	matched	exact_normalized	1.000000
PXD011799	20170131_Lumos_RSLC4_Maurer_Hartl_UW_MFPL_TiO2_TMT_fr11.raw	Technical	comment[label]	TMT126	TMT126	tmt126	tmt126	matched	exact_normalized	1.000000
PXD011799	20170131_Lumos_RSLC4_Maurer_Hartl_UW_MFPL_TiO2_TMT_fr11.raw	Technical	comment[modification parameters]	NT=Deamidation;AC=UNIMOD:7;MT=Variable;TA=NQ	NT=Deamidation;TA=N,Q;AC=UNIMOD:7;MT=variable	cv:unimod:7	cv:unimod:7	matched	cv_accession	1.000000
PXD011799	20170131_Lumos_RSLC4_Maurer_Hartl_UW_MFPL_TiO2_TMT_fr11.raw	Technical	comment[modification parameters]	NT=Phospho;AC=UNIMOD:21;MT=Variable;TA=STY	NT=Phosphorylation;TA=S,T,Y;AC=UNIMOD:21;MT=variable	cv:unimod:21	cv:unimod:21	matched	cv_accession	1.000000
PXD011799	20170131_Lumos_RSLC4_Maurer_Hartl_UW_MFPL_TiO2_TMT_fr11.raw	Technical	comment[modification parameters]	NT=Oxidation;AC=UNIMOD:35;MT=Variable;TA=M	NT=Oxidation;TA=M;AC=UNIMOD:35;MT=variable	cv:unimod:35	cv:unimod:35	matched	cv_accession	1.000000
PXD011799	20170131_Lumos_RSLC4_Maurer_Hartl_UW_MFPL_TiO2_TMT_fr11.raw	Technical	comment[modification parameters]	NT=TMT6plex;AC=UNIMOD:730;MT=Fixed;TA=K	NT=TMT6plex;PP=Any N-term;AC=UNIMOD:737;MT=fixed	cv:unimod:730	cv:unimod:737	matched	exact_normalized	1.000000
PXD011799	20170131_Lumos_RSLC4_Maurer_Hartl_UW_MFPL_TiO2_TMT_fr11.raw	Technical	comment[modification parameters]	NT=Carbamidomethyl;AC=UNIMOD:4;MT=Fixed;TA=C	NT=Carbamidomethyl;TA=C;AC=UNIMOD:4;MT=fixed	cv:unimod:4	cv:unimod:4	matched	cv_accession	1.000000
PXD011799	20170131_Lumos_RSLC4_Maurer_Hartl_UW_MFPL_TiO2_TMT_fr11.raw	Technical	comment[ms2 mass analyzer]	orbitrap		orbitrap		assessed_only	unmatched	0.000000
PXD011799	20170131_Lumos_RSLC4_Maurer_Hartl_UW_MFPL_TiO2_TMT_fr11.raw	Technical	comment[precursor mass tolerance]	10 ppm		10 ppm		assessed_only	unmatched	0.000000
PXD011799	20170131_Lumos_RSLC4_Maurer_Hartl_UW_MFPL_TiO2_TMT_fr11.raw	Technical	comment[precursor mass tolerance]		0.01 Da		0.01 da	gold_only	unmatched	0.000000
PXD011799	20170131_Lumos_RSLC4_Maurer_Hartl_UW_MFPL_TiO2_TMT_fr11.raw	Technical	comment[proteomics data acquisition method]	NT=data-dependent acquisition;AC=PRIDE:0000627		cv:pride:0000627		assessed_only	unmatched	0.000000
PXD011799	20170131_Lumos_RSLC4_Maurer_Hartl_UW_MFPL_TiO2_TMT_fr11.raw	Technical	comment[reduction reagent]	dithiothreitol		dithiothreitol		assessed_only	unmatched	0.000000
PXD011799	20170131_Lumos_RSLC4_Maurer_Hartl_UW_MFPL_TiO2_TMT_fr11.raw	Technical	technology type	proteomic profiling by mass spectrometry		proteomic profiling by mass spectrometry		assessed_only	unmatched	0.000000
PXD011799	20170131_Lumos_RSLC4_Maurer_Hartl_UW_MFPL_TiO2_TMT_fr11.raw	ExperimentalDesign	characteristics[biological replicate]	8		8		assessed_only	unmatched	0.000000
PXD011799	20170131_Lumos_RSLC4_Maurer_Hartl_UW_MFPL_TiO2_TMT_fr11.raw	ExperimentalDesign	comment[fraction identifier]	12		12		assessed_only	unmatched	0.000000
PXD011799	20170131_Lumos_RSLC4_Maurer_Hartl_UW_MFPL_TiO2_TMT_fr11.raw	ExperimentalDesign	comment[fraction identifier]		11		11	gold_only	unmatched	0.000000
PXD011799	20170131_Lumos_RSLC4_Maurer_Hartl_UW_MFPL_TiO2_TMT_fr11.raw	ExperimentalDesign	comment[technical replicate]	1	1	1	1	matched	exact_normalized	1.000000
PXD011799	20170131_Lumos_RSLC4_Maurer_Hartl_UW_MFPL_TiO2_TMT_fr11.raw	ExperimentalDesign	factor value[disease]	metastatic melanoma		metastatic melanoma		assessed_only	unmatched	0.000000
PXD011799	20170131_Lumos_RSLC4_Maurer_Hartl_UW_MFPL_TiO2_TMT_fr11.raw	ExperimentalDesign	factor value[experimental design]	cell type (PBMCB, TAB), treatment (MCM, control)		cell type pbmcb tab treatment mcm control		assessed_only	unmatched	0.000000
PXD011799	20170131_Lumos_RSLC4_Maurer_Hartl_UW_MFPL_TiO2_TMT_fr12.raw	Biological	characteristics[cell type]	B cells		b cells		assessed_only	unmatched	0.000000
PXD011799	20170131_Lumos_RSLC4_Maurer_Hartl_UW_MFPL_TiO2_TMT_fr12.raw	Biological	characteristics[disease]	metastatic melanoma		metastatic melanoma		assessed_only	unmatched	0.000000
PXD011799	20170131_Lumos_RSLC4_Maurer_Hartl_UW_MFPL_TiO2_TMT_fr12.raw	Biological	characteristics[disease]		melanoma		melanoma	gold_only	unmatched	0.000000
PXD011799	20170131_Lumos_RSLC4_Maurer_Hartl_UW_MFPL_TiO2_TMT_fr12.raw	Biological	characteristics[organism part]	blood, melanoma		blood melanoma		assessed_only	unmatched	0.000000
PXD011799	20170131_Lumos_RSLC4_Maurer_Hartl_UW_MFPL_TiO2_TMT_fr12.raw	Biological	characteristics[organism part]		B cells		b cells	gold_only	unmatched	0.000000
PXD011799	20170131_Lumos_RSLC4_Maurer_Hartl_UW_MFPL_TiO2_TMT_fr12.raw	Biological	characteristics[organism]	Homo sapiens	Homo sapiens	homo sapiens	homo sapiens	matched	exact_normalized	1.000000
PXD011799	20170131_Lumos_RSLC4_Maurer_Hartl_UW_MFPL_TiO2_TMT_fr12.raw	Technical	comment[alkylation reagent]	iodoacetamide		iodoacetamide		assessed_only	unmatched	0.000000
PXD011799	20170131_Lumos_RSLC4_Maurer_Hartl_UW_MFPL_TiO2_TMT_fr12.raw	Technical	comment[cleavage agent details]	NT=Trypsin;AC=MS:1001251	NT=Trypsin;AC=MS:1001251	cv:ms:1001251	cv:ms:1001251	matched	cv_accession	1.000000
PXD011799	20170131_Lumos_RSLC4_Maurer_Hartl_UW_MFPL_TiO2_TMT_fr12.raw	Technical	comment[dissociation method]	NT=beam-type collision-induced dissociation;AC=MS:1000422		cv:ms:1000422		assessed_only	unmatched	0.000000
PXD011799	20170131_Lumos_RSLC4_Maurer_Hartl_UW_MFPL_TiO2_TMT_fr12.raw	Technical	comment[fragment mass tolerance]	0.01 Da		0.01 da		assessed_only	unmatched	0.000000
PXD011799	20170131_Lumos_RSLC4_Maurer_Hartl_UW_MFPL_TiO2_TMT_fr12.raw	Technical	comment[fragment mass tolerance]		10 ppm		10 ppm	gold_only	unmatched	0.000000
PXD011799	20170131_Lumos_RSLC4_Maurer_Hartl_UW_MFPL_TiO2_TMT_fr12.raw	Technical	comment[instrument]	NT=Orbitrap Fusion Lumos;AC=MS:1002732	NT=Orbitrap Fusion Lumos	cv:ms:1002732	nt orbitrap fusion lumos	matched	fuzzy	0.933333
PXD011799	20170131_Lumos_RSLC4_Maurer_Hartl_UW_MFPL_TiO2_TMT_fr12.raw	Technical	comment[label]	TMT131	TMT131	tmt131	tmt131	matched	exact_normalized	1.000000
PXD011799	20170131_Lumos_RSLC4_Maurer_Hartl_UW_MFPL_TiO2_TMT_fr12.raw	Technical	comment[label]	TMT130C	TMT130C	tmt130c	tmt130c	matched	exact_normalized	1.000000
PXD011799	20170131_Lumos_RSLC4_Maurer_Hartl_UW_MFPL_TiO2_TMT_fr12.raw	Technical	comment[label]	TMT130N	TMT130N	tmt130n	tmt130n	matched	exact_normalized	1.000000
PXD011799	20170131_Lumos_RSLC4_Maurer_Hartl_UW_MFPL_TiO2_TMT_fr12.raw	Technical	comment[label]	TMT129C	TMT129C	tmt129c	tmt129c	matched	exact_normalized	1.000000
PXD011799	20170131_Lumos_RSLC4_Maurer_Hartl_UW_MFPL_TiO2_TMT_fr12.raw	Technical	comment[label]	TMT129N	TMT129N	tmt129n	tmt129n	matched	exact_normalized	1.000000
PXD011799	20170131_Lumos_RSLC4_Maurer_Hartl_UW_MFPL_TiO2_TMT_fr12.raw	Technical	comment[label]	TMT128C	TMT128C	tmt128c	tmt128c	matched	exact_normalized	1.000000
PXD011799	20170131_Lumos_RSLC4_Maurer_Hartl_UW_MFPL_TiO2_TMT_fr12.raw	Technical	comment[label]	TMT128N	TMT128N	tmt128n	tmt128n	matched	exact_normalized	1.000000
PXD011799	20170131_Lumos_RSLC4_Maurer_Hartl_UW_MFPL_TiO2_TMT_fr12.raw	Technical	comment[label]	TMT127C	TMT127C	tmt127c	tmt127c	matched	exact_normalized	1.000000
PXD011799	20170131_Lumos_RSLC4_Maurer_Hartl_UW_MFPL_TiO2_TMT_fr12.raw	Technical	comment[label]	TMT127N	TMT127N	tmt127n	tmt127n	matched	exact_normalized	1.000000
PXD011799	20170131_Lumos_RSLC4_Maurer_Hartl_UW_MFPL_TiO2_TMT_fr12.raw	Technical	comment[label]	TMT126	TMT126	tmt126	tmt126	matched	exact_normalized	1.000000
PXD011799	20170131_Lumos_RSLC4_Maurer_Hartl_UW_MFPL_TiO2_TMT_fr12.raw	Technical	comment[modification parameters]	NT=Deamidation;AC=UNIMOD:7;MT=Variable;TA=NQ	NT=Deamidation;TA=N,Q;AC=UNIMOD:7;MT=variable	cv:unimod:7	cv:unimod:7	matched	cv_accession	1.000000
PXD011799	20170131_Lumos_RSLC4_Maurer_Hartl_UW_MFPL_TiO2_TMT_fr12.raw	Technical	comment[modification parameters]	NT=Phospho;AC=UNIMOD:21;MT=Variable;TA=STY	NT=Phosphorylation;TA=S,T,Y;AC=UNIMOD:21;MT=variable	cv:unimod:21	cv:unimod:21	matched	cv_accession	1.000000
PXD011799	20170131_Lumos_RSLC4_Maurer_Hartl_UW_MFPL_TiO2_TMT_fr12.raw	Technical	comment[modification parameters]	NT=Oxidation;AC=UNIMOD:35;MT=Variable;TA=M	NT=Oxidation;TA=M;AC=UNIMOD:35;MT=variable	cv:unimod:35	cv:unimod:35	matched	cv_accession	1.000000
PXD011799	20170131_Lumos_RSLC4_Maurer_Hartl_UW_MFPL_TiO2_TMT_fr12.raw	Technical	comment[modification parameters]	NT=TMT6plex;AC=UNIMOD:730;MT=Fixed;TA=K	NT=TMT6plex;PP=Any N-term;AC=UNIMOD:737;MT=fixed	cv:unimod:730	cv:unimod:737	matched	exact_normalized	1.000000
PXD011799	20170131_Lumos_RSLC4_Maurer_Hartl_UW_MFPL_TiO2_TMT_fr12.raw	Technical	comment[modification parameters]	NT=Carbamidomethyl;AC=UNIMOD:4;MT=Fixed;TA=C	NT=Carbamidomethyl;TA=C;AC=UNIMOD:4;MT=fixed	cv:unimod:4	cv:unimod:4	matched	cv_accession	1.000000
PXD011799	20170131_Lumos_RSLC4_Maurer_Hartl_UW_MFPL_TiO2_TMT_fr12.raw	Technical	comment[ms2 mass analyzer]	orbitrap		orbitrap		assessed_only	unmatched	0.000000
PXD011799	20170131_Lumos_RSLC4_Maurer_Hartl_UW_MFPL_TiO2_TMT_fr12.raw	Technical	comment[precursor mass tolerance]	10 ppm		10 ppm		assessed_only	unmatched	0.000000
PXD011799	20170131_Lumos_RSLC4_Maurer_Hartl_UW_MFPL_TiO2_TMT_fr12.raw	Technical	comment[precursor mass tolerance]		0.01 Da		0.01 da	gold_only	unmatched	0.000000
PXD011799	20170131_Lumos_RSLC4_Maurer_Hartl_UW_MFPL_TiO2_TMT_fr12.raw	Technical	comment[proteomics data acquisition method]	NT=data-dependent acquisition;AC=PRIDE:0000627		cv:pride:0000627		assessed_only	unmatched	0.000000
PXD011799	20170131_Lumos_RSLC4_Maurer_Hartl_UW_MFPL_TiO2_TMT_fr12.raw	Technical	comment[reduction reagent]	dithiothreitol		dithiothreitol		assessed_only	unmatched	0.000000
PXD011799	20170131_Lumos_RSLC4_Maurer_Hartl_UW_MFPL_TiO2_TMT_fr12.raw	Technical	technology type	proteomic profiling by mass spectrometry		proteomic profiling by mass spectrometry		assessed_only	unmatched	0.000000
PXD011799	20170131_Lumos_RSLC4_Maurer_Hartl_UW_MFPL_TiO2_TMT_fr12.raw	ExperimentalDesign	characteristics[biological replicate]	8		8		assessed_only	unmatched	0.000000
PXD011799	20170131_Lumos_RSLC4_Maurer_Hartl_UW_MFPL_TiO2_TMT_fr12.raw	ExperimentalDesign	comment[fraction identifier]	12	12	12	12	matched	exact_normalized	1.000000
PXD011799	20170131_Lumos_RSLC4_Maurer_Hartl_UW_MFPL_TiO2_TMT_fr12.raw	ExperimentalDesign	comment[technical replicate]	1	1	1	1	matched	exact_normalized	1.000000
PXD011799	20170131_Lumos_RSLC4_Maurer_Hartl_UW_MFPL_TiO2_TMT_fr12.raw	ExperimentalDesign	factor value[disease]	metastatic melanoma		metastatic melanoma		assessed_only	unmatched	0.000000
PXD011799	20170131_Lumos_RSLC4_Maurer_Hartl_UW_MFPL_TiO2_TMT_fr12.raw	ExperimentalDesign	factor value[experimental design]	cell type (PBMCB, TAB), treatment (MCM, control)		cell type pbmcb tab treatment mcm control		assessed_only	unmatched	0.000000
PXD011799	20170131_Lumos_RSLC4_Maurer_Hartl_UW_MFPL_TiO2_TMT_fr2.raw	Biological	characteristics[cell type]	B cells		b cells		assessed_only	unmatched	0.000000
PXD011799	20170131_Lumos_RSLC4_Maurer_Hartl_UW_MFPL_TiO2_TMT_fr2.raw	Biological	characteristics[disease]	metastatic melanoma		metastatic melanoma		assessed_only	unmatched	0.000000
PXD011799	20170131_Lumos_RSLC4_Maurer_Hartl_UW_MFPL_TiO2_TMT_fr2.raw	Biological	characteristics[disease]		melanoma		melanoma	gold_only	unmatched	0.000000
PXD011799	20170131_Lumos_RSLC4_Maurer_Hartl_UW_MFPL_TiO2_TMT_fr2.raw	Biological	characteristics[organism part]	blood, melanoma		blood melanoma		assessed_only	unmatched	0.000000
PXD011799	20170131_Lumos_RSLC4_Maurer_Hartl_UW_MFPL_TiO2_TMT_fr2.raw	Biological	characteristics[organism part]		B cells		b cells	gold_only	unmatched	0.000000
PXD011799	20170131_Lumos_RSLC4_Maurer_Hartl_UW_MFPL_TiO2_TMT_fr2.raw	Biological	characteristics[organism]	Homo sapiens	Homo sapiens	homo sapiens	homo sapiens	matched	exact_normalized	1.000000
PXD011799	20170131_Lumos_RSLC4_Maurer_Hartl_UW_MFPL_TiO2_TMT_fr2.raw	Technical	comment[alkylation reagent]	iodoacetamide		iodoacetamide		assessed_only	unmatched	0.000000
PXD011799	20170131_Lumos_RSLC4_Maurer_Hartl_UW_MFPL_TiO2_TMT_fr2.raw	Technical	comment[cleavage agent details]	NT=Trypsin;AC=MS:1001251	NT=Trypsin;AC=MS:1001251	cv:ms:1001251	cv:ms:1001251	matched	cv_accession	1.000000
PXD011799	20170131_Lumos_RSLC4_Maurer_Hartl_UW_MFPL_TiO2_TMT_fr2.raw	Technical	comment[dissociation method]	NT=beam-type collision-induced dissociation;AC=MS:1000422		cv:ms:1000422		assessed_only	unmatched	0.000000
PXD011799	20170131_Lumos_RSLC4_Maurer_Hartl_UW_MFPL_TiO2_TMT_fr2.raw	Technical	comment[fragment mass tolerance]	0.01 Da		0.01 da		assessed_only	unmatched	0.000000
PXD011799	20170131_Lumos_RSLC4_Maurer_Hartl_UW_MFPL_TiO2_TMT_fr2.raw	Technical	comment[fragment mass tolerance]		10 ppm		10 ppm	gold_only	unmatched	0.000000
PXD011799	20170131_Lumos_RSLC4_Maurer_Hartl_UW_MFPL_TiO2_TMT_fr2.raw	Technical	comment[instrument]	NT=Orbitrap Fusion Lumos;AC=MS:1002732	NT=Orbitrap Fusion Lumos	cv:ms:1002732	nt orbitrap fusion lumos	matched	fuzzy	0.933333
PXD011799	20170131_Lumos_RSLC4_Maurer_Hartl_UW_MFPL_TiO2_TMT_fr2.raw	Technical	comment[label]	TMT131	TMT131	tmt131	tmt131	matched	exact_normalized	1.000000
PXD011799	20170131_Lumos_RSLC4_Maurer_Hartl_UW_MFPL_TiO2_TMT_fr2.raw	Technical	comment[label]	TMT130C	TMT130C	tmt130c	tmt130c	matched	exact_normalized	1.000000
PXD011799	20170131_Lumos_RSLC4_Maurer_Hartl_UW_MFPL_TiO2_TMT_fr2.raw	Technical	comment[label]	TMT130N	TMT130N	tmt130n	tmt130n	matched	exact_normalized	1.000000
PXD011799	20170131_Lumos_RSLC4_Maurer_Hartl_UW_MFPL_TiO2_TMT_fr2.raw	Technical	comment[label]	TMT129C	TMT129C	tmt129c	tmt129c	matched	exact_normalized	1.000000
PXD011799	20170131_Lumos_RSLC4_Maurer_Hartl_UW_MFPL_TiO2_TMT_fr2.raw	Technical	comment[label]	TMT129N	TMT129N	tmt129n	tmt129n	matched	exact_normalized	1.000000
PXD011799	20170131_Lumos_RSLC4_Maurer_Hartl_UW_MFPL_TiO2_TMT_fr2.raw	Technical	comment[label]	TMT128C	TMT128C	tmt128c	tmt128c	matched	exact_normalized	1.000000
PXD011799	20170131_Lumos_RSLC4_Maurer_Hartl_UW_MFPL_TiO2_TMT_fr2.raw	Technical	comment[label]	TMT128N	TMT128N	tmt128n	tmt128n	matched	exact_normalized	1.000000
PXD011799	20170131_Lumos_RSLC4_Maurer_Hartl_UW_MFPL_TiO2_TMT_fr2.raw	Technical	comment[label]	TMT127C	TMT127C	tmt127c	tmt127c	matched	exact_normalized	1.000000
PXD011799	20170131_Lumos_RSLC4_Maurer_Hartl_UW_MFPL_TiO2_TMT_fr2.raw	Technical	comment[label]	TMT127N	TMT127N	tmt127n	tmt127n	matched	exact_normalized	1.000000
PXD011799	20170131_Lumos_RSLC4_Maurer_Hartl_UW_MFPL_TiO2_TMT_fr2.raw	Technical	comment[label]	TMT126	TMT126	tmt126	tmt126	matched	exact_normalized	1.000000
PXD011799	20170131_Lumos_RSLC4_Maurer_Hartl_UW_MFPL_TiO2_TMT_fr2.raw	Technical	comment[modification parameters]	NT=Deamidation;AC=UNIMOD:7;MT=Variable;TA=NQ	NT=Deamidation;TA=N,Q;AC=UNIMOD:7;MT=variable	cv:unimod:7	cv:unimod:7	matched	cv_accession	1.000000
PXD011799	20170131_Lumos_RSLC4_Maurer_Hartl_UW_MFPL_TiO2_TMT_fr2.raw	Technical	comment[modification parameters]	NT=Phospho;AC=UNIMOD:21;MT=Variable;TA=STY	NT=Phosphorylation;TA=S,T,Y;AC=UNIMOD:21;MT=variable	cv:unimod:21	cv:unimod:21	matched	cv_accession	1.000000
PXD011799	20170131_Lumos_RSLC4_Maurer_Hartl_UW_MFPL_TiO2_TMT_fr2.raw	Technical	comment[modification parameters]	NT=Oxidation;AC=UNIMOD:35;MT=Variable;TA=M	NT=Oxidation;TA=M;AC=UNIMOD:35;MT=variable	cv:unimod:35	cv:unimod:35	matched	cv_accession	1.000000
PXD011799	20170131_Lumos_RSLC4_Maurer_Hartl_UW_MFPL_TiO2_TMT_fr2.raw	Technical	comment[modification parameters]	NT=TMT6plex;AC=UNIMOD:730;MT=Fixed;TA=K	NT=TMT6plex;PP=Any N-term;AC=UNIMOD:737;MT=fixed	cv:unimod:730	cv:unimod:737	matched	exact_normalized	1.000000
PXD011799	20170131_Lumos_RSLC4_Maurer_Hartl_UW_MFPL_TiO2_TMT_fr2.raw	Technical	comment[modification parameters]	NT=Carbamidomethyl;AC=UNIMOD:4;MT=Fixed;TA=C	NT=Carbamidomethyl;TA=C;AC=UNIMOD:4;MT=fixed	cv:unimod:4	cv:unimod:4	matched	cv_accession	1.000000
PXD011799	20170131_Lumos_RSLC4_Maurer_Hartl_UW_MFPL_TiO2_TMT_fr2.raw	Technical	comment[ms2 mass analyzer]	orbitrap		orbitrap		assessed_only	unmatched	0.000000
PXD011799	20170131_Lumos_RSLC4_Maurer_Hartl_UW_MFPL_TiO2_TMT_fr2.raw	Technical	comment[precursor mass tolerance]	10 ppm		10 ppm		assessed_only	unmatched	0.000000
PXD011799	20170131_Lumos_RSLC4_Maurer_Hartl_UW_MFPL_TiO2_TMT_fr2.raw	Technical	comment[precursor mass tolerance]		0.01 Da		0.01 da	gold_only	unmatched	0.000000
PXD011799	20170131_Lumos_RSLC4_Maurer_Hartl_UW_MFPL_TiO2_TMT_fr2.raw	Technical	comment[proteomics data acquisition method]	NT=data-dependent acquisition;AC=PRIDE:0000627		cv:pride:0000627		assessed_only	unmatched	0.000000
PXD011799	20170131_Lumos_RSLC4_Maurer_Hartl_UW_MFPL_TiO2_TMT_fr2.raw	Technical	comment[reduction reagent]	dithiothreitol		dithiothreitol		assessed_only	unmatched	0.000000
PXD011799	20170131_Lumos_RSLC4_Maurer_Hartl_UW_MFPL_TiO2_TMT_fr2.raw	Technical	technology type	proteomic profiling by mass spectrometry		proteomic profiling by mass spectrometry		assessed_only	unmatched	0.000000
PXD011799	20170131_Lumos_RSLC4_Maurer_Hartl_UW_MFPL_TiO2_TMT_fr2.raw	ExperimentalDesign	characteristics[biological replicate]	8		8		assessed_only	unmatched	0.000000
PXD011799	20170131_Lumos_RSLC4_Maurer_Hartl_UW_MFPL_TiO2_TMT_fr2.raw	ExperimentalDesign	comment[fraction identifier]	12		12		assessed_only	unmatched	0.000000
PXD011799	20170131_Lumos_RSLC4_Maurer_Hartl_UW_MFPL_TiO2_TMT_fr2.raw	ExperimentalDesign	comment[fraction identifier]		2		2	gold_only	unmatched	0.000000
PXD011799	20170131_Lumos_RSLC4_Maurer_Hartl_UW_MFPL_TiO2_TMT_fr2.raw	ExperimentalDesign	comment[technical replicate]	1	1	1	1	matched	exact_normalized	1.000000
PXD011799	20170131_Lumos_RSLC4_Maurer_Hartl_UW_MFPL_TiO2_TMT_fr2.raw	ExperimentalDesign	factor value[disease]	metastatic melanoma		metastatic melanoma		assessed_only	unmatched	0.000000
PXD011799	20170131_Lumos_RSLC4_Maurer_Hartl_UW_MFPL_TiO2_TMT_fr2.raw	ExperimentalDesign	factor value[experimental design]	cell type (PBMCB, TAB), treatment (MCM, control)		cell type pbmcb tab treatment mcm control		assessed_only	unmatched	0.000000
PXD011799	20170131_Lumos_RSLC4_Maurer_Hartl_UW_MFPL_TiO2_TMT_fr4.raw	Biological	characteristics[cell type]	B cells		b cells		assessed_only	unmatched	0.000000
PXD011799	20170131_Lumos_RSLC4_Maurer_Hartl_UW_MFPL_TiO2_TMT_fr4.raw	Biological	characteristics[disease]	metastatic melanoma		metastatic melanoma		assessed_only	unmatched	0.000000
PXD011799	20170131_Lumos_RSLC4_Maurer_Hartl_UW_MFPL_TiO2_TMT_fr4.raw	Biological	characteristics[disease]		melanoma		melanoma	gold_only	unmatched	0.000000
PXD011799	20170131_Lumos_RSLC4_Maurer_Hartl_UW_MFPL_TiO2_TMT_fr4.raw	Biological	characteristics[organism part]	blood, melanoma		blood melanoma		assessed_only	unmatched	0.000000
PXD011799	20170131_Lumos_RSLC4_Maurer_Hartl_UW_MFPL_TiO2_TMT_fr4.raw	Biological	characteristics[organism part]		B cells		b cells	gold_only	unmatched	0.000000
PXD011799	20170131_Lumos_RSLC4_Maurer_Hartl_UW_MFPL_TiO2_TMT_fr4.raw	Biological	characteristics[organism]	Homo sapiens	Homo sapiens	homo sapiens	homo sapiens	matched	exact_normalized	1.000000
PXD011799	20170131_Lumos_RSLC4_Maurer_Hartl_UW_MFPL_TiO2_TMT_fr4.raw	Technical	comment[alkylation reagent]	iodoacetamide		iodoacetamide		assessed_only	unmatched	0.000000
PXD011799	20170131_Lumos_RSLC4_Maurer_Hartl_UW_MFPL_TiO2_TMT_fr4.raw	Technical	comment[cleavage agent details]	NT=Trypsin;AC=MS:1001251	NT=Trypsin;AC=MS:1001251	cv:ms:1001251	cv:ms:1001251	matched	cv_accession	1.000000
PXD011799	20170131_Lumos_RSLC4_Maurer_Hartl_UW_MFPL_TiO2_TMT_fr4.raw	Technical	comment[dissociation method]	NT=beam-type collision-induced dissociation;AC=MS:1000422		cv:ms:1000422		assessed_only	unmatched	0.000000
PXD011799	20170131_Lumos_RSLC4_Maurer_Hartl_UW_MFPL_TiO2_TMT_fr4.raw	Technical	comment[fragment mass tolerance]	0.01 Da		0.01 da		assessed_only	unmatched	0.000000
PXD011799	20170131_Lumos_RSLC4_Maurer_Hartl_UW_MFPL_TiO2_TMT_fr4.raw	Technical	comment[fragment mass tolerance]		10 ppm		10 ppm	gold_only	unmatched	0.000000
PXD011799	20170131_Lumos_RSLC4_Maurer_Hartl_UW_MFPL_TiO2_TMT_fr4.raw	Technical	comment[instrument]	NT=Orbitrap Fusion Lumos;AC=MS:1002732	NT=Orbitrap Fusion Lumos	cv:ms:1002732	nt orbitrap fusion lumos	matched	fuzzy	0.933333
PXD011799	20170131_Lumos_RSLC4_Maurer_Hartl_UW_MFPL_TiO2_TMT_fr4.raw	Technical	comment[label]	TMT131	TMT131	tmt131	tmt131	matched	exact_normalized	1.000000
PXD011799	20170131_Lumos_RSLC4_Maurer_Hartl_UW_MFPL_TiO2_TMT_fr4.raw	Technical	comment[label]	TMT130C	TMT130C	tmt130c	tmt130c	matched	exact_normalized	1.000000
PXD011799	20170131_Lumos_RSLC4_Maurer_Hartl_UW_MFPL_TiO2_TMT_fr4.raw	Technical	comment[label]	TMT130N	TMT130N	tmt130n	tmt130n	matched	exact_normalized	1.000000
PXD011799	20170131_Lumos_RSLC4_Maurer_Hartl_UW_MFPL_TiO2_TMT_fr4.raw	Technical	comment[label]	TMT129C	TMT129C	tmt129c	tmt129c	matched	exact_normalized	1.000000
PXD011799	20170131_Lumos_RSLC4_Maurer_Hartl_UW_MFPL_TiO2_TMT_fr4.raw	Technical	comment[label]	TMT129N	TMT129N	tmt129n	tmt129n	matched	exact_normalized	1.000000
PXD011799	20170131_Lumos_RSLC4_Maurer_Hartl_UW_MFPL_TiO2_TMT_fr4.raw	Technical	comment[label]	TMT128C	TMT128C	tmt128c	tmt128c	matched	exact_normalized	1.000000
PXD011799	20170131_Lumos_RSLC4_Maurer_Hartl_UW_MFPL_TiO2_TMT_fr4.raw	Technical	comment[label]	TMT128N	TMT128N	tmt128n	tmt128n	matched	exact_normalized	1.000000
PXD011799	20170131_Lumos_RSLC4_Maurer_Hartl_UW_MFPL_TiO2_TMT_fr4.raw	Technical	comment[label]	TMT127C	TMT127C	tmt127c	tmt127c	matched	exact_normalized	1.000000
PXD011799	20170131_Lumos_RSLC4_Maurer_Hartl_UW_MFPL_TiO2_TMT_fr4.raw	Technical	comment[label]	TMT127N	TMT127N	tmt127n	tmt127n	matched	exact_normalized	1.000000
PXD011799	20170131_Lumos_RSLC4_Maurer_Hartl_UW_MFPL_TiO2_TMT_fr4.raw	Technical	comment[label]	TMT126	TMT126	tmt126	tmt126	matched	exact_normalized	1.000000
PXD011799	20170131_Lumos_RSLC4_Maurer_Hartl_UW_MFPL_TiO2_TMT_fr4.raw	Technical	comment[modification parameters]	NT=Deamidation;AC=UNIMOD:7;MT=Variable;TA=NQ	NT=Deamidation;TA=N,Q;AC=UNIMOD:7;MT=variable	cv:unimod:7	cv:unimod:7	matched	cv_accession	1.000000
PXD011799	20170131_Lumos_RSLC4_Maurer_Hartl_UW_MFPL_TiO2_TMT_fr4.raw	Technical	comment[modification parameters]	NT=Phospho;AC=UNIMOD:21;MT=Variable;TA=STY	NT=Phosphorylation;TA=S,T,Y;AC=UNIMOD:21;MT=variable	cv:unimod:21	cv:unimod:21	matched	cv_accession	1.000000
PXD011799	20170131_Lumos_RSLC4_Maurer_Hartl_UW_MFPL_TiO2_TMT_fr4.raw	Technical	comment[modification parameters]	NT=Oxidation;AC=UNIMOD:35;MT=Variable;TA=M	NT=Oxidation;TA=M;AC=UNIMOD:35;MT=variable	cv:unimod:35	cv:unimod:35	matched	cv_accession	1.000000
PXD011799	20170131_Lumos_RSLC4_Maurer_Hartl_UW_MFPL_TiO2_TMT_fr4.raw	Technical	comment[modification parameters]	NT=TMT6plex;AC=UNIMOD:730;MT=Fixed;TA=K	NT=TMT6plex;PP=Any N-term;AC=UNIMOD:737;MT=fixed	cv:unimod:730	cv:unimod:737	matched	exact_normalized	1.000000
PXD011799	20170131_Lumos_RSLC4_Maurer_Hartl_UW_MFPL_TiO2_TMT_fr4.raw	Technical	comment[modification parameters]	NT=Carbamidomethyl;AC=UNIMOD:4;MT=Fixed;TA=C	NT=Carbamidomethyl;TA=C;AC=UNIMOD:4;MT=fixed	cv:unimod:4	cv:unimod:4	matched	cv_accession	1.000000
PXD011799	20170131_Lumos_RSLC4_Maurer_Hartl_UW_MFPL_TiO2_TMT_fr4.raw	Technical	comment[ms2 mass analyzer]	orbitrap		orbitrap		assessed_only	unmatched	0.000000
PXD011799	20170131_Lumos_RSLC4_Maurer_Hartl_UW_MFPL_TiO2_TMT_fr4.raw	Technical	comment[precursor mass tolerance]	10 ppm		10 ppm		assessed_only	unmatched	0.000000
PXD011799	20170131_Lumos_RSLC4_Maurer_Hartl_UW_MFPL_TiO2_TMT_fr4.raw	Technical	comment[precursor mass tolerance]		0.01 Da		0.01 da	gold_only	unmatched	0.000000
PXD011799	20170131_Lumos_RSLC4_Maurer_Hartl_UW_MFPL_TiO2_TMT_fr4.raw	Technical	comment[proteomics data acquisition method]	NT=data-dependent acquisition;AC=PRIDE:0000627		cv:pride:0000627		assessed_only	unmatched	0.000000
PXD011799	20170131_Lumos_RSLC4_Maurer_Hartl_UW_MFPL_TiO2_TMT_fr4.raw	Technical	comment[reduction reagent]	dithiothreitol		dithiothreitol		assessed_only	unmatched	0.000000
PXD011799	20170131_Lumos_RSLC4_Maurer_Hartl_UW_MFPL_TiO2_TMT_fr4.raw	Technical	technology type	proteomic profiling by mass spectrometry		proteomic profiling by mass spectrometry		assessed_only	unmatched	0.000000
PXD011799	20170131_Lumos_RSLC4_Maurer_Hartl_UW_MFPL_TiO2_TMT_fr4.raw	ExperimentalDesign	characteristics[biological replicate]	8		8		assessed_only	unmatched	0.000000
PXD011799	20170131_Lumos_RSLC4_Maurer_Hartl_UW_MFPL_TiO2_TMT_fr4.raw	ExperimentalDesign	comment[fraction identifier]	12		12		assessed_only	unmatched	0.000000
PXD011799	20170131_Lumos_RSLC4_Maurer_Hartl_UW_MFPL_TiO2_TMT_fr4.raw	ExperimentalDesign	comment[fraction identifier]		4		4	gold_only	unmatched	0.000000
PXD011799	20170131_Lumos_RSLC4_Maurer_Hartl_UW_MFPL_TiO2_TMT_fr4.raw	ExperimentalDesign	comment[technical replicate]	1	1	1	1	matched	exact_normalized	1.000000
PXD011799	20170131_Lumos_RSLC4_Maurer_Hartl_UW_MFPL_TiO2_TMT_fr4.raw	ExperimentalDesign	factor value[disease]	metastatic melanoma		metastatic melanoma		assessed_only	unmatched	0.000000
PXD011799	20170131_Lumos_RSLC4_Maurer_Hartl_UW_MFPL_TiO2_TMT_fr4.raw	ExperimentalDesign	factor value[experimental design]	cell type (PBMCB, TAB), treatment (MCM, control)		cell type pbmcb tab treatment mcm control		assessed_only	unmatched	0.000000
PXD011799	20170131_Lumos_RSLC4_Maurer_Hartl_UW_MFPL_TiO2_TMT_fr5.raw	Biological	characteristics[cell type]	B cells		b cells		assessed_only	unmatched	0.000000
PXD011799	20170131_Lumos_RSLC4_Maurer_Hartl_UW_MFPL_TiO2_TMT_fr5.raw	Biological	characteristics[disease]	metastatic melanoma		metastatic melanoma		assessed_only	unmatched	0.000000
PXD011799	20170131_Lumos_RSLC4_Maurer_Hartl_UW_MFPL_TiO2_TMT_fr5.raw	Biological	characteristics[disease]		melanoma		melanoma	gold_only	unmatched	0.000000
PXD011799	20170131_Lumos_RSLC4_Maurer_Hartl_UW_MFPL_TiO2_TMT_fr5.raw	Biological	characteristics[organism part]	blood, melanoma		blood melanoma		assessed_only	unmatched	0.000000
PXD011799	20170131_Lumos_RSLC4_Maurer_Hartl_UW_MFPL_TiO2_TMT_fr5.raw	Biological	characteristics[organism part]		B cells		b cells	gold_only	unmatched	0.000000
PXD011799	20170131_Lumos_RSLC4_Maurer_Hartl_UW_MFPL_TiO2_TMT_fr5.raw	Biological	characteristics[organism]	Homo sapiens	Homo sapiens	homo sapiens	homo sapiens	matched	exact_normalized	1.000000
PXD011799	20170131_Lumos_RSLC4_Maurer_Hartl_UW_MFPL_TiO2_TMT_fr5.raw	Technical	comment[alkylation reagent]	iodoacetamide		iodoacetamide		assessed_only	unmatched	0.000000
PXD011799	20170131_Lumos_RSLC4_Maurer_Hartl_UW_MFPL_TiO2_TMT_fr5.raw	Technical	comment[cleavage agent details]	NT=Trypsin;AC=MS:1001251	NT=Trypsin;AC=MS:1001251	cv:ms:1001251	cv:ms:1001251	matched	cv_accession	1.000000
PXD011799	20170131_Lumos_RSLC4_Maurer_Hartl_UW_MFPL_TiO2_TMT_fr5.raw	Technical	comment[dissociation method]	NT=beam-type collision-induced dissociation;AC=MS:1000422		cv:ms:1000422		assessed_only	unmatched	0.000000
PXD011799	20170131_Lumos_RSLC4_Maurer_Hartl_UW_MFPL_TiO2_TMT_fr5.raw	Technical	comment[fragment mass tolerance]	0.01 Da		0.01 da		assessed_only	unmatched	0.000000
PXD011799	20170131_Lumos_RSLC4_Maurer_Hartl_UW_MFPL_TiO2_TMT_fr5.raw	Technical	comment[fragment mass tolerance]		10 ppm		10 ppm	gold_only	unmatched	0.000000
PXD011799	20170131_Lumos_RSLC4_Maurer_Hartl_UW_MFPL_TiO2_TMT_fr5.raw	Technical	comment[instrument]	NT=Orbitrap Fusion Lumos;AC=MS:1002732	NT=Orbitrap Fusion Lumos	cv:ms:1002732	nt orbitrap fusion lumos	matched	fuzzy	0.933333
PXD011799	20170131_Lumos_RSLC4_Maurer_Hartl_UW_MFPL_TiO2_TMT_fr5.raw	Technical	comment[label]	TMT131	TMT131	tmt131	tmt131	matched	exact_normalized	1.000000
PXD011799	20170131_Lumos_RSLC4_Maurer_Hartl_UW_MFPL_TiO2_TMT_fr5.raw	Technical	comment[label]	TMT130C	TMT130C	tmt130c	tmt130c	matched	exact_normalized	1.000000
PXD011799	20170131_Lumos_RSLC4_Maurer_Hartl_UW_MFPL_TiO2_TMT_fr5.raw	Technical	comment[label]	TMT130N	TMT130N	tmt130n	tmt130n	matched	exact_normalized	1.000000
PXD011799	20170131_Lumos_RSLC4_Maurer_Hartl_UW_MFPL_TiO2_TMT_fr5.raw	Technical	comment[label]	TMT129C	TMT129C	tmt129c	tmt129c	matched	exact_normalized	1.000000
PXD011799	20170131_Lumos_RSLC4_Maurer_Hartl_UW_MFPL_TiO2_TMT_fr5.raw	Technical	comment[label]	TMT129N	TMT129N	tmt129n	tmt129n	matched	exact_normalized	1.000000
PXD011799	20170131_Lumos_RSLC4_Maurer_Hartl_UW_MFPL_TiO2_TMT_fr5.raw	Technical	comment[label]	TMT128C	TMT128C	tmt128c	tmt128c	matched	exact_normalized	1.000000
PXD011799	20170131_Lumos_RSLC4_Maurer_Hartl_UW_MFPL_TiO2_TMT_fr5.raw	Technical	comment[label]	TMT128N	TMT128N	tmt128n	tmt128n	matched	exact_normalized	1.000000
PXD011799	20170131_Lumos_RSLC4_Maurer_Hartl_UW_MFPL_TiO2_TMT_fr5.raw	Technical	comment[label]	TMT127C	TMT127C	tmt127c	tmt127c	matched	exact_normalized	1.000000
PXD011799	20170131_Lumos_RSLC4_Maurer_Hartl_UW_MFPL_TiO2_TMT_fr5.raw	Technical	comment[label]	TMT127N	TMT127N	tmt127n	tmt127n	matched	exact_normalized	1.000000
PXD011799	20170131_Lumos_RSLC4_Maurer_Hartl_UW_MFPL_TiO2_TMT_fr5.raw	Technical	comment[label]	TMT126	TMT126	tmt126	tmt126	matched	exact_normalized	1.000000
PXD011799	20170131_Lumos_RSLC4_Maurer_Hartl_UW_MFPL_TiO2_TMT_fr5.raw	Technical	comment[modification parameters]	NT=Deamidation;AC=UNIMOD:7;MT=Variable;TA=NQ	NT=Deamidation;TA=N,Q;AC=UNIMOD:7;MT=variable	cv:unimod:7	cv:unimod:7	matched	cv_accession	1.000000
PXD011799	20170131_Lumos_RSLC4_Maurer_Hartl_UW_MFPL_TiO2_TMT_fr5.raw	Technical	comment[modification parameters]	NT=Phospho;AC=UNIMOD:21;MT=Variable;TA=STY	NT=Phosphorylation;TA=S,T,Y;AC=UNIMOD:21;MT=variable	cv:unimod:21	cv:unimod:21	matched	cv_accession	1.000000
PXD011799	20170131_Lumos_RSLC4_Maurer_Hartl_UW_MFPL_TiO2_TMT_fr5.raw	Technical	comment[modification parameters]	NT=Oxidation;AC=UNIMOD:35;MT=Variable;TA=M	NT=Oxidation;TA=M;AC=UNIMOD:35;MT=variable	cv:unimod:35	cv:unimod:35	matched	cv_accession	1.000000
PXD011799	20170131_Lumos_RSLC4_Maurer_Hartl_UW_MFPL_TiO2_TMT_fr5.raw	Technical	comment[modification parameters]	NT=TMT6plex;AC=UNIMOD:730;MT=Fixed;TA=K	NT=TMT6plex;PP=Any N-term;AC=UNIMOD:737;MT=fixed	cv:unimod:730	cv:unimod:737	matched	exact_normalized	1.000000
PXD011799	20170131_Lumos_RSLC4_Maurer_Hartl_UW_MFPL_TiO2_TMT_fr5.raw	Technical	comment[modification parameters]	NT=Carbamidomethyl;AC=UNIMOD:4;MT=Fixed;TA=C	NT=Carbamidomethyl;TA=C;AC=UNIMOD:4;MT=fixed	cv:unimod:4	cv:unimod:4	matched	cv_accession	1.000000
PXD011799	20170131_Lumos_RSLC4_Maurer_Hartl_UW_MFPL_TiO2_TMT_fr5.raw	Technical	comment[ms2 mass analyzer]	orbitrap		orbitrap		assessed_only	unmatched	0.000000
PXD011799	20170131_Lumos_RSLC4_Maurer_Hartl_UW_MFPL_TiO2_TMT_fr5.raw	Technical	comment[precursor mass tolerance]	10 ppm		10 ppm		assessed_only	unmatched	0.000000
PXD011799	20170131_Lumos_RSLC4_Maurer_Hartl_UW_MFPL_TiO2_TMT_fr5.raw	Technical	comment[precursor mass tolerance]		0.01 Da		0.01 da	gold_only	unmatched	0.000000
PXD011799	20170131_Lumos_RSLC4_Maurer_Hartl_UW_MFPL_TiO2_TMT_fr5.raw	Technical	comment[proteomics data acquisition method]	NT=data-dependent acquisition;AC=PRIDE:0000627		cv:pride:0000627		assessed_only	unmatched	0.000000
PXD011799	20170131_Lumos_RSLC4_Maurer_Hartl_UW_MFPL_TiO2_TMT_fr5.raw	Technical	comment[reduction reagent]	dithiothreitol		dithiothreitol		assessed_only	unmatched	0.000000
PXD011799	20170131_Lumos_RSLC4_Maurer_Hartl_UW_MFPL_TiO2_TMT_fr5.raw	Technical	technology type	proteomic profiling by mass spectrometry		proteomic profiling by mass spectrometry		assessed_only	unmatched	0.000000
PXD011799	20170131_Lumos_RSLC4_Maurer_Hartl_UW_MFPL_TiO2_TMT_fr5.raw	ExperimentalDesign	characteristics[biological replicate]	8		8		assessed_only	unmatched	0.000000
PXD011799	20170131_Lumos_RSLC4_Maurer_Hartl_UW_MFPL_TiO2_TMT_fr5.raw	ExperimentalDesign	comment[fraction identifier]	12		12		assessed_only	unmatched	0.000000
PXD011799	20170131_Lumos_RSLC4_Maurer_Hartl_UW_MFPL_TiO2_TMT_fr5.raw	ExperimentalDesign	comment[fraction identifier]		5		5	gold_only	unmatched	0.000000
PXD011799	20170131_Lumos_RSLC4_Maurer_Hartl_UW_MFPL_TiO2_TMT_fr5.raw	ExperimentalDesign	comment[technical replicate]	1	1	1	1	matched	exact_normalized	1.000000
PXD011799	20170131_Lumos_RSLC4_Maurer_Hartl_UW_MFPL_TiO2_TMT_fr5.raw	ExperimentalDesign	factor value[disease]	metastatic melanoma		metastatic melanoma		assessed_only	unmatched	0.000000
PXD011799	20170131_Lumos_RSLC4_Maurer_Hartl_UW_MFPL_TiO2_TMT_fr5.raw	ExperimentalDesign	factor value[experimental design]	cell type (PBMCB, TAB), treatment (MCM, control)		cell type pbmcb tab treatment mcm control		assessed_only	unmatched	0.000000
PXD011799	20170131_Lumos_RSLC4_Maurer_Hartl_UW_MFPL_TiO2_TMT_fr6.raw	Biological	characteristics[cell type]	B cells		b cells		assessed_only	unmatched	0.000000
PXD011799	20170131_Lumos_RSLC4_Maurer_Hartl_UW_MFPL_TiO2_TMT_fr6.raw	Biological	characteristics[disease]	metastatic melanoma		metastatic melanoma		assessed_only	unmatched	0.000000
PXD011799	20170131_Lumos_RSLC4_Maurer_Hartl_UW_MFPL_TiO2_TMT_fr6.raw	Biological	characteristics[disease]		melanoma		melanoma	gold_only	unmatched	0.000000
PXD011799	20170131_Lumos_RSLC4_Maurer_Hartl_UW_MFPL_TiO2_TMT_fr6.raw	Biological	characteristics[organism part]	blood, melanoma		blood melanoma		assessed_only	unmatched	0.000000
PXD011799	20170131_Lumos_RSLC4_Maurer_Hartl_UW_MFPL_TiO2_TMT_fr6.raw	Biological	characteristics[organism part]		B cells		b cells	gold_only	unmatched	0.000000
PXD011799	20170131_Lumos_RSLC4_Maurer_Hartl_UW_MFPL_TiO2_TMT_fr6.raw	Biological	characteristics[organism]	Homo sapiens	Homo sapiens	homo sapiens	homo sapiens	matched	exact_normalized	1.000000
PXD011799	20170131_Lumos_RSLC4_Maurer_Hartl_UW_MFPL_TiO2_TMT_fr6.raw	Technical	comment[alkylation reagent]	iodoacetamide		iodoacetamide		assessed_only	unmatched	0.000000
PXD011799	20170131_Lumos_RSLC4_Maurer_Hartl_UW_MFPL_TiO2_TMT_fr6.raw	Technical	comment[cleavage agent details]	NT=Trypsin;AC=MS:1001251	NT=Trypsin;AC=MS:1001251	cv:ms:1001251	cv:ms:1001251	matched	cv_accession	1.000000
PXD011799	20170131_Lumos_RSLC4_Maurer_Hartl_UW_MFPL_TiO2_TMT_fr6.raw	Technical	comment[dissociation method]	NT=beam-type collision-induced dissociation;AC=MS:1000422		cv:ms:1000422		assessed_only	unmatched	0.000000
PXD011799	20170131_Lumos_RSLC4_Maurer_Hartl_UW_MFPL_TiO2_TMT_fr6.raw	Technical	comment[fragment mass tolerance]	0.01 Da		0.01 da		assessed_only	unmatched	0.000000
PXD011799	20170131_Lumos_RSLC4_Maurer_Hartl_UW_MFPL_TiO2_TMT_fr6.raw	Technical	comment[fragment mass tolerance]		10 ppm		10 ppm	gold_only	unmatched	0.000000
PXD011799	20170131_Lumos_RSLC4_Maurer_Hartl_UW_MFPL_TiO2_TMT_fr6.raw	Technical	comment[instrument]	NT=Orbitrap Fusion Lumos;AC=MS:1002732	NT=Orbitrap Fusion Lumos	cv:ms:1002732	nt orbitrap fusion lumos	matched	fuzzy	0.933333
PXD011799	20170131_Lumos_RSLC4_Maurer_Hartl_UW_MFPL_TiO2_TMT_fr6.raw	Technical	comment[label]	TMT131	TMT131	tmt131	tmt131	matched	exact_normalized	1.000000
PXD011799	20170131_Lumos_RSLC4_Maurer_Hartl_UW_MFPL_TiO2_TMT_fr6.raw	Technical	comment[label]	TMT130C	TMT130C	tmt130c	tmt130c	matched	exact_normalized	1.000000
PXD011799	20170131_Lumos_RSLC4_Maurer_Hartl_UW_MFPL_TiO2_TMT_fr6.raw	Technical	comment[label]	TMT130N	TMT130N	tmt130n	tmt130n	matched	exact_normalized	1.000000
PXD011799	20170131_Lumos_RSLC4_Maurer_Hartl_UW_MFPL_TiO2_TMT_fr6.raw	Technical	comment[label]	TMT129C	TMT129C	tmt129c	tmt129c	matched	exact_normalized	1.000000
PXD011799	20170131_Lumos_RSLC4_Maurer_Hartl_UW_MFPL_TiO2_TMT_fr6.raw	Technical	comment[label]	TMT129N	TMT129N	tmt129n	tmt129n	matched	exact_normalized	1.000000
PXD011799	20170131_Lumos_RSLC4_Maurer_Hartl_UW_MFPL_TiO2_TMT_fr6.raw	Technical	comment[label]	TMT128C	TMT128C	tmt128c	tmt128c	matched	exact_normalized	1.000000
PXD011799	20170131_Lumos_RSLC4_Maurer_Hartl_UW_MFPL_TiO2_TMT_fr6.raw	Technical	comment[label]	TMT128N	TMT128N	tmt128n	tmt128n	matched	exact_normalized	1.000000
PXD011799	20170131_Lumos_RSLC4_Maurer_Hartl_UW_MFPL_TiO2_TMT_fr6.raw	Technical	comment[label]	TMT127C	TMT127C	tmt127c	tmt127c	matched	exact_normalized	1.000000
PXD011799	20170131_Lumos_RSLC4_Maurer_Hartl_UW_MFPL_TiO2_TMT_fr6.raw	Technical	comment[label]	TMT127N	TMT127N	tmt127n	tmt127n	matched	exact_normalized	1.000000
PXD011799	20170131_Lumos_RSLC4_Maurer_Hartl_UW_MFPL_TiO2_TMT_fr6.raw	Technical	comment[label]	TMT126	TMT126	tmt126	tmt126	matched	exact_normalized	1.000000
PXD011799	20170131_Lumos_RSLC4_Maurer_Hartl_UW_MFPL_TiO2_TMT_fr6.raw	Technical	comment[modification parameters]	NT=Deamidation;AC=UNIMOD:7;MT=Variable;TA=NQ	NT=Deamidation;TA=N,Q;AC=UNIMOD:7;MT=variable	cv:unimod:7	cv:unimod:7	matched	cv_accession	1.000000
PXD011799	20170131_Lumos_RSLC4_Maurer_Hartl_UW_MFPL_TiO2_TMT_fr6.raw	Technical	comment[modification parameters]	NT=Phospho;AC=UNIMOD:21;MT=Variable;TA=STY	NT=Phosphorylation;TA=S,T,Y;AC=UNIMOD:21;MT=variable	cv:unimod:21	cv:unimod:21	matched	cv_accession	1.000000
PXD011799	20170131_Lumos_RSLC4_Maurer_Hartl_UW_MFPL_TiO2_TMT_fr6.raw	Technical	comment[modification parameters]	NT=Oxidation;AC=UNIMOD:35;MT=Variable;TA=M	NT=Oxidation;TA=M;AC=UNIMOD:35;MT=variable	cv:unimod:35	cv:unimod:35	matched	cv_accession	1.000000
PXD011799	20170131_Lumos_RSLC4_Maurer_Hartl_UW_MFPL_TiO2_TMT_fr6.raw	Technical	comment[modification parameters]	NT=TMT6plex;AC=UNIMOD:730;MT=Fixed;TA=K	NT=TMT6plex;PP=Any N-term;AC=UNIMOD:737;MT=fixed	cv:unimod:730	cv:unimod:737	matched	exact_normalized	1.000000
PXD011799	20170131_Lumos_RSLC4_Maurer_Hartl_UW_MFPL_TiO2_TMT_fr6.raw	Technical	comment[modification parameters]	NT=Carbamidomethyl;AC=UNIMOD:4;MT=Fixed;TA=C	NT=Carbamidomethyl;TA=C;AC=UNIMOD:4;MT=fixed	cv:unimod:4	cv:unimod:4	matched	cv_accession	1.000000
PXD011799	20170131_Lumos_RSLC4_Maurer_Hartl_UW_MFPL_TiO2_TMT_fr6.raw	Technical	comment[ms2 mass analyzer]	orbitrap		orbitrap		assessed_only	unmatched	0.000000
PXD011799	20170131_Lumos_RSLC4_Maurer_Hartl_UW_MFPL_TiO2_TMT_fr6.raw	Technical	comment[precursor mass tolerance]	10 ppm		10 ppm		assessed_only	unmatched	0.000000
PXD011799	20170131_Lumos_RSLC4_Maurer_Hartl_UW_MFPL_TiO2_TMT_fr6.raw	Technical	comment[precursor mass tolerance]		0.01 Da		0.01 da	gold_only	unmatched	0.000000
PXD011799	20170131_Lumos_RSLC4_Maurer_Hartl_UW_MFPL_TiO2_TMT_fr6.raw	Technical	comment[proteomics data acquisition method]	NT=data-dependent acquisition;AC=PRIDE:0000627		cv:pride:0000627		assessed_only	unmatched	0.000000
PXD011799	20170131_Lumos_RSLC4_Maurer_Hartl_UW_MFPL_TiO2_TMT_fr6.raw	Technical	comment[reduction reagent]	dithiothreitol		dithiothreitol		assessed_only	unmatched	0.000000
PXD011799	20170131_Lumos_RSLC4_Maurer_Hartl_UW_MFPL_TiO2_TMT_fr6.raw	Technical	technology type	proteomic profiling by mass spectrometry		proteomic profiling by mass spectrometry		assessed_only	unmatched	0.000000
PXD011799	20170131_Lumos_RSLC4_Maurer_Hartl_UW_MFPL_TiO2_TMT_fr6.raw	ExperimentalDesign	characteristics[biological replicate]	8		8		assessed_only	unmatched	0.000000
PXD011799	20170131_Lumos_RSLC4_Maurer_Hartl_UW_MFPL_TiO2_TMT_fr6.raw	ExperimentalDesign	comment[fraction identifier]	12		12		assessed_only	unmatched	0.000000
PXD011799	20170131_Lumos_RSLC4_Maurer_Hartl_UW_MFPL_TiO2_TMT_fr6.raw	ExperimentalDesign	comment[fraction identifier]		6		6	gold_only	unmatched	0.000000
PXD011799	20170131_Lumos_RSLC4_Maurer_Hartl_UW_MFPL_TiO2_TMT_fr6.raw	ExperimentalDesign	comment[technical replicate]	1	1	1	1	matched	exact_normalized	1.000000
PXD011799	20170131_Lumos_RSLC4_Maurer_Hartl_UW_MFPL_TiO2_TMT_fr6.raw	ExperimentalDesign	factor value[disease]	metastatic melanoma		metastatic melanoma		assessed_only	unmatched	0.000000
PXD011799	20170131_Lumos_RSLC4_Maurer_Hartl_UW_MFPL_TiO2_TMT_fr6.raw	ExperimentalDesign	factor value[experimental design]	cell type (PBMCB, TAB), treatment (MCM, control)		cell type pbmcb tab treatment mcm control		assessed_only	unmatched	0.000000
PXD011799	20170131_Lumos_RSLC4_Maurer_Hartl_UW_MFPL_TiO2_TMT_fr7.raw	Biological	characteristics[cell type]	B cells		b cells		assessed_only	unmatched	0.000000
PXD011799	20170131_Lumos_RSLC4_Maurer_Hartl_UW_MFPL_TiO2_TMT_fr7.raw	Biological	characteristics[disease]	metastatic melanoma		metastatic melanoma		assessed_only	unmatched	0.000000
PXD011799	20170131_Lumos_RSLC4_Maurer_Hartl_UW_MFPL_TiO2_TMT_fr7.raw	Biological	characteristics[disease]		melanoma		melanoma	gold_only	unmatched	0.000000
PXD011799	20170131_Lumos_RSLC4_Maurer_Hartl_UW_MFPL_TiO2_TMT_fr7.raw	Biological	characteristics[organism part]	blood, melanoma		blood melanoma		assessed_only	unmatched	0.000000
PXD011799	20170131_Lumos_RSLC4_Maurer_Hartl_UW_MFPL_TiO2_TMT_fr7.raw	Biological	characteristics[organism part]		B cells		b cells	gold_only	unmatched	0.000000
PXD011799	20170131_Lumos_RSLC4_Maurer_Hartl_UW_MFPL_TiO2_TMT_fr7.raw	Biological	characteristics[organism]	Homo sapiens	Homo sapiens	homo sapiens	homo sapiens	matched	exact_normalized	1.000000
PXD011799	20170131_Lumos_RSLC4_Maurer_Hartl_UW_MFPL_TiO2_TMT_fr7.raw	Technical	comment[alkylation reagent]	iodoacetamide		iodoacetamide		assessed_only	unmatched	0.000000
PXD011799	20170131_Lumos_RSLC4_Maurer_Hartl_UW_MFPL_TiO2_TMT_fr7.raw	Technical	comment[cleavage agent details]	NT=Trypsin;AC=MS:1001251	NT=Trypsin;AC=MS:1001251	cv:ms:1001251	cv:ms:1001251	matched	cv_accession	1.000000
PXD011799	20170131_Lumos_RSLC4_Maurer_Hartl_UW_MFPL_TiO2_TMT_fr7.raw	Technical	comment[dissociation method]	NT=beam-type collision-induced dissociation;AC=MS:1000422		cv:ms:1000422		assessed_only	unmatched	0.000000
PXD011799	20170131_Lumos_RSLC4_Maurer_Hartl_UW_MFPL_TiO2_TMT_fr7.raw	Technical	comment[fragment mass tolerance]	0.01 Da		0.01 da		assessed_only	unmatched	0.000000
PXD011799	20170131_Lumos_RSLC4_Maurer_Hartl_UW_MFPL_TiO2_TMT_fr7.raw	Technical	comment[fragment mass tolerance]		10 ppm		10 ppm	gold_only	unmatched	0.000000
PXD011799	20170131_Lumos_RSLC4_Maurer_Hartl_UW_MFPL_TiO2_TMT_fr7.raw	Technical	comment[instrument]	NT=Orbitrap Fusion Lumos;AC=MS:1002732	NT=Orbitrap Fusion Lumos	cv:ms:1002732	nt orbitrap fusion lumos	matched	fuzzy	0.933333
PXD011799	20170131_Lumos_RSLC4_Maurer_Hartl_UW_MFPL_TiO2_TMT_fr7.raw	Technical	comment[label]	TMT131	TMT131	tmt131	tmt131	matched	exact_normalized	1.000000
PXD011799	20170131_Lumos_RSLC4_Maurer_Hartl_UW_MFPL_TiO2_TMT_fr7.raw	Technical	comment[label]	TMT130C	TMT130C	tmt130c	tmt130c	matched	exact_normalized	1.000000
PXD011799	20170131_Lumos_RSLC4_Maurer_Hartl_UW_MFPL_TiO2_TMT_fr7.raw	Technical	comment[label]	TMT130N	TMT130N	tmt130n	tmt130n	matched	exact_normalized	1.000000
PXD011799	20170131_Lumos_RSLC4_Maurer_Hartl_UW_MFPL_TiO2_TMT_fr7.raw	Technical	comment[label]	TMT129C	TMT129C	tmt129c	tmt129c	matched	exact_normalized	1.000000
PXD011799	20170131_Lumos_RSLC4_Maurer_Hartl_UW_MFPL_TiO2_TMT_fr7.raw	Technical	comment[label]	TMT129N	TMT129N	tmt129n	tmt129n	matched	exact_normalized	1.000000
PXD011799	20170131_Lumos_RSLC4_Maurer_Hartl_UW_MFPL_TiO2_TMT_fr7.raw	Technical	comment[label]	TMT128C	TMT128C	tmt128c	tmt128c	matched	exact_normalized	1.000000
PXD011799	20170131_Lumos_RSLC4_Maurer_Hartl_UW_MFPL_TiO2_TMT_fr7.raw	Technical	comment[label]	TMT128N	TMT128N	tmt128n	tmt128n	matched	exact_normalized	1.000000
PXD011799	20170131_Lumos_RSLC4_Maurer_Hartl_UW_MFPL_TiO2_TMT_fr7.raw	Technical	comment[label]	TMT127C	TMT127C	tmt127c	tmt127c	matched	exact_normalized	1.000000
PXD011799	20170131_Lumos_RSLC4_Maurer_Hartl_UW_MFPL_TiO2_TMT_fr7.raw	Technical	comment[label]	TMT127N	TMT127N	tmt127n	tmt127n	matched	exact_normalized	1.000000
PXD011799	20170131_Lumos_RSLC4_Maurer_Hartl_UW_MFPL_TiO2_TMT_fr7.raw	Technical	comment[label]	TMT126	TMT126	tmt126	tmt126	matched	exact_normalized	1.000000
PXD011799	20170131_Lumos_RSLC4_Maurer_Hartl_UW_MFPL_TiO2_TMT_fr7.raw	Technical	comment[modification parameters]	NT=Deamidation;AC=UNIMOD:7;MT=Variable;TA=NQ	NT=Deamidation;TA=N,Q;AC=UNIMOD:7;MT=variable	cv:unimod:7	cv:unimod:7	matched	cv_accession	1.000000
PXD011799	20170131_Lumos_RSLC4_Maurer_Hartl_UW_MFPL_TiO2_TMT_fr7.raw	Technical	comment[modification parameters]	NT=Phospho;AC=UNIMOD:21;MT=Variable;TA=STY	NT=Phosphorylation;TA=S,T,Y;AC=UNIMOD:21;MT=variable	cv:unimod:21	cv:unimod:21	matched	cv_accession	1.000000
PXD011799	20170131_Lumos_RSLC4_Maurer_Hartl_UW_MFPL_TiO2_TMT_fr7.raw	Technical	comment[modification parameters]	NT=Oxidation;AC=UNIMOD:35;MT=Variable;TA=M	NT=Oxidation;TA=M;AC=UNIMOD:35;MT=variable	cv:unimod:35	cv:unimod:35	matched	cv_accession	1.000000
PXD011799	20170131_Lumos_RSLC4_Maurer_Hartl_UW_MFPL_TiO2_TMT_fr7.raw	Technical	comment[modification parameters]	NT=TMT6plex;AC=UNIMOD:730;MT=Fixed;TA=K	NT=TMT6plex;PP=Any N-term;AC=UNIMOD:737;MT=fixed	cv:unimod:730	cv:unimod:737	matched	exact_normalized	1.000000
PXD011799	20170131_Lumos_RSLC4_Maurer_Hartl_UW_MFPL_TiO2_TMT_fr7.raw	Technical	comment[modification parameters]	NT=Carbamidomethyl;AC=UNIMOD:4;MT=Fixed;TA=C	NT=Carbamidomethyl;TA=C;AC=UNIMOD:4;MT=fixed	cv:unimod:4	cv:unimod:4	matched	cv_accession	1.000000
PXD011799	20170131_Lumos_RSLC4_Maurer_Hartl_UW_MFPL_TiO2_TMT_fr7.raw	Technical	comment[ms2 mass analyzer]	orbitrap		orbitrap		assessed_only	unmatched	0.000000
PXD011799	20170131_Lumos_RSLC4_Maurer_Hartl_UW_MFPL_TiO2_TMT_fr7.raw	Technical	comment[precursor mass tolerance]	10 ppm		10 ppm		assessed_only	unmatched	0.000000
PXD011799	20170131_Lumos_RSLC4_Maurer_Hartl_UW_MFPL_TiO2_TMT_fr7.raw	Technical	comment[precursor mass tolerance]		0.01 Da		0.01 da	gold_only	unmatched	0.000000
PXD011799	20170131_Lumos_RSLC4_Maurer_Hartl_UW_MFPL_TiO2_TMT_fr7.raw	Technical	comment[proteomics data acquisition method]	NT=data-dependent acquisition;AC=PRIDE:0000627		cv:pride:0000627		assessed_only	unmatched	0.000000
PXD011799	20170131_Lumos_RSLC4_Maurer_Hartl_UW_MFPL_TiO2_TMT_fr7.raw	Technical	comment[reduction reagent]	dithiothreitol		dithiothreitol		assessed_only	unmatched	0.000000
PXD011799	20170131_Lumos_RSLC4_Maurer_Hartl_UW_MFPL_TiO2_TMT_fr7.raw	Technical	technology type	proteomic profiling by mass spectrometry		proteomic profiling by mass spectrometry		assessed_only	unmatched	0.000000
PXD011799	20170131_Lumos_RSLC4_Maurer_Hartl_UW_MFPL_TiO2_TMT_fr7.raw	ExperimentalDesign	characteristics[biological replicate]	8		8		assessed_only	unmatched	0.000000
PXD011799	20170131_Lumos_RSLC4_Maurer_Hartl_UW_MFPL_TiO2_TMT_fr7.raw	ExperimentalDesign	comment[fraction identifier]	12		12		assessed_only	unmatched	0.000000
PXD011799	20170131_Lumos_RSLC4_Maurer_Hartl_UW_MFPL_TiO2_TMT_fr7.raw	ExperimentalDesign	comment[fraction identifier]		7		7	gold_only	unmatched	0.000000
PXD011799	20170131_Lumos_RSLC4_Maurer_Hartl_UW_MFPL_TiO2_TMT_fr7.raw	ExperimentalDesign	comment[technical replicate]	1	1	1	1	matched	exact_normalized	1.000000
PXD011799	20170131_Lumos_RSLC4_Maurer_Hartl_UW_MFPL_TiO2_TMT_fr7.raw	ExperimentalDesign	factor value[disease]	metastatic melanoma		metastatic melanoma		assessed_only	unmatched	0.000000
PXD011799	20170131_Lumos_RSLC4_Maurer_Hartl_UW_MFPL_TiO2_TMT_fr7.raw	ExperimentalDesign	factor value[experimental design]	cell type (PBMCB, TAB), treatment (MCM, control)		cell type pbmcb tab treatment mcm control		assessed_only	unmatched	0.000000
PXD011799	20170131_Lumos_RSLC4_Maurer_Hartl_UW_MFPL_TiO2_TMT_fr8.raw	Biological	characteristics[cell type]	B cells		b cells		assessed_only	unmatched	0.000000
PXD011799	20170131_Lumos_RSLC4_Maurer_Hartl_UW_MFPL_TiO2_TMT_fr8.raw	Biological	characteristics[disease]	metastatic melanoma		metastatic melanoma		assessed_only	unmatched	0.000000
PXD011799	20170131_Lumos_RSLC4_Maurer_Hartl_UW_MFPL_TiO2_TMT_fr8.raw	Biological	characteristics[disease]		melanoma		melanoma	gold_only	unmatched	0.000000
PXD011799	20170131_Lumos_RSLC4_Maurer_Hartl_UW_MFPL_TiO2_TMT_fr8.raw	Biological	characteristics[organism part]	blood, melanoma		blood melanoma		assessed_only	unmatched	0.000000
PXD011799	20170131_Lumos_RSLC4_Maurer_Hartl_UW_MFPL_TiO2_TMT_fr8.raw	Biological	characteristics[organism part]		B cells		b cells	gold_only	unmatched	0.000000
PXD011799	20170131_Lumos_RSLC4_Maurer_Hartl_UW_MFPL_TiO2_TMT_fr8.raw	Biological	characteristics[organism]	Homo sapiens	Homo sapiens	homo sapiens	homo sapiens	matched	exact_normalized	1.000000
PXD011799	20170131_Lumos_RSLC4_Maurer_Hartl_UW_MFPL_TiO2_TMT_fr8.raw	Technical	comment[alkylation reagent]	iodoacetamide		iodoacetamide		assessed_only	unmatched	0.000000
PXD011799	20170131_Lumos_RSLC4_Maurer_Hartl_UW_MFPL_TiO2_TMT_fr8.raw	Technical	comment[cleavage agent details]	NT=Trypsin;AC=MS:1001251	NT=Trypsin;AC=MS:1001251	cv:ms:1001251	cv:ms:1001251	matched	cv_accession	1.000000
PXD011799	20170131_Lumos_RSLC4_Maurer_Hartl_UW_MFPL_TiO2_TMT_fr8.raw	Technical	comment[dissociation method]	NT=beam-type collision-induced dissociation;AC=MS:1000422		cv:ms:1000422		assessed_only	unmatched	0.000000
PXD011799	20170131_Lumos_RSLC4_Maurer_Hartl_UW_MFPL_TiO2_TMT_fr8.raw	Technical	comment[fragment mass tolerance]	0.01 Da		0.01 da		assessed_only	unmatched	0.000000
PXD011799	20170131_Lumos_RSLC4_Maurer_Hartl_UW_MFPL_TiO2_TMT_fr8.raw	Technical	comment[fragment mass tolerance]		10 ppm		10 ppm	gold_only	unmatched	0.000000
PXD011799	20170131_Lumos_RSLC4_Maurer_Hartl_UW_MFPL_TiO2_TMT_fr8.raw	Technical	comment[instrument]	NT=Orbitrap Fusion Lumos;AC=MS:1002732	NT=Orbitrap Fusion Lumos	cv:ms:1002732	nt orbitrap fusion lumos	matched	fuzzy	0.933333
PXD011799	20170131_Lumos_RSLC4_Maurer_Hartl_UW_MFPL_TiO2_TMT_fr8.raw	Technical	comment[label]	TMT131	TMT131	tmt131	tmt131	matched	exact_normalized	1.000000
PXD011799	20170131_Lumos_RSLC4_Maurer_Hartl_UW_MFPL_TiO2_TMT_fr8.raw	Technical	comment[label]	TMT130C	TMT130C	tmt130c	tmt130c	matched	exact_normalized	1.000000
PXD011799	20170131_Lumos_RSLC4_Maurer_Hartl_UW_MFPL_TiO2_TMT_fr8.raw	Technical	comment[label]	TMT130N	TMT130N	tmt130n	tmt130n	matched	exact_normalized	1.000000
PXD011799	20170131_Lumos_RSLC4_Maurer_Hartl_UW_MFPL_TiO2_TMT_fr8.raw	Technical	comment[label]	TMT129C	TMT129C	tmt129c	tmt129c	matched	exact_normalized	1.000000
PXD011799	20170131_Lumos_RSLC4_Maurer_Hartl_UW_MFPL_TiO2_TMT_fr8.raw	Technical	comment[label]	TMT129N	TMT129N	tmt129n	tmt129n	matched	exact_normalized	1.000000
PXD011799	20170131_Lumos_RSLC4_Maurer_Hartl_UW_MFPL_TiO2_TMT_fr8.raw	Technical	comment[label]	TMT128C	TMT128C	tmt128c	tmt128c	matched	exact_normalized	1.000000
PXD011799	20170131_Lumos_RSLC4_Maurer_Hartl_UW_MFPL_TiO2_TMT_fr8.raw	Technical	comment[label]	TMT128N	TMT128N	tmt128n	tmt128n	matched	exact_normalized	1.000000
PXD011799	20170131_Lumos_RSLC4_Maurer_Hartl_UW_MFPL_TiO2_TMT_fr8.raw	Technical	comment[label]	TMT127C	TMT127C	tmt127c	tmt127c	matched	exact_normalized	1.000000
PXD011799	20170131_Lumos_RSLC4_Maurer_Hartl_UW_MFPL_TiO2_TMT_fr8.raw	Technical	comment[label]	TMT127N	TMT127N	tmt127n	tmt127n	matched	exact_normalized	1.000000
PXD011799	20170131_Lumos_RSLC4_Maurer_Hartl_UW_MFPL_TiO2_TMT_fr8.raw	Technical	comment[label]	TMT126	TMT126	tmt126	tmt126	matched	exact_normalized	1.000000
PXD011799	20170131_Lumos_RSLC4_Maurer_Hartl_UW_MFPL_TiO2_TMT_fr8.raw	Technical	comment[modification parameters]	NT=Deamidation;AC=UNIMOD:7;MT=Variable;TA=NQ	NT=Deamidation;TA=N,Q;AC=UNIMOD:7;MT=variable	cv:unimod:7	cv:unimod:7	matched	cv_accession	1.000000
PXD011799	20170131_Lumos_RSLC4_Maurer_Hartl_UW_MFPL_TiO2_TMT_fr8.raw	Technical	comment[modification parameters]	NT=Phospho;AC=UNIMOD:21;MT=Variable;TA=STY	NT=Phosphorylation;TA=S,T,Y;AC=UNIMOD:21;MT=variable	cv:unimod:21	cv:unimod:21	matched	cv_accession	1.000000
PXD011799	20170131_Lumos_RSLC4_Maurer_Hartl_UW_MFPL_TiO2_TMT_fr8.raw	Technical	comment[modification parameters]	NT=Oxidation;AC=UNIMOD:35;MT=Variable;TA=M	NT=Oxidation;TA=M;AC=UNIMOD:35;MT=variable	cv:unimod:35	cv:unimod:35	matched	cv_accession	1.000000
PXD011799	20170131_Lumos_RSLC4_Maurer_Hartl_UW_MFPL_TiO2_TMT_fr8.raw	Technical	comment[modification parameters]	NT=TMT6plex;AC=UNIMOD:730;MT=Fixed;TA=K	NT=TMT6plex;PP=Any N-term;AC=UNIMOD:737;MT=fixed	cv:unimod:730	cv:unimod:737	matched	exact_normalized	1.000000
PXD011799	20170131_Lumos_RSLC4_Maurer_Hartl_UW_MFPL_TiO2_TMT_fr8.raw	Technical	comment[modification parameters]	NT=Carbamidomethyl;AC=UNIMOD:4;MT=Fixed;TA=C	NT=Carbamidomethyl;TA=C;AC=UNIMOD:4;MT=fixed	cv:unimod:4	cv:unimod:4	matched	cv_accession	1.000000
PXD011799	20170131_Lumos_RSLC4_Maurer_Hartl_UW_MFPL_TiO2_TMT_fr8.raw	Technical	comment[ms2 mass analyzer]	orbitrap		orbitrap		assessed_only	unmatched	0.000000
PXD011799	20170131_Lumos_RSLC4_Maurer_Hartl_UW_MFPL_TiO2_TMT_fr8.raw	Technical	comment[precursor mass tolerance]	10 ppm		10 ppm		assessed_only	unmatched	0.000000
PXD011799	20170131_Lumos_RSLC4_Maurer_Hartl_UW_MFPL_TiO2_TMT_fr8.raw	Technical	comment[precursor mass tolerance]		0.01 Da		0.01 da	gold_only	unmatched	0.000000
PXD011799	20170131_Lumos_RSLC4_Maurer_Hartl_UW_MFPL_TiO2_TMT_fr8.raw	Technical	comment[proteomics data acquisition method]	NT=data-dependent acquisition;AC=PRIDE:0000627		cv:pride:0000627		assessed_only	unmatched	0.000000
PXD011799	20170131_Lumos_RSLC4_Maurer_Hartl_UW_MFPL_TiO2_TMT_fr8.raw	Technical	comment[reduction reagent]	dithiothreitol		dithiothreitol		assessed_only	unmatched	0.000000
PXD011799	20170131_Lumos_RSLC4_Maurer_Hartl_UW_MFPL_TiO2_TMT_fr8.raw	Technical	technology type	proteomic profiling by mass spectrometry		proteomic profiling by mass spectrometry		assessed_only	unmatched	0.000000
PXD011799	20170131_Lumos_RSLC4_Maurer_Hartl_UW_MFPL_TiO2_TMT_fr8.raw	ExperimentalDesign	characteristics[biological replicate]	8		8		assessed_only	unmatched	0.000000
PXD011799	20170131_Lumos_RSLC4_Maurer_Hartl_UW_MFPL_TiO2_TMT_fr8.raw	ExperimentalDesign	comment[fraction identifier]	12		12		assessed_only	unmatched	0.000000
PXD011799	20170131_Lumos_RSLC4_Maurer_Hartl_UW_MFPL_TiO2_TMT_fr8.raw	ExperimentalDesign	comment[fraction identifier]		8		8	gold_only	unmatched	0.000000
PXD011799	20170131_Lumos_RSLC4_Maurer_Hartl_UW_MFPL_TiO2_TMT_fr8.raw	ExperimentalDesign	comment[technical replicate]	1	1	1	1	matched	exact_normalized	1.000000
PXD011799	20170131_Lumos_RSLC4_Maurer_Hartl_UW_MFPL_TiO2_TMT_fr8.raw	ExperimentalDesign	factor value[disease]	metastatic melanoma		metastatic melanoma		assessed_only	unmatched	0.000000
PXD011799	20170131_Lumos_RSLC4_Maurer_Hartl_UW_MFPL_TiO2_TMT_fr8.raw	ExperimentalDesign	factor value[experimental design]	cell type (PBMCB, TAB), treatment (MCM, control)		cell type pbmcb tab treatment mcm control		assessed_only	unmatched	0.000000
PXD011799	20170131_Lumos_RSLC4_Maurer_Hartl_UW_MFPL_TiO2_TMT_fr9.raw	Biological	characteristics[cell type]	B cells		b cells		assessed_only	unmatched	0.000000
PXD011799	20170131_Lumos_RSLC4_Maurer_Hartl_UW_MFPL_TiO2_TMT_fr9.raw	Biological	characteristics[disease]	metastatic melanoma		metastatic melanoma		assessed_only	unmatched	0.000000
PXD011799	20170131_Lumos_RSLC4_Maurer_Hartl_UW_MFPL_TiO2_TMT_fr9.raw	Biological	characteristics[disease]		melanoma		melanoma	gold_only	unmatched	0.000000
PXD011799	20170131_Lumos_RSLC4_Maurer_Hartl_UW_MFPL_TiO2_TMT_fr9.raw	Biological	characteristics[organism part]	blood, melanoma		blood melanoma		assessed_only	unmatched	0.000000
PXD011799	20170131_Lumos_RSLC4_Maurer_Hartl_UW_MFPL_TiO2_TMT_fr9.raw	Biological	characteristics[organism part]		B cells		b cells	gold_only	unmatched	0.000000
PXD011799	20170131_Lumos_RSLC4_Maurer_Hartl_UW_MFPL_TiO2_TMT_fr9.raw	Biological	characteristics[organism]	Homo sapiens	Homo sapiens	homo sapiens	homo sapiens	matched	exact_normalized	1.000000
PXD011799	20170131_Lumos_RSLC4_Maurer_Hartl_UW_MFPL_TiO2_TMT_fr9.raw	Technical	comment[alkylation reagent]	iodoacetamide		iodoacetamide		assessed_only	unmatched	0.000000
PXD011799	20170131_Lumos_RSLC4_Maurer_Hartl_UW_MFPL_TiO2_TMT_fr9.raw	Technical	comment[cleavage agent details]	NT=Trypsin;AC=MS:1001251	NT=Trypsin;AC=MS:1001251	cv:ms:1001251	cv:ms:1001251	matched	cv_accession	1.000000
PXD011799	20170131_Lumos_RSLC4_Maurer_Hartl_UW_MFPL_TiO2_TMT_fr9.raw	Technical	comment[dissociation method]	NT=beam-type collision-induced dissociation;AC=MS:1000422		cv:ms:1000422		assessed_only	unmatched	0.000000
PXD011799	20170131_Lumos_RSLC4_Maurer_Hartl_UW_MFPL_TiO2_TMT_fr9.raw	Technical	comment[fragment mass tolerance]	0.01 Da		0.01 da		assessed_only	unmatched	0.000000
PXD011799	20170131_Lumos_RSLC4_Maurer_Hartl_UW_MFPL_TiO2_TMT_fr9.raw	Technical	comment[fragment mass tolerance]		10 ppm		10 ppm	gold_only	unmatched	0.000000
PXD011799	20170131_Lumos_RSLC4_Maurer_Hartl_UW_MFPL_TiO2_TMT_fr9.raw	Technical	comment[instrument]	NT=Orbitrap Fusion Lumos;AC=MS:1002732	NT=Orbitrap Fusion Lumos	cv:ms:1002732	nt orbitrap fusion lumos	matched	fuzzy	0.933333
PXD011799	20170131_Lumos_RSLC4_Maurer_Hartl_UW_MFPL_TiO2_TMT_fr9.raw	Technical	comment[label]	TMT131	TMT131	tmt131	tmt131	matched	exact_normalized	1.000000
PXD011799	20170131_Lumos_RSLC4_Maurer_Hartl_UW_MFPL_TiO2_TMT_fr9.raw	Technical	comment[label]	TMT130C	TMT130C	tmt130c	tmt130c	matched	exact_normalized	1.000000
PXD011799	20170131_Lumos_RSLC4_Maurer_Hartl_UW_MFPL_TiO2_TMT_fr9.raw	Technical	comment[label]	TMT130N	TMT130N	tmt130n	tmt130n	matched	exact_normalized	1.000000
PXD011799	20170131_Lumos_RSLC4_Maurer_Hartl_UW_MFPL_TiO2_TMT_fr9.raw	Technical	comment[label]	TMT129C	TMT129C	tmt129c	tmt129c	matched	exact_normalized	1.000000
PXD011799	20170131_Lumos_RSLC4_Maurer_Hartl_UW_MFPL_TiO2_TMT_fr9.raw	Technical	comment[label]	TMT129N	TMT129N	tmt129n	tmt129n	matched	exact_normalized	1.000000
PXD011799	20170131_Lumos_RSLC4_Maurer_Hartl_UW_MFPL_TiO2_TMT_fr9.raw	Technical	comment[label]	TMT128C	TMT128C	tmt128c	tmt128c	matched	exact_normalized	1.000000
PXD011799	20170131_Lumos_RSLC4_Maurer_Hartl_UW_MFPL_TiO2_TMT_fr9.raw	Technical	comment[label]	TMT128N	TMT128N	tmt128n	tmt128n	matched	exact_normalized	1.000000
PXD011799	20170131_Lumos_RSLC4_Maurer_Hartl_UW_MFPL_TiO2_TMT_fr9.raw	Technical	comment[label]	TMT127C	TMT127C	tmt127c	tmt127c	matched	exact_normalized	1.000000
PXD011799	20170131_Lumos_RSLC4_Maurer_Hartl_UW_MFPL_TiO2_TMT_fr9.raw	Technical	comment[label]	TMT127N	TMT127N	tmt127n	tmt127n	matched	exact_normalized	1.000000
PXD011799	20170131_Lumos_RSLC4_Maurer_Hartl_UW_MFPL_TiO2_TMT_fr9.raw	Technical	comment[label]	TMT126	TMT126	tmt126	tmt126	matched	exact_normalized	1.000000
PXD011799	20170131_Lumos_RSLC4_Maurer_Hartl_UW_MFPL_TiO2_TMT_fr9.raw	Technical	comment[modification parameters]	NT=Deamidation;AC=UNIMOD:7;MT=Variable;TA=NQ	NT=Deamidation;TA=N,Q;AC=UNIMOD:7;MT=variable	cv:unimod:7	cv:unimod:7	matched	cv_accession	1.000000
PXD011799	20170131_Lumos_RSLC4_Maurer_Hartl_UW_MFPL_TiO2_TMT_fr9.raw	Technical	comment[modification parameters]	NT=Phospho;AC=UNIMOD:21;MT=Variable;TA=STY	NT=Phosphorylation;TA=S,T,Y;AC=UNIMOD:21;MT=variable	cv:unimod:21	cv:unimod:21	matched	cv_accession	1.000000
PXD011799	20170131_Lumos_RSLC4_Maurer_Hartl_UW_MFPL_TiO2_TMT_fr9.raw	Technical	comment[modification parameters]	NT=Oxidation;AC=UNIMOD:35;MT=Variable;TA=M	NT=Oxidation;TA=M;AC=UNIMOD:35;MT=variable	cv:unimod:35	cv:unimod:35	matched	cv_accession	1.000000
PXD011799	20170131_Lumos_RSLC4_Maurer_Hartl_UW_MFPL_TiO2_TMT_fr9.raw	Technical	comment[modification parameters]	NT=TMT6plex;AC=UNIMOD:730;MT=Fixed;TA=K	NT=TMT6plex;PP=Any N-term;AC=UNIMOD:737;MT=fixed	cv:unimod:730	cv:unimod:737	matched	exact_normalized	1.000000
PXD011799	20170131_Lumos_RSLC4_Maurer_Hartl_UW_MFPL_TiO2_TMT_fr9.raw	Technical	comment[modification parameters]	NT=Carbamidomethyl;AC=UNIMOD:4;MT=Fixed;TA=C	NT=Carbamidomethyl;TA=C;AC=UNIMOD:4;MT=fixed	cv:unimod:4	cv:unimod:4	matched	cv_accession	1.000000
PXD011799	20170131_Lumos_RSLC4_Maurer_Hartl_UW_MFPL_TiO2_TMT_fr9.raw	Technical	comment[ms2 mass analyzer]	orbitrap		orbitrap		assessed_only	unmatched	0.000000
PXD011799	20170131_Lumos_RSLC4_Maurer_Hartl_UW_MFPL_TiO2_TMT_fr9.raw	Technical	comment[precursor mass tolerance]	10 ppm		10 ppm		assessed_only	unmatched	0.000000
PXD011799	20170131_Lumos_RSLC4_Maurer_Hartl_UW_MFPL_TiO2_TMT_fr9.raw	Technical	comment[precursor mass tolerance]		0.01 Da		0.01 da	gold_only	unmatched	0.000000
PXD011799	20170131_Lumos_RSLC4_Maurer_Hartl_UW_MFPL_TiO2_TMT_fr9.raw	Technical	comment[proteomics data acquisition method]	NT=data-dependent acquisition;AC=PRIDE:0000627		cv:pride:0000627		assessed_only	unmatched	0.000000
PXD011799	20170131_Lumos_RSLC4_Maurer_Hartl_UW_MFPL_TiO2_TMT_fr9.raw	Technical	comment[reduction reagent]	dithiothreitol		dithiothreitol		assessed_only	unmatched	0.000000
PXD011799	20170131_Lumos_RSLC4_Maurer_Hartl_UW_MFPL_TiO2_TMT_fr9.raw	Technical	technology type	proteomic profiling by mass spectrometry		proteomic profiling by mass spectrometry		assessed_only	unmatched	0.000000
PXD011799	20170131_Lumos_RSLC4_Maurer_Hartl_UW_MFPL_TiO2_TMT_fr9.raw	ExperimentalDesign	characteristics[biological replicate]	8		8		assessed_only	unmatched	0.000000
PXD011799	20170131_Lumos_RSLC4_Maurer_Hartl_UW_MFPL_TiO2_TMT_fr9.raw	ExperimentalDesign	comment[fraction identifier]	12		12		assessed_only	unmatched	0.000000
PXD011799	20170131_Lumos_RSLC4_Maurer_Hartl_UW_MFPL_TiO2_TMT_fr9.raw	ExperimentalDesign	comment[fraction identifier]		9		9	gold_only	unmatched	0.000000
PXD011799	20170131_Lumos_RSLC4_Maurer_Hartl_UW_MFPL_TiO2_TMT_fr9.raw	ExperimentalDesign	comment[technical replicate]	1	1	1	1	matched	exact_normalized	1.000000
PXD011799	20170131_Lumos_RSLC4_Maurer_Hartl_UW_MFPL_TiO2_TMT_fr9.raw	ExperimentalDesign	factor value[disease]	metastatic melanoma		metastatic melanoma		assessed_only	unmatched	0.000000
PXD011799	20170131_Lumos_RSLC4_Maurer_Hartl_UW_MFPL_TiO2_TMT_fr9.raw	ExperimentalDesign	factor value[experimental design]	cell type (PBMCB, TAB), treatment (MCM, control)		cell type pbmcb tab treatment mcm control		assessed_only	unmatched	0.000000
PXD011799	20170424_Lumos_RSLC3_Maurer_Hartl_UW_MFPL_shotgun_TMT1_global_Fr1.raw	Biological	characteristics[cell type]	B cells		b cells		assessed_only	unmatched	0.000000
PXD011799	20170424_Lumos_RSLC3_Maurer_Hartl_UW_MFPL_shotgun_TMT1_global_Fr1.raw	Biological	characteristics[disease]	metastatic melanoma		metastatic melanoma		assessed_only	unmatched	0.000000
PXD011799	20170424_Lumos_RSLC3_Maurer_Hartl_UW_MFPL_shotgun_TMT1_global_Fr1.raw	Biological	characteristics[disease]		melanoma		melanoma	gold_only	unmatched	0.000000
PXD011799	20170424_Lumos_RSLC3_Maurer_Hartl_UW_MFPL_shotgun_TMT1_global_Fr1.raw	Biological	characteristics[organism part]	blood, melanoma		blood melanoma		assessed_only	unmatched	0.000000
PXD011799	20170424_Lumos_RSLC3_Maurer_Hartl_UW_MFPL_shotgun_TMT1_global_Fr1.raw	Biological	characteristics[organism part]		B cells		b cells	gold_only	unmatched	0.000000
PXD011799	20170424_Lumos_RSLC3_Maurer_Hartl_UW_MFPL_shotgun_TMT1_global_Fr1.raw	Biological	characteristics[organism]	Homo sapiens	Homo sapiens	homo sapiens	homo sapiens	matched	exact_normalized	1.000000
PXD011799	20170424_Lumos_RSLC3_Maurer_Hartl_UW_MFPL_shotgun_TMT1_global_Fr1.raw	Technical	comment[alkylation reagent]	iodoacetamide		iodoacetamide		assessed_only	unmatched	0.000000
PXD011799	20170424_Lumos_RSLC3_Maurer_Hartl_UW_MFPL_shotgun_TMT1_global_Fr1.raw	Technical	comment[cleavage agent details]	NT=Trypsin;AC=MS:1001251	NT=Trypsin;AC=MS:1001251	cv:ms:1001251	cv:ms:1001251	matched	cv_accession	1.000000
PXD011799	20170424_Lumos_RSLC3_Maurer_Hartl_UW_MFPL_shotgun_TMT1_global_Fr1.raw	Technical	comment[dissociation method]	NT=beam-type collision-induced dissociation;AC=MS:1000422		cv:ms:1000422		assessed_only	unmatched	0.000000
PXD011799	20170424_Lumos_RSLC3_Maurer_Hartl_UW_MFPL_shotgun_TMT1_global_Fr1.raw	Technical	comment[fragment mass tolerance]	0.01 Da		0.01 da		assessed_only	unmatched	0.000000
PXD011799	20170424_Lumos_RSLC3_Maurer_Hartl_UW_MFPL_shotgun_TMT1_global_Fr1.raw	Technical	comment[fragment mass tolerance]		10 ppm		10 ppm	gold_only	unmatched	0.000000
PXD011799	20170424_Lumos_RSLC3_Maurer_Hartl_UW_MFPL_shotgun_TMT1_global_Fr1.raw	Technical	comment[instrument]	NT=Orbitrap Fusion Lumos;AC=MS:1002732	NT=Orbitrap Fusion Lumos	cv:ms:1002732	nt orbitrap fusion lumos	matched	fuzzy	0.933333
PXD011799	20170424_Lumos_RSLC3_Maurer_Hartl_UW_MFPL_shotgun_TMT1_global_Fr1.raw	Technical	comment[label]	TMT131	TMT131	tmt131	tmt131	matched	exact_normalized	1.000000
PXD011799	20170424_Lumos_RSLC3_Maurer_Hartl_UW_MFPL_shotgun_TMT1_global_Fr1.raw	Technical	comment[label]	TMT130C	TMT130C	tmt130c	tmt130c	matched	exact_normalized	1.000000
PXD011799	20170424_Lumos_RSLC3_Maurer_Hartl_UW_MFPL_shotgun_TMT1_global_Fr1.raw	Technical	comment[label]	TMT130N	TMT130N	tmt130n	tmt130n	matched	exact_normalized	1.000000
PXD011799	20170424_Lumos_RSLC3_Maurer_Hartl_UW_MFPL_shotgun_TMT1_global_Fr1.raw	Technical	comment[label]	TMT129C	TMT129C	tmt129c	tmt129c	matched	exact_normalized	1.000000
PXD011799	20170424_Lumos_RSLC3_Maurer_Hartl_UW_MFPL_shotgun_TMT1_global_Fr1.raw	Technical	comment[label]	TMT129N	TMT129N	tmt129n	tmt129n	matched	exact_normalized	1.000000
PXD011799	20170424_Lumos_RSLC3_Maurer_Hartl_UW_MFPL_shotgun_TMT1_global_Fr1.raw	Technical	comment[label]	TMT128C	TMT128C	tmt128c	tmt128c	matched	exact_normalized	1.000000
PXD011799	20170424_Lumos_RSLC3_Maurer_Hartl_UW_MFPL_shotgun_TMT1_global_Fr1.raw	Technical	comment[label]	TMT128N	TMT128N	tmt128n	tmt128n	matched	exact_normalized	1.000000
PXD011799	20170424_Lumos_RSLC3_Maurer_Hartl_UW_MFPL_shotgun_TMT1_global_Fr1.raw	Technical	comment[label]	TMT127C	TMT127C	tmt127c	tmt127c	matched	exact_normalized	1.000000
PXD011799	20170424_Lumos_RSLC3_Maurer_Hartl_UW_MFPL_shotgun_TMT1_global_Fr1.raw	Technical	comment[label]	TMT127N	TMT127N	tmt127n	tmt127n	matched	exact_normalized	1.000000
PXD011799	20170424_Lumos_RSLC3_Maurer_Hartl_UW_MFPL_shotgun_TMT1_global_Fr1.raw	Technical	comment[label]	TMT126	TMT126	tmt126	tmt126	matched	exact_normalized	1.000000
PXD011799	20170424_Lumos_RSLC3_Maurer_Hartl_UW_MFPL_shotgun_TMT1_global_Fr1.raw	Technical	comment[modification parameters]	NT=Deamidation;AC=UNIMOD:7;MT=Variable;TA=NQ	NT=Deamidation;TA=N,Q;AC=UNIMOD:7;MT=variable	cv:unimod:7	cv:unimod:7	matched	cv_accession	1.000000
PXD011799	20170424_Lumos_RSLC3_Maurer_Hartl_UW_MFPL_shotgun_TMT1_global_Fr1.raw	Technical	comment[modification parameters]	NT=Oxidation;AC=UNIMOD:35;MT=Variable;TA=M	NT=Oxidation;TA=M;AC=UNIMOD:35;MT=variable	cv:unimod:35	cv:unimod:35	matched	cv_accession	1.000000
PXD011799	20170424_Lumos_RSLC3_Maurer_Hartl_UW_MFPL_shotgun_TMT1_global_Fr1.raw	Technical	comment[modification parameters]	NT=TMT6plex;AC=UNIMOD:730;MT=Fixed;TA=K	NT=TMT6plex;PP=Any N-term;AC=UNIMOD:737;MT=fixed	cv:unimod:730	cv:unimod:737	matched	exact_normalized	1.000000
PXD011799	20170424_Lumos_RSLC3_Maurer_Hartl_UW_MFPL_shotgun_TMT1_global_Fr1.raw	Technical	comment[modification parameters]	NT=Carbamidomethyl;AC=UNIMOD:4;MT=Fixed;TA=C	NT=Carbamidomethyl;TA=C;AC=UNIMOD:4;MT=fixed	cv:unimod:4	cv:unimod:4	matched	cv_accession	1.000000
PXD011799	20170424_Lumos_RSLC3_Maurer_Hartl_UW_MFPL_shotgun_TMT1_global_Fr1.raw	Technical	comment[modification parameters]	NT=Phospho;AC=UNIMOD:21;MT=Variable;TA=STY		cv:unimod:21		assessed_only	unmatched	0.000000
PXD011799	20170424_Lumos_RSLC3_Maurer_Hartl_UW_MFPL_shotgun_TMT1_global_Fr1.raw	Technical	comment[ms2 mass analyzer]	orbitrap		orbitrap		assessed_only	unmatched	0.000000
PXD011799	20170424_Lumos_RSLC3_Maurer_Hartl_UW_MFPL_shotgun_TMT1_global_Fr1.raw	Technical	comment[precursor mass tolerance]	10 ppm		10 ppm		assessed_only	unmatched	0.000000
PXD011799	20170424_Lumos_RSLC3_Maurer_Hartl_UW_MFPL_shotgun_TMT1_global_Fr1.raw	Technical	comment[precursor mass tolerance]		0.01 Da		0.01 da	gold_only	unmatched	0.000000
PXD011799	20170424_Lumos_RSLC3_Maurer_Hartl_UW_MFPL_shotgun_TMT1_global_Fr1.raw	Technical	comment[proteomics data acquisition method]	NT=data-dependent acquisition;AC=PRIDE:0000627		cv:pride:0000627		assessed_only	unmatched	0.000000
PXD011799	20170424_Lumos_RSLC3_Maurer_Hartl_UW_MFPL_shotgun_TMT1_global_Fr1.raw	Technical	comment[reduction reagent]	dithiothreitol		dithiothreitol		assessed_only	unmatched	0.000000
PXD011799	20170424_Lumos_RSLC3_Maurer_Hartl_UW_MFPL_shotgun_TMT1_global_Fr1.raw	Technical	technology type	proteomic profiling by mass spectrometry		proteomic profiling by mass spectrometry		assessed_only	unmatched	0.000000
PXD011799	20170424_Lumos_RSLC3_Maurer_Hartl_UW_MFPL_shotgun_TMT1_global_Fr1.raw	ExperimentalDesign	characteristics[biological replicate]	8		8		assessed_only	unmatched	0.000000
PXD011799	20170424_Lumos_RSLC3_Maurer_Hartl_UW_MFPL_shotgun_TMT1_global_Fr1.raw	ExperimentalDesign	comment[fraction identifier]	12		12		assessed_only	unmatched	0.000000
PXD011799	20170424_Lumos_RSLC3_Maurer_Hartl_UW_MFPL_shotgun_TMT1_global_Fr1.raw	ExperimentalDesign	comment[fraction identifier]		1		1	gold_only	unmatched	0.000000
PXD011799	20170424_Lumos_RSLC3_Maurer_Hartl_UW_MFPL_shotgun_TMT1_global_Fr1.raw	ExperimentalDesign	comment[technical replicate]	1	1	1	1	matched	exact_normalized	1.000000
PXD011799	20170424_Lumos_RSLC3_Maurer_Hartl_UW_MFPL_shotgun_TMT1_global_Fr1.raw	ExperimentalDesign	factor value[disease]	metastatic melanoma		metastatic melanoma		assessed_only	unmatched	0.000000
PXD011799	20170424_Lumos_RSLC3_Maurer_Hartl_UW_MFPL_shotgun_TMT1_global_Fr1.raw	ExperimentalDesign	factor value[experimental design]	cell type (PBMCB, TAB), treatment (MCM, control)		cell type pbmcb tab treatment mcm control		assessed_only	unmatched	0.000000
PXD011799	20170424_Lumos_RSLC3_Maurer_Hartl_UW_MFPL_shotgun_TMT1_global_Fr10.raw	Biological	characteristics[cell type]	B cells		b cells		assessed_only	unmatched	0.000000
PXD011799	20170424_Lumos_RSLC3_Maurer_Hartl_UW_MFPL_shotgun_TMT1_global_Fr10.raw	Biological	characteristics[disease]	metastatic melanoma		metastatic melanoma		assessed_only	unmatched	0.000000
PXD011799	20170424_Lumos_RSLC3_Maurer_Hartl_UW_MFPL_shotgun_TMT1_global_Fr10.raw	Biological	characteristics[disease]		melanoma		melanoma	gold_only	unmatched	0.000000
PXD011799	20170424_Lumos_RSLC3_Maurer_Hartl_UW_MFPL_shotgun_TMT1_global_Fr10.raw	Biological	characteristics[organism part]	blood, melanoma		blood melanoma		assessed_only	unmatched	0.000000
PXD011799	20170424_Lumos_RSLC3_Maurer_Hartl_UW_MFPL_shotgun_TMT1_global_Fr10.raw	Biological	characteristics[organism part]		B cells		b cells	gold_only	unmatched	0.000000
PXD011799	20170424_Lumos_RSLC3_Maurer_Hartl_UW_MFPL_shotgun_TMT1_global_Fr10.raw	Biological	characteristics[organism]	Homo sapiens	Homo sapiens	homo sapiens	homo sapiens	matched	exact_normalized	1.000000
PXD011799	20170424_Lumos_RSLC3_Maurer_Hartl_UW_MFPL_shotgun_TMT1_global_Fr10.raw	Technical	comment[alkylation reagent]	iodoacetamide		iodoacetamide		assessed_only	unmatched	0.000000
PXD011799	20170424_Lumos_RSLC3_Maurer_Hartl_UW_MFPL_shotgun_TMT1_global_Fr10.raw	Technical	comment[cleavage agent details]	NT=Trypsin;AC=MS:1001251	NT=Trypsin;AC=MS:1001251	cv:ms:1001251	cv:ms:1001251	matched	cv_accession	1.000000
PXD011799	20170424_Lumos_RSLC3_Maurer_Hartl_UW_MFPL_shotgun_TMT1_global_Fr10.raw	Technical	comment[dissociation method]	NT=beam-type collision-induced dissociation;AC=MS:1000422		cv:ms:1000422		assessed_only	unmatched	0.000000
PXD011799	20170424_Lumos_RSLC3_Maurer_Hartl_UW_MFPL_shotgun_TMT1_global_Fr10.raw	Technical	comment[fragment mass tolerance]	0.01 Da		0.01 da		assessed_only	unmatched	0.000000
PXD011799	20170424_Lumos_RSLC3_Maurer_Hartl_UW_MFPL_shotgun_TMT1_global_Fr10.raw	Technical	comment[fragment mass tolerance]		10 ppm		10 ppm	gold_only	unmatched	0.000000
PXD011799	20170424_Lumos_RSLC3_Maurer_Hartl_UW_MFPL_shotgun_TMT1_global_Fr10.raw	Technical	comment[instrument]	NT=Orbitrap Fusion Lumos;AC=MS:1002732	NT=Orbitrap Fusion Lumos	cv:ms:1002732	nt orbitrap fusion lumos	matched	fuzzy	0.933333
PXD011799	20170424_Lumos_RSLC3_Maurer_Hartl_UW_MFPL_shotgun_TMT1_global_Fr10.raw	Technical	comment[label]	TMT131	TMT131	tmt131	tmt131	matched	exact_normalized	1.000000
PXD011799	20170424_Lumos_RSLC3_Maurer_Hartl_UW_MFPL_shotgun_TMT1_global_Fr10.raw	Technical	comment[label]	TMT130C	TMT130C	tmt130c	tmt130c	matched	exact_normalized	1.000000
PXD011799	20170424_Lumos_RSLC3_Maurer_Hartl_UW_MFPL_shotgun_TMT1_global_Fr10.raw	Technical	comment[label]	TMT130N	TMT130N	tmt130n	tmt130n	matched	exact_normalized	1.000000
PXD011799	20170424_Lumos_RSLC3_Maurer_Hartl_UW_MFPL_shotgun_TMT1_global_Fr10.raw	Technical	comment[label]	TMT129C	TMT129C	tmt129c	tmt129c	matched	exact_normalized	1.000000
PXD011799	20170424_Lumos_RSLC3_Maurer_Hartl_UW_MFPL_shotgun_TMT1_global_Fr10.raw	Technical	comment[label]	TMT129N	TMT129N	tmt129n	tmt129n	matched	exact_normalized	1.000000
PXD011799	20170424_Lumos_RSLC3_Maurer_Hartl_UW_MFPL_shotgun_TMT1_global_Fr10.raw	Technical	comment[label]	TMT128C	TMT128C	tmt128c	tmt128c	matched	exact_normalized	1.000000
PXD011799	20170424_Lumos_RSLC3_Maurer_Hartl_UW_MFPL_shotgun_TMT1_global_Fr10.raw	Technical	comment[label]	TMT128N	TMT128N	tmt128n	tmt128n	matched	exact_normalized	1.000000
PXD011799	20170424_Lumos_RSLC3_Maurer_Hartl_UW_MFPL_shotgun_TMT1_global_Fr10.raw	Technical	comment[label]	TMT127C	TMT127C	tmt127c	tmt127c	matched	exact_normalized	1.000000
PXD011799	20170424_Lumos_RSLC3_Maurer_Hartl_UW_MFPL_shotgun_TMT1_global_Fr10.raw	Technical	comment[label]	TMT127N	TMT127N	tmt127n	tmt127n	matched	exact_normalized	1.000000
PXD011799	20170424_Lumos_RSLC3_Maurer_Hartl_UW_MFPL_shotgun_TMT1_global_Fr10.raw	Technical	comment[label]	TMT126	TMT126	tmt126	tmt126	matched	exact_normalized	1.000000
PXD011799	20170424_Lumos_RSLC3_Maurer_Hartl_UW_MFPL_shotgun_TMT1_global_Fr10.raw	Technical	comment[modification parameters]	NT=Deamidation;AC=UNIMOD:7;MT=Variable;TA=NQ	NT=Deamidation;TA=N,Q;AC=UNIMOD:7;MT=variable	cv:unimod:7	cv:unimod:7	matched	cv_accession	1.000000
PXD011799	20170424_Lumos_RSLC3_Maurer_Hartl_UW_MFPL_shotgun_TMT1_global_Fr10.raw	Technical	comment[modification parameters]	NT=Oxidation;AC=UNIMOD:35;MT=Variable;TA=M	NT=Oxidation;TA=M;AC=UNIMOD:35;MT=variable	cv:unimod:35	cv:unimod:35	matched	cv_accession	1.000000
PXD011799	20170424_Lumos_RSLC3_Maurer_Hartl_UW_MFPL_shotgun_TMT1_global_Fr10.raw	Technical	comment[modification parameters]	NT=TMT6plex;AC=UNIMOD:730;MT=Fixed;TA=K	NT=TMT6plex;PP=Any N-term;AC=UNIMOD:737;MT=fixed	cv:unimod:730	cv:unimod:737	matched	exact_normalized	1.000000
PXD011799	20170424_Lumos_RSLC3_Maurer_Hartl_UW_MFPL_shotgun_TMT1_global_Fr10.raw	Technical	comment[modification parameters]	NT=Carbamidomethyl;AC=UNIMOD:4;MT=Fixed;TA=C	NT=Carbamidomethyl;TA=C;AC=UNIMOD:4;MT=fixed	cv:unimod:4	cv:unimod:4	matched	cv_accession	1.000000
PXD011799	20170424_Lumos_RSLC3_Maurer_Hartl_UW_MFPL_shotgun_TMT1_global_Fr10.raw	Technical	comment[modification parameters]	NT=Phospho;AC=UNIMOD:21;MT=Variable;TA=STY		cv:unimod:21		assessed_only	unmatched	0.000000
PXD011799	20170424_Lumos_RSLC3_Maurer_Hartl_UW_MFPL_shotgun_TMT1_global_Fr10.raw	Technical	comment[ms2 mass analyzer]	orbitrap		orbitrap		assessed_only	unmatched	0.000000
PXD011799	20170424_Lumos_RSLC3_Maurer_Hartl_UW_MFPL_shotgun_TMT1_global_Fr10.raw	Technical	comment[precursor mass tolerance]	10 ppm		10 ppm		assessed_only	unmatched	0.000000
PXD011799	20170424_Lumos_RSLC3_Maurer_Hartl_UW_MFPL_shotgun_TMT1_global_Fr10.raw	Technical	comment[precursor mass tolerance]		0.01 Da		0.01 da	gold_only	unmatched	0.000000
PXD011799	20170424_Lumos_RSLC3_Maurer_Hartl_UW_MFPL_shotgun_TMT1_global_Fr10.raw	Technical	comment[proteomics data acquisition method]	NT=data-dependent acquisition;AC=PRIDE:0000627		cv:pride:0000627		assessed_only	unmatched	0.000000
PXD011799	20170424_Lumos_RSLC3_Maurer_Hartl_UW_MFPL_shotgun_TMT1_global_Fr10.raw	Technical	comment[reduction reagent]	dithiothreitol		dithiothreitol		assessed_only	unmatched	0.000000
PXD011799	20170424_Lumos_RSLC3_Maurer_Hartl_UW_MFPL_shotgun_TMT1_global_Fr10.raw	Technical	technology type	proteomic profiling by mass spectrometry		proteomic profiling by mass spectrometry		assessed_only	unmatched	0.000000
PXD011799	20170424_Lumos_RSLC3_Maurer_Hartl_UW_MFPL_shotgun_TMT1_global_Fr10.raw	ExperimentalDesign	characteristics[biological replicate]	8		8		assessed_only	unmatched	0.000000
PXD011799	20170424_Lumos_RSLC3_Maurer_Hartl_UW_MFPL_shotgun_TMT1_global_Fr10.raw	ExperimentalDesign	comment[fraction identifier]	12		12		assessed_only	unmatched	0.000000
PXD011799	20170424_Lumos_RSLC3_Maurer_Hartl_UW_MFPL_shotgun_TMT1_global_Fr10.raw	ExperimentalDesign	comment[fraction identifier]		10		10	gold_only	unmatched	0.000000
PXD011799	20170424_Lumos_RSLC3_Maurer_Hartl_UW_MFPL_shotgun_TMT1_global_Fr10.raw	ExperimentalDesign	comment[technical replicate]	1	1	1	1	matched	exact_normalized	1.000000
PXD011799	20170424_Lumos_RSLC3_Maurer_Hartl_UW_MFPL_shotgun_TMT1_global_Fr10.raw	ExperimentalDesign	factor value[disease]	metastatic melanoma		metastatic melanoma		assessed_only	unmatched	0.000000
PXD011799	20170424_Lumos_RSLC3_Maurer_Hartl_UW_MFPL_shotgun_TMT1_global_Fr10.raw	ExperimentalDesign	factor value[experimental design]	cell type (PBMCB, TAB), treatment (MCM, control)		cell type pbmcb tab treatment mcm control		assessed_only	unmatched	0.000000
PXD011799	20170424_Lumos_RSLC3_Maurer_Hartl_UW_MFPL_shotgun_TMT1_global_Fr11.raw	Biological	characteristics[cell type]	B cells		b cells		assessed_only	unmatched	0.000000
PXD011799	20170424_Lumos_RSLC3_Maurer_Hartl_UW_MFPL_shotgun_TMT1_global_Fr11.raw	Biological	characteristics[disease]	metastatic melanoma		metastatic melanoma		assessed_only	unmatched	0.000000
PXD011799	20170424_Lumos_RSLC3_Maurer_Hartl_UW_MFPL_shotgun_TMT1_global_Fr11.raw	Biological	characteristics[disease]		melanoma		melanoma	gold_only	unmatched	0.000000
PXD011799	20170424_Lumos_RSLC3_Maurer_Hartl_UW_MFPL_shotgun_TMT1_global_Fr11.raw	Biological	characteristics[organism part]	blood, melanoma		blood melanoma		assessed_only	unmatched	0.000000
PXD011799	20170424_Lumos_RSLC3_Maurer_Hartl_UW_MFPL_shotgun_TMT1_global_Fr11.raw	Biological	characteristics[organism part]		B cells		b cells	gold_only	unmatched	0.000000
PXD011799	20170424_Lumos_RSLC3_Maurer_Hartl_UW_MFPL_shotgun_TMT1_global_Fr11.raw	Biological	characteristics[organism]	Homo sapiens	Homo sapiens	homo sapiens	homo sapiens	matched	exact_normalized	1.000000
PXD011799	20170424_Lumos_RSLC3_Maurer_Hartl_UW_MFPL_shotgun_TMT1_global_Fr11.raw	Technical	comment[alkylation reagent]	iodoacetamide		iodoacetamide		assessed_only	unmatched	0.000000
PXD011799	20170424_Lumos_RSLC3_Maurer_Hartl_UW_MFPL_shotgun_TMT1_global_Fr11.raw	Technical	comment[cleavage agent details]	NT=Trypsin;AC=MS:1001251	NT=Trypsin;AC=MS:1001251	cv:ms:1001251	cv:ms:1001251	matched	cv_accession	1.000000
PXD011799	20170424_Lumos_RSLC3_Maurer_Hartl_UW_MFPL_shotgun_TMT1_global_Fr11.raw	Technical	comment[dissociation method]	NT=beam-type collision-induced dissociation;AC=MS:1000422		cv:ms:1000422		assessed_only	unmatched	0.000000
PXD011799	20170424_Lumos_RSLC3_Maurer_Hartl_UW_MFPL_shotgun_TMT1_global_Fr11.raw	Technical	comment[fragment mass tolerance]	0.01 Da		0.01 da		assessed_only	unmatched	0.000000
PXD011799	20170424_Lumos_RSLC3_Maurer_Hartl_UW_MFPL_shotgun_TMT1_global_Fr11.raw	Technical	comment[fragment mass tolerance]		10 ppm		10 ppm	gold_only	unmatched	0.000000
PXD011799	20170424_Lumos_RSLC3_Maurer_Hartl_UW_MFPL_shotgun_TMT1_global_Fr11.raw	Technical	comment[instrument]	NT=Orbitrap Fusion Lumos;AC=MS:1002732	NT=Orbitrap Fusion Lumos	cv:ms:1002732	nt orbitrap fusion lumos	matched	fuzzy	0.933333
PXD011799	20170424_Lumos_RSLC3_Maurer_Hartl_UW_MFPL_shotgun_TMT1_global_Fr11.raw	Technical	comment[label]	TMT131	TMT131	tmt131	tmt131	matched	exact_normalized	1.000000
PXD011799	20170424_Lumos_RSLC3_Maurer_Hartl_UW_MFPL_shotgun_TMT1_global_Fr11.raw	Technical	comment[label]	TMT130C	TMT130C	tmt130c	tmt130c	matched	exact_normalized	1.000000
PXD011799	20170424_Lumos_RSLC3_Maurer_Hartl_UW_MFPL_shotgun_TMT1_global_Fr11.raw	Technical	comment[label]	TMT130N	TMT130N	tmt130n	tmt130n	matched	exact_normalized	1.000000
PXD011799	20170424_Lumos_RSLC3_Maurer_Hartl_UW_MFPL_shotgun_TMT1_global_Fr11.raw	Technical	comment[label]	TMT129C	TMT129C	tmt129c	tmt129c	matched	exact_normalized	1.000000
PXD011799	20170424_Lumos_RSLC3_Maurer_Hartl_UW_MFPL_shotgun_TMT1_global_Fr11.raw	Technical	comment[label]	TMT129N	TMT129N	tmt129n	tmt129n	matched	exact_normalized	1.000000
PXD011799	20170424_Lumos_RSLC3_Maurer_Hartl_UW_MFPL_shotgun_TMT1_global_Fr11.raw	Technical	comment[label]	TMT128C	TMT128C	tmt128c	tmt128c	matched	exact_normalized	1.000000
PXD011799	20170424_Lumos_RSLC3_Maurer_Hartl_UW_MFPL_shotgun_TMT1_global_Fr11.raw	Technical	comment[label]	TMT128N	TMT128N	tmt128n	tmt128n	matched	exact_normalized	1.000000
PXD011799	20170424_Lumos_RSLC3_Maurer_Hartl_UW_MFPL_shotgun_TMT1_global_Fr11.raw	Technical	comment[label]	TMT127C	TMT127C	tmt127c	tmt127c	matched	exact_normalized	1.000000
PXD011799	20170424_Lumos_RSLC3_Maurer_Hartl_UW_MFPL_shotgun_TMT1_global_Fr11.raw	Technical	comment[label]	TMT127N	TMT127N	tmt127n	tmt127n	matched	exact_normalized	1.000000
PXD011799	20170424_Lumos_RSLC3_Maurer_Hartl_UW_MFPL_shotgun_TMT1_global_Fr11.raw	Technical	comment[label]	TMT126	TMT126	tmt126	tmt126	matched	exact_normalized	1.000000
PXD011799	20170424_Lumos_RSLC3_Maurer_Hartl_UW_MFPL_shotgun_TMT1_global_Fr11.raw	Technical	comment[modification parameters]	NT=Deamidation;AC=UNIMOD:7;MT=Variable;TA=NQ	NT=Deamidation;TA=N,Q;AC=UNIMOD:7;MT=variable	cv:unimod:7	cv:unimod:7	matched	cv_accession	1.000000
PXD011799	20170424_Lumos_RSLC3_Maurer_Hartl_UW_MFPL_shotgun_TMT1_global_Fr11.raw	Technical	comment[modification parameters]	NT=Oxidation;AC=UNIMOD:35;MT=Variable;TA=M	NT=Oxidation;TA=M;AC=UNIMOD:35;MT=variable	cv:unimod:35	cv:unimod:35	matched	cv_accession	1.000000
PXD011799	20170424_Lumos_RSLC3_Maurer_Hartl_UW_MFPL_shotgun_TMT1_global_Fr11.raw	Technical	comment[modification parameters]	NT=TMT6plex;AC=UNIMOD:730;MT=Fixed;TA=K	NT=TMT6plex;PP=Any N-term;AC=UNIMOD:737;MT=fixed	cv:unimod:730	cv:unimod:737	matched	exact_normalized	1.000000
PXD011799	20170424_Lumos_RSLC3_Maurer_Hartl_UW_MFPL_shotgun_TMT1_global_Fr11.raw	Technical	comment[modification parameters]	NT=Carbamidomethyl;AC=UNIMOD:4;MT=Fixed;TA=C	NT=Carbamidomethyl;TA=C;AC=UNIMOD:4;MT=fixed	cv:unimod:4	cv:unimod:4	matched	cv_accession	1.000000
PXD011799	20170424_Lumos_RSLC3_Maurer_Hartl_UW_MFPL_shotgun_TMT1_global_Fr11.raw	Technical	comment[modification parameters]	NT=Phospho;AC=UNIMOD:21;MT=Variable;TA=STY		cv:unimod:21		assessed_only	unmatched	0.000000
PXD011799	20170424_Lumos_RSLC3_Maurer_Hartl_UW_MFPL_shotgun_TMT1_global_Fr11.raw	Technical	comment[ms2 mass analyzer]	orbitrap		orbitrap		assessed_only	unmatched	0.000000
PXD011799	20170424_Lumos_RSLC3_Maurer_Hartl_UW_MFPL_shotgun_TMT1_global_Fr11.raw	Technical	comment[precursor mass tolerance]	10 ppm		10 ppm		assessed_only	unmatched	0.000000
PXD011799	20170424_Lumos_RSLC3_Maurer_Hartl_UW_MFPL_shotgun_TMT1_global_Fr11.raw	Technical	comment[precursor mass tolerance]		0.01 Da		0.01 da	gold_only	unmatched	0.000000
PXD011799	20170424_Lumos_RSLC3_Maurer_Hartl_UW_MFPL_shotgun_TMT1_global_Fr11.raw	Technical	comment[proteomics data acquisition method]	NT=data-dependent acquisition;AC=PRIDE:0000627		cv:pride:0000627		assessed_only	unmatched	0.000000
PXD011799	20170424_Lumos_RSLC3_Maurer_Hartl_UW_MFPL_shotgun_TMT1_global_Fr11.raw	Technical	comment[reduction reagent]	dithiothreitol		dithiothreitol		assessed_only	unmatched	0.000000
PXD011799	20170424_Lumos_RSLC3_Maurer_Hartl_UW_MFPL_shotgun_TMT1_global_Fr11.raw	Technical	technology type	proteomic profiling by mass spectrometry		proteomic profiling by mass spectrometry		assessed_only	unmatched	0.000000
PXD011799	20170424_Lumos_RSLC3_Maurer_Hartl_UW_MFPL_shotgun_TMT1_global_Fr11.raw	ExperimentalDesign	characteristics[biological replicate]	8		8		assessed_only	unmatched	0.000000
PXD011799	20170424_Lumos_RSLC3_Maurer_Hartl_UW_MFPL_shotgun_TMT1_global_Fr11.raw	ExperimentalDesign	comment[fraction identifier]	12		12		assessed_only	unmatched	0.000000
PXD011799	20170424_Lumos_RSLC3_Maurer_Hartl_UW_MFPL_shotgun_TMT1_global_Fr11.raw	ExperimentalDesign	comment[fraction identifier]		11		11	gold_only	unmatched	0.000000
PXD011799	20170424_Lumos_RSLC3_Maurer_Hartl_UW_MFPL_shotgun_TMT1_global_Fr11.raw	ExperimentalDesign	comment[technical replicate]	1	1	1	1	matched	exact_normalized	1.000000
PXD011799	20170424_Lumos_RSLC3_Maurer_Hartl_UW_MFPL_shotgun_TMT1_global_Fr11.raw	ExperimentalDesign	factor value[disease]	metastatic melanoma		metastatic melanoma		assessed_only	unmatched	0.000000
PXD011799	20170424_Lumos_RSLC3_Maurer_Hartl_UW_MFPL_shotgun_TMT1_global_Fr11.raw	ExperimentalDesign	factor value[experimental design]	cell type (PBMCB, TAB), treatment (MCM, control)		cell type pbmcb tab treatment mcm control		assessed_only	unmatched	0.000000
PXD011799	20170424_Lumos_RSLC3_Maurer_Hartl_UW_MFPL_shotgun_TMT1_global_Fr12.raw	Biological	characteristics[cell type]	B cells		b cells		assessed_only	unmatched	0.000000
PXD011799	20170424_Lumos_RSLC3_Maurer_Hartl_UW_MFPL_shotgun_TMT1_global_Fr12.raw	Biological	characteristics[disease]	metastatic melanoma		metastatic melanoma		assessed_only	unmatched	0.000000
PXD011799	20170424_Lumos_RSLC3_Maurer_Hartl_UW_MFPL_shotgun_TMT1_global_Fr12.raw	Biological	characteristics[disease]		melanoma		melanoma	gold_only	unmatched	0.000000
PXD011799	20170424_Lumos_RSLC3_Maurer_Hartl_UW_MFPL_shotgun_TMT1_global_Fr12.raw	Biological	characteristics[organism part]	blood, melanoma		blood melanoma		assessed_only	unmatched	0.000000
PXD011799	20170424_Lumos_RSLC3_Maurer_Hartl_UW_MFPL_shotgun_TMT1_global_Fr12.raw	Biological	characteristics[organism part]		B cells		b cells	gold_only	unmatched	0.000000
PXD011799	20170424_Lumos_RSLC3_Maurer_Hartl_UW_MFPL_shotgun_TMT1_global_Fr12.raw	Biological	characteristics[organism]	Homo sapiens	Homo sapiens	homo sapiens	homo sapiens	matched	exact_normalized	1.000000
PXD011799	20170424_Lumos_RSLC3_Maurer_Hartl_UW_MFPL_shotgun_TMT1_global_Fr12.raw	Technical	comment[alkylation reagent]	iodoacetamide		iodoacetamide		assessed_only	unmatched	0.000000
PXD011799	20170424_Lumos_RSLC3_Maurer_Hartl_UW_MFPL_shotgun_TMT1_global_Fr12.raw	Technical	comment[cleavage agent details]	NT=Trypsin;AC=MS:1001251	NT=Trypsin;AC=MS:1001251	cv:ms:1001251	cv:ms:1001251	matched	cv_accession	1.000000
PXD011799	20170424_Lumos_RSLC3_Maurer_Hartl_UW_MFPL_shotgun_TMT1_global_Fr12.raw	Technical	comment[dissociation method]	NT=beam-type collision-induced dissociation;AC=MS:1000422		cv:ms:1000422		assessed_only	unmatched	0.000000
PXD011799	20170424_Lumos_RSLC3_Maurer_Hartl_UW_MFPL_shotgun_TMT1_global_Fr12.raw	Technical	comment[fragment mass tolerance]	0.01 Da		0.01 da		assessed_only	unmatched	0.000000
PXD011799	20170424_Lumos_RSLC3_Maurer_Hartl_UW_MFPL_shotgun_TMT1_global_Fr12.raw	Technical	comment[fragment mass tolerance]		10 ppm		10 ppm	gold_only	unmatched	0.000000
PXD011799	20170424_Lumos_RSLC3_Maurer_Hartl_UW_MFPL_shotgun_TMT1_global_Fr12.raw	Technical	comment[instrument]	NT=Orbitrap Fusion Lumos;AC=MS:1002732	NT=Orbitrap Fusion Lumos	cv:ms:1002732	nt orbitrap fusion lumos	matched	fuzzy	0.933333
PXD011799	20170424_Lumos_RSLC3_Maurer_Hartl_UW_MFPL_shotgun_TMT1_global_Fr12.raw	Technical	comment[label]	TMT131	TMT131	tmt131	tmt131	matched	exact_normalized	1.000000
PXD011799	20170424_Lumos_RSLC3_Maurer_Hartl_UW_MFPL_shotgun_TMT1_global_Fr12.raw	Technical	comment[label]	TMT130C	TMT130C	tmt130c	tmt130c	matched	exact_normalized	1.000000
PXD011799	20170424_Lumos_RSLC3_Maurer_Hartl_UW_MFPL_shotgun_TMT1_global_Fr12.raw	Technical	comment[label]	TMT130N	TMT130N	tmt130n	tmt130n	matched	exact_normalized	1.000000
PXD011799	20170424_Lumos_RSLC3_Maurer_Hartl_UW_MFPL_shotgun_TMT1_global_Fr12.raw	Technical	comment[label]	TMT129C	TMT129C	tmt129c	tmt129c	matched	exact_normalized	1.000000
PXD011799	20170424_Lumos_RSLC3_Maurer_Hartl_UW_MFPL_shotgun_TMT1_global_Fr12.raw	Technical	comment[label]	TMT129N	TMT129N	tmt129n	tmt129n	matched	exact_normalized	1.000000
PXD011799	20170424_Lumos_RSLC3_Maurer_Hartl_UW_MFPL_shotgun_TMT1_global_Fr12.raw	Technical	comment[label]	TMT128C	TMT128C	tmt128c	tmt128c	matched	exact_normalized	1.000000
PXD011799	20170424_Lumos_RSLC3_Maurer_Hartl_UW_MFPL_shotgun_TMT1_global_Fr12.raw	Technical	comment[label]	TMT128N	TMT128N	tmt128n	tmt128n	matched	exact_normalized	1.000000
PXD011799	20170424_Lumos_RSLC3_Maurer_Hartl_UW_MFPL_shotgun_TMT1_global_Fr12.raw	Technical	comment[label]	TMT127C	TMT127C	tmt127c	tmt127c	matched	exact_normalized	1.000000
PXD011799	20170424_Lumos_RSLC3_Maurer_Hartl_UW_MFPL_shotgun_TMT1_global_Fr12.raw	Technical	comment[label]	TMT127N	TMT127N	tmt127n	tmt127n	matched	exact_normalized	1.000000
PXD011799	20170424_Lumos_RSLC3_Maurer_Hartl_UW_MFPL_shotgun_TMT1_global_Fr12.raw	Technical	comment[label]	TMT126	TMT126	tmt126	tmt126	matched	exact_normalized	1.000000
PXD011799	20170424_Lumos_RSLC3_Maurer_Hartl_UW_MFPL_shotgun_TMT1_global_Fr12.raw	Technical	comment[modification parameters]	NT=Deamidation;AC=UNIMOD:7;MT=Variable;TA=NQ	NT=Deamidation;TA=N,Q;AC=UNIMOD:7;MT=variable	cv:unimod:7	cv:unimod:7	matched	cv_accession	1.000000
PXD011799	20170424_Lumos_RSLC3_Maurer_Hartl_UW_MFPL_shotgun_TMT1_global_Fr12.raw	Technical	comment[modification parameters]	NT=Oxidation;AC=UNIMOD:35;MT=Variable;TA=M	NT=Oxidation;TA=M;AC=UNIMOD:35;MT=variable	cv:unimod:35	cv:unimod:35	matched	cv_accession	1.000000
PXD011799	20170424_Lumos_RSLC3_Maurer_Hartl_UW_MFPL_shotgun_TMT1_global_Fr12.raw	Technical	comment[modification parameters]	NT=TMT6plex;AC=UNIMOD:730;MT=Fixed;TA=K	NT=TMT6plex;PP=Any N-term;AC=UNIMOD:737;MT=fixed	cv:unimod:730	cv:unimod:737	matched	exact_normalized	1.000000
PXD011799	20170424_Lumos_RSLC3_Maurer_Hartl_UW_MFPL_shotgun_TMT1_global_Fr12.raw	Technical	comment[modification parameters]	NT=Carbamidomethyl;AC=UNIMOD:4;MT=Fixed;TA=C	NT=Carbamidomethyl;TA=C;AC=UNIMOD:4;MT=fixed	cv:unimod:4	cv:unimod:4	matched	cv_accession	1.000000
PXD011799	20170424_Lumos_RSLC3_Maurer_Hartl_UW_MFPL_shotgun_TMT1_global_Fr12.raw	Technical	comment[modification parameters]	NT=Phospho;AC=UNIMOD:21;MT=Variable;TA=STY		cv:unimod:21		assessed_only	unmatched	0.000000
PXD011799	20170424_Lumos_RSLC3_Maurer_Hartl_UW_MFPL_shotgun_TMT1_global_Fr12.raw	Technical	comment[ms2 mass analyzer]	orbitrap		orbitrap		assessed_only	unmatched	0.000000
PXD011799	20170424_Lumos_RSLC3_Maurer_Hartl_UW_MFPL_shotgun_TMT1_global_Fr12.raw	Technical	comment[precursor mass tolerance]	10 ppm		10 ppm		assessed_only	unmatched	0.000000
PXD011799	20170424_Lumos_RSLC3_Maurer_Hartl_UW_MFPL_shotgun_TMT1_global_Fr12.raw	Technical	comment[precursor mass tolerance]		0.01 Da		0.01 da	gold_only	unmatched	0.000000
PXD011799	20170424_Lumos_RSLC3_Maurer_Hartl_UW_MFPL_shotgun_TMT1_global_Fr12.raw	Technical	comment[proteomics data acquisition method]	NT=data-dependent acquisition;AC=PRIDE:0000627		cv:pride:0000627		assessed_only	unmatched	0.000000
PXD011799	20170424_Lumos_RSLC3_Maurer_Hartl_UW_MFPL_shotgun_TMT1_global_Fr12.raw	Technical	comment[reduction reagent]	dithiothreitol		dithiothreitol		assessed_only	unmatched	0.000000
PXD011799	20170424_Lumos_RSLC3_Maurer_Hartl_UW_MFPL_shotgun_TMT1_global_Fr12.raw	Technical	technology type	proteomic profiling by mass spectrometry		proteomic profiling by mass spectrometry		assessed_only	unmatched	0.000000
PXD011799	20170424_Lumos_RSLC3_Maurer_Hartl_UW_MFPL_shotgun_TMT1_global_Fr12.raw	ExperimentalDesign	characteristics[biological replicate]	8		8		assessed_only	unmatched	0.000000
PXD011799	20170424_Lumos_RSLC3_Maurer_Hartl_UW_MFPL_shotgun_TMT1_global_Fr12.raw	ExperimentalDesign	comment[fraction identifier]	12	12	12	12	matched	exact_normalized	1.000000
PXD011799	20170424_Lumos_RSLC3_Maurer_Hartl_UW_MFPL_shotgun_TMT1_global_Fr12.raw	ExperimentalDesign	comment[technical replicate]	1	1	1	1	matched	exact_normalized	1.000000
PXD011799	20170424_Lumos_RSLC3_Maurer_Hartl_UW_MFPL_shotgun_TMT1_global_Fr12.raw	ExperimentalDesign	factor value[disease]	metastatic melanoma		metastatic melanoma		assessed_only	unmatched	0.000000
PXD011799	20170424_Lumos_RSLC3_Maurer_Hartl_UW_MFPL_shotgun_TMT1_global_Fr12.raw	ExperimentalDesign	factor value[experimental design]	cell type (PBMCB, TAB), treatment (MCM, control)		cell type pbmcb tab treatment mcm control		assessed_only	unmatched	0.000000
PXD011799	20170424_Lumos_RSLC3_Maurer_Hartl_UW_MFPL_shotgun_TMT1_global_Fr2.raw	Biological	characteristics[cell type]	B cells		b cells		assessed_only	unmatched	0.000000
PXD011799	20170424_Lumos_RSLC3_Maurer_Hartl_UW_MFPL_shotgun_TMT1_global_Fr2.raw	Biological	characteristics[disease]	metastatic melanoma		metastatic melanoma		assessed_only	unmatched	0.000000
PXD011799	20170424_Lumos_RSLC3_Maurer_Hartl_UW_MFPL_shotgun_TMT1_global_Fr2.raw	Biological	characteristics[disease]		melanoma		melanoma	gold_only	unmatched	0.000000
PXD011799	20170424_Lumos_RSLC3_Maurer_Hartl_UW_MFPL_shotgun_TMT1_global_Fr2.raw	Biological	characteristics[organism part]	blood, melanoma		blood melanoma		assessed_only	unmatched	0.000000
PXD011799	20170424_Lumos_RSLC3_Maurer_Hartl_UW_MFPL_shotgun_TMT1_global_Fr2.raw	Biological	characteristics[organism part]		B cells		b cells	gold_only	unmatched	0.000000
PXD011799	20170424_Lumos_RSLC3_Maurer_Hartl_UW_MFPL_shotgun_TMT1_global_Fr2.raw	Biological	characteristics[organism]	Homo sapiens	Homo sapiens	homo sapiens	homo sapiens	matched	exact_normalized	1.000000
PXD011799	20170424_Lumos_RSLC3_Maurer_Hartl_UW_MFPL_shotgun_TMT1_global_Fr2.raw	Technical	comment[alkylation reagent]	iodoacetamide		iodoacetamide		assessed_only	unmatched	0.000000
PXD011799	20170424_Lumos_RSLC3_Maurer_Hartl_UW_MFPL_shotgun_TMT1_global_Fr2.raw	Technical	comment[cleavage agent details]	NT=Trypsin;AC=MS:1001251	NT=Trypsin;AC=MS:1001251	cv:ms:1001251	cv:ms:1001251	matched	cv_accession	1.000000
PXD011799	20170424_Lumos_RSLC3_Maurer_Hartl_UW_MFPL_shotgun_TMT1_global_Fr2.raw	Technical	comment[dissociation method]	NT=beam-type collision-induced dissociation;AC=MS:1000422		cv:ms:1000422		assessed_only	unmatched	0.000000
PXD011799	20170424_Lumos_RSLC3_Maurer_Hartl_UW_MFPL_shotgun_TMT1_global_Fr2.raw	Technical	comment[fragment mass tolerance]	0.01 Da		0.01 da		assessed_only	unmatched	0.000000
PXD011799	20170424_Lumos_RSLC3_Maurer_Hartl_UW_MFPL_shotgun_TMT1_global_Fr2.raw	Technical	comment[fragment mass tolerance]		10 ppm		10 ppm	gold_only	unmatched	0.000000
PXD011799	20170424_Lumos_RSLC3_Maurer_Hartl_UW_MFPL_shotgun_TMT1_global_Fr2.raw	Technical	comment[instrument]	NT=Orbitrap Fusion Lumos;AC=MS:1002732	NT=Orbitrap Fusion Lumos	cv:ms:1002732	nt orbitrap fusion lumos	matched	fuzzy	0.933333
PXD011799	20170424_Lumos_RSLC3_Maurer_Hartl_UW_MFPL_shotgun_TMT1_global_Fr2.raw	Technical	comment[label]	TMT131	TMT131	tmt131	tmt131	matched	exact_normalized	1.000000
PXD011799	20170424_Lumos_RSLC3_Maurer_Hartl_UW_MFPL_shotgun_TMT1_global_Fr2.raw	Technical	comment[label]	TMT130C	TMT130C	tmt130c	tmt130c	matched	exact_normalized	1.000000
PXD011799	20170424_Lumos_RSLC3_Maurer_Hartl_UW_MFPL_shotgun_TMT1_global_Fr2.raw	Technical	comment[label]	TMT130N	TMT130N	tmt130n	tmt130n	matched	exact_normalized	1.000000
PXD011799	20170424_Lumos_RSLC3_Maurer_Hartl_UW_MFPL_shotgun_TMT1_global_Fr2.raw	Technical	comment[label]	TMT129C	TMT129C	tmt129c	tmt129c	matched	exact_normalized	1.000000
PXD011799	20170424_Lumos_RSLC3_Maurer_Hartl_UW_MFPL_shotgun_TMT1_global_Fr2.raw	Technical	comment[label]	TMT129N	TMT129N	tmt129n	tmt129n	matched	exact_normalized	1.000000
PXD011799	20170424_Lumos_RSLC3_Maurer_Hartl_UW_MFPL_shotgun_TMT1_global_Fr2.raw	Technical	comment[label]	TMT128C	TMT128C	tmt128c	tmt128c	matched	exact_normalized	1.000000
PXD011799	20170424_Lumos_RSLC3_Maurer_Hartl_UW_MFPL_shotgun_TMT1_global_Fr2.raw	Technical	comment[label]	TMT128N	TMT128N	tmt128n	tmt128n	matched	exact_normalized	1.000000
PXD011799	20170424_Lumos_RSLC3_Maurer_Hartl_UW_MFPL_shotgun_TMT1_global_Fr2.raw	Technical	comment[label]	TMT127C	TMT127C	tmt127c	tmt127c	matched	exact_normalized	1.000000
PXD011799	20170424_Lumos_RSLC3_Maurer_Hartl_UW_MFPL_shotgun_TMT1_global_Fr2.raw	Technical	comment[label]	TMT127N	TMT127N	tmt127n	tmt127n	matched	exact_normalized	1.000000
PXD011799	20170424_Lumos_RSLC3_Maurer_Hartl_UW_MFPL_shotgun_TMT1_global_Fr2.raw	Technical	comment[label]	TMT126	TMT126	tmt126	tmt126	matched	exact_normalized	1.000000
PXD011799	20170424_Lumos_RSLC3_Maurer_Hartl_UW_MFPL_shotgun_TMT1_global_Fr2.raw	Technical	comment[modification parameters]	NT=Deamidation;AC=UNIMOD:7;MT=Variable;TA=NQ	NT=Deamidation;TA=N,Q;AC=UNIMOD:7;MT=variable	cv:unimod:7	cv:unimod:7	matched	cv_accession	1.000000
PXD011799	20170424_Lumos_RSLC3_Maurer_Hartl_UW_MFPL_shotgun_TMT1_global_Fr2.raw	Technical	comment[modification parameters]	NT=Oxidation;AC=UNIMOD:35;MT=Variable;TA=M	NT=Oxidation;TA=M;AC=UNIMOD:35;MT=variable	cv:unimod:35	cv:unimod:35	matched	cv_accession	1.000000
PXD011799	20170424_Lumos_RSLC3_Maurer_Hartl_UW_MFPL_shotgun_TMT1_global_Fr2.raw	Technical	comment[modification parameters]	NT=TMT6plex;AC=UNIMOD:730;MT=Fixed;TA=K	NT=TMT6plex;PP=Any N-term;AC=UNIMOD:737;MT=fixed	cv:unimod:730	cv:unimod:737	matched	exact_normalized	1.000000
PXD011799	20170424_Lumos_RSLC3_Maurer_Hartl_UW_MFPL_shotgun_TMT1_global_Fr2.raw	Technical	comment[modification parameters]	NT=Carbamidomethyl;AC=UNIMOD:4;MT=Fixed;TA=C	NT=Carbamidomethyl;TA=C;AC=UNIMOD:4;MT=fixed	cv:unimod:4	cv:unimod:4	matched	cv_accession	1.000000
PXD011799	20170424_Lumos_RSLC3_Maurer_Hartl_UW_MFPL_shotgun_TMT1_global_Fr2.raw	Technical	comment[modification parameters]	NT=Phospho;AC=UNIMOD:21;MT=Variable;TA=STY		cv:unimod:21		assessed_only	unmatched	0.000000
PXD011799	20170424_Lumos_RSLC3_Maurer_Hartl_UW_MFPL_shotgun_TMT1_global_Fr2.raw	Technical	comment[ms2 mass analyzer]	orbitrap		orbitrap		assessed_only	unmatched	0.000000
PXD011799	20170424_Lumos_RSLC3_Maurer_Hartl_UW_MFPL_shotgun_TMT1_global_Fr2.raw	Technical	comment[precursor mass tolerance]	10 ppm		10 ppm		assessed_only	unmatched	0.000000
PXD011799	20170424_Lumos_RSLC3_Maurer_Hartl_UW_MFPL_shotgun_TMT1_global_Fr2.raw	Technical	comment[precursor mass tolerance]		0.01 Da		0.01 da	gold_only	unmatched	0.000000
PXD011799	20170424_Lumos_RSLC3_Maurer_Hartl_UW_MFPL_shotgun_TMT1_global_Fr2.raw	Technical	comment[proteomics data acquisition method]	NT=data-dependent acquisition;AC=PRIDE:0000627		cv:pride:0000627		assessed_only	unmatched	0.000000
PXD011799	20170424_Lumos_RSLC3_Maurer_Hartl_UW_MFPL_shotgun_TMT1_global_Fr2.raw	Technical	comment[reduction reagent]	dithiothreitol		dithiothreitol		assessed_only	unmatched	0.000000
PXD011799	20170424_Lumos_RSLC3_Maurer_Hartl_UW_MFPL_shotgun_TMT1_global_Fr2.raw	Technical	technology type	proteomic profiling by mass spectrometry		proteomic profiling by mass spectrometry		assessed_only	unmatched	0.000000
PXD011799	20170424_Lumos_RSLC3_Maurer_Hartl_UW_MFPL_shotgun_TMT1_global_Fr2.raw	ExperimentalDesign	characteristics[biological replicate]	8		8		assessed_only	unmatched	0.000000
PXD011799	20170424_Lumos_RSLC3_Maurer_Hartl_UW_MFPL_shotgun_TMT1_global_Fr2.raw	ExperimentalDesign	comment[fraction identifier]	12		12		assessed_only	unmatched	0.000000
PXD011799	20170424_Lumos_RSLC3_Maurer_Hartl_UW_MFPL_shotgun_TMT1_global_Fr2.raw	ExperimentalDesign	comment[fraction identifier]		2		2	gold_only	unmatched	0.000000
PXD011799	20170424_Lumos_RSLC3_Maurer_Hartl_UW_MFPL_shotgun_TMT1_global_Fr2.raw	ExperimentalDesign	comment[technical replicate]	1	1	1	1	matched	exact_normalized	1.000000
PXD011799	20170424_Lumos_RSLC3_Maurer_Hartl_UW_MFPL_shotgun_TMT1_global_Fr2.raw	ExperimentalDesign	factor value[disease]	metastatic melanoma		metastatic melanoma		assessed_only	unmatched	0.000000
PXD011799	20170424_Lumos_RSLC3_Maurer_Hartl_UW_MFPL_shotgun_TMT1_global_Fr2.raw	ExperimentalDesign	factor value[experimental design]	cell type (PBMCB, TAB), treatment (MCM, control)		cell type pbmcb tab treatment mcm control		assessed_only	unmatched	0.000000
PXD011799	20170424_Lumos_RSLC3_Maurer_Hartl_UW_MFPL_shotgun_TMT1_global_Fr3.raw	Biological	characteristics[cell type]	B cells		b cells		assessed_only	unmatched	0.000000
PXD011799	20170424_Lumos_RSLC3_Maurer_Hartl_UW_MFPL_shotgun_TMT1_global_Fr3.raw	Biological	characteristics[disease]	metastatic melanoma		metastatic melanoma		assessed_only	unmatched	0.000000
PXD011799	20170424_Lumos_RSLC3_Maurer_Hartl_UW_MFPL_shotgun_TMT1_global_Fr3.raw	Biological	characteristics[disease]		melanoma		melanoma	gold_only	unmatched	0.000000
PXD011799	20170424_Lumos_RSLC3_Maurer_Hartl_UW_MFPL_shotgun_TMT1_global_Fr3.raw	Biological	characteristics[organism part]	blood, melanoma		blood melanoma		assessed_only	unmatched	0.000000
PXD011799	20170424_Lumos_RSLC3_Maurer_Hartl_UW_MFPL_shotgun_TMT1_global_Fr3.raw	Biological	characteristics[organism part]		B cells		b cells	gold_only	unmatched	0.000000
PXD011799	20170424_Lumos_RSLC3_Maurer_Hartl_UW_MFPL_shotgun_TMT1_global_Fr3.raw	Biological	characteristics[organism]	Homo sapiens	Homo sapiens	homo sapiens	homo sapiens	matched	exact_normalized	1.000000
PXD011799	20170424_Lumos_RSLC3_Maurer_Hartl_UW_MFPL_shotgun_TMT1_global_Fr3.raw	Technical	comment[alkylation reagent]	iodoacetamide		iodoacetamide		assessed_only	unmatched	0.000000
PXD011799	20170424_Lumos_RSLC3_Maurer_Hartl_UW_MFPL_shotgun_TMT1_global_Fr3.raw	Technical	comment[cleavage agent details]	NT=Trypsin;AC=MS:1001251	NT=Trypsin;AC=MS:1001251	cv:ms:1001251	cv:ms:1001251	matched	cv_accession	1.000000
PXD011799	20170424_Lumos_RSLC3_Maurer_Hartl_UW_MFPL_shotgun_TMT1_global_Fr3.raw	Technical	comment[dissociation method]	NT=beam-type collision-induced dissociation;AC=MS:1000422		cv:ms:1000422		assessed_only	unmatched	0.000000
PXD011799	20170424_Lumos_RSLC3_Maurer_Hartl_UW_MFPL_shotgun_TMT1_global_Fr3.raw	Technical	comment[fragment mass tolerance]	0.01 Da		0.01 da		assessed_only	unmatched	0.000000
PXD011799	20170424_Lumos_RSLC3_Maurer_Hartl_UW_MFPL_shotgun_TMT1_global_Fr3.raw	Technical	comment[fragment mass tolerance]		10 ppm		10 ppm	gold_only	unmatched	0.000000
PXD011799	20170424_Lumos_RSLC3_Maurer_Hartl_UW_MFPL_shotgun_TMT1_global_Fr3.raw	Technical	comment[instrument]	NT=Orbitrap Fusion Lumos;AC=MS:1002732	NT=Orbitrap Fusion Lumos	cv:ms:1002732	nt orbitrap fusion lumos	matched	fuzzy	0.933333
PXD011799	20170424_Lumos_RSLC3_Maurer_Hartl_UW_MFPL_shotgun_TMT1_global_Fr3.raw	Technical	comment[label]	TMT131	TMT131	tmt131	tmt131	matched	exact_normalized	1.000000
PXD011799	20170424_Lumos_RSLC3_Maurer_Hartl_UW_MFPL_shotgun_TMT1_global_Fr3.raw	Technical	comment[label]	TMT130C	TMT130C	tmt130c	tmt130c	matched	exact_normalized	1.000000
PXD011799	20170424_Lumos_RSLC3_Maurer_Hartl_UW_MFPL_shotgun_TMT1_global_Fr3.raw	Technical	comment[label]	TMT130N	TMT130N	tmt130n	tmt130n	matched	exact_normalized	1.000000
PXD011799	20170424_Lumos_RSLC3_Maurer_Hartl_UW_MFPL_shotgun_TMT1_global_Fr3.raw	Technical	comment[label]	TMT129C	TMT129C	tmt129c	tmt129c	matched	exact_normalized	1.000000
PXD011799	20170424_Lumos_RSLC3_Maurer_Hartl_UW_MFPL_shotgun_TMT1_global_Fr3.raw	Technical	comment[label]	TMT129N	TMT129N	tmt129n	tmt129n	matched	exact_normalized	1.000000
PXD011799	20170424_Lumos_RSLC3_Maurer_Hartl_UW_MFPL_shotgun_TMT1_global_Fr3.raw	Technical	comment[label]	TMT128C	TMT128C	tmt128c	tmt128c	matched	exact_normalized	1.000000
PXD011799	20170424_Lumos_RSLC3_Maurer_Hartl_UW_MFPL_shotgun_TMT1_global_Fr3.raw	Technical	comment[label]	TMT128N	TMT128N	tmt128n	tmt128n	matched	exact_normalized	1.000000
PXD011799	20170424_Lumos_RSLC3_Maurer_Hartl_UW_MFPL_shotgun_TMT1_global_Fr3.raw	Technical	comment[label]	TMT127C	TMT127C	tmt127c	tmt127c	matched	exact_normalized	1.000000
PXD011799	20170424_Lumos_RSLC3_Maurer_Hartl_UW_MFPL_shotgun_TMT1_global_Fr3.raw	Technical	comment[label]	TMT127N	TMT127N	tmt127n	tmt127n	matched	exact_normalized	1.000000
PXD011799	20170424_Lumos_RSLC3_Maurer_Hartl_UW_MFPL_shotgun_TMT1_global_Fr3.raw	Technical	comment[label]	TMT126	TMT126	tmt126	tmt126	matched	exact_normalized	1.000000
PXD011799	20170424_Lumos_RSLC3_Maurer_Hartl_UW_MFPL_shotgun_TMT1_global_Fr3.raw	Technical	comment[modification parameters]	NT=Deamidation;AC=UNIMOD:7;MT=Variable;TA=NQ	NT=Deamidation;TA=N,Q;AC=UNIMOD:7;MT=variable	cv:unimod:7	cv:unimod:7	matched	cv_accession	1.000000
PXD011799	20170424_Lumos_RSLC3_Maurer_Hartl_UW_MFPL_shotgun_TMT1_global_Fr3.raw	Technical	comment[modification parameters]	NT=Oxidation;AC=UNIMOD:35;MT=Variable;TA=M	NT=Oxidation;TA=M;AC=UNIMOD:35;MT=variable	cv:unimod:35	cv:unimod:35	matched	cv_accession	1.000000
PXD011799	20170424_Lumos_RSLC3_Maurer_Hartl_UW_MFPL_shotgun_TMT1_global_Fr3.raw	Technical	comment[modification parameters]	NT=TMT6plex;AC=UNIMOD:730;MT=Fixed;TA=K	NT=TMT6plex;PP=Any N-term;AC=UNIMOD:737;MT=fixed	cv:unimod:730	cv:unimod:737	matched	exact_normalized	1.000000
PXD011799	20170424_Lumos_RSLC3_Maurer_Hartl_UW_MFPL_shotgun_TMT1_global_Fr3.raw	Technical	comment[modification parameters]	NT=Carbamidomethyl;AC=UNIMOD:4;MT=Fixed;TA=C	NT=Carbamidomethyl;TA=C;AC=UNIMOD:4;MT=fixed	cv:unimod:4	cv:unimod:4	matched	cv_accession	1.000000
PXD011799	20170424_Lumos_RSLC3_Maurer_Hartl_UW_MFPL_shotgun_TMT1_global_Fr3.raw	Technical	comment[modification parameters]	NT=Phospho;AC=UNIMOD:21;MT=Variable;TA=STY		cv:unimod:21		assessed_only	unmatched	0.000000
PXD011799	20170424_Lumos_RSLC3_Maurer_Hartl_UW_MFPL_shotgun_TMT1_global_Fr3.raw	Technical	comment[ms2 mass analyzer]	orbitrap		orbitrap		assessed_only	unmatched	0.000000
PXD011799	20170424_Lumos_RSLC3_Maurer_Hartl_UW_MFPL_shotgun_TMT1_global_Fr3.raw	Technical	comment[precursor mass tolerance]	10 ppm		10 ppm		assessed_only	unmatched	0.000000
PXD011799	20170424_Lumos_RSLC3_Maurer_Hartl_UW_MFPL_shotgun_TMT1_global_Fr3.raw	Technical	comment[precursor mass tolerance]		0.01 Da		0.01 da	gold_only	unmatched	0.000000
PXD011799	20170424_Lumos_RSLC3_Maurer_Hartl_UW_MFPL_shotgun_TMT1_global_Fr3.raw	Technical	comment[proteomics data acquisition method]	NT=data-dependent acquisition;AC=PRIDE:0000627		cv:pride:0000627		assessed_only	unmatched	0.000000
PXD011799	20170424_Lumos_RSLC3_Maurer_Hartl_UW_MFPL_shotgun_TMT1_global_Fr3.raw	Technical	comment[reduction reagent]	dithiothreitol		dithiothreitol		assessed_only	unmatched	0.000000
PXD011799	20170424_Lumos_RSLC3_Maurer_Hartl_UW_MFPL_shotgun_TMT1_global_Fr3.raw	Technical	technology type	proteomic profiling by mass spectrometry		proteomic profiling by mass spectrometry		assessed_only	unmatched	0.000000
PXD011799	20170424_Lumos_RSLC3_Maurer_Hartl_UW_MFPL_shotgun_TMT1_global_Fr3.raw	ExperimentalDesign	characteristics[biological replicate]	8		8		assessed_only	unmatched	0.000000
PXD011799	20170424_Lumos_RSLC3_Maurer_Hartl_UW_MFPL_shotgun_TMT1_global_Fr3.raw	ExperimentalDesign	comment[fraction identifier]	12		12		assessed_only	unmatched	0.000000
PXD011799	20170424_Lumos_RSLC3_Maurer_Hartl_UW_MFPL_shotgun_TMT1_global_Fr3.raw	ExperimentalDesign	comment[fraction identifier]		3		3	gold_only	unmatched	0.000000
PXD011799	20170424_Lumos_RSLC3_Maurer_Hartl_UW_MFPL_shotgun_TMT1_global_Fr3.raw	ExperimentalDesign	comment[technical replicate]	1	1	1	1	matched	exact_normalized	1.000000
PXD011799	20170424_Lumos_RSLC3_Maurer_Hartl_UW_MFPL_shotgun_TMT1_global_Fr3.raw	ExperimentalDesign	factor value[disease]	metastatic melanoma		metastatic melanoma		assessed_only	unmatched	0.000000
PXD011799	20170424_Lumos_RSLC3_Maurer_Hartl_UW_MFPL_shotgun_TMT1_global_Fr3.raw	ExperimentalDesign	factor value[experimental design]	cell type (PBMCB, TAB), treatment (MCM, control)		cell type pbmcb tab treatment mcm control		assessed_only	unmatched	0.000000
PXD011799	20170424_Lumos_RSLC3_Maurer_Hartl_UW_MFPL_shotgun_TMT1_global_Fr4.raw	Biological	characteristics[cell type]	B cells		b cells		assessed_only	unmatched	0.000000
PXD011799	20170424_Lumos_RSLC3_Maurer_Hartl_UW_MFPL_shotgun_TMT1_global_Fr4.raw	Biological	characteristics[disease]	metastatic melanoma		metastatic melanoma		assessed_only	unmatched	0.000000
PXD011799	20170424_Lumos_RSLC3_Maurer_Hartl_UW_MFPL_shotgun_TMT1_global_Fr4.raw	Biological	characteristics[disease]		melanoma		melanoma	gold_only	unmatched	0.000000
PXD011799	20170424_Lumos_RSLC3_Maurer_Hartl_UW_MFPL_shotgun_TMT1_global_Fr4.raw	Biological	characteristics[organism part]	blood, melanoma		blood melanoma		assessed_only	unmatched	0.000000
PXD011799	20170424_Lumos_RSLC3_Maurer_Hartl_UW_MFPL_shotgun_TMT1_global_Fr4.raw	Biological	characteristics[organism part]		B cells		b cells	gold_only	unmatched	0.000000
PXD011799	20170424_Lumos_RSLC3_Maurer_Hartl_UW_MFPL_shotgun_TMT1_global_Fr4.raw	Biological	characteristics[organism]	Homo sapiens	Homo sapiens	homo sapiens	homo sapiens	matched	exact_normalized	1.000000
PXD011799	20170424_Lumos_RSLC3_Maurer_Hartl_UW_MFPL_shotgun_TMT1_global_Fr4.raw	Technical	comment[alkylation reagent]	iodoacetamide		iodoacetamide		assessed_only	unmatched	0.000000
PXD011799	20170424_Lumos_RSLC3_Maurer_Hartl_UW_MFPL_shotgun_TMT1_global_Fr4.raw	Technical	comment[cleavage agent details]	NT=Trypsin;AC=MS:1001251	NT=Trypsin;AC=MS:1001251	cv:ms:1001251	cv:ms:1001251	matched	cv_accession	1.000000
PXD011799	20170424_Lumos_RSLC3_Maurer_Hartl_UW_MFPL_shotgun_TMT1_global_Fr4.raw	Technical	comment[dissociation method]	NT=beam-type collision-induced dissociation;AC=MS:1000422		cv:ms:1000422		assessed_only	unmatched	0.000000
PXD011799	20170424_Lumos_RSLC3_Maurer_Hartl_UW_MFPL_shotgun_TMT1_global_Fr4.raw	Technical	comment[fragment mass tolerance]	0.01 Da		0.01 da		assessed_only	unmatched	0.000000
PXD011799	20170424_Lumos_RSLC3_Maurer_Hartl_UW_MFPL_shotgun_TMT1_global_Fr4.raw	Technical	comment[fragment mass tolerance]		10 ppm		10 ppm	gold_only	unmatched	0.000000
PXD011799	20170424_Lumos_RSLC3_Maurer_Hartl_UW_MFPL_shotgun_TMT1_global_Fr4.raw	Technical	comment[instrument]	NT=Orbitrap Fusion Lumos;AC=MS:1002732	NT=Orbitrap Fusion Lumos	cv:ms:1002732	nt orbitrap fusion lumos	matched	fuzzy	0.933333
PXD011799	20170424_Lumos_RSLC3_Maurer_Hartl_UW_MFPL_shotgun_TMT1_global_Fr4.raw	Technical	comment[label]	TMT131	TMT131	tmt131	tmt131	matched	exact_normalized	1.000000
PXD011799	20170424_Lumos_RSLC3_Maurer_Hartl_UW_MFPL_shotgun_TMT1_global_Fr4.raw	Technical	comment[label]	TMT130C	TMT130C	tmt130c	tmt130c	matched	exact_normalized	1.000000
PXD011799	20170424_Lumos_RSLC3_Maurer_Hartl_UW_MFPL_shotgun_TMT1_global_Fr4.raw	Technical	comment[label]	TMT130N	TMT130N	tmt130n	tmt130n	matched	exact_normalized	1.000000
PXD011799	20170424_Lumos_RSLC3_Maurer_Hartl_UW_MFPL_shotgun_TMT1_global_Fr4.raw	Technical	comment[label]	TMT129C	TMT129C	tmt129c	tmt129c	matched	exact_normalized	1.000000
PXD011799	20170424_Lumos_RSLC3_Maurer_Hartl_UW_MFPL_shotgun_TMT1_global_Fr4.raw	Technical	comment[label]	TMT129N	TMT129N	tmt129n	tmt129n	matched	exact_normalized	1.000000
PXD011799	20170424_Lumos_RSLC3_Maurer_Hartl_UW_MFPL_shotgun_TMT1_global_Fr4.raw	Technical	comment[label]	TMT128C	TMT128C	tmt128c	tmt128c	matched	exact_normalized	1.000000
PXD011799	20170424_Lumos_RSLC3_Maurer_Hartl_UW_MFPL_shotgun_TMT1_global_Fr4.raw	Technical	comment[label]	TMT128N	TMT128N	tmt128n	tmt128n	matched	exact_normalized	1.000000
PXD011799	20170424_Lumos_RSLC3_Maurer_Hartl_UW_MFPL_shotgun_TMT1_global_Fr4.raw	Technical	comment[label]	TMT127C	TMT127C	tmt127c	tmt127c	matched	exact_normalized	1.000000
PXD011799	20170424_Lumos_RSLC3_Maurer_Hartl_UW_MFPL_shotgun_TMT1_global_Fr4.raw	Technical	comment[label]	TMT127N	TMT127N	tmt127n	tmt127n	matched	exact_normalized	1.000000
PXD011799	20170424_Lumos_RSLC3_Maurer_Hartl_UW_MFPL_shotgun_TMT1_global_Fr4.raw	Technical	comment[label]	TMT126	TMT126	tmt126	tmt126	matched	exact_normalized	1.000000
PXD011799	20170424_Lumos_RSLC3_Maurer_Hartl_UW_MFPL_shotgun_TMT1_global_Fr4.raw	Technical	comment[modification parameters]	NT=Deamidation;AC=UNIMOD:7;MT=Variable;TA=NQ	NT=Deamidation;TA=N,Q;AC=UNIMOD:7;MT=variable	cv:unimod:7	cv:unimod:7	matched	cv_accession	1.000000
PXD011799	20170424_Lumos_RSLC3_Maurer_Hartl_UW_MFPL_shotgun_TMT1_global_Fr4.raw	Technical	comment[modification parameters]	NT=Oxidation;AC=UNIMOD:35;MT=Variable;TA=M	NT=Oxidation;TA=M;AC=UNIMOD:35;MT=variable	cv:unimod:35	cv:unimod:35	matched	cv_accession	1.000000
PXD011799	20170424_Lumos_RSLC3_Maurer_Hartl_UW_MFPL_shotgun_TMT1_global_Fr4.raw	Technical	comment[modification parameters]	NT=TMT6plex;AC=UNIMOD:730;MT=Fixed;TA=K	NT=TMT6plex;PP=Any N-term;AC=UNIMOD:737;MT=fixed	cv:unimod:730	cv:unimod:737	matched	exact_normalized	1.000000
PXD011799	20170424_Lumos_RSLC3_Maurer_Hartl_UW_MFPL_shotgun_TMT1_global_Fr4.raw	Technical	comment[modification parameters]	NT=Carbamidomethyl;AC=UNIMOD:4;MT=Fixed;TA=C	NT=Carbamidomethyl;TA=C;AC=UNIMOD:4;MT=fixed	cv:unimod:4	cv:unimod:4	matched	cv_accession	1.000000
PXD011799	20170424_Lumos_RSLC3_Maurer_Hartl_UW_MFPL_shotgun_TMT1_global_Fr4.raw	Technical	comment[modification parameters]	NT=Phospho;AC=UNIMOD:21;MT=Variable;TA=STY		cv:unimod:21		assessed_only	unmatched	0.000000
PXD011799	20170424_Lumos_RSLC3_Maurer_Hartl_UW_MFPL_shotgun_TMT1_global_Fr4.raw	Technical	comment[ms2 mass analyzer]	orbitrap		orbitrap		assessed_only	unmatched	0.000000
PXD011799	20170424_Lumos_RSLC3_Maurer_Hartl_UW_MFPL_shotgun_TMT1_global_Fr4.raw	Technical	comment[precursor mass tolerance]	10 ppm		10 ppm		assessed_only	unmatched	0.000000
PXD011799	20170424_Lumos_RSLC3_Maurer_Hartl_UW_MFPL_shotgun_TMT1_global_Fr4.raw	Technical	comment[precursor mass tolerance]		0.01 Da		0.01 da	gold_only	unmatched	0.000000
PXD011799	20170424_Lumos_RSLC3_Maurer_Hartl_UW_MFPL_shotgun_TMT1_global_Fr4.raw	Technical	comment[proteomics data acquisition method]	NT=data-dependent acquisition;AC=PRIDE:0000627		cv:pride:0000627		assessed_only	unmatched	0.000000
PXD011799	20170424_Lumos_RSLC3_Maurer_Hartl_UW_MFPL_shotgun_TMT1_global_Fr4.raw	Technical	comment[reduction reagent]	dithiothreitol		dithiothreitol		assessed_only	unmatched	0.000000
PXD011799	20170424_Lumos_RSLC3_Maurer_Hartl_UW_MFPL_shotgun_TMT1_global_Fr4.raw	Technical	technology type	proteomic profiling by mass spectrometry		proteomic profiling by mass spectrometry		assessed_only	unmatched	0.000000
PXD011799	20170424_Lumos_RSLC3_Maurer_Hartl_UW_MFPL_shotgun_TMT1_global_Fr4.raw	ExperimentalDesign	characteristics[biological replicate]	8		8		assessed_only	unmatched	0.000000
PXD011799	20170424_Lumos_RSLC3_Maurer_Hartl_UW_MFPL_shotgun_TMT1_global_Fr4.raw	ExperimentalDesign	comment[fraction identifier]	12		12		assessed_only	unmatched	0.000000
PXD011799	20170424_Lumos_RSLC3_Maurer_Hartl_UW_MFPL_shotgun_TMT1_global_Fr4.raw	ExperimentalDesign	comment[fraction identifier]		4		4	gold_only	unmatched	0.000000
PXD011799	20170424_Lumos_RSLC3_Maurer_Hartl_UW_MFPL_shotgun_TMT1_global_Fr4.raw	ExperimentalDesign	comment[technical replicate]	1	1	1	1	matched	exact_normalized	1.000000
PXD011799	20170424_Lumos_RSLC3_Maurer_Hartl_UW_MFPL_shotgun_TMT1_global_Fr4.raw	ExperimentalDesign	factor value[disease]	metastatic melanoma		metastatic melanoma		assessed_only	unmatched	0.000000
PXD011799	20170424_Lumos_RSLC3_Maurer_Hartl_UW_MFPL_shotgun_TMT1_global_Fr4.raw	ExperimentalDesign	factor value[experimental design]	cell type (PBMCB, TAB), treatment (MCM, control)		cell type pbmcb tab treatment mcm control		assessed_only	unmatched	0.000000
PXD011799	20170424_Lumos_RSLC3_Maurer_Hartl_UW_MFPL_shotgun_TMT1_global_Fr5.raw	Biological	characteristics[cell type]	B cells		b cells		assessed_only	unmatched	0.000000
PXD011799	20170424_Lumos_RSLC3_Maurer_Hartl_UW_MFPL_shotgun_TMT1_global_Fr5.raw	Biological	characteristics[disease]	metastatic melanoma		metastatic melanoma		assessed_only	unmatched	0.000000
PXD011799	20170424_Lumos_RSLC3_Maurer_Hartl_UW_MFPL_shotgun_TMT1_global_Fr5.raw	Biological	characteristics[disease]		melanoma		melanoma	gold_only	unmatched	0.000000
PXD011799	20170424_Lumos_RSLC3_Maurer_Hartl_UW_MFPL_shotgun_TMT1_global_Fr5.raw	Biological	characteristics[organism part]	blood, melanoma		blood melanoma		assessed_only	unmatched	0.000000
PXD011799	20170424_Lumos_RSLC3_Maurer_Hartl_UW_MFPL_shotgun_TMT1_global_Fr5.raw	Biological	characteristics[organism part]		B cells		b cells	gold_only	unmatched	0.000000
PXD011799	20170424_Lumos_RSLC3_Maurer_Hartl_UW_MFPL_shotgun_TMT1_global_Fr5.raw	Biological	characteristics[organism]	Homo sapiens	Homo sapiens	homo sapiens	homo sapiens	matched	exact_normalized	1.000000
PXD011799	20170424_Lumos_RSLC3_Maurer_Hartl_UW_MFPL_shotgun_TMT1_global_Fr5.raw	Technical	comment[alkylation reagent]	iodoacetamide		iodoacetamide		assessed_only	unmatched	0.000000
PXD011799	20170424_Lumos_RSLC3_Maurer_Hartl_UW_MFPL_shotgun_TMT1_global_Fr5.raw	Technical	comment[cleavage agent details]	NT=Trypsin;AC=MS:1001251	NT=Trypsin;AC=MS:1001251	cv:ms:1001251	cv:ms:1001251	matched	cv_accession	1.000000
PXD011799	20170424_Lumos_RSLC3_Maurer_Hartl_UW_MFPL_shotgun_TMT1_global_Fr5.raw	Technical	comment[dissociation method]	NT=beam-type collision-induced dissociation;AC=MS:1000422		cv:ms:1000422		assessed_only	unmatched	0.000000
PXD011799	20170424_Lumos_RSLC3_Maurer_Hartl_UW_MFPL_shotgun_TMT1_global_Fr5.raw	Technical	comment[fragment mass tolerance]	0.01 Da		0.01 da		assessed_only	unmatched	0.000000
PXD011799	20170424_Lumos_RSLC3_Maurer_Hartl_UW_MFPL_shotgun_TMT1_global_Fr5.raw	Technical	comment[fragment mass tolerance]		10 ppm		10 ppm	gold_only	unmatched	0.000000
PXD011799	20170424_Lumos_RSLC3_Maurer_Hartl_UW_MFPL_shotgun_TMT1_global_Fr5.raw	Technical	comment[instrument]	NT=Orbitrap Fusion Lumos;AC=MS:1002732	NT=Orbitrap Fusion Lumos	cv:ms:1002732	nt orbitrap fusion lumos	matched	fuzzy	0.933333
PXD011799	20170424_Lumos_RSLC3_Maurer_Hartl_UW_MFPL_shotgun_TMT1_global_Fr5.raw	Technical	comment[label]	TMT131	TMT131	tmt131	tmt131	matched	exact_normalized	1.000000
PXD011799	20170424_Lumos_RSLC3_Maurer_Hartl_UW_MFPL_shotgun_TMT1_global_Fr5.raw	Technical	comment[label]	TMT130C	TMT130C	tmt130c	tmt130c	matched	exact_normalized	1.000000
PXD011799	20170424_Lumos_RSLC3_Maurer_Hartl_UW_MFPL_shotgun_TMT1_global_Fr5.raw	Technical	comment[label]	TMT130N	TMT130N	tmt130n	tmt130n	matched	exact_normalized	1.000000
PXD011799	20170424_Lumos_RSLC3_Maurer_Hartl_UW_MFPL_shotgun_TMT1_global_Fr5.raw	Technical	comment[label]	TMT129C	TMT129C	tmt129c	tmt129c	matched	exact_normalized	1.000000
PXD011799	20170424_Lumos_RSLC3_Maurer_Hartl_UW_MFPL_shotgun_TMT1_global_Fr5.raw	Technical	comment[label]	TMT129N	TMT129N	tmt129n	tmt129n	matched	exact_normalized	1.000000
PXD011799	20170424_Lumos_RSLC3_Maurer_Hartl_UW_MFPL_shotgun_TMT1_global_Fr5.raw	Technical	comment[label]	TMT128C	TMT128C	tmt128c	tmt128c	matched	exact_normalized	1.000000
PXD011799	20170424_Lumos_RSLC3_Maurer_Hartl_UW_MFPL_shotgun_TMT1_global_Fr5.raw	Technical	comment[label]	TMT128N	TMT128N	tmt128n	tmt128n	matched	exact_normalized	1.000000
PXD011799	20170424_Lumos_RSLC3_Maurer_Hartl_UW_MFPL_shotgun_TMT1_global_Fr5.raw	Technical	comment[label]	TMT127C	TMT127C	tmt127c	tmt127c	matched	exact_normalized	1.000000
PXD011799	20170424_Lumos_RSLC3_Maurer_Hartl_UW_MFPL_shotgun_TMT1_global_Fr5.raw	Technical	comment[label]	TMT127N	TMT127N	tmt127n	tmt127n	matched	exact_normalized	1.000000
PXD011799	20170424_Lumos_RSLC3_Maurer_Hartl_UW_MFPL_shotgun_TMT1_global_Fr5.raw	Technical	comment[label]	TMT126	TMT126	tmt126	tmt126	matched	exact_normalized	1.000000
PXD011799	20170424_Lumos_RSLC3_Maurer_Hartl_UW_MFPL_shotgun_TMT1_global_Fr5.raw	Technical	comment[modification parameters]	NT=Deamidation;AC=UNIMOD:7;MT=Variable;TA=NQ	NT=Deamidation;TA=N,Q;AC=UNIMOD:7;MT=variable	cv:unimod:7	cv:unimod:7	matched	cv_accession	1.000000
PXD011799	20170424_Lumos_RSLC3_Maurer_Hartl_UW_MFPL_shotgun_TMT1_global_Fr5.raw	Technical	comment[modification parameters]	NT=Oxidation;AC=UNIMOD:35;MT=Variable;TA=M	NT=Oxidation;TA=M;AC=UNIMOD:35;MT=variable	cv:unimod:35	cv:unimod:35	matched	cv_accession	1.000000
PXD011799	20170424_Lumos_RSLC3_Maurer_Hartl_UW_MFPL_shotgun_TMT1_global_Fr5.raw	Technical	comment[modification parameters]	NT=TMT6plex;AC=UNIMOD:730;MT=Fixed;TA=K	NT=TMT6plex;PP=Any N-term;AC=UNIMOD:737;MT=fixed	cv:unimod:730	cv:unimod:737	matched	exact_normalized	1.000000
PXD011799	20170424_Lumos_RSLC3_Maurer_Hartl_UW_MFPL_shotgun_TMT1_global_Fr5.raw	Technical	comment[modification parameters]	NT=Carbamidomethyl;AC=UNIMOD:4;MT=Fixed;TA=C	NT=Carbamidomethyl;TA=C;AC=UNIMOD:4;MT=fixed	cv:unimod:4	cv:unimod:4	matched	cv_accession	1.000000
PXD011799	20170424_Lumos_RSLC3_Maurer_Hartl_UW_MFPL_shotgun_TMT1_global_Fr5.raw	Technical	comment[modification parameters]	NT=Phospho;AC=UNIMOD:21;MT=Variable;TA=STY		cv:unimod:21		assessed_only	unmatched	0.000000
PXD011799	20170424_Lumos_RSLC3_Maurer_Hartl_UW_MFPL_shotgun_TMT1_global_Fr5.raw	Technical	comment[ms2 mass analyzer]	orbitrap		orbitrap		assessed_only	unmatched	0.000000
PXD011799	20170424_Lumos_RSLC3_Maurer_Hartl_UW_MFPL_shotgun_TMT1_global_Fr5.raw	Technical	comment[precursor mass tolerance]	10 ppm		10 ppm		assessed_only	unmatched	0.000000
PXD011799	20170424_Lumos_RSLC3_Maurer_Hartl_UW_MFPL_shotgun_TMT1_global_Fr5.raw	Technical	comment[precursor mass tolerance]		0.01 Da		0.01 da	gold_only	unmatched	0.000000
PXD011799	20170424_Lumos_RSLC3_Maurer_Hartl_UW_MFPL_shotgun_TMT1_global_Fr5.raw	Technical	comment[proteomics data acquisition method]	NT=data-dependent acquisition;AC=PRIDE:0000627		cv:pride:0000627		assessed_only	unmatched	0.000000
PXD011799	20170424_Lumos_RSLC3_Maurer_Hartl_UW_MFPL_shotgun_TMT1_global_Fr5.raw	Technical	comment[reduction reagent]	dithiothreitol		dithiothreitol		assessed_only	unmatched	0.000000
PXD011799	20170424_Lumos_RSLC3_Maurer_Hartl_UW_MFPL_shotgun_TMT1_global_Fr5.raw	Technical	technology type	proteomic profiling by mass spectrometry		proteomic profiling by mass spectrometry		assessed_only	unmatched	0.000000
PXD011799	20170424_Lumos_RSLC3_Maurer_Hartl_UW_MFPL_shotgun_TMT1_global_Fr5.raw	ExperimentalDesign	characteristics[biological replicate]	8		8		assessed_only	unmatched	0.000000
PXD011799	20170424_Lumos_RSLC3_Maurer_Hartl_UW_MFPL_shotgun_TMT1_global_Fr5.raw	ExperimentalDesign	comment[fraction identifier]	12		12		assessed_only	unmatched	0.000000
PXD011799	20170424_Lumos_RSLC3_Maurer_Hartl_UW_MFPL_shotgun_TMT1_global_Fr5.raw	ExperimentalDesign	comment[fraction identifier]		5		5	gold_only	unmatched	0.000000
PXD011799	20170424_Lumos_RSLC3_Maurer_Hartl_UW_MFPL_shotgun_TMT1_global_Fr5.raw	ExperimentalDesign	comment[technical replicate]	1	1	1	1	matched	exact_normalized	1.000000
PXD011799	20170424_Lumos_RSLC3_Maurer_Hartl_UW_MFPL_shotgun_TMT1_global_Fr5.raw	ExperimentalDesign	factor value[disease]	metastatic melanoma		metastatic melanoma		assessed_only	unmatched	0.000000
PXD011799	20170424_Lumos_RSLC3_Maurer_Hartl_UW_MFPL_shotgun_TMT1_global_Fr5.raw	ExperimentalDesign	factor value[experimental design]	cell type (PBMCB, TAB), treatment (MCM, control)		cell type pbmcb tab treatment mcm control		assessed_only	unmatched	0.000000
PXD011799	20170424_Lumos_RSLC3_Maurer_Hartl_UW_MFPL_shotgun_TMT1_global_Fr6.raw	Biological	characteristics[cell type]	B cells		b cells		assessed_only	unmatched	0.000000
PXD011799	20170424_Lumos_RSLC3_Maurer_Hartl_UW_MFPL_shotgun_TMT1_global_Fr6.raw	Biological	characteristics[disease]	metastatic melanoma		metastatic melanoma		assessed_only	unmatched	0.000000
PXD011799	20170424_Lumos_RSLC3_Maurer_Hartl_UW_MFPL_shotgun_TMT1_global_Fr6.raw	Biological	characteristics[disease]		melanoma		melanoma	gold_only	unmatched	0.000000
PXD011799	20170424_Lumos_RSLC3_Maurer_Hartl_UW_MFPL_shotgun_TMT1_global_Fr6.raw	Biological	characteristics[organism part]	blood, melanoma		blood melanoma		assessed_only	unmatched	0.000000
PXD011799	20170424_Lumos_RSLC3_Maurer_Hartl_UW_MFPL_shotgun_TMT1_global_Fr6.raw	Biological	characteristics[organism part]		B cells		b cells	gold_only	unmatched	0.000000
PXD011799	20170424_Lumos_RSLC3_Maurer_Hartl_UW_MFPL_shotgun_TMT1_global_Fr6.raw	Biological	characteristics[organism]	Homo sapiens	Homo sapiens	homo sapiens	homo sapiens	matched	exact_normalized	1.000000
PXD011799	20170424_Lumos_RSLC3_Maurer_Hartl_UW_MFPL_shotgun_TMT1_global_Fr6.raw	Technical	comment[alkylation reagent]	iodoacetamide		iodoacetamide		assessed_only	unmatched	0.000000
PXD011799	20170424_Lumos_RSLC3_Maurer_Hartl_UW_MFPL_shotgun_TMT1_global_Fr6.raw	Technical	comment[cleavage agent details]	NT=Trypsin;AC=MS:1001251	NT=Trypsin;AC=MS:1001251	cv:ms:1001251	cv:ms:1001251	matched	cv_accession	1.000000
PXD011799	20170424_Lumos_RSLC3_Maurer_Hartl_UW_MFPL_shotgun_TMT1_global_Fr6.raw	Technical	comment[dissociation method]	NT=beam-type collision-induced dissociation;AC=MS:1000422		cv:ms:1000422		assessed_only	unmatched	0.000000
PXD011799	20170424_Lumos_RSLC3_Maurer_Hartl_UW_MFPL_shotgun_TMT1_global_Fr6.raw	Technical	comment[fragment mass tolerance]	0.01 Da		0.01 da		assessed_only	unmatched	0.000000
PXD011799	20170424_Lumos_RSLC3_Maurer_Hartl_UW_MFPL_shotgun_TMT1_global_Fr6.raw	Technical	comment[fragment mass tolerance]		10 ppm		10 ppm	gold_only	unmatched	0.000000
PXD011799	20170424_Lumos_RSLC3_Maurer_Hartl_UW_MFPL_shotgun_TMT1_global_Fr6.raw	Technical	comment[instrument]	NT=Orbitrap Fusion Lumos;AC=MS:1002732	NT=Orbitrap Fusion Lumos	cv:ms:1002732	nt orbitrap fusion lumos	matched	fuzzy	0.933333
PXD011799	20170424_Lumos_RSLC3_Maurer_Hartl_UW_MFPL_shotgun_TMT1_global_Fr6.raw	Technical	comment[label]	TMT131	TMT131	tmt131	tmt131	matched	exact_normalized	1.000000
PXD011799	20170424_Lumos_RSLC3_Maurer_Hartl_UW_MFPL_shotgun_TMT1_global_Fr6.raw	Technical	comment[label]	TMT130C	TMT130C	tmt130c	tmt130c	matched	exact_normalized	1.000000
PXD011799	20170424_Lumos_RSLC3_Maurer_Hartl_UW_MFPL_shotgun_TMT1_global_Fr6.raw	Technical	comment[label]	TMT130N	TMT130N	tmt130n	tmt130n	matched	exact_normalized	1.000000
PXD011799	20170424_Lumos_RSLC3_Maurer_Hartl_UW_MFPL_shotgun_TMT1_global_Fr6.raw	Technical	comment[label]	TMT129C	TMT129C	tmt129c	tmt129c	matched	exact_normalized	1.000000
PXD011799	20170424_Lumos_RSLC3_Maurer_Hartl_UW_MFPL_shotgun_TMT1_global_Fr6.raw	Technical	comment[label]	TMT129N	TMT129N	tmt129n	tmt129n	matched	exact_normalized	1.000000
PXD011799	20170424_Lumos_RSLC3_Maurer_Hartl_UW_MFPL_shotgun_TMT1_global_Fr6.raw	Technical	comment[label]	TMT128C	TMT128C	tmt128c	tmt128c	matched	exact_normalized	1.000000
PXD011799	20170424_Lumos_RSLC3_Maurer_Hartl_UW_MFPL_shotgun_TMT1_global_Fr6.raw	Technical	comment[label]	TMT128N	TMT128N	tmt128n	tmt128n	matched	exact_normalized	1.000000
PXD011799	20170424_Lumos_RSLC3_Maurer_Hartl_UW_MFPL_shotgun_TMT1_global_Fr6.raw	Technical	comment[label]	TMT127C	TMT127C	tmt127c	tmt127c	matched	exact_normalized	1.000000
PXD011799	20170424_Lumos_RSLC3_Maurer_Hartl_UW_MFPL_shotgun_TMT1_global_Fr6.raw	Technical	comment[label]	TMT127N	TMT127N	tmt127n	tmt127n	matched	exact_normalized	1.000000
PXD011799	20170424_Lumos_RSLC3_Maurer_Hartl_UW_MFPL_shotgun_TMT1_global_Fr6.raw	Technical	comment[label]	TMT126	TMT126	tmt126	tmt126	matched	exact_normalized	1.000000
PXD011799	20170424_Lumos_RSLC3_Maurer_Hartl_UW_MFPL_shotgun_TMT1_global_Fr6.raw	Technical	comment[modification parameters]	NT=Deamidation;AC=UNIMOD:7;MT=Variable;TA=NQ	NT=Deamidation;TA=N,Q;AC=UNIMOD:7;MT=variable	cv:unimod:7	cv:unimod:7	matched	cv_accession	1.000000
PXD011799	20170424_Lumos_RSLC3_Maurer_Hartl_UW_MFPL_shotgun_TMT1_global_Fr6.raw	Technical	comment[modification parameters]	NT=Oxidation;AC=UNIMOD:35;MT=Variable;TA=M	NT=Oxidation;TA=M;AC=UNIMOD:35;MT=variable	cv:unimod:35	cv:unimod:35	matched	cv_accession	1.000000
PXD011799	20170424_Lumos_RSLC3_Maurer_Hartl_UW_MFPL_shotgun_TMT1_global_Fr6.raw	Technical	comment[modification parameters]	NT=TMT6plex;AC=UNIMOD:730;MT=Fixed;TA=K	NT=TMT6plex;PP=Any N-term;AC=UNIMOD:737;MT=fixed	cv:unimod:730	cv:unimod:737	matched	exact_normalized	1.000000
PXD011799	20170424_Lumos_RSLC3_Maurer_Hartl_UW_MFPL_shotgun_TMT1_global_Fr6.raw	Technical	comment[modification parameters]	NT=Carbamidomethyl;AC=UNIMOD:4;MT=Fixed;TA=C	NT=Carbamidomethyl;TA=C;AC=UNIMOD:4;MT=fixed	cv:unimod:4	cv:unimod:4	matched	cv_accession	1.000000
PXD011799	20170424_Lumos_RSLC3_Maurer_Hartl_UW_MFPL_shotgun_TMT1_global_Fr6.raw	Technical	comment[modification parameters]	NT=Phospho;AC=UNIMOD:21;MT=Variable;TA=STY		cv:unimod:21		assessed_only	unmatched	0.000000
PXD011799	20170424_Lumos_RSLC3_Maurer_Hartl_UW_MFPL_shotgun_TMT1_global_Fr6.raw	Technical	comment[ms2 mass analyzer]	orbitrap		orbitrap		assessed_only	unmatched	0.000000
PXD011799	20170424_Lumos_RSLC3_Maurer_Hartl_UW_MFPL_shotgun_TMT1_global_Fr6.raw	Technical	comment[precursor mass tolerance]	10 ppm		10 ppm		assessed_only	unmatched	0.000000
PXD011799	20170424_Lumos_RSLC3_Maurer_Hartl_UW_MFPL_shotgun_TMT1_global_Fr6.raw	Technical	comment[precursor mass tolerance]		0.01 Da		0.01 da	gold_only	unmatched	0.000000
PXD011799	20170424_Lumos_RSLC3_Maurer_Hartl_UW_MFPL_shotgun_TMT1_global_Fr6.raw	Technical	comment[proteomics data acquisition method]	NT=data-dependent acquisition;AC=PRIDE:0000627		cv:pride:0000627		assessed_only	unmatched	0.000000
PXD011799	20170424_Lumos_RSLC3_Maurer_Hartl_UW_MFPL_shotgun_TMT1_global_Fr6.raw	Technical	comment[reduction reagent]	dithiothreitol		dithiothreitol		assessed_only	unmatched	0.000000
PXD011799	20170424_Lumos_RSLC3_Maurer_Hartl_UW_MFPL_shotgun_TMT1_global_Fr6.raw	Technical	technology type	proteomic profiling by mass spectrometry		proteomic profiling by mass spectrometry		assessed_only	unmatched	0.000000
PXD011799	20170424_Lumos_RSLC3_Maurer_Hartl_UW_MFPL_shotgun_TMT1_global_Fr6.raw	ExperimentalDesign	characteristics[biological replicate]	8		8		assessed_only	unmatched	0.000000
PXD011799	20170424_Lumos_RSLC3_Maurer_Hartl_UW_MFPL_shotgun_TMT1_global_Fr6.raw	ExperimentalDesign	comment[fraction identifier]	12		12		assessed_only	unmatched	0.000000
PXD011799	20170424_Lumos_RSLC3_Maurer_Hartl_UW_MFPL_shotgun_TMT1_global_Fr6.raw	ExperimentalDesign	comment[fraction identifier]		6		6	gold_only	unmatched	0.000000
PXD011799	20170424_Lumos_RSLC3_Maurer_Hartl_UW_MFPL_shotgun_TMT1_global_Fr6.raw	ExperimentalDesign	comment[technical replicate]	1	1	1	1	matched	exact_normalized	1.000000
PXD011799	20170424_Lumos_RSLC3_Maurer_Hartl_UW_MFPL_shotgun_TMT1_global_Fr6.raw	ExperimentalDesign	factor value[disease]	metastatic melanoma		metastatic melanoma		assessed_only	unmatched	0.000000
PXD011799	20170424_Lumos_RSLC3_Maurer_Hartl_UW_MFPL_shotgun_TMT1_global_Fr6.raw	ExperimentalDesign	factor value[experimental design]	cell type (PBMCB, TAB), treatment (MCM, control)		cell type pbmcb tab treatment mcm control		assessed_only	unmatched	0.000000
PXD011799	20170424_Lumos_RSLC3_Maurer_Hartl_UW_MFPL_shotgun_TMT1_global_Fr7.raw	Biological	characteristics[cell type]	B cells		b cells		assessed_only	unmatched	0.000000
PXD011799	20170424_Lumos_RSLC3_Maurer_Hartl_UW_MFPL_shotgun_TMT1_global_Fr7.raw	Biological	characteristics[disease]	metastatic melanoma		metastatic melanoma		assessed_only	unmatched	0.000000
PXD011799	20170424_Lumos_RSLC3_Maurer_Hartl_UW_MFPL_shotgun_TMT1_global_Fr7.raw	Biological	characteristics[disease]		melanoma		melanoma	gold_only	unmatched	0.000000
PXD011799	20170424_Lumos_RSLC3_Maurer_Hartl_UW_MFPL_shotgun_TMT1_global_Fr7.raw	Biological	characteristics[organism part]	blood, melanoma		blood melanoma		assessed_only	unmatched	0.000000
PXD011799	20170424_Lumos_RSLC3_Maurer_Hartl_UW_MFPL_shotgun_TMT1_global_Fr7.raw	Biological	characteristics[organism part]		B cells		b cells	gold_only	unmatched	0.000000
PXD011799	20170424_Lumos_RSLC3_Maurer_Hartl_UW_MFPL_shotgun_TMT1_global_Fr7.raw	Biological	characteristics[organism]	Homo sapiens	Homo sapiens	homo sapiens	homo sapiens	matched	exact_normalized	1.000000
PXD011799	20170424_Lumos_RSLC3_Maurer_Hartl_UW_MFPL_shotgun_TMT1_global_Fr7.raw	Technical	comment[alkylation reagent]	iodoacetamide		iodoacetamide		assessed_only	unmatched	0.000000
PXD011799	20170424_Lumos_RSLC3_Maurer_Hartl_UW_MFPL_shotgun_TMT1_global_Fr7.raw	Technical	comment[cleavage agent details]	NT=Trypsin;AC=MS:1001251	NT=Trypsin;AC=MS:1001251	cv:ms:1001251	cv:ms:1001251	matched	cv_accession	1.000000
PXD011799	20170424_Lumos_RSLC3_Maurer_Hartl_UW_MFPL_shotgun_TMT1_global_Fr7.raw	Technical	comment[dissociation method]	NT=beam-type collision-induced dissociation;AC=MS:1000422		cv:ms:1000422		assessed_only	unmatched	0.000000
PXD011799	20170424_Lumos_RSLC3_Maurer_Hartl_UW_MFPL_shotgun_TMT1_global_Fr7.raw	Technical	comment[fragment mass tolerance]	0.01 Da		0.01 da		assessed_only	unmatched	0.000000
PXD011799	20170424_Lumos_RSLC3_Maurer_Hartl_UW_MFPL_shotgun_TMT1_global_Fr7.raw	Technical	comment[fragment mass tolerance]		10 ppm		10 ppm	gold_only	unmatched	0.000000
PXD011799	20170424_Lumos_RSLC3_Maurer_Hartl_UW_MFPL_shotgun_TMT1_global_Fr7.raw	Technical	comment[instrument]	NT=Orbitrap Fusion Lumos;AC=MS:1002732	NT=Orbitrap Fusion Lumos	cv:ms:1002732	nt orbitrap fusion lumos	matched	fuzzy	0.933333
PXD011799	20170424_Lumos_RSLC3_Maurer_Hartl_UW_MFPL_shotgun_TMT1_global_Fr7.raw	Technical	comment[label]	TMT131	TMT131	tmt131	tmt131	matched	exact_normalized	1.000000
PXD011799	20170424_Lumos_RSLC3_Maurer_Hartl_UW_MFPL_shotgun_TMT1_global_Fr7.raw	Technical	comment[label]	TMT130C	TMT130C	tmt130c	tmt130c	matched	exact_normalized	1.000000
PXD011799	20170424_Lumos_RSLC3_Maurer_Hartl_UW_MFPL_shotgun_TMT1_global_Fr7.raw	Technical	comment[label]	TMT130N	TMT130N	tmt130n	tmt130n	matched	exact_normalized	1.000000
PXD011799	20170424_Lumos_RSLC3_Maurer_Hartl_UW_MFPL_shotgun_TMT1_global_Fr7.raw	Technical	comment[label]	TMT129C	TMT129C	tmt129c	tmt129c	matched	exact_normalized	1.000000
PXD011799	20170424_Lumos_RSLC3_Maurer_Hartl_UW_MFPL_shotgun_TMT1_global_Fr7.raw	Technical	comment[label]	TMT129N	TMT129N	tmt129n	tmt129n	matched	exact_normalized	1.000000
PXD011799	20170424_Lumos_RSLC3_Maurer_Hartl_UW_MFPL_shotgun_TMT1_global_Fr7.raw	Technical	comment[label]	TMT128C	TMT128C	tmt128c	tmt128c	matched	exact_normalized	1.000000
PXD011799	20170424_Lumos_RSLC3_Maurer_Hartl_UW_MFPL_shotgun_TMT1_global_Fr7.raw	Technical	comment[label]	TMT128N	TMT128N	tmt128n	tmt128n	matched	exact_normalized	1.000000
PXD011799	20170424_Lumos_RSLC3_Maurer_Hartl_UW_MFPL_shotgun_TMT1_global_Fr7.raw	Technical	comment[label]	TMT127C	TMT127C	tmt127c	tmt127c	matched	exact_normalized	1.000000
PXD011799	20170424_Lumos_RSLC3_Maurer_Hartl_UW_MFPL_shotgun_TMT1_global_Fr7.raw	Technical	comment[label]	TMT127N	TMT127N	tmt127n	tmt127n	matched	exact_normalized	1.000000
PXD011799	20170424_Lumos_RSLC3_Maurer_Hartl_UW_MFPL_shotgun_TMT1_global_Fr7.raw	Technical	comment[label]	TMT126	TMT126	tmt126	tmt126	matched	exact_normalized	1.000000
PXD011799	20170424_Lumos_RSLC3_Maurer_Hartl_UW_MFPL_shotgun_TMT1_global_Fr7.raw	Technical	comment[modification parameters]	NT=Deamidation;AC=UNIMOD:7;MT=Variable;TA=NQ	NT=Deamidation;TA=N,Q;AC=UNIMOD:7;MT=variable	cv:unimod:7	cv:unimod:7	matched	cv_accession	1.000000
PXD011799	20170424_Lumos_RSLC3_Maurer_Hartl_UW_MFPL_shotgun_TMT1_global_Fr7.raw	Technical	comment[modification parameters]	NT=Oxidation;AC=UNIMOD:35;MT=Variable;TA=M	NT=Oxidation;TA=M;AC=UNIMOD:35;MT=variable	cv:unimod:35	cv:unimod:35	matched	cv_accession	1.000000
PXD011799	20170424_Lumos_RSLC3_Maurer_Hartl_UW_MFPL_shotgun_TMT1_global_Fr7.raw	Technical	comment[modification parameters]	NT=TMT6plex;AC=UNIMOD:730;MT=Fixed;TA=K	NT=TMT6plex;PP=Any N-term;AC=UNIMOD:737;MT=fixed	cv:unimod:730	cv:unimod:737	matched	exact_normalized	1.000000
PXD011799	20170424_Lumos_RSLC3_Maurer_Hartl_UW_MFPL_shotgun_TMT1_global_Fr7.raw	Technical	comment[modification parameters]	NT=Carbamidomethyl;AC=UNIMOD:4;MT=Fixed;TA=C	NT=Carbamidomethyl;TA=C;AC=UNIMOD:4;MT=fixed	cv:unimod:4	cv:unimod:4	matched	cv_accession	1.000000
PXD011799	20170424_Lumos_RSLC3_Maurer_Hartl_UW_MFPL_shotgun_TMT1_global_Fr7.raw	Technical	comment[modification parameters]	NT=Phospho;AC=UNIMOD:21;MT=Variable;TA=STY		cv:unimod:21		assessed_only	unmatched	0.000000
PXD011799	20170424_Lumos_RSLC3_Maurer_Hartl_UW_MFPL_shotgun_TMT1_global_Fr7.raw	Technical	comment[ms2 mass analyzer]	orbitrap		orbitrap		assessed_only	unmatched	0.000000
PXD011799	20170424_Lumos_RSLC3_Maurer_Hartl_UW_MFPL_shotgun_TMT1_global_Fr7.raw	Technical	comment[precursor mass tolerance]	10 ppm		10 ppm		assessed_only	unmatched	0.000000
PXD011799	20170424_Lumos_RSLC3_Maurer_Hartl_UW_MFPL_shotgun_TMT1_global_Fr7.raw	Technical	comment[precursor mass tolerance]		0.01 Da		0.01 da	gold_only	unmatched	0.000000
PXD011799	20170424_Lumos_RSLC3_Maurer_Hartl_UW_MFPL_shotgun_TMT1_global_Fr7.raw	Technical	comment[proteomics data acquisition method]	NT=data-dependent acquisition;AC=PRIDE:0000627		cv:pride:0000627		assessed_only	unmatched	0.000000
PXD011799	20170424_Lumos_RSLC3_Maurer_Hartl_UW_MFPL_shotgun_TMT1_global_Fr7.raw	Technical	comment[reduction reagent]	dithiothreitol		dithiothreitol		assessed_only	unmatched	0.000000
PXD011799	20170424_Lumos_RSLC3_Maurer_Hartl_UW_MFPL_shotgun_TMT1_global_Fr7.raw	Technical	technology type	proteomic profiling by mass spectrometry		proteomic profiling by mass spectrometry		assessed_only	unmatched	0.000000
PXD011799	20170424_Lumos_RSLC3_Maurer_Hartl_UW_MFPL_shotgun_TMT1_global_Fr7.raw	ExperimentalDesign	characteristics[biological replicate]	8		8		assessed_only	unmatched	0.000000
PXD011799	20170424_Lumos_RSLC3_Maurer_Hartl_UW_MFPL_shotgun_TMT1_global_Fr7.raw	ExperimentalDesign	comment[fraction identifier]	12		12		assessed_only	unmatched	0.000000
PXD011799	20170424_Lumos_RSLC3_Maurer_Hartl_UW_MFPL_shotgun_TMT1_global_Fr7.raw	ExperimentalDesign	comment[fraction identifier]		7		7	gold_only	unmatched	0.000000
PXD011799	20170424_Lumos_RSLC3_Maurer_Hartl_UW_MFPL_shotgun_TMT1_global_Fr7.raw	ExperimentalDesign	comment[technical replicate]	1	1	1	1	matched	exact_normalized	1.000000
PXD011799	20170424_Lumos_RSLC3_Maurer_Hartl_UW_MFPL_shotgun_TMT1_global_Fr7.raw	ExperimentalDesign	factor value[disease]	metastatic melanoma		metastatic melanoma		assessed_only	unmatched	0.000000
PXD011799	20170424_Lumos_RSLC3_Maurer_Hartl_UW_MFPL_shotgun_TMT1_global_Fr7.raw	ExperimentalDesign	factor value[experimental design]	cell type (PBMCB, TAB), treatment (MCM, control)		cell type pbmcb tab treatment mcm control		assessed_only	unmatched	0.000000
PXD011799	20170424_Lumos_RSLC3_Maurer_Hartl_UW_MFPL_shotgun_TMT1_global_Fr8.raw	Biological	characteristics[cell type]	B cells		b cells		assessed_only	unmatched	0.000000
PXD011799	20170424_Lumos_RSLC3_Maurer_Hartl_UW_MFPL_shotgun_TMT1_global_Fr8.raw	Biological	characteristics[disease]	metastatic melanoma		metastatic melanoma		assessed_only	unmatched	0.000000
PXD011799	20170424_Lumos_RSLC3_Maurer_Hartl_UW_MFPL_shotgun_TMT1_global_Fr8.raw	Biological	characteristics[disease]		melanoma		melanoma	gold_only	unmatched	0.000000
PXD011799	20170424_Lumos_RSLC3_Maurer_Hartl_UW_MFPL_shotgun_TMT1_global_Fr8.raw	Biological	characteristics[organism part]	blood, melanoma		blood melanoma		assessed_only	unmatched	0.000000
PXD011799	20170424_Lumos_RSLC3_Maurer_Hartl_UW_MFPL_shotgun_TMT1_global_Fr8.raw	Biological	characteristics[organism part]		B cells		b cells	gold_only	unmatched	0.000000
PXD011799	20170424_Lumos_RSLC3_Maurer_Hartl_UW_MFPL_shotgun_TMT1_global_Fr8.raw	Biological	characteristics[organism]	Homo sapiens	Homo sapiens	homo sapiens	homo sapiens	matched	exact_normalized	1.000000
PXD011799	20170424_Lumos_RSLC3_Maurer_Hartl_UW_MFPL_shotgun_TMT1_global_Fr8.raw	Technical	comment[alkylation reagent]	iodoacetamide		iodoacetamide		assessed_only	unmatched	0.000000
PXD011799	20170424_Lumos_RSLC3_Maurer_Hartl_UW_MFPL_shotgun_TMT1_global_Fr8.raw	Technical	comment[cleavage agent details]	NT=Trypsin;AC=MS:1001251	NT=Trypsin;AC=MS:1001251	cv:ms:1001251	cv:ms:1001251	matched	cv_accession	1.000000
PXD011799	20170424_Lumos_RSLC3_Maurer_Hartl_UW_MFPL_shotgun_TMT1_global_Fr8.raw	Technical	comment[dissociation method]	NT=beam-type collision-induced dissociation;AC=MS:1000422		cv:ms:1000422		assessed_only	unmatched	0.000000
PXD011799	20170424_Lumos_RSLC3_Maurer_Hartl_UW_MFPL_shotgun_TMT1_global_Fr8.raw	Technical	comment[fragment mass tolerance]	0.01 Da		0.01 da		assessed_only	unmatched	0.000000
PXD011799	20170424_Lumos_RSLC3_Maurer_Hartl_UW_MFPL_shotgun_TMT1_global_Fr8.raw	Technical	comment[fragment mass tolerance]		10 ppm		10 ppm	gold_only	unmatched	0.000000
PXD011799	20170424_Lumos_RSLC3_Maurer_Hartl_UW_MFPL_shotgun_TMT1_global_Fr8.raw	Technical	comment[instrument]	NT=Orbitrap Fusion Lumos;AC=MS:1002732	NT=Orbitrap Fusion Lumos	cv:ms:1002732	nt orbitrap fusion lumos	matched	fuzzy	0.933333
PXD011799	20170424_Lumos_RSLC3_Maurer_Hartl_UW_MFPL_shotgun_TMT1_global_Fr8.raw	Technical	comment[label]	TMT131	TMT131	tmt131	tmt131	matched	exact_normalized	1.000000
PXD011799	20170424_Lumos_RSLC3_Maurer_Hartl_UW_MFPL_shotgun_TMT1_global_Fr8.raw	Technical	comment[label]	TMT130C	TMT130C	tmt130c	tmt130c	matched	exact_normalized	1.000000
PXD011799	20170424_Lumos_RSLC3_Maurer_Hartl_UW_MFPL_shotgun_TMT1_global_Fr8.raw	Technical	comment[label]	TMT130N	TMT130N	tmt130n	tmt130n	matched	exact_normalized	1.000000
PXD011799	20170424_Lumos_RSLC3_Maurer_Hartl_UW_MFPL_shotgun_TMT1_global_Fr8.raw	Technical	comment[label]	TMT129C	TMT129C	tmt129c	tmt129c	matched	exact_normalized	1.000000
PXD011799	20170424_Lumos_RSLC3_Maurer_Hartl_UW_MFPL_shotgun_TMT1_global_Fr8.raw	Technical	comment[label]	TMT129N	TMT129N	tmt129n	tmt129n	matched	exact_normalized	1.000000
PXD011799	20170424_Lumos_RSLC3_Maurer_Hartl_UW_MFPL_shotgun_TMT1_global_Fr8.raw	Technical	comment[label]	TMT128C	TMT128C	tmt128c	tmt128c	matched	exact_normalized	1.000000
PXD011799	20170424_Lumos_RSLC3_Maurer_Hartl_UW_MFPL_shotgun_TMT1_global_Fr8.raw	Technical	comment[label]	TMT128N	TMT128N	tmt128n	tmt128n	matched	exact_normalized	1.000000
PXD011799	20170424_Lumos_RSLC3_Maurer_Hartl_UW_MFPL_shotgun_TMT1_global_Fr8.raw	Technical	comment[label]	TMT127C	TMT127C	tmt127c	tmt127c	matched	exact_normalized	1.000000
PXD011799	20170424_Lumos_RSLC3_Maurer_Hartl_UW_MFPL_shotgun_TMT1_global_Fr8.raw	Technical	comment[label]	TMT127N	TMT127N	tmt127n	tmt127n	matched	exact_normalized	1.000000
PXD011799	20170424_Lumos_RSLC3_Maurer_Hartl_UW_MFPL_shotgun_TMT1_global_Fr8.raw	Technical	comment[label]	TMT126	TMT126	tmt126	tmt126	matched	exact_normalized	1.000000
PXD011799	20170424_Lumos_RSLC3_Maurer_Hartl_UW_MFPL_shotgun_TMT1_global_Fr8.raw	Technical	comment[modification parameters]	NT=Deamidation;AC=UNIMOD:7;MT=Variable;TA=NQ	NT=Deamidation;TA=N,Q;AC=UNIMOD:7;MT=variable	cv:unimod:7	cv:unimod:7	matched	cv_accession	1.000000
PXD011799	20170424_Lumos_RSLC3_Maurer_Hartl_UW_MFPL_shotgun_TMT1_global_Fr8.raw	Technical	comment[modification parameters]	NT=Oxidation;AC=UNIMOD:35;MT=Variable;TA=M	NT=Oxidation;TA=M;AC=UNIMOD:35;MT=variable	cv:unimod:35	cv:unimod:35	matched	cv_accession	1.000000
PXD011799	20170424_Lumos_RSLC3_Maurer_Hartl_UW_MFPL_shotgun_TMT1_global_Fr8.raw	Technical	comment[modification parameters]	NT=TMT6plex;AC=UNIMOD:730;MT=Fixed;TA=K	NT=TMT6plex;PP=Any N-term;AC=UNIMOD:737;MT=fixed	cv:unimod:730	cv:unimod:737	matched	exact_normalized	1.000000
PXD011799	20170424_Lumos_RSLC3_Maurer_Hartl_UW_MFPL_shotgun_TMT1_global_Fr8.raw	Technical	comment[modification parameters]	NT=Carbamidomethyl;AC=UNIMOD:4;MT=Fixed;TA=C	NT=Carbamidomethyl;TA=C;AC=UNIMOD:4;MT=fixed	cv:unimod:4	cv:unimod:4	matched	cv_accession	1.000000
PXD011799	20170424_Lumos_RSLC3_Maurer_Hartl_UW_MFPL_shotgun_TMT1_global_Fr8.raw	Technical	comment[modification parameters]	NT=Phospho;AC=UNIMOD:21;MT=Variable;TA=STY		cv:unimod:21		assessed_only	unmatched	0.000000
PXD011799	20170424_Lumos_RSLC3_Maurer_Hartl_UW_MFPL_shotgun_TMT1_global_Fr8.raw	Technical	comment[ms2 mass analyzer]	orbitrap		orbitrap		assessed_only	unmatched	0.000000
PXD011799	20170424_Lumos_RSLC3_Maurer_Hartl_UW_MFPL_shotgun_TMT1_global_Fr8.raw	Technical	comment[precursor mass tolerance]	10 ppm		10 ppm		assessed_only	unmatched	0.000000
PXD011799	20170424_Lumos_RSLC3_Maurer_Hartl_UW_MFPL_shotgun_TMT1_global_Fr8.raw	Technical	comment[precursor mass tolerance]		0.01 Da		0.01 da	gold_only	unmatched	0.000000
PXD011799	20170424_Lumos_RSLC3_Maurer_Hartl_UW_MFPL_shotgun_TMT1_global_Fr8.raw	Technical	comment[proteomics data acquisition method]	NT=data-dependent acquisition;AC=PRIDE:0000627		cv:pride:0000627		assessed_only	unmatched	0.000000
PXD011799	20170424_Lumos_RSLC3_Maurer_Hartl_UW_MFPL_shotgun_TMT1_global_Fr8.raw	Technical	comment[reduction reagent]	dithiothreitol		dithiothreitol		assessed_only	unmatched	0.000000
PXD011799	20170424_Lumos_RSLC3_Maurer_Hartl_UW_MFPL_shotgun_TMT1_global_Fr8.raw	Technical	technology type	proteomic profiling by mass spectrometry		proteomic profiling by mass spectrometry		assessed_only	unmatched	0.000000
PXD011799	20170424_Lumos_RSLC3_Maurer_Hartl_UW_MFPL_shotgun_TMT1_global_Fr8.raw	ExperimentalDesign	characteristics[biological replicate]	8		8		assessed_only	unmatched	0.000000
PXD011799	20170424_Lumos_RSLC3_Maurer_Hartl_UW_MFPL_shotgun_TMT1_global_Fr8.raw	ExperimentalDesign	comment[fraction identifier]	12		12		assessed_only	unmatched	0.000000
PXD011799	20170424_Lumos_RSLC3_Maurer_Hartl_UW_MFPL_shotgun_TMT1_global_Fr8.raw	ExperimentalDesign	comment[fraction identifier]		8		8	gold_only	unmatched	0.000000
PXD011799	20170424_Lumos_RSLC3_Maurer_Hartl_UW_MFPL_shotgun_TMT1_global_Fr8.raw	ExperimentalDesign	comment[technical replicate]	1	1	1	1	matched	exact_normalized	1.000000
PXD011799	20170424_Lumos_RSLC3_Maurer_Hartl_UW_MFPL_shotgun_TMT1_global_Fr8.raw	ExperimentalDesign	factor value[disease]	metastatic melanoma		metastatic melanoma		assessed_only	unmatched	0.000000
PXD011799	20170424_Lumos_RSLC3_Maurer_Hartl_UW_MFPL_shotgun_TMT1_global_Fr8.raw	ExperimentalDesign	factor value[experimental design]	cell type (PBMCB, TAB), treatment (MCM, control)		cell type pbmcb tab treatment mcm control		assessed_only	unmatched	0.000000
PXD011799	20170424_Lumos_RSLC3_Maurer_Hartl_UW_MFPL_shotgun_TMT1_global_Fr9.raw	Biological	characteristics[cell type]	B cells		b cells		assessed_only	unmatched	0.000000
PXD011799	20170424_Lumos_RSLC3_Maurer_Hartl_UW_MFPL_shotgun_TMT1_global_Fr9.raw	Biological	characteristics[disease]	metastatic melanoma		metastatic melanoma		assessed_only	unmatched	0.000000
PXD011799	20170424_Lumos_RSLC3_Maurer_Hartl_UW_MFPL_shotgun_TMT1_global_Fr9.raw	Biological	characteristics[disease]		melanoma		melanoma	gold_only	unmatched	0.000000
PXD011799	20170424_Lumos_RSLC3_Maurer_Hartl_UW_MFPL_shotgun_TMT1_global_Fr9.raw	Biological	characteristics[organism part]	blood, melanoma		blood melanoma		assessed_only	unmatched	0.000000
PXD011799	20170424_Lumos_RSLC3_Maurer_Hartl_UW_MFPL_shotgun_TMT1_global_Fr9.raw	Biological	characteristics[organism part]		B cells		b cells	gold_only	unmatched	0.000000
PXD011799	20170424_Lumos_RSLC3_Maurer_Hartl_UW_MFPL_shotgun_TMT1_global_Fr9.raw	Biological	characteristics[organism]	Homo sapiens	Homo sapiens	homo sapiens	homo sapiens	matched	exact_normalized	1.000000
PXD011799	20170424_Lumos_RSLC3_Maurer_Hartl_UW_MFPL_shotgun_TMT1_global_Fr9.raw	Technical	comment[alkylation reagent]	iodoacetamide		iodoacetamide		assessed_only	unmatched	0.000000
PXD011799	20170424_Lumos_RSLC3_Maurer_Hartl_UW_MFPL_shotgun_TMT1_global_Fr9.raw	Technical	comment[cleavage agent details]	NT=Trypsin;AC=MS:1001251	NT=Trypsin;AC=MS:1001251	cv:ms:1001251	cv:ms:1001251	matched	cv_accession	1.000000
PXD011799	20170424_Lumos_RSLC3_Maurer_Hartl_UW_MFPL_shotgun_TMT1_global_Fr9.raw	Technical	comment[dissociation method]	NT=beam-type collision-induced dissociation;AC=MS:1000422		cv:ms:1000422		assessed_only	unmatched	0.000000
PXD011799	20170424_Lumos_RSLC3_Maurer_Hartl_UW_MFPL_shotgun_TMT1_global_Fr9.raw	Technical	comment[fragment mass tolerance]	0.01 Da		0.01 da		assessed_only	unmatched	0.000000
PXD011799	20170424_Lumos_RSLC3_Maurer_Hartl_UW_MFPL_shotgun_TMT1_global_Fr9.raw	Technical	comment[fragment mass tolerance]		10 ppm		10 ppm	gold_only	unmatched	0.000000
PXD011799	20170424_Lumos_RSLC3_Maurer_Hartl_UW_MFPL_shotgun_TMT1_global_Fr9.raw	Technical	comment[instrument]	NT=Orbitrap Fusion Lumos;AC=MS:1002732	NT=Orbitrap Fusion Lumos	cv:ms:1002732	nt orbitrap fusion lumos	matched	fuzzy	0.933333
PXD011799	20170424_Lumos_RSLC3_Maurer_Hartl_UW_MFPL_shotgun_TMT1_global_Fr9.raw	Technical	comment[label]	TMT131	TMT131	tmt131	tmt131	matched	exact_normalized	1.000000
PXD011799	20170424_Lumos_RSLC3_Maurer_Hartl_UW_MFPL_shotgun_TMT1_global_Fr9.raw	Technical	comment[label]	TMT130C	TMT130C	tmt130c	tmt130c	matched	exact_normalized	1.000000
PXD011799	20170424_Lumos_RSLC3_Maurer_Hartl_UW_MFPL_shotgun_TMT1_global_Fr9.raw	Technical	comment[label]	TMT130N	TMT130N	tmt130n	tmt130n	matched	exact_normalized	1.000000
PXD011799	20170424_Lumos_RSLC3_Maurer_Hartl_UW_MFPL_shotgun_TMT1_global_Fr9.raw	Technical	comment[label]	TMT129C	TMT129C	tmt129c	tmt129c	matched	exact_normalized	1.000000
PXD011799	20170424_Lumos_RSLC3_Maurer_Hartl_UW_MFPL_shotgun_TMT1_global_Fr9.raw	Technical	comment[label]	TMT129N	TMT129N	tmt129n	tmt129n	matched	exact_normalized	1.000000
PXD011799	20170424_Lumos_RSLC3_Maurer_Hartl_UW_MFPL_shotgun_TMT1_global_Fr9.raw	Technical	comment[label]	TMT128C	TMT128C	tmt128c	tmt128c	matched	exact_normalized	1.000000
PXD011799	20170424_Lumos_RSLC3_Maurer_Hartl_UW_MFPL_shotgun_TMT1_global_Fr9.raw	Technical	comment[label]	TMT128N	TMT128N	tmt128n	tmt128n	matched	exact_normalized	1.000000
PXD011799	20170424_Lumos_RSLC3_Maurer_Hartl_UW_MFPL_shotgun_TMT1_global_Fr9.raw	Technical	comment[label]	TMT127C	TMT127C	tmt127c	tmt127c	matched	exact_normalized	1.000000
PXD011799	20170424_Lumos_RSLC3_Maurer_Hartl_UW_MFPL_shotgun_TMT1_global_Fr9.raw	Technical	comment[label]	TMT127N	TMT127N	tmt127n	tmt127n	matched	exact_normalized	1.000000
PXD011799	20170424_Lumos_RSLC3_Maurer_Hartl_UW_MFPL_shotgun_TMT1_global_Fr9.raw	Technical	comment[label]	TMT126	TMT126	tmt126	tmt126	matched	exact_normalized	1.000000
PXD011799	20170424_Lumos_RSLC3_Maurer_Hartl_UW_MFPL_shotgun_TMT1_global_Fr9.raw	Technical	comment[modification parameters]	NT=Deamidation;AC=UNIMOD:7;MT=Variable;TA=NQ	NT=Deamidation;TA=N,Q;AC=UNIMOD:7;MT=variable	cv:unimod:7	cv:unimod:7	matched	cv_accession	1.000000
PXD011799	20170424_Lumos_RSLC3_Maurer_Hartl_UW_MFPL_shotgun_TMT1_global_Fr9.raw	Technical	comment[modification parameters]	NT=Oxidation;AC=UNIMOD:35;MT=Variable;TA=M	NT=Oxidation;TA=M;AC=UNIMOD:35;MT=variable	cv:unimod:35	cv:unimod:35	matched	cv_accession	1.000000
PXD011799	20170424_Lumos_RSLC3_Maurer_Hartl_UW_MFPL_shotgun_TMT1_global_Fr9.raw	Technical	comment[modification parameters]	NT=TMT6plex;AC=UNIMOD:730;MT=Fixed;TA=K	NT=TMT6plex;PP=Any N-term;AC=UNIMOD:737;MT=fixed	cv:unimod:730	cv:unimod:737	matched	exact_normalized	1.000000
PXD011799	20170424_Lumos_RSLC3_Maurer_Hartl_UW_MFPL_shotgun_TMT1_global_Fr9.raw	Technical	comment[modification parameters]	NT=Carbamidomethyl;AC=UNIMOD:4;MT=Fixed;TA=C	NT=Carbamidomethyl;TA=C;AC=UNIMOD:4;MT=fixed	cv:unimod:4	cv:unimod:4	matched	cv_accession	1.000000
PXD011799	20170424_Lumos_RSLC3_Maurer_Hartl_UW_MFPL_shotgun_TMT1_global_Fr9.raw	Technical	comment[modification parameters]	NT=Phospho;AC=UNIMOD:21;MT=Variable;TA=STY		cv:unimod:21		assessed_only	unmatched	0.000000
PXD011799	20170424_Lumos_RSLC3_Maurer_Hartl_UW_MFPL_shotgun_TMT1_global_Fr9.raw	Technical	comment[ms2 mass analyzer]	orbitrap		orbitrap		assessed_only	unmatched	0.000000
PXD011799	20170424_Lumos_RSLC3_Maurer_Hartl_UW_MFPL_shotgun_TMT1_global_Fr9.raw	Technical	comment[precursor mass tolerance]	10 ppm		10 ppm		assessed_only	unmatched	0.000000
PXD011799	20170424_Lumos_RSLC3_Maurer_Hartl_UW_MFPL_shotgun_TMT1_global_Fr9.raw	Technical	comment[precursor mass tolerance]		0.01 Da		0.01 da	gold_only	unmatched	0.000000
PXD011799	20170424_Lumos_RSLC3_Maurer_Hartl_UW_MFPL_shotgun_TMT1_global_Fr9.raw	Technical	comment[proteomics data acquisition method]	NT=data-dependent acquisition;AC=PRIDE:0000627		cv:pride:0000627		assessed_only	unmatched	0.000000
PXD011799	20170424_Lumos_RSLC3_Maurer_Hartl_UW_MFPL_shotgun_TMT1_global_Fr9.raw	Technical	comment[reduction reagent]	dithiothreitol		dithiothreitol		assessed_only	unmatched	0.000000
PXD011799	20170424_Lumos_RSLC3_Maurer_Hartl_UW_MFPL_shotgun_TMT1_global_Fr9.raw	Technical	technology type	proteomic profiling by mass spectrometry		proteomic profiling by mass spectrometry		assessed_only	unmatched	0.000000
PXD011799	20170424_Lumos_RSLC3_Maurer_Hartl_UW_MFPL_shotgun_TMT1_global_Fr9.raw	ExperimentalDesign	characteristics[biological replicate]	8		8		assessed_only	unmatched	0.000000
PXD011799	20170424_Lumos_RSLC3_Maurer_Hartl_UW_MFPL_shotgun_TMT1_global_Fr9.raw	ExperimentalDesign	comment[fraction identifier]	12		12		assessed_only	unmatched	0.000000
PXD011799	20170424_Lumos_RSLC3_Maurer_Hartl_UW_MFPL_shotgun_TMT1_global_Fr9.raw	ExperimentalDesign	comment[fraction identifier]		9		9	gold_only	unmatched	0.000000
PXD011799	20170424_Lumos_RSLC3_Maurer_Hartl_UW_MFPL_shotgun_TMT1_global_Fr9.raw	ExperimentalDesign	comment[technical replicate]	1	1	1	1	matched	exact_normalized	1.000000
PXD011799	20170424_Lumos_RSLC3_Maurer_Hartl_UW_MFPL_shotgun_TMT1_global_Fr9.raw	ExperimentalDesign	factor value[disease]	metastatic melanoma		metastatic melanoma		assessed_only	unmatched	0.000000
PXD011799	20170424_Lumos_RSLC3_Maurer_Hartl_UW_MFPL_shotgun_TMT1_global_Fr9.raw	ExperimentalDesign	factor value[experimental design]	cell type (PBMCB, TAB), treatment (MCM, control)		cell type pbmcb tab treatment mcm control		assessed_only	unmatched	0.000000
PXD011799	20170424_Lumos_RSLC3_Maurer_Hartl_UW_MFPL_shotgun_TMT1_TiO2_Fr1.raw	Biological	characteristics[cell type]	B cells		b cells		assessed_only	unmatched	0.000000
PXD011799	20170424_Lumos_RSLC3_Maurer_Hartl_UW_MFPL_shotgun_TMT1_TiO2_Fr1.raw	Biological	characteristics[disease]	metastatic melanoma		metastatic melanoma		assessed_only	unmatched	0.000000
PXD011799	20170424_Lumos_RSLC3_Maurer_Hartl_UW_MFPL_shotgun_TMT1_TiO2_Fr1.raw	Biological	characteristics[disease]		melanoma		melanoma	gold_only	unmatched	0.000000
PXD011799	20170424_Lumos_RSLC3_Maurer_Hartl_UW_MFPL_shotgun_TMT1_TiO2_Fr1.raw	Biological	characteristics[organism part]	blood, melanoma		blood melanoma		assessed_only	unmatched	0.000000
PXD011799	20170424_Lumos_RSLC3_Maurer_Hartl_UW_MFPL_shotgun_TMT1_TiO2_Fr1.raw	Biological	characteristics[organism part]		B cells		b cells	gold_only	unmatched	0.000000
PXD011799	20170424_Lumos_RSLC3_Maurer_Hartl_UW_MFPL_shotgun_TMT1_TiO2_Fr1.raw	Biological	characteristics[organism]	Homo sapiens	Homo sapiens	homo sapiens	homo sapiens	matched	exact_normalized	1.000000
PXD011799	20170424_Lumos_RSLC3_Maurer_Hartl_UW_MFPL_shotgun_TMT1_TiO2_Fr1.raw	Technical	comment[alkylation reagent]	iodoacetamide		iodoacetamide		assessed_only	unmatched	0.000000
PXD011799	20170424_Lumos_RSLC3_Maurer_Hartl_UW_MFPL_shotgun_TMT1_TiO2_Fr1.raw	Technical	comment[cleavage agent details]	NT=Trypsin;AC=MS:1001251	NT=Trypsin;AC=MS:1001251	cv:ms:1001251	cv:ms:1001251	matched	cv_accession	1.000000
PXD011799	20170424_Lumos_RSLC3_Maurer_Hartl_UW_MFPL_shotgun_TMT1_TiO2_Fr1.raw	Technical	comment[dissociation method]	NT=beam-type collision-induced dissociation;AC=MS:1000422		cv:ms:1000422		assessed_only	unmatched	0.000000
PXD011799	20170424_Lumos_RSLC3_Maurer_Hartl_UW_MFPL_shotgun_TMT1_TiO2_Fr1.raw	Technical	comment[fragment mass tolerance]	0.01 Da		0.01 da		assessed_only	unmatched	0.000000
PXD011799	20170424_Lumos_RSLC3_Maurer_Hartl_UW_MFPL_shotgun_TMT1_TiO2_Fr1.raw	Technical	comment[fragment mass tolerance]		10 ppm		10 ppm	gold_only	unmatched	0.000000
PXD011799	20170424_Lumos_RSLC3_Maurer_Hartl_UW_MFPL_shotgun_TMT1_TiO2_Fr1.raw	Technical	comment[instrument]	NT=Orbitrap Fusion Lumos;AC=MS:1002732	NT=Orbitrap Fusion Lumos	cv:ms:1002732	nt orbitrap fusion lumos	matched	fuzzy	0.933333
PXD011799	20170424_Lumos_RSLC3_Maurer_Hartl_UW_MFPL_shotgun_TMT1_TiO2_Fr1.raw	Technical	comment[label]	TMT131	TMT131	tmt131	tmt131	matched	exact_normalized	1.000000
PXD011799	20170424_Lumos_RSLC3_Maurer_Hartl_UW_MFPL_shotgun_TMT1_TiO2_Fr1.raw	Technical	comment[label]	TMT130C	TMT130C	tmt130c	tmt130c	matched	exact_normalized	1.000000
PXD011799	20170424_Lumos_RSLC3_Maurer_Hartl_UW_MFPL_shotgun_TMT1_TiO2_Fr1.raw	Technical	comment[label]	TMT130N	TMT130N	tmt130n	tmt130n	matched	exact_normalized	1.000000
PXD011799	20170424_Lumos_RSLC3_Maurer_Hartl_UW_MFPL_shotgun_TMT1_TiO2_Fr1.raw	Technical	comment[label]	TMT129C	TMT129C	tmt129c	tmt129c	matched	exact_normalized	1.000000
PXD011799	20170424_Lumos_RSLC3_Maurer_Hartl_UW_MFPL_shotgun_TMT1_TiO2_Fr1.raw	Technical	comment[label]	TMT129N	TMT129N	tmt129n	tmt129n	matched	exact_normalized	1.000000
PXD011799	20170424_Lumos_RSLC3_Maurer_Hartl_UW_MFPL_shotgun_TMT1_TiO2_Fr1.raw	Technical	comment[label]	TMT128C	TMT128C	tmt128c	tmt128c	matched	exact_normalized	1.000000
PXD011799	20170424_Lumos_RSLC3_Maurer_Hartl_UW_MFPL_shotgun_TMT1_TiO2_Fr1.raw	Technical	comment[label]	TMT128N	TMT128N	tmt128n	tmt128n	matched	exact_normalized	1.000000
PXD011799	20170424_Lumos_RSLC3_Maurer_Hartl_UW_MFPL_shotgun_TMT1_TiO2_Fr1.raw	Technical	comment[label]	TMT127C	TMT127C	tmt127c	tmt127c	matched	exact_normalized	1.000000
PXD011799	20170424_Lumos_RSLC3_Maurer_Hartl_UW_MFPL_shotgun_TMT1_TiO2_Fr1.raw	Technical	comment[label]	TMT127N	TMT127N	tmt127n	tmt127n	matched	exact_normalized	1.000000
PXD011799	20170424_Lumos_RSLC3_Maurer_Hartl_UW_MFPL_shotgun_TMT1_TiO2_Fr1.raw	Technical	comment[label]	TMT126	TMT126	tmt126	tmt126	matched	exact_normalized	1.000000
PXD011799	20170424_Lumos_RSLC3_Maurer_Hartl_UW_MFPL_shotgun_TMT1_TiO2_Fr1.raw	Technical	comment[modification parameters]	NT=Deamidation;AC=UNIMOD:7;MT=Variable;TA=NQ	NT=Deamidation;TA=N,Q;AC=UNIMOD:7;MT=variable	cv:unimod:7	cv:unimod:7	matched	cv_accession	1.000000
PXD011799	20170424_Lumos_RSLC3_Maurer_Hartl_UW_MFPL_shotgun_TMT1_TiO2_Fr1.raw	Technical	comment[modification parameters]	NT=Phospho;AC=UNIMOD:21;MT=Variable;TA=STY	NT=Phosphorylation;TA=S,T,Y;AC=UNIMOD:21;MT=variable	cv:unimod:21	cv:unimod:21	matched	cv_accession	1.000000
PXD011799	20170424_Lumos_RSLC3_Maurer_Hartl_UW_MFPL_shotgun_TMT1_TiO2_Fr1.raw	Technical	comment[modification parameters]	NT=Oxidation;AC=UNIMOD:35;MT=Variable;TA=M	NT=Oxidation;TA=M;AC=UNIMOD:35;MT=variable	cv:unimod:35	cv:unimod:35	matched	cv_accession	1.000000
PXD011799	20170424_Lumos_RSLC3_Maurer_Hartl_UW_MFPL_shotgun_TMT1_TiO2_Fr1.raw	Technical	comment[modification parameters]	NT=TMT6plex;AC=UNIMOD:730;MT=Fixed;TA=K	NT=TMT6plex;PP=Any N-term;AC=UNIMOD:737;MT=fixed	cv:unimod:730	cv:unimod:737	matched	exact_normalized	1.000000
PXD011799	20170424_Lumos_RSLC3_Maurer_Hartl_UW_MFPL_shotgun_TMT1_TiO2_Fr1.raw	Technical	comment[modification parameters]	NT=Carbamidomethyl;AC=UNIMOD:4;MT=Fixed;TA=C	NT=Carbamidomethyl;TA=C;AC=UNIMOD:4;MT=fixed	cv:unimod:4	cv:unimod:4	matched	cv_accession	1.000000
PXD011799	20170424_Lumos_RSLC3_Maurer_Hartl_UW_MFPL_shotgun_TMT1_TiO2_Fr1.raw	Technical	comment[ms2 mass analyzer]	orbitrap		orbitrap		assessed_only	unmatched	0.000000
PXD011799	20170424_Lumos_RSLC3_Maurer_Hartl_UW_MFPL_shotgun_TMT1_TiO2_Fr1.raw	Technical	comment[precursor mass tolerance]	10 ppm		10 ppm		assessed_only	unmatched	0.000000
PXD011799	20170424_Lumos_RSLC3_Maurer_Hartl_UW_MFPL_shotgun_TMT1_TiO2_Fr1.raw	Technical	comment[precursor mass tolerance]		0.01 Da		0.01 da	gold_only	unmatched	0.000000
PXD011799	20170424_Lumos_RSLC3_Maurer_Hartl_UW_MFPL_shotgun_TMT1_TiO2_Fr1.raw	Technical	comment[proteomics data acquisition method]	NT=data-dependent acquisition;AC=PRIDE:0000627		cv:pride:0000627		assessed_only	unmatched	0.000000
PXD011799	20170424_Lumos_RSLC3_Maurer_Hartl_UW_MFPL_shotgun_TMT1_TiO2_Fr1.raw	Technical	comment[reduction reagent]	dithiothreitol		dithiothreitol		assessed_only	unmatched	0.000000
PXD011799	20170424_Lumos_RSLC3_Maurer_Hartl_UW_MFPL_shotgun_TMT1_TiO2_Fr1.raw	Technical	technology type	proteomic profiling by mass spectrometry		proteomic profiling by mass spectrometry		assessed_only	unmatched	0.000000
PXD011799	20170424_Lumos_RSLC3_Maurer_Hartl_UW_MFPL_shotgun_TMT1_TiO2_Fr1.raw	ExperimentalDesign	characteristics[biological replicate]	8		8		assessed_only	unmatched	0.000000
PXD011799	20170424_Lumos_RSLC3_Maurer_Hartl_UW_MFPL_shotgun_TMT1_TiO2_Fr1.raw	ExperimentalDesign	comment[fraction identifier]	12		12		assessed_only	unmatched	0.000000
PXD011799	20170424_Lumos_RSLC3_Maurer_Hartl_UW_MFPL_shotgun_TMT1_TiO2_Fr1.raw	ExperimentalDesign	comment[fraction identifier]		1		1	gold_only	unmatched	0.000000
PXD011799	20170424_Lumos_RSLC3_Maurer_Hartl_UW_MFPL_shotgun_TMT1_TiO2_Fr1.raw	ExperimentalDesign	comment[technical replicate]	1	1	1	1	matched	exact_normalized	1.000000
PXD011799	20170424_Lumos_RSLC3_Maurer_Hartl_UW_MFPL_shotgun_TMT1_TiO2_Fr1.raw	ExperimentalDesign	factor value[disease]	metastatic melanoma		metastatic melanoma		assessed_only	unmatched	0.000000
PXD011799	20170424_Lumos_RSLC3_Maurer_Hartl_UW_MFPL_shotgun_TMT1_TiO2_Fr1.raw	ExperimentalDesign	factor value[experimental design]	cell type (PBMCB, TAB), treatment (MCM, control)		cell type pbmcb tab treatment mcm control		assessed_only	unmatched	0.000000
PXD011799	20170424_Lumos_RSLC3_Maurer_Hartl_UW_MFPL_shotgun_TMT1_TiO2_Fr10.raw	Biological	characteristics[cell type]	B cells		b cells		assessed_only	unmatched	0.000000
PXD011799	20170424_Lumos_RSLC3_Maurer_Hartl_UW_MFPL_shotgun_TMT1_TiO2_Fr10.raw	Biological	characteristics[disease]	metastatic melanoma		metastatic melanoma		assessed_only	unmatched	0.000000
PXD011799	20170424_Lumos_RSLC3_Maurer_Hartl_UW_MFPL_shotgun_TMT1_TiO2_Fr10.raw	Biological	characteristics[disease]		melanoma		melanoma	gold_only	unmatched	0.000000
PXD011799	20170424_Lumos_RSLC3_Maurer_Hartl_UW_MFPL_shotgun_TMT1_TiO2_Fr10.raw	Biological	characteristics[organism part]	blood, melanoma		blood melanoma		assessed_only	unmatched	0.000000
PXD011799	20170424_Lumos_RSLC3_Maurer_Hartl_UW_MFPL_shotgun_TMT1_TiO2_Fr10.raw	Biological	characteristics[organism part]		B cells		b cells	gold_only	unmatched	0.000000
PXD011799	20170424_Lumos_RSLC3_Maurer_Hartl_UW_MFPL_shotgun_TMT1_TiO2_Fr10.raw	Biological	characteristics[organism]	Homo sapiens	Homo sapiens	homo sapiens	homo sapiens	matched	exact_normalized	1.000000
PXD011799	20170424_Lumos_RSLC3_Maurer_Hartl_UW_MFPL_shotgun_TMT1_TiO2_Fr10.raw	Technical	comment[alkylation reagent]	iodoacetamide		iodoacetamide		assessed_only	unmatched	0.000000
PXD011799	20170424_Lumos_RSLC3_Maurer_Hartl_UW_MFPL_shotgun_TMT1_TiO2_Fr10.raw	Technical	comment[cleavage agent details]	NT=Trypsin;AC=MS:1001251	NT=Trypsin;AC=MS:1001251	cv:ms:1001251	cv:ms:1001251	matched	cv_accession	1.000000
PXD011799	20170424_Lumos_RSLC3_Maurer_Hartl_UW_MFPL_shotgun_TMT1_TiO2_Fr10.raw	Technical	comment[dissociation method]	NT=beam-type collision-induced dissociation;AC=MS:1000422		cv:ms:1000422		assessed_only	unmatched	0.000000
PXD011799	20170424_Lumos_RSLC3_Maurer_Hartl_UW_MFPL_shotgun_TMT1_TiO2_Fr10.raw	Technical	comment[fragment mass tolerance]	0.01 Da		0.01 da		assessed_only	unmatched	0.000000
PXD011799	20170424_Lumos_RSLC3_Maurer_Hartl_UW_MFPL_shotgun_TMT1_TiO2_Fr10.raw	Technical	comment[fragment mass tolerance]		10 ppm		10 ppm	gold_only	unmatched	0.000000
PXD011799	20170424_Lumos_RSLC3_Maurer_Hartl_UW_MFPL_shotgun_TMT1_TiO2_Fr10.raw	Technical	comment[instrument]	NT=Orbitrap Fusion Lumos;AC=MS:1002732	NT=Orbitrap Fusion Lumos	cv:ms:1002732	nt orbitrap fusion lumos	matched	fuzzy	0.933333
PXD011799	20170424_Lumos_RSLC3_Maurer_Hartl_UW_MFPL_shotgun_TMT1_TiO2_Fr10.raw	Technical	comment[label]	TMT131	TMT131	tmt131	tmt131	matched	exact_normalized	1.000000
PXD011799	20170424_Lumos_RSLC3_Maurer_Hartl_UW_MFPL_shotgun_TMT1_TiO2_Fr10.raw	Technical	comment[label]	TMT130C	TMT130C	tmt130c	tmt130c	matched	exact_normalized	1.000000
PXD011799	20170424_Lumos_RSLC3_Maurer_Hartl_UW_MFPL_shotgun_TMT1_TiO2_Fr10.raw	Technical	comment[label]	TMT130N	TMT130N	tmt130n	tmt130n	matched	exact_normalized	1.000000
PXD011799	20170424_Lumos_RSLC3_Maurer_Hartl_UW_MFPL_shotgun_TMT1_TiO2_Fr10.raw	Technical	comment[label]	TMT129C	TMT129C	tmt129c	tmt129c	matched	exact_normalized	1.000000
PXD011799	20170424_Lumos_RSLC3_Maurer_Hartl_UW_MFPL_shotgun_TMT1_TiO2_Fr10.raw	Technical	comment[label]	TMT129N	TMT129N	tmt129n	tmt129n	matched	exact_normalized	1.000000
PXD011799	20170424_Lumos_RSLC3_Maurer_Hartl_UW_MFPL_shotgun_TMT1_TiO2_Fr10.raw	Technical	comment[label]	TMT128C	TMT128C	tmt128c	tmt128c	matched	exact_normalized	1.000000
PXD011799	20170424_Lumos_RSLC3_Maurer_Hartl_UW_MFPL_shotgun_TMT1_TiO2_Fr10.raw	Technical	comment[label]	TMT128N	TMT128N	tmt128n	tmt128n	matched	exact_normalized	1.000000
PXD011799	20170424_Lumos_RSLC3_Maurer_Hartl_UW_MFPL_shotgun_TMT1_TiO2_Fr10.raw	Technical	comment[label]	TMT127C	TMT127C	tmt127c	tmt127c	matched	exact_normalized	1.000000
PXD011799	20170424_Lumos_RSLC3_Maurer_Hartl_UW_MFPL_shotgun_TMT1_TiO2_Fr10.raw	Technical	comment[label]	TMT127N	TMT127N	tmt127n	tmt127n	matched	exact_normalized	1.000000
PXD011799	20170424_Lumos_RSLC3_Maurer_Hartl_UW_MFPL_shotgun_TMT1_TiO2_Fr10.raw	Technical	comment[label]	TMT126	TMT126	tmt126	tmt126	matched	exact_normalized	1.000000
PXD011799	20170424_Lumos_RSLC3_Maurer_Hartl_UW_MFPL_shotgun_TMT1_TiO2_Fr10.raw	Technical	comment[modification parameters]	NT=Deamidation;AC=UNIMOD:7;MT=Variable;TA=NQ	NT=Deamidation;TA=N,Q;AC=UNIMOD:7;MT=variable	cv:unimod:7	cv:unimod:7	matched	cv_accession	1.000000
PXD011799	20170424_Lumos_RSLC3_Maurer_Hartl_UW_MFPL_shotgun_TMT1_TiO2_Fr10.raw	Technical	comment[modification parameters]	NT=Phospho;AC=UNIMOD:21;MT=Variable;TA=STY	NT=Phosphorylation;TA=S,T,Y;AC=UNIMOD:21;MT=variable	cv:unimod:21	cv:unimod:21	matched	cv_accession	1.000000
PXD011799	20170424_Lumos_RSLC3_Maurer_Hartl_UW_MFPL_shotgun_TMT1_TiO2_Fr10.raw	Technical	comment[modification parameters]	NT=Oxidation;AC=UNIMOD:35;MT=Variable;TA=M	NT=Oxidation;TA=M;AC=UNIMOD:35;MT=variable	cv:unimod:35	cv:unimod:35	matched	cv_accession	1.000000
PXD011799	20170424_Lumos_RSLC3_Maurer_Hartl_UW_MFPL_shotgun_TMT1_TiO2_Fr10.raw	Technical	comment[modification parameters]	NT=TMT6plex;AC=UNIMOD:730;MT=Fixed;TA=K	NT=TMT6plex;PP=Any N-term;AC=UNIMOD:737;MT=fixed	cv:unimod:730	cv:unimod:737	matched	exact_normalized	1.000000
PXD011799	20170424_Lumos_RSLC3_Maurer_Hartl_UW_MFPL_shotgun_TMT1_TiO2_Fr10.raw	Technical	comment[modification parameters]	NT=Carbamidomethyl;AC=UNIMOD:4;MT=Fixed;TA=C	NT=Carbamidomethyl;TA=C;AC=UNIMOD:4;MT=fixed	cv:unimod:4	cv:unimod:4	matched	cv_accession	1.000000
PXD011799	20170424_Lumos_RSLC3_Maurer_Hartl_UW_MFPL_shotgun_TMT1_TiO2_Fr10.raw	Technical	comment[ms2 mass analyzer]	orbitrap		orbitrap		assessed_only	unmatched	0.000000
PXD011799	20170424_Lumos_RSLC3_Maurer_Hartl_UW_MFPL_shotgun_TMT1_TiO2_Fr10.raw	Technical	comment[precursor mass tolerance]	10 ppm		10 ppm		assessed_only	unmatched	0.000000
PXD011799	20170424_Lumos_RSLC3_Maurer_Hartl_UW_MFPL_shotgun_TMT1_TiO2_Fr10.raw	Technical	comment[precursor mass tolerance]		0.01 Da		0.01 da	gold_only	unmatched	0.000000
PXD011799	20170424_Lumos_RSLC3_Maurer_Hartl_UW_MFPL_shotgun_TMT1_TiO2_Fr10.raw	Technical	comment[proteomics data acquisition method]	NT=data-dependent acquisition;AC=PRIDE:0000627		cv:pride:0000627		assessed_only	unmatched	0.000000
PXD011799	20170424_Lumos_RSLC3_Maurer_Hartl_UW_MFPL_shotgun_TMT1_TiO2_Fr10.raw	Technical	comment[reduction reagent]	dithiothreitol		dithiothreitol		assessed_only	unmatched	0.000000
PXD011799	20170424_Lumos_RSLC3_Maurer_Hartl_UW_MFPL_shotgun_TMT1_TiO2_Fr10.raw	Technical	technology type	proteomic profiling by mass spectrometry		proteomic profiling by mass spectrometry		assessed_only	unmatched	0.000000
PXD011799	20170424_Lumos_RSLC3_Maurer_Hartl_UW_MFPL_shotgun_TMT1_TiO2_Fr10.raw	ExperimentalDesign	characteristics[biological replicate]	8		8		assessed_only	unmatched	0.000000
PXD011799	20170424_Lumos_RSLC3_Maurer_Hartl_UW_MFPL_shotgun_TMT1_TiO2_Fr10.raw	ExperimentalDesign	comment[fraction identifier]	12		12		assessed_only	unmatched	0.000000
PXD011799	20170424_Lumos_RSLC3_Maurer_Hartl_UW_MFPL_shotgun_TMT1_TiO2_Fr10.raw	ExperimentalDesign	comment[fraction identifier]		10		10	gold_only	unmatched	0.000000
PXD011799	20170424_Lumos_RSLC3_Maurer_Hartl_UW_MFPL_shotgun_TMT1_TiO2_Fr10.raw	ExperimentalDesign	comment[technical replicate]	1	1	1	1	matched	exact_normalized	1.000000
PXD011799	20170424_Lumos_RSLC3_Maurer_Hartl_UW_MFPL_shotgun_TMT1_TiO2_Fr10.raw	ExperimentalDesign	factor value[disease]	metastatic melanoma		metastatic melanoma		assessed_only	unmatched	0.000000
PXD011799	20170424_Lumos_RSLC3_Maurer_Hartl_UW_MFPL_shotgun_TMT1_TiO2_Fr10.raw	ExperimentalDesign	factor value[experimental design]	cell type (PBMCB, TAB), treatment (MCM, control)		cell type pbmcb tab treatment mcm control		assessed_only	unmatched	0.000000
PXD011799	20170424_Lumos_RSLC3_Maurer_Hartl_UW_MFPL_shotgun_TMT1_TiO2_Fr11.raw	Biological	characteristics[cell type]	B cells		b cells		assessed_only	unmatched	0.000000
PXD011799	20170424_Lumos_RSLC3_Maurer_Hartl_UW_MFPL_shotgun_TMT1_TiO2_Fr11.raw	Biological	characteristics[disease]	metastatic melanoma		metastatic melanoma		assessed_only	unmatched	0.000000
PXD011799	20170424_Lumos_RSLC3_Maurer_Hartl_UW_MFPL_shotgun_TMT1_TiO2_Fr11.raw	Biological	characteristics[disease]		melanoma		melanoma	gold_only	unmatched	0.000000
PXD011799	20170424_Lumos_RSLC3_Maurer_Hartl_UW_MFPL_shotgun_TMT1_TiO2_Fr11.raw	Biological	characteristics[organism part]	blood, melanoma		blood melanoma		assessed_only	unmatched	0.000000
PXD011799	20170424_Lumos_RSLC3_Maurer_Hartl_UW_MFPL_shotgun_TMT1_TiO2_Fr11.raw	Biological	characteristics[organism part]		B cells		b cells	gold_only	unmatched	0.000000
PXD011799	20170424_Lumos_RSLC3_Maurer_Hartl_UW_MFPL_shotgun_TMT1_TiO2_Fr11.raw	Biological	characteristics[organism]	Homo sapiens	Homo sapiens	homo sapiens	homo sapiens	matched	exact_normalized	1.000000
PXD011799	20170424_Lumos_RSLC3_Maurer_Hartl_UW_MFPL_shotgun_TMT1_TiO2_Fr11.raw	Technical	comment[alkylation reagent]	iodoacetamide		iodoacetamide		assessed_only	unmatched	0.000000
PXD011799	20170424_Lumos_RSLC3_Maurer_Hartl_UW_MFPL_shotgun_TMT1_TiO2_Fr11.raw	Technical	comment[cleavage agent details]	NT=Trypsin;AC=MS:1001251	NT=Trypsin;AC=MS:1001251	cv:ms:1001251	cv:ms:1001251	matched	cv_accession	1.000000
PXD011799	20170424_Lumos_RSLC3_Maurer_Hartl_UW_MFPL_shotgun_TMT1_TiO2_Fr11.raw	Technical	comment[dissociation method]	NT=beam-type collision-induced dissociation;AC=MS:1000422		cv:ms:1000422		assessed_only	unmatched	0.000000
PXD011799	20170424_Lumos_RSLC3_Maurer_Hartl_UW_MFPL_shotgun_TMT1_TiO2_Fr11.raw	Technical	comment[fragment mass tolerance]	0.01 Da		0.01 da		assessed_only	unmatched	0.000000
PXD011799	20170424_Lumos_RSLC3_Maurer_Hartl_UW_MFPL_shotgun_TMT1_TiO2_Fr11.raw	Technical	comment[fragment mass tolerance]		10 ppm		10 ppm	gold_only	unmatched	0.000000
PXD011799	20170424_Lumos_RSLC3_Maurer_Hartl_UW_MFPL_shotgun_TMT1_TiO2_Fr11.raw	Technical	comment[instrument]	NT=Orbitrap Fusion Lumos;AC=MS:1002732	NT=Orbitrap Fusion Lumos	cv:ms:1002732	nt orbitrap fusion lumos	matched	fuzzy	0.933333
PXD011799	20170424_Lumos_RSLC3_Maurer_Hartl_UW_MFPL_shotgun_TMT1_TiO2_Fr11.raw	Technical	comment[label]	TMT131	TMT131	tmt131	tmt131	matched	exact_normalized	1.000000
PXD011799	20170424_Lumos_RSLC3_Maurer_Hartl_UW_MFPL_shotgun_TMT1_TiO2_Fr11.raw	Technical	comment[label]	TMT130C	TMT130C	tmt130c	tmt130c	matched	exact_normalized	1.000000
PXD011799	20170424_Lumos_RSLC3_Maurer_Hartl_UW_MFPL_shotgun_TMT1_TiO2_Fr11.raw	Technical	comment[label]	TMT130N	TMT130N	tmt130n	tmt130n	matched	exact_normalized	1.000000
PXD011799	20170424_Lumos_RSLC3_Maurer_Hartl_UW_MFPL_shotgun_TMT1_TiO2_Fr11.raw	Technical	comment[label]	TMT129C	TMT129C	tmt129c	tmt129c	matched	exact_normalized	1.000000
PXD011799	20170424_Lumos_RSLC3_Maurer_Hartl_UW_MFPL_shotgun_TMT1_TiO2_Fr11.raw	Technical	comment[label]	TMT129N	TMT129N	tmt129n	tmt129n	matched	exact_normalized	1.000000
PXD011799	20170424_Lumos_RSLC3_Maurer_Hartl_UW_MFPL_shotgun_TMT1_TiO2_Fr11.raw	Technical	comment[label]	TMT128C	TMT128C	tmt128c	tmt128c	matched	exact_normalized	1.000000
PXD011799	20170424_Lumos_RSLC3_Maurer_Hartl_UW_MFPL_shotgun_TMT1_TiO2_Fr11.raw	Technical	comment[label]	TMT128N	TMT128N	tmt128n	tmt128n	matched	exact_normalized	1.000000
PXD011799	20170424_Lumos_RSLC3_Maurer_Hartl_UW_MFPL_shotgun_TMT1_TiO2_Fr11.raw	Technical	comment[label]	TMT127C	TMT127C	tmt127c	tmt127c	matched	exact_normalized	1.000000
PXD011799	20170424_Lumos_RSLC3_Maurer_Hartl_UW_MFPL_shotgun_TMT1_TiO2_Fr11.raw	Technical	comment[label]	TMT127N	TMT127N	tmt127n	tmt127n	matched	exact_normalized	1.000000
PXD011799	20170424_Lumos_RSLC3_Maurer_Hartl_UW_MFPL_shotgun_TMT1_TiO2_Fr11.raw	Technical	comment[label]	TMT126	TMT126	tmt126	tmt126	matched	exact_normalized	1.000000
PXD011799	20170424_Lumos_RSLC3_Maurer_Hartl_UW_MFPL_shotgun_TMT1_TiO2_Fr11.raw	Technical	comment[modification parameters]	NT=Deamidation;AC=UNIMOD:7;MT=Variable;TA=NQ	NT=Deamidation;TA=N,Q;AC=UNIMOD:7;MT=variable	cv:unimod:7	cv:unimod:7	matched	cv_accession	1.000000
PXD011799	20170424_Lumos_RSLC3_Maurer_Hartl_UW_MFPL_shotgun_TMT1_TiO2_Fr11.raw	Technical	comment[modification parameters]	NT=Phospho;AC=UNIMOD:21;MT=Variable;TA=STY	NT=Phosphorylation;TA=S,T,Y;AC=UNIMOD:21;MT=variable	cv:unimod:21	cv:unimod:21	matched	cv_accession	1.000000
PXD011799	20170424_Lumos_RSLC3_Maurer_Hartl_UW_MFPL_shotgun_TMT1_TiO2_Fr11.raw	Technical	comment[modification parameters]	NT=Oxidation;AC=UNIMOD:35;MT=Variable;TA=M	NT=Oxidation;TA=M;AC=UNIMOD:35;MT=variable	cv:unimod:35	cv:unimod:35	matched	cv_accession	1.000000
PXD011799	20170424_Lumos_RSLC3_Maurer_Hartl_UW_MFPL_shotgun_TMT1_TiO2_Fr11.raw	Technical	comment[modification parameters]	NT=TMT6plex;AC=UNIMOD:730;MT=Fixed;TA=K	NT=TMT6plex;PP=Any N-term;AC=UNIMOD:737;MT=fixed	cv:unimod:730	cv:unimod:737	matched	exact_normalized	1.000000
PXD011799	20170424_Lumos_RSLC3_Maurer_Hartl_UW_MFPL_shotgun_TMT1_TiO2_Fr11.raw	Technical	comment[modification parameters]	NT=Carbamidomethyl;AC=UNIMOD:4;MT=Fixed;TA=C	NT=Carbamidomethyl;TA=C;AC=UNIMOD:4;MT=fixed	cv:unimod:4	cv:unimod:4	matched	cv_accession	1.000000
PXD011799	20170424_Lumos_RSLC3_Maurer_Hartl_UW_MFPL_shotgun_TMT1_TiO2_Fr11.raw	Technical	comment[ms2 mass analyzer]	orbitrap		orbitrap		assessed_only	unmatched	0.000000
PXD011799	20170424_Lumos_RSLC3_Maurer_Hartl_UW_MFPL_shotgun_TMT1_TiO2_Fr11.raw	Technical	comment[precursor mass tolerance]	10 ppm		10 ppm		assessed_only	unmatched	0.000000
PXD011799	20170424_Lumos_RSLC3_Maurer_Hartl_UW_MFPL_shotgun_TMT1_TiO2_Fr11.raw	Technical	comment[precursor mass tolerance]		0.01 Da		0.01 da	gold_only	unmatched	0.000000
PXD011799	20170424_Lumos_RSLC3_Maurer_Hartl_UW_MFPL_shotgun_TMT1_TiO2_Fr11.raw	Technical	comment[proteomics data acquisition method]	NT=data-dependent acquisition;AC=PRIDE:0000627		cv:pride:0000627		assessed_only	unmatched	0.000000
PXD011799	20170424_Lumos_RSLC3_Maurer_Hartl_UW_MFPL_shotgun_TMT1_TiO2_Fr11.raw	Technical	comment[reduction reagent]	dithiothreitol		dithiothreitol		assessed_only	unmatched	0.000000
PXD011799	20170424_Lumos_RSLC3_Maurer_Hartl_UW_MFPL_shotgun_TMT1_TiO2_Fr11.raw	Technical	technology type	proteomic profiling by mass spectrometry		proteomic profiling by mass spectrometry		assessed_only	unmatched	0.000000
PXD011799	20170424_Lumos_RSLC3_Maurer_Hartl_UW_MFPL_shotgun_TMT1_TiO2_Fr11.raw	ExperimentalDesign	characteristics[biological replicate]	8		8		assessed_only	unmatched	0.000000
PXD011799	20170424_Lumos_RSLC3_Maurer_Hartl_UW_MFPL_shotgun_TMT1_TiO2_Fr11.raw	ExperimentalDesign	comment[fraction identifier]	12		12		assessed_only	unmatched	0.000000
PXD011799	20170424_Lumos_RSLC3_Maurer_Hartl_UW_MFPL_shotgun_TMT1_TiO2_Fr11.raw	ExperimentalDesign	comment[fraction identifier]		11		11	gold_only	unmatched	0.000000
PXD011799	20170424_Lumos_RSLC3_Maurer_Hartl_UW_MFPL_shotgun_TMT1_TiO2_Fr11.raw	ExperimentalDesign	comment[technical replicate]	1	1	1	1	matched	exact_normalized	1.000000
PXD011799	20170424_Lumos_RSLC3_Maurer_Hartl_UW_MFPL_shotgun_TMT1_TiO2_Fr11.raw	ExperimentalDesign	factor value[disease]	metastatic melanoma		metastatic melanoma		assessed_only	unmatched	0.000000
PXD011799	20170424_Lumos_RSLC3_Maurer_Hartl_UW_MFPL_shotgun_TMT1_TiO2_Fr11.raw	ExperimentalDesign	factor value[experimental design]	cell type (PBMCB, TAB), treatment (MCM, control)		cell type pbmcb tab treatment mcm control		assessed_only	unmatched	0.000000
PXD011799	20170424_Lumos_RSLC3_Maurer_Hartl_UW_MFPL_shotgun_TMT1_TiO2_Fr12.raw	Biological	characteristics[cell type]	B cells		b cells		assessed_only	unmatched	0.000000
PXD011799	20170424_Lumos_RSLC3_Maurer_Hartl_UW_MFPL_shotgun_TMT1_TiO2_Fr12.raw	Biological	characteristics[disease]	metastatic melanoma		metastatic melanoma		assessed_only	unmatched	0.000000
PXD011799	20170424_Lumos_RSLC3_Maurer_Hartl_UW_MFPL_shotgun_TMT1_TiO2_Fr12.raw	Biological	characteristics[disease]		melanoma		melanoma	gold_only	unmatched	0.000000
PXD011799	20170424_Lumos_RSLC3_Maurer_Hartl_UW_MFPL_shotgun_TMT1_TiO2_Fr12.raw	Biological	characteristics[organism part]	blood, melanoma		blood melanoma		assessed_only	unmatched	0.000000
PXD011799	20170424_Lumos_RSLC3_Maurer_Hartl_UW_MFPL_shotgun_TMT1_TiO2_Fr12.raw	Biological	characteristics[organism part]		B cells		b cells	gold_only	unmatched	0.000000
PXD011799	20170424_Lumos_RSLC3_Maurer_Hartl_UW_MFPL_shotgun_TMT1_TiO2_Fr12.raw	Biological	characteristics[organism]	Homo sapiens	Homo sapiens	homo sapiens	homo sapiens	matched	exact_normalized	1.000000
PXD011799	20170424_Lumos_RSLC3_Maurer_Hartl_UW_MFPL_shotgun_TMT1_TiO2_Fr12.raw	Technical	comment[alkylation reagent]	iodoacetamide		iodoacetamide		assessed_only	unmatched	0.000000
PXD011799	20170424_Lumos_RSLC3_Maurer_Hartl_UW_MFPL_shotgun_TMT1_TiO2_Fr12.raw	Technical	comment[cleavage agent details]	NT=Trypsin;AC=MS:1001251	NT=Trypsin;AC=MS:1001251	cv:ms:1001251	cv:ms:1001251	matched	cv_accession	1.000000
PXD011799	20170424_Lumos_RSLC3_Maurer_Hartl_UW_MFPL_shotgun_TMT1_TiO2_Fr12.raw	Technical	comment[dissociation method]	NT=beam-type collision-induced dissociation;AC=MS:1000422		cv:ms:1000422		assessed_only	unmatched	0.000000
PXD011799	20170424_Lumos_RSLC3_Maurer_Hartl_UW_MFPL_shotgun_TMT1_TiO2_Fr12.raw	Technical	comment[fragment mass tolerance]	0.01 Da		0.01 da		assessed_only	unmatched	0.000000
PXD011799	20170424_Lumos_RSLC3_Maurer_Hartl_UW_MFPL_shotgun_TMT1_TiO2_Fr12.raw	Technical	comment[fragment mass tolerance]		10 ppm		10 ppm	gold_only	unmatched	0.000000
PXD011799	20170424_Lumos_RSLC3_Maurer_Hartl_UW_MFPL_shotgun_TMT1_TiO2_Fr12.raw	Technical	comment[instrument]	NT=Orbitrap Fusion Lumos;AC=MS:1002732	NT=Orbitrap Fusion Lumos	cv:ms:1002732	nt orbitrap fusion lumos	matched	fuzzy	0.933333
PXD011799	20170424_Lumos_RSLC3_Maurer_Hartl_UW_MFPL_shotgun_TMT1_TiO2_Fr12.raw	Technical	comment[label]	TMT131	TMT131	tmt131	tmt131	matched	exact_normalized	1.000000
PXD011799	20170424_Lumos_RSLC3_Maurer_Hartl_UW_MFPL_shotgun_TMT1_TiO2_Fr12.raw	Technical	comment[label]	TMT130C	TMT130C	tmt130c	tmt130c	matched	exact_normalized	1.000000
PXD011799	20170424_Lumos_RSLC3_Maurer_Hartl_UW_MFPL_shotgun_TMT1_TiO2_Fr12.raw	Technical	comment[label]	TMT130N	TMT130N	tmt130n	tmt130n	matched	exact_normalized	1.000000
PXD011799	20170424_Lumos_RSLC3_Maurer_Hartl_UW_MFPL_shotgun_TMT1_TiO2_Fr12.raw	Technical	comment[label]	TMT129C	TMT129C	tmt129c	tmt129c	matched	exact_normalized	1.000000
PXD011799	20170424_Lumos_RSLC3_Maurer_Hartl_UW_MFPL_shotgun_TMT1_TiO2_Fr12.raw	Technical	comment[label]	TMT129N	TMT129N	tmt129n	tmt129n	matched	exact_normalized	1.000000
PXD011799	20170424_Lumos_RSLC3_Maurer_Hartl_UW_MFPL_shotgun_TMT1_TiO2_Fr12.raw	Technical	comment[label]	TMT128C	TMT128C	tmt128c	tmt128c	matched	exact_normalized	1.000000
PXD011799	20170424_Lumos_RSLC3_Maurer_Hartl_UW_MFPL_shotgun_TMT1_TiO2_Fr12.raw	Technical	comment[label]	TMT128N	TMT128N	tmt128n	tmt128n	matched	exact_normalized	1.000000
PXD011799	20170424_Lumos_RSLC3_Maurer_Hartl_UW_MFPL_shotgun_TMT1_TiO2_Fr12.raw	Technical	comment[label]	TMT127C	TMT127C	tmt127c	tmt127c	matched	exact_normalized	1.000000
PXD011799	20170424_Lumos_RSLC3_Maurer_Hartl_UW_MFPL_shotgun_TMT1_TiO2_Fr12.raw	Technical	comment[label]	TMT127N	TMT127N	tmt127n	tmt127n	matched	exact_normalized	1.000000
PXD011799	20170424_Lumos_RSLC3_Maurer_Hartl_UW_MFPL_shotgun_TMT1_TiO2_Fr12.raw	Technical	comment[label]	TMT126	TMT126	tmt126	tmt126	matched	exact_normalized	1.000000
PXD011799	20170424_Lumos_RSLC3_Maurer_Hartl_UW_MFPL_shotgun_TMT1_TiO2_Fr12.raw	Technical	comment[modification parameters]	NT=Deamidation;AC=UNIMOD:7;MT=Variable;TA=NQ	NT=Deamidation;TA=N,Q;AC=UNIMOD:7;MT=variable	cv:unimod:7	cv:unimod:7	matched	cv_accession	1.000000
PXD011799	20170424_Lumos_RSLC3_Maurer_Hartl_UW_MFPL_shotgun_TMT1_TiO2_Fr12.raw	Technical	comment[modification parameters]	NT=Phospho;AC=UNIMOD:21;MT=Variable;TA=STY	NT=Phosphorylation;TA=S,T,Y;AC=UNIMOD:21;MT=variable	cv:unimod:21	cv:unimod:21	matched	cv_accession	1.000000
PXD011799	20170424_Lumos_RSLC3_Maurer_Hartl_UW_MFPL_shotgun_TMT1_TiO2_Fr12.raw	Technical	comment[modification parameters]	NT=Oxidation;AC=UNIMOD:35;MT=Variable;TA=M	NT=Oxidation;TA=M;AC=UNIMOD:35;MT=variable	cv:unimod:35	cv:unimod:35	matched	cv_accession	1.000000
PXD011799	20170424_Lumos_RSLC3_Maurer_Hartl_UW_MFPL_shotgun_TMT1_TiO2_Fr12.raw	Technical	comment[modification parameters]	NT=TMT6plex;AC=UNIMOD:730;MT=Fixed;TA=K	NT=TMT6plex;PP=Any N-term;AC=UNIMOD:737;MT=fixed	cv:unimod:730	cv:unimod:737	matched	exact_normalized	1.000000
PXD011799	20170424_Lumos_RSLC3_Maurer_Hartl_UW_MFPL_shotgun_TMT1_TiO2_Fr12.raw	Technical	comment[modification parameters]	NT=Carbamidomethyl;AC=UNIMOD:4;MT=Fixed;TA=C	NT=Carbamidomethyl;TA=C;AC=UNIMOD:4;MT=fixed	cv:unimod:4	cv:unimod:4	matched	cv_accession	1.000000
PXD011799	20170424_Lumos_RSLC3_Maurer_Hartl_UW_MFPL_shotgun_TMT1_TiO2_Fr12.raw	Technical	comment[ms2 mass analyzer]	orbitrap		orbitrap		assessed_only	unmatched	0.000000
PXD011799	20170424_Lumos_RSLC3_Maurer_Hartl_UW_MFPL_shotgun_TMT1_TiO2_Fr12.raw	Technical	comment[precursor mass tolerance]	10 ppm		10 ppm		assessed_only	unmatched	0.000000
PXD011799	20170424_Lumos_RSLC3_Maurer_Hartl_UW_MFPL_shotgun_TMT1_TiO2_Fr12.raw	Technical	comment[precursor mass tolerance]		0.01 Da		0.01 da	gold_only	unmatched	0.000000
PXD011799	20170424_Lumos_RSLC3_Maurer_Hartl_UW_MFPL_shotgun_TMT1_TiO2_Fr12.raw	Technical	comment[proteomics data acquisition method]	NT=data-dependent acquisition;AC=PRIDE:0000627		cv:pride:0000627		assessed_only	unmatched	0.000000
PXD011799	20170424_Lumos_RSLC3_Maurer_Hartl_UW_MFPL_shotgun_TMT1_TiO2_Fr12.raw	Technical	comment[reduction reagent]	dithiothreitol		dithiothreitol		assessed_only	unmatched	0.000000
PXD011799	20170424_Lumos_RSLC3_Maurer_Hartl_UW_MFPL_shotgun_TMT1_TiO2_Fr12.raw	Technical	technology type	proteomic profiling by mass spectrometry		proteomic profiling by mass spectrometry		assessed_only	unmatched	0.000000
PXD011799	20170424_Lumos_RSLC3_Maurer_Hartl_UW_MFPL_shotgun_TMT1_TiO2_Fr12.raw	ExperimentalDesign	characteristics[biological replicate]	8		8		assessed_only	unmatched	0.000000
PXD011799	20170424_Lumos_RSLC3_Maurer_Hartl_UW_MFPL_shotgun_TMT1_TiO2_Fr12.raw	ExperimentalDesign	comment[fraction identifier]	12	12	12	12	matched	exact_normalized	1.000000
PXD011799	20170424_Lumos_RSLC3_Maurer_Hartl_UW_MFPL_shotgun_TMT1_TiO2_Fr12.raw	ExperimentalDesign	comment[technical replicate]	1	1	1	1	matched	exact_normalized	1.000000
PXD011799	20170424_Lumos_RSLC3_Maurer_Hartl_UW_MFPL_shotgun_TMT1_TiO2_Fr12.raw	ExperimentalDesign	factor value[disease]	metastatic melanoma		metastatic melanoma		assessed_only	unmatched	0.000000
PXD011799	20170424_Lumos_RSLC3_Maurer_Hartl_UW_MFPL_shotgun_TMT1_TiO2_Fr12.raw	ExperimentalDesign	factor value[experimental design]	cell type (PBMCB, TAB), treatment (MCM, control)		cell type pbmcb tab treatment mcm control		assessed_only	unmatched	0.000000
PXD011799	20170424_Lumos_RSLC3_Maurer_Hartl_UW_MFPL_shotgun_TMT1_TiO2_Fr2.raw	Biological	characteristics[cell type]	B cells		b cells		assessed_only	unmatched	0.000000
PXD011799	20170424_Lumos_RSLC3_Maurer_Hartl_UW_MFPL_shotgun_TMT1_TiO2_Fr2.raw	Biological	characteristics[disease]	metastatic melanoma		metastatic melanoma		assessed_only	unmatched	0.000000
PXD011799	20170424_Lumos_RSLC3_Maurer_Hartl_UW_MFPL_shotgun_TMT1_TiO2_Fr2.raw	Biological	characteristics[disease]		melanoma		melanoma	gold_only	unmatched	0.000000
PXD011799	20170424_Lumos_RSLC3_Maurer_Hartl_UW_MFPL_shotgun_TMT1_TiO2_Fr2.raw	Biological	characteristics[organism part]	blood, melanoma		blood melanoma		assessed_only	unmatched	0.000000
PXD011799	20170424_Lumos_RSLC3_Maurer_Hartl_UW_MFPL_shotgun_TMT1_TiO2_Fr2.raw	Biological	characteristics[organism part]		B cells		b cells	gold_only	unmatched	0.000000
PXD011799	20170424_Lumos_RSLC3_Maurer_Hartl_UW_MFPL_shotgun_TMT1_TiO2_Fr2.raw	Biological	characteristics[organism]	Homo sapiens	Homo sapiens	homo sapiens	homo sapiens	matched	exact_normalized	1.000000
PXD011799	20170424_Lumos_RSLC3_Maurer_Hartl_UW_MFPL_shotgun_TMT1_TiO2_Fr2.raw	Technical	comment[alkylation reagent]	iodoacetamide		iodoacetamide		assessed_only	unmatched	0.000000
PXD011799	20170424_Lumos_RSLC3_Maurer_Hartl_UW_MFPL_shotgun_TMT1_TiO2_Fr2.raw	Technical	comment[cleavage agent details]	NT=Trypsin;AC=MS:1001251	NT=Trypsin;AC=MS:1001251	cv:ms:1001251	cv:ms:1001251	matched	cv_accession	1.000000
PXD011799	20170424_Lumos_RSLC3_Maurer_Hartl_UW_MFPL_shotgun_TMT1_TiO2_Fr2.raw	Technical	comment[dissociation method]	NT=beam-type collision-induced dissociation;AC=MS:1000422		cv:ms:1000422		assessed_only	unmatched	0.000000
PXD011799	20170424_Lumos_RSLC3_Maurer_Hartl_UW_MFPL_shotgun_TMT1_TiO2_Fr2.raw	Technical	comment[fragment mass tolerance]	0.01 Da		0.01 da		assessed_only	unmatched	0.000000
PXD011799	20170424_Lumos_RSLC3_Maurer_Hartl_UW_MFPL_shotgun_TMT1_TiO2_Fr2.raw	Technical	comment[fragment mass tolerance]		10 ppm		10 ppm	gold_only	unmatched	0.000000
PXD011799	20170424_Lumos_RSLC3_Maurer_Hartl_UW_MFPL_shotgun_TMT1_TiO2_Fr2.raw	Technical	comment[instrument]	NT=Orbitrap Fusion Lumos;AC=MS:1002732	NT=Orbitrap Fusion Lumos	cv:ms:1002732	nt orbitrap fusion lumos	matched	fuzzy	0.933333
PXD011799	20170424_Lumos_RSLC3_Maurer_Hartl_UW_MFPL_shotgun_TMT1_TiO2_Fr2.raw	Technical	comment[label]	TMT131	TMT131	tmt131	tmt131	matched	exact_normalized	1.000000
PXD011799	20170424_Lumos_RSLC3_Maurer_Hartl_UW_MFPL_shotgun_TMT1_TiO2_Fr2.raw	Technical	comment[label]	TMT130C	TMT130C	tmt130c	tmt130c	matched	exact_normalized	1.000000
PXD011799	20170424_Lumos_RSLC3_Maurer_Hartl_UW_MFPL_shotgun_TMT1_TiO2_Fr2.raw	Technical	comment[label]	TMT130N	TMT130N	tmt130n	tmt130n	matched	exact_normalized	1.000000
PXD011799	20170424_Lumos_RSLC3_Maurer_Hartl_UW_MFPL_shotgun_TMT1_TiO2_Fr2.raw	Technical	comment[label]	TMT129C	TMT129C	tmt129c	tmt129c	matched	exact_normalized	1.000000
PXD011799	20170424_Lumos_RSLC3_Maurer_Hartl_UW_MFPL_shotgun_TMT1_TiO2_Fr2.raw	Technical	comment[label]	TMT129N	TMT129N	tmt129n	tmt129n	matched	exact_normalized	1.000000
PXD011799	20170424_Lumos_RSLC3_Maurer_Hartl_UW_MFPL_shotgun_TMT1_TiO2_Fr2.raw	Technical	comment[label]	TMT128C	TMT128C	tmt128c	tmt128c	matched	exact_normalized	1.000000
PXD011799	20170424_Lumos_RSLC3_Maurer_Hartl_UW_MFPL_shotgun_TMT1_TiO2_Fr2.raw	Technical	comment[label]	TMT128N	TMT128N	tmt128n	tmt128n	matched	exact_normalized	1.000000
PXD011799	20170424_Lumos_RSLC3_Maurer_Hartl_UW_MFPL_shotgun_TMT1_TiO2_Fr2.raw	Technical	comment[label]	TMT127C	TMT127C	tmt127c	tmt127c	matched	exact_normalized	1.000000
PXD011799	20170424_Lumos_RSLC3_Maurer_Hartl_UW_MFPL_shotgun_TMT1_TiO2_Fr2.raw	Technical	comment[label]	TMT127N	TMT127N	tmt127n	tmt127n	matched	exact_normalized	1.000000
PXD011799	20170424_Lumos_RSLC3_Maurer_Hartl_UW_MFPL_shotgun_TMT1_TiO2_Fr2.raw	Technical	comment[label]	TMT126	TMT126	tmt126	tmt126	matched	exact_normalized	1.000000
PXD011799	20170424_Lumos_RSLC3_Maurer_Hartl_UW_MFPL_shotgun_TMT1_TiO2_Fr2.raw	Technical	comment[modification parameters]	NT=Deamidation;AC=UNIMOD:7;MT=Variable;TA=NQ	NT=Deamidation;TA=N,Q;AC=UNIMOD:7;MT=variable	cv:unimod:7	cv:unimod:7	matched	cv_accession	1.000000
PXD011799	20170424_Lumos_RSLC3_Maurer_Hartl_UW_MFPL_shotgun_TMT1_TiO2_Fr2.raw	Technical	comment[modification parameters]	NT=Phospho;AC=UNIMOD:21;MT=Variable;TA=STY	NT=Phosphorylation;TA=S,T,Y;AC=UNIMOD:21;MT=variable	cv:unimod:21	cv:unimod:21	matched	cv_accession	1.000000
PXD011799	20170424_Lumos_RSLC3_Maurer_Hartl_UW_MFPL_shotgun_TMT1_TiO2_Fr2.raw	Technical	comment[modification parameters]	NT=Oxidation;AC=UNIMOD:35;MT=Variable;TA=M	NT=Oxidation;TA=M;AC=UNIMOD:35;MT=variable	cv:unimod:35	cv:unimod:35	matched	cv_accession	1.000000
PXD011799	20170424_Lumos_RSLC3_Maurer_Hartl_UW_MFPL_shotgun_TMT1_TiO2_Fr2.raw	Technical	comment[modification parameters]	NT=TMT6plex;AC=UNIMOD:730;MT=Fixed;TA=K	NT=TMT6plex;PP=Any N-term;AC=UNIMOD:737;MT=fixed	cv:unimod:730	cv:unimod:737	matched	exact_normalized	1.000000
PXD011799	20170424_Lumos_RSLC3_Maurer_Hartl_UW_MFPL_shotgun_TMT1_TiO2_Fr2.raw	Technical	comment[modification parameters]	NT=Carbamidomethyl;AC=UNIMOD:4;MT=Fixed;TA=C	NT=Carbamidomethyl;TA=C;AC=UNIMOD:4;MT=fixed	cv:unimod:4	cv:unimod:4	matched	cv_accession	1.000000
PXD011799	20170424_Lumos_RSLC3_Maurer_Hartl_UW_MFPL_shotgun_TMT1_TiO2_Fr2.raw	Technical	comment[ms2 mass analyzer]	orbitrap		orbitrap		assessed_only	unmatched	0.000000
PXD011799	20170424_Lumos_RSLC3_Maurer_Hartl_UW_MFPL_shotgun_TMT1_TiO2_Fr2.raw	Technical	comment[precursor mass tolerance]	10 ppm		10 ppm		assessed_only	unmatched	0.000000
PXD011799	20170424_Lumos_RSLC3_Maurer_Hartl_UW_MFPL_shotgun_TMT1_TiO2_Fr2.raw	Technical	comment[precursor mass tolerance]		0.01 Da		0.01 da	gold_only	unmatched	0.000000
PXD011799	20170424_Lumos_RSLC3_Maurer_Hartl_UW_MFPL_shotgun_TMT1_TiO2_Fr2.raw	Technical	comment[proteomics data acquisition method]	NT=data-dependent acquisition;AC=PRIDE:0000627		cv:pride:0000627		assessed_only	unmatched	0.000000
PXD011799	20170424_Lumos_RSLC3_Maurer_Hartl_UW_MFPL_shotgun_TMT1_TiO2_Fr2.raw	Technical	comment[reduction reagent]	dithiothreitol		dithiothreitol		assessed_only	unmatched	0.000000
PXD011799	20170424_Lumos_RSLC3_Maurer_Hartl_UW_MFPL_shotgun_TMT1_TiO2_Fr2.raw	Technical	technology type	proteomic profiling by mass spectrometry		proteomic profiling by mass spectrometry		assessed_only	unmatched	0.000000
PXD011799	20170424_Lumos_RSLC3_Maurer_Hartl_UW_MFPL_shotgun_TMT1_TiO2_Fr2.raw	ExperimentalDesign	characteristics[biological replicate]	8		8		assessed_only	unmatched	0.000000
PXD011799	20170424_Lumos_RSLC3_Maurer_Hartl_UW_MFPL_shotgun_TMT1_TiO2_Fr2.raw	ExperimentalDesign	comment[fraction identifier]	12		12		assessed_only	unmatched	0.000000
PXD011799	20170424_Lumos_RSLC3_Maurer_Hartl_UW_MFPL_shotgun_TMT1_TiO2_Fr2.raw	ExperimentalDesign	comment[fraction identifier]		2		2	gold_only	unmatched	0.000000
PXD011799	20170424_Lumos_RSLC3_Maurer_Hartl_UW_MFPL_shotgun_TMT1_TiO2_Fr2.raw	ExperimentalDesign	comment[technical replicate]	1	1	1	1	matched	exact_normalized	1.000000
PXD011799	20170424_Lumos_RSLC3_Maurer_Hartl_UW_MFPL_shotgun_TMT1_TiO2_Fr2.raw	ExperimentalDesign	factor value[disease]	metastatic melanoma		metastatic melanoma		assessed_only	unmatched	0.000000
PXD011799	20170424_Lumos_RSLC3_Maurer_Hartl_UW_MFPL_shotgun_TMT1_TiO2_Fr2.raw	ExperimentalDesign	factor value[experimental design]	cell type (PBMCB, TAB), treatment (MCM, control)		cell type pbmcb tab treatment mcm control		assessed_only	unmatched	0.000000
PXD011799	20170424_Lumos_RSLC3_Maurer_Hartl_UW_MFPL_shotgun_TMT1_TiO2_Fr3.raw	Biological	characteristics[cell type]	B cells		b cells		assessed_only	unmatched	0.000000
PXD011799	20170424_Lumos_RSLC3_Maurer_Hartl_UW_MFPL_shotgun_TMT1_TiO2_Fr3.raw	Biological	characteristics[disease]	metastatic melanoma		metastatic melanoma		assessed_only	unmatched	0.000000
PXD011799	20170424_Lumos_RSLC3_Maurer_Hartl_UW_MFPL_shotgun_TMT1_TiO2_Fr3.raw	Biological	characteristics[disease]		melanoma		melanoma	gold_only	unmatched	0.000000
PXD011799	20170424_Lumos_RSLC3_Maurer_Hartl_UW_MFPL_shotgun_TMT1_TiO2_Fr3.raw	Biological	characteristics[organism part]	blood, melanoma		blood melanoma		assessed_only	unmatched	0.000000
PXD011799	20170424_Lumos_RSLC3_Maurer_Hartl_UW_MFPL_shotgun_TMT1_TiO2_Fr3.raw	Biological	characteristics[organism part]		B cells		b cells	gold_only	unmatched	0.000000
PXD011799	20170424_Lumos_RSLC3_Maurer_Hartl_UW_MFPL_shotgun_TMT1_TiO2_Fr3.raw	Biological	characteristics[organism]	Homo sapiens	Homo sapiens	homo sapiens	homo sapiens	matched	exact_normalized	1.000000
PXD011799	20170424_Lumos_RSLC3_Maurer_Hartl_UW_MFPL_shotgun_TMT1_TiO2_Fr3.raw	Technical	comment[alkylation reagent]	iodoacetamide		iodoacetamide		assessed_only	unmatched	0.000000
PXD011799	20170424_Lumos_RSLC3_Maurer_Hartl_UW_MFPL_shotgun_TMT1_TiO2_Fr3.raw	Technical	comment[cleavage agent details]	NT=Trypsin;AC=MS:1001251	NT=Trypsin;AC=MS:1001251	cv:ms:1001251	cv:ms:1001251	matched	cv_accession	1.000000
PXD011799	20170424_Lumos_RSLC3_Maurer_Hartl_UW_MFPL_shotgun_TMT1_TiO2_Fr3.raw	Technical	comment[dissociation method]	NT=beam-type collision-induced dissociation;AC=MS:1000422		cv:ms:1000422		assessed_only	unmatched	0.000000
PXD011799	20170424_Lumos_RSLC3_Maurer_Hartl_UW_MFPL_shotgun_TMT1_TiO2_Fr3.raw	Technical	comment[fragment mass tolerance]	0.01 Da		0.01 da		assessed_only	unmatched	0.000000
PXD011799	20170424_Lumos_RSLC3_Maurer_Hartl_UW_MFPL_shotgun_TMT1_TiO2_Fr3.raw	Technical	comment[fragment mass tolerance]		10 ppm		10 ppm	gold_only	unmatched	0.000000
PXD011799	20170424_Lumos_RSLC3_Maurer_Hartl_UW_MFPL_shotgun_TMT1_TiO2_Fr3.raw	Technical	comment[instrument]	NT=Orbitrap Fusion Lumos;AC=MS:1002732	NT=Orbitrap Fusion Lumos	cv:ms:1002732	nt orbitrap fusion lumos	matched	fuzzy	0.933333
PXD011799	20170424_Lumos_RSLC3_Maurer_Hartl_UW_MFPL_shotgun_TMT1_TiO2_Fr3.raw	Technical	comment[label]	TMT131	TMT131	tmt131	tmt131	matched	exact_normalized	1.000000
PXD011799	20170424_Lumos_RSLC3_Maurer_Hartl_UW_MFPL_shotgun_TMT1_TiO2_Fr3.raw	Technical	comment[label]	TMT130C	TMT130C	tmt130c	tmt130c	matched	exact_normalized	1.000000
PXD011799	20170424_Lumos_RSLC3_Maurer_Hartl_UW_MFPL_shotgun_TMT1_TiO2_Fr3.raw	Technical	comment[label]	TMT130N	TMT130N	tmt130n	tmt130n	matched	exact_normalized	1.000000
PXD011799	20170424_Lumos_RSLC3_Maurer_Hartl_UW_MFPL_shotgun_TMT1_TiO2_Fr3.raw	Technical	comment[label]	TMT129C	TMT129C	tmt129c	tmt129c	matched	exact_normalized	1.000000
PXD011799	20170424_Lumos_RSLC3_Maurer_Hartl_UW_MFPL_shotgun_TMT1_TiO2_Fr3.raw	Technical	comment[label]	TMT129N	TMT129N	tmt129n	tmt129n	matched	exact_normalized	1.000000
PXD011799	20170424_Lumos_RSLC3_Maurer_Hartl_UW_MFPL_shotgun_TMT1_TiO2_Fr3.raw	Technical	comment[label]	TMT128C	TMT128C	tmt128c	tmt128c	matched	exact_normalized	1.000000
PXD011799	20170424_Lumos_RSLC3_Maurer_Hartl_UW_MFPL_shotgun_TMT1_TiO2_Fr3.raw	Technical	comment[label]	TMT128N	TMT128N	tmt128n	tmt128n	matched	exact_normalized	1.000000
PXD011799	20170424_Lumos_RSLC3_Maurer_Hartl_UW_MFPL_shotgun_TMT1_TiO2_Fr3.raw	Technical	comment[label]	TMT127C	TMT127C	tmt127c	tmt127c	matched	exact_normalized	1.000000
PXD011799	20170424_Lumos_RSLC3_Maurer_Hartl_UW_MFPL_shotgun_TMT1_TiO2_Fr3.raw	Technical	comment[label]	TMT127N	TMT127N	tmt127n	tmt127n	matched	exact_normalized	1.000000
PXD011799	20170424_Lumos_RSLC3_Maurer_Hartl_UW_MFPL_shotgun_TMT1_TiO2_Fr3.raw	Technical	comment[label]	TMT126	TMT126	tmt126	tmt126	matched	exact_normalized	1.000000
PXD011799	20170424_Lumos_RSLC3_Maurer_Hartl_UW_MFPL_shotgun_TMT1_TiO2_Fr3.raw	Technical	comment[modification parameters]	NT=Deamidation;AC=UNIMOD:7;MT=Variable;TA=NQ	NT=Deamidation;TA=N,Q;AC=UNIMOD:7;MT=variable	cv:unimod:7	cv:unimod:7	matched	cv_accession	1.000000
PXD011799	20170424_Lumos_RSLC3_Maurer_Hartl_UW_MFPL_shotgun_TMT1_TiO2_Fr3.raw	Technical	comment[modification parameters]	NT=Phospho;AC=UNIMOD:21;MT=Variable;TA=STY	NT=Phosphorylation;TA=S,T,Y;AC=UNIMOD:21;MT=variable	cv:unimod:21	cv:unimod:21	matched	cv_accession	1.000000
PXD011799	20170424_Lumos_RSLC3_Maurer_Hartl_UW_MFPL_shotgun_TMT1_TiO2_Fr3.raw	Technical	comment[modification parameters]	NT=Oxidation;AC=UNIMOD:35;MT=Variable;TA=M	NT=Oxidation;TA=M;AC=UNIMOD:35;MT=variable	cv:unimod:35	cv:unimod:35	matched	cv_accession	1.000000
PXD011799	20170424_Lumos_RSLC3_Maurer_Hartl_UW_MFPL_shotgun_TMT1_TiO2_Fr3.raw	Technical	comment[modification parameters]	NT=TMT6plex;AC=UNIMOD:730;MT=Fixed;TA=K	NT=TMT6plex;PP=Any N-term;AC=UNIMOD:737;MT=fixed	cv:unimod:730	cv:unimod:737	matched	exact_normalized	1.000000
PXD011799	20170424_Lumos_RSLC3_Maurer_Hartl_UW_MFPL_shotgun_TMT1_TiO2_Fr3.raw	Technical	comment[modification parameters]	NT=Carbamidomethyl;AC=UNIMOD:4;MT=Fixed;TA=C	NT=Carbamidomethyl;TA=C;AC=UNIMOD:4;MT=fixed	cv:unimod:4	cv:unimod:4	matched	cv_accession	1.000000
PXD011799	20170424_Lumos_RSLC3_Maurer_Hartl_UW_MFPL_shotgun_TMT1_TiO2_Fr3.raw	Technical	comment[ms2 mass analyzer]	orbitrap		orbitrap		assessed_only	unmatched	0.000000
PXD011799	20170424_Lumos_RSLC3_Maurer_Hartl_UW_MFPL_shotgun_TMT1_TiO2_Fr3.raw	Technical	comment[precursor mass tolerance]	10 ppm		10 ppm		assessed_only	unmatched	0.000000
PXD011799	20170424_Lumos_RSLC3_Maurer_Hartl_UW_MFPL_shotgun_TMT1_TiO2_Fr3.raw	Technical	comment[precursor mass tolerance]		0.01 Da		0.01 da	gold_only	unmatched	0.000000
PXD011799	20170424_Lumos_RSLC3_Maurer_Hartl_UW_MFPL_shotgun_TMT1_TiO2_Fr3.raw	Technical	comment[proteomics data acquisition method]	NT=data-dependent acquisition;AC=PRIDE:0000627		cv:pride:0000627		assessed_only	unmatched	0.000000
PXD011799	20170424_Lumos_RSLC3_Maurer_Hartl_UW_MFPL_shotgun_TMT1_TiO2_Fr3.raw	Technical	comment[reduction reagent]	dithiothreitol		dithiothreitol		assessed_only	unmatched	0.000000
PXD011799	20170424_Lumos_RSLC3_Maurer_Hartl_UW_MFPL_shotgun_TMT1_TiO2_Fr3.raw	Technical	technology type	proteomic profiling by mass spectrometry		proteomic profiling by mass spectrometry		assessed_only	unmatched	0.000000
PXD011799	20170424_Lumos_RSLC3_Maurer_Hartl_UW_MFPL_shotgun_TMT1_TiO2_Fr3.raw	ExperimentalDesign	characteristics[biological replicate]	8		8		assessed_only	unmatched	0.000000
PXD011799	20170424_Lumos_RSLC3_Maurer_Hartl_UW_MFPL_shotgun_TMT1_TiO2_Fr3.raw	ExperimentalDesign	comment[fraction identifier]	12		12		assessed_only	unmatched	0.000000
PXD011799	20170424_Lumos_RSLC3_Maurer_Hartl_UW_MFPL_shotgun_TMT1_TiO2_Fr3.raw	ExperimentalDesign	comment[fraction identifier]		3		3	gold_only	unmatched	0.000000
PXD011799	20170424_Lumos_RSLC3_Maurer_Hartl_UW_MFPL_shotgun_TMT1_TiO2_Fr3.raw	ExperimentalDesign	comment[technical replicate]	1	1	1	1	matched	exact_normalized	1.000000
PXD011799	20170424_Lumos_RSLC3_Maurer_Hartl_UW_MFPL_shotgun_TMT1_TiO2_Fr3.raw	ExperimentalDesign	factor value[disease]	metastatic melanoma		metastatic melanoma		assessed_only	unmatched	0.000000
PXD011799	20170424_Lumos_RSLC3_Maurer_Hartl_UW_MFPL_shotgun_TMT1_TiO2_Fr3.raw	ExperimentalDesign	factor value[experimental design]	cell type (PBMCB, TAB), treatment (MCM, control)		cell type pbmcb tab treatment mcm control		assessed_only	unmatched	0.000000
PXD011799	20170424_Lumos_RSLC3_Maurer_Hartl_UW_MFPL_shotgun_TMT1_TiO2_Fr4.raw	Biological	characteristics[cell type]	B cells		b cells		assessed_only	unmatched	0.000000
PXD011799	20170424_Lumos_RSLC3_Maurer_Hartl_UW_MFPL_shotgun_TMT1_TiO2_Fr4.raw	Biological	characteristics[disease]	metastatic melanoma		metastatic melanoma		assessed_only	unmatched	0.000000
PXD011799	20170424_Lumos_RSLC3_Maurer_Hartl_UW_MFPL_shotgun_TMT1_TiO2_Fr4.raw	Biological	characteristics[disease]		melanoma		melanoma	gold_only	unmatched	0.000000
PXD011799	20170424_Lumos_RSLC3_Maurer_Hartl_UW_MFPL_shotgun_TMT1_TiO2_Fr4.raw	Biological	characteristics[organism part]	blood, melanoma		blood melanoma		assessed_only	unmatched	0.000000
PXD011799	20170424_Lumos_RSLC3_Maurer_Hartl_UW_MFPL_shotgun_TMT1_TiO2_Fr4.raw	Biological	characteristics[organism part]		B cells		b cells	gold_only	unmatched	0.000000
PXD011799	20170424_Lumos_RSLC3_Maurer_Hartl_UW_MFPL_shotgun_TMT1_TiO2_Fr4.raw	Biological	characteristics[organism]	Homo sapiens	Homo sapiens	homo sapiens	homo sapiens	matched	exact_normalized	1.000000
PXD011799	20170424_Lumos_RSLC3_Maurer_Hartl_UW_MFPL_shotgun_TMT1_TiO2_Fr4.raw	Technical	comment[alkylation reagent]	iodoacetamide		iodoacetamide		assessed_only	unmatched	0.000000
PXD011799	20170424_Lumos_RSLC3_Maurer_Hartl_UW_MFPL_shotgun_TMT1_TiO2_Fr4.raw	Technical	comment[cleavage agent details]	NT=Trypsin;AC=MS:1001251	NT=Trypsin;AC=MS:1001251	cv:ms:1001251	cv:ms:1001251	matched	cv_accession	1.000000
PXD011799	20170424_Lumos_RSLC3_Maurer_Hartl_UW_MFPL_shotgun_TMT1_TiO2_Fr4.raw	Technical	comment[dissociation method]	NT=beam-type collision-induced dissociation;AC=MS:1000422		cv:ms:1000422		assessed_only	unmatched	0.000000
PXD011799	20170424_Lumos_RSLC3_Maurer_Hartl_UW_MFPL_shotgun_TMT1_TiO2_Fr4.raw	Technical	comment[fragment mass tolerance]	0.01 Da		0.01 da		assessed_only	unmatched	0.000000
PXD011799	20170424_Lumos_RSLC3_Maurer_Hartl_UW_MFPL_shotgun_TMT1_TiO2_Fr4.raw	Technical	comment[fragment mass tolerance]		10 ppm		10 ppm	gold_only	unmatched	0.000000
PXD011799	20170424_Lumos_RSLC3_Maurer_Hartl_UW_MFPL_shotgun_TMT1_TiO2_Fr4.raw	Technical	comment[instrument]	NT=Orbitrap Fusion Lumos;AC=MS:1002732	NT=Orbitrap Fusion Lumos	cv:ms:1002732	nt orbitrap fusion lumos	matched	fuzzy	0.933333
PXD011799	20170424_Lumos_RSLC3_Maurer_Hartl_UW_MFPL_shotgun_TMT1_TiO2_Fr4.raw	Technical	comment[label]	TMT131	TMT131	tmt131	tmt131	matched	exact_normalized	1.000000
PXD011799	20170424_Lumos_RSLC3_Maurer_Hartl_UW_MFPL_shotgun_TMT1_TiO2_Fr4.raw	Technical	comment[label]	TMT130C	TMT130C	tmt130c	tmt130c	matched	exact_normalized	1.000000
PXD011799	20170424_Lumos_RSLC3_Maurer_Hartl_UW_MFPL_shotgun_TMT1_TiO2_Fr4.raw	Technical	comment[label]	TMT130N	TMT130N	tmt130n	tmt130n	matched	exact_normalized	1.000000
PXD011799	20170424_Lumos_RSLC3_Maurer_Hartl_UW_MFPL_shotgun_TMT1_TiO2_Fr4.raw	Technical	comment[label]	TMT129C	TMT129C	tmt129c	tmt129c	matched	exact_normalized	1.000000
PXD011799	20170424_Lumos_RSLC3_Maurer_Hartl_UW_MFPL_shotgun_TMT1_TiO2_Fr4.raw	Technical	comment[label]	TMT129N	TMT129N	tmt129n	tmt129n	matched	exact_normalized	1.000000
PXD011799	20170424_Lumos_RSLC3_Maurer_Hartl_UW_MFPL_shotgun_TMT1_TiO2_Fr4.raw	Technical	comment[label]	TMT128C	TMT128C	tmt128c	tmt128c	matched	exact_normalized	1.000000
PXD011799	20170424_Lumos_RSLC3_Maurer_Hartl_UW_MFPL_shotgun_TMT1_TiO2_Fr4.raw	Technical	comment[label]	TMT128N	TMT128N	tmt128n	tmt128n	matched	exact_normalized	1.000000
PXD011799	20170424_Lumos_RSLC3_Maurer_Hartl_UW_MFPL_shotgun_TMT1_TiO2_Fr4.raw	Technical	comment[label]	TMT127C	TMT127C	tmt127c	tmt127c	matched	exact_normalized	1.000000
PXD011799	20170424_Lumos_RSLC3_Maurer_Hartl_UW_MFPL_shotgun_TMT1_TiO2_Fr4.raw	Technical	comment[label]	TMT127N	TMT127N	tmt127n	tmt127n	matched	exact_normalized	1.000000
PXD011799	20170424_Lumos_RSLC3_Maurer_Hartl_UW_MFPL_shotgun_TMT1_TiO2_Fr4.raw	Technical	comment[label]	TMT126	TMT126	tmt126	tmt126	matched	exact_normalized	1.000000
PXD011799	20170424_Lumos_RSLC3_Maurer_Hartl_UW_MFPL_shotgun_TMT1_TiO2_Fr4.raw	Technical	comment[modification parameters]	NT=Deamidation;AC=UNIMOD:7;MT=Variable;TA=NQ	NT=Deamidation;TA=N,Q;AC=UNIMOD:7;MT=variable	cv:unimod:7	cv:unimod:7	matched	cv_accession	1.000000
PXD011799	20170424_Lumos_RSLC3_Maurer_Hartl_UW_MFPL_shotgun_TMT1_TiO2_Fr4.raw	Technical	comment[modification parameters]	NT=Phospho;AC=UNIMOD:21;MT=Variable;TA=STY	NT=Phosphorylation;TA=S,T,Y;AC=UNIMOD:21;MT=variable	cv:unimod:21	cv:unimod:21	matched	cv_accession	1.000000
PXD011799	20170424_Lumos_RSLC3_Maurer_Hartl_UW_MFPL_shotgun_TMT1_TiO2_Fr4.raw	Technical	comment[modification parameters]	NT=Oxidation;AC=UNIMOD:35;MT=Variable;TA=M	NT=Oxidation;TA=M;AC=UNIMOD:35;MT=variable	cv:unimod:35	cv:unimod:35	matched	cv_accession	1.000000
PXD011799	20170424_Lumos_RSLC3_Maurer_Hartl_UW_MFPL_shotgun_TMT1_TiO2_Fr4.raw	Technical	comment[modification parameters]	NT=TMT6plex;AC=UNIMOD:730;MT=Fixed;TA=K	NT=TMT6plex;PP=Any N-term;AC=UNIMOD:737;MT=fixed	cv:unimod:730	cv:unimod:737	matched	exact_normalized	1.000000
PXD011799	20170424_Lumos_RSLC3_Maurer_Hartl_UW_MFPL_shotgun_TMT1_TiO2_Fr4.raw	Technical	comment[modification parameters]	NT=Carbamidomethyl;AC=UNIMOD:4;MT=Fixed;TA=C	NT=Carbamidomethyl;TA=C;AC=UNIMOD:4;MT=fixed	cv:unimod:4	cv:unimod:4	matched	cv_accession	1.000000
PXD011799	20170424_Lumos_RSLC3_Maurer_Hartl_UW_MFPL_shotgun_TMT1_TiO2_Fr4.raw	Technical	comment[ms2 mass analyzer]	orbitrap		orbitrap		assessed_only	unmatched	0.000000
PXD011799	20170424_Lumos_RSLC3_Maurer_Hartl_UW_MFPL_shotgun_TMT1_TiO2_Fr4.raw	Technical	comment[precursor mass tolerance]	10 ppm		10 ppm		assessed_only	unmatched	0.000000
PXD011799	20170424_Lumos_RSLC3_Maurer_Hartl_UW_MFPL_shotgun_TMT1_TiO2_Fr4.raw	Technical	comment[precursor mass tolerance]		0.01 Da		0.01 da	gold_only	unmatched	0.000000
PXD011799	20170424_Lumos_RSLC3_Maurer_Hartl_UW_MFPL_shotgun_TMT1_TiO2_Fr4.raw	Technical	comment[proteomics data acquisition method]	NT=data-dependent acquisition;AC=PRIDE:0000627		cv:pride:0000627		assessed_only	unmatched	0.000000
PXD011799	20170424_Lumos_RSLC3_Maurer_Hartl_UW_MFPL_shotgun_TMT1_TiO2_Fr4.raw	Technical	comment[reduction reagent]	dithiothreitol		dithiothreitol		assessed_only	unmatched	0.000000
PXD011799	20170424_Lumos_RSLC3_Maurer_Hartl_UW_MFPL_shotgun_TMT1_TiO2_Fr4.raw	Technical	technology type	proteomic profiling by mass spectrometry		proteomic profiling by mass spectrometry		assessed_only	unmatched	0.000000
PXD011799	20170424_Lumos_RSLC3_Maurer_Hartl_UW_MFPL_shotgun_TMT1_TiO2_Fr4.raw	ExperimentalDesign	characteristics[biological replicate]	8		8		assessed_only	unmatched	0.000000
PXD011799	20170424_Lumos_RSLC3_Maurer_Hartl_UW_MFPL_shotgun_TMT1_TiO2_Fr4.raw	ExperimentalDesign	comment[fraction identifier]	12		12		assessed_only	unmatched	0.000000
PXD011799	20170424_Lumos_RSLC3_Maurer_Hartl_UW_MFPL_shotgun_TMT1_TiO2_Fr4.raw	ExperimentalDesign	comment[fraction identifier]		4		4	gold_only	unmatched	0.000000
PXD011799	20170424_Lumos_RSLC3_Maurer_Hartl_UW_MFPL_shotgun_TMT1_TiO2_Fr4.raw	ExperimentalDesign	comment[technical replicate]	1	1	1	1	matched	exact_normalized	1.000000
PXD011799	20170424_Lumos_RSLC3_Maurer_Hartl_UW_MFPL_shotgun_TMT1_TiO2_Fr4.raw	ExperimentalDesign	factor value[disease]	metastatic melanoma		metastatic melanoma		assessed_only	unmatched	0.000000
PXD011799	20170424_Lumos_RSLC3_Maurer_Hartl_UW_MFPL_shotgun_TMT1_TiO2_Fr4.raw	ExperimentalDesign	factor value[experimental design]	cell type (PBMCB, TAB), treatment (MCM, control)		cell type pbmcb tab treatment mcm control		assessed_only	unmatched	0.000000
PXD011799	20170424_Lumos_RSLC3_Maurer_Hartl_UW_MFPL_shotgun_TMT1_TiO2_Fr5.raw	Biological	characteristics[cell type]	B cells		b cells		assessed_only	unmatched	0.000000
PXD011799	20170424_Lumos_RSLC3_Maurer_Hartl_UW_MFPL_shotgun_TMT1_TiO2_Fr5.raw	Biological	characteristics[disease]	metastatic melanoma		metastatic melanoma		assessed_only	unmatched	0.000000
PXD011799	20170424_Lumos_RSLC3_Maurer_Hartl_UW_MFPL_shotgun_TMT1_TiO2_Fr5.raw	Biological	characteristics[disease]		melanoma		melanoma	gold_only	unmatched	0.000000
PXD011799	20170424_Lumos_RSLC3_Maurer_Hartl_UW_MFPL_shotgun_TMT1_TiO2_Fr5.raw	Biological	characteristics[organism part]	blood, melanoma		blood melanoma		assessed_only	unmatched	0.000000
PXD011799	20170424_Lumos_RSLC3_Maurer_Hartl_UW_MFPL_shotgun_TMT1_TiO2_Fr5.raw	Biological	characteristics[organism part]		B cells		b cells	gold_only	unmatched	0.000000
PXD011799	20170424_Lumos_RSLC3_Maurer_Hartl_UW_MFPL_shotgun_TMT1_TiO2_Fr5.raw	Biological	characteristics[organism]	Homo sapiens	Homo sapiens	homo sapiens	homo sapiens	matched	exact_normalized	1.000000
PXD011799	20170424_Lumos_RSLC3_Maurer_Hartl_UW_MFPL_shotgun_TMT1_TiO2_Fr5.raw	Technical	comment[alkylation reagent]	iodoacetamide		iodoacetamide		assessed_only	unmatched	0.000000
PXD011799	20170424_Lumos_RSLC3_Maurer_Hartl_UW_MFPL_shotgun_TMT1_TiO2_Fr5.raw	Technical	comment[cleavage agent details]	NT=Trypsin;AC=MS:1001251	NT=Trypsin;AC=MS:1001251	cv:ms:1001251	cv:ms:1001251	matched	cv_accession	1.000000
PXD011799	20170424_Lumos_RSLC3_Maurer_Hartl_UW_MFPL_shotgun_TMT1_TiO2_Fr5.raw	Technical	comment[dissociation method]	NT=beam-type collision-induced dissociation;AC=MS:1000422		cv:ms:1000422		assessed_only	unmatched	0.000000
PXD011799	20170424_Lumos_RSLC3_Maurer_Hartl_UW_MFPL_shotgun_TMT1_TiO2_Fr5.raw	Technical	comment[fragment mass tolerance]	0.01 Da		0.01 da		assessed_only	unmatched	0.000000
PXD011799	20170424_Lumos_RSLC3_Maurer_Hartl_UW_MFPL_shotgun_TMT1_TiO2_Fr5.raw	Technical	comment[fragment mass tolerance]		10 ppm		10 ppm	gold_only	unmatched	0.000000
PXD011799	20170424_Lumos_RSLC3_Maurer_Hartl_UW_MFPL_shotgun_TMT1_TiO2_Fr5.raw	Technical	comment[instrument]	NT=Orbitrap Fusion Lumos;AC=MS:1002732	NT=Orbitrap Fusion Lumos	cv:ms:1002732	nt orbitrap fusion lumos	matched	fuzzy	0.933333
PXD011799	20170424_Lumos_RSLC3_Maurer_Hartl_UW_MFPL_shotgun_TMT1_TiO2_Fr5.raw	Technical	comment[label]	TMT131	TMT131	tmt131	tmt131	matched	exact_normalized	1.000000
PXD011799	20170424_Lumos_RSLC3_Maurer_Hartl_UW_MFPL_shotgun_TMT1_TiO2_Fr5.raw	Technical	comment[label]	TMT130C	TMT130C	tmt130c	tmt130c	matched	exact_normalized	1.000000
PXD011799	20170424_Lumos_RSLC3_Maurer_Hartl_UW_MFPL_shotgun_TMT1_TiO2_Fr5.raw	Technical	comment[label]	TMT130N	TMT130N	tmt130n	tmt130n	matched	exact_normalized	1.000000
PXD011799	20170424_Lumos_RSLC3_Maurer_Hartl_UW_MFPL_shotgun_TMT1_TiO2_Fr5.raw	Technical	comment[label]	TMT129C	TMT129C	tmt129c	tmt129c	matched	exact_normalized	1.000000
PXD011799	20170424_Lumos_RSLC3_Maurer_Hartl_UW_MFPL_shotgun_TMT1_TiO2_Fr5.raw	Technical	comment[label]	TMT129N	TMT129N	tmt129n	tmt129n	matched	exact_normalized	1.000000
PXD011799	20170424_Lumos_RSLC3_Maurer_Hartl_UW_MFPL_shotgun_TMT1_TiO2_Fr5.raw	Technical	comment[label]	TMT128C	TMT128C	tmt128c	tmt128c	matched	exact_normalized	1.000000
PXD011799	20170424_Lumos_RSLC3_Maurer_Hartl_UW_MFPL_shotgun_TMT1_TiO2_Fr5.raw	Technical	comment[label]	TMT128N	TMT128N	tmt128n	tmt128n	matched	exact_normalized	1.000000
PXD011799	20170424_Lumos_RSLC3_Maurer_Hartl_UW_MFPL_shotgun_TMT1_TiO2_Fr5.raw	Technical	comment[label]	TMT127C	TMT127C	tmt127c	tmt127c	matched	exact_normalized	1.000000
PXD011799	20170424_Lumos_RSLC3_Maurer_Hartl_UW_MFPL_shotgun_TMT1_TiO2_Fr5.raw	Technical	comment[label]	TMT127N	TMT127N	tmt127n	tmt127n	matched	exact_normalized	1.000000
PXD011799	20170424_Lumos_RSLC3_Maurer_Hartl_UW_MFPL_shotgun_TMT1_TiO2_Fr5.raw	Technical	comment[label]	TMT126	TMT126	tmt126	tmt126	matched	exact_normalized	1.000000
PXD011799	20170424_Lumos_RSLC3_Maurer_Hartl_UW_MFPL_shotgun_TMT1_TiO2_Fr5.raw	Technical	comment[modification parameters]	NT=Deamidation;AC=UNIMOD:7;MT=Variable;TA=NQ	NT=Deamidation;TA=N,Q;AC=UNIMOD:7;MT=variable	cv:unimod:7	cv:unimod:7	matched	cv_accession	1.000000
PXD011799	20170424_Lumos_RSLC3_Maurer_Hartl_UW_MFPL_shotgun_TMT1_TiO2_Fr5.raw	Technical	comment[modification parameters]	NT=Phospho;AC=UNIMOD:21;MT=Variable;TA=STY	NT=Phosphorylation;TA=S,T,Y;AC=UNIMOD:21;MT=variable	cv:unimod:21	cv:unimod:21	matched	cv_accession	1.000000
PXD011799	20170424_Lumos_RSLC3_Maurer_Hartl_UW_MFPL_shotgun_TMT1_TiO2_Fr5.raw	Technical	comment[modification parameters]	NT=Oxidation;AC=UNIMOD:35;MT=Variable;TA=M	NT=Oxidation;TA=M;AC=UNIMOD:35;MT=variable	cv:unimod:35	cv:unimod:35	matched	cv_accession	1.000000
PXD011799	20170424_Lumos_RSLC3_Maurer_Hartl_UW_MFPL_shotgun_TMT1_TiO2_Fr5.raw	Technical	comment[modification parameters]	NT=TMT6plex;AC=UNIMOD:730;MT=Fixed;TA=K	NT=TMT6plex;PP=Any N-term;AC=UNIMOD:737;MT=fixed	cv:unimod:730	cv:unimod:737	matched	exact_normalized	1.000000
PXD011799	20170424_Lumos_RSLC3_Maurer_Hartl_UW_MFPL_shotgun_TMT1_TiO2_Fr5.raw	Technical	comment[modification parameters]	NT=Carbamidomethyl;AC=UNIMOD:4;MT=Fixed;TA=C	NT=Carbamidomethyl;TA=C;AC=UNIMOD:4;MT=fixed	cv:unimod:4	cv:unimod:4	matched	cv_accession	1.000000
PXD011799	20170424_Lumos_RSLC3_Maurer_Hartl_UW_MFPL_shotgun_TMT1_TiO2_Fr5.raw	Technical	comment[ms2 mass analyzer]	orbitrap		orbitrap		assessed_only	unmatched	0.000000
PXD011799	20170424_Lumos_RSLC3_Maurer_Hartl_UW_MFPL_shotgun_TMT1_TiO2_Fr5.raw	Technical	comment[precursor mass tolerance]	10 ppm		10 ppm		assessed_only	unmatched	0.000000
PXD011799	20170424_Lumos_RSLC3_Maurer_Hartl_UW_MFPL_shotgun_TMT1_TiO2_Fr5.raw	Technical	comment[precursor mass tolerance]		0.01 Da		0.01 da	gold_only	unmatched	0.000000
PXD011799	20170424_Lumos_RSLC3_Maurer_Hartl_UW_MFPL_shotgun_TMT1_TiO2_Fr5.raw	Technical	comment[proteomics data acquisition method]	NT=data-dependent acquisition;AC=PRIDE:0000627		cv:pride:0000627		assessed_only	unmatched	0.000000
PXD011799	20170424_Lumos_RSLC3_Maurer_Hartl_UW_MFPL_shotgun_TMT1_TiO2_Fr5.raw	Technical	comment[reduction reagent]	dithiothreitol		dithiothreitol		assessed_only	unmatched	0.000000
PXD011799	20170424_Lumos_RSLC3_Maurer_Hartl_UW_MFPL_shotgun_TMT1_TiO2_Fr5.raw	Technical	technology type	proteomic profiling by mass spectrometry		proteomic profiling by mass spectrometry		assessed_only	unmatched	0.000000
PXD011799	20170424_Lumos_RSLC3_Maurer_Hartl_UW_MFPL_shotgun_TMT1_TiO2_Fr5.raw	ExperimentalDesign	characteristics[biological replicate]	8		8		assessed_only	unmatched	0.000000
PXD011799	20170424_Lumos_RSLC3_Maurer_Hartl_UW_MFPL_shotgun_TMT1_TiO2_Fr5.raw	ExperimentalDesign	comment[fraction identifier]	12		12		assessed_only	unmatched	0.000000
PXD011799	20170424_Lumos_RSLC3_Maurer_Hartl_UW_MFPL_shotgun_TMT1_TiO2_Fr5.raw	ExperimentalDesign	comment[fraction identifier]		5		5	gold_only	unmatched	0.000000
PXD011799	20170424_Lumos_RSLC3_Maurer_Hartl_UW_MFPL_shotgun_TMT1_TiO2_Fr5.raw	ExperimentalDesign	comment[technical replicate]	1	1	1	1	matched	exact_normalized	1.000000
PXD011799	20170424_Lumos_RSLC3_Maurer_Hartl_UW_MFPL_shotgun_TMT1_TiO2_Fr5.raw	ExperimentalDesign	factor value[disease]	metastatic melanoma		metastatic melanoma		assessed_only	unmatched	0.000000
PXD011799	20170424_Lumos_RSLC3_Maurer_Hartl_UW_MFPL_shotgun_TMT1_TiO2_Fr5.raw	ExperimentalDesign	factor value[experimental design]	cell type (PBMCB, TAB), treatment (MCM, control)		cell type pbmcb tab treatment mcm control		assessed_only	unmatched	0.000000
PXD011799	20170424_Lumos_RSLC3_Maurer_Hartl_UW_MFPL_shotgun_TMT1_TiO2_Fr6.raw	Biological	characteristics[cell type]	B cells		b cells		assessed_only	unmatched	0.000000
PXD011799	20170424_Lumos_RSLC3_Maurer_Hartl_UW_MFPL_shotgun_TMT1_TiO2_Fr6.raw	Biological	characteristics[disease]	metastatic melanoma		metastatic melanoma		assessed_only	unmatched	0.000000
PXD011799	20170424_Lumos_RSLC3_Maurer_Hartl_UW_MFPL_shotgun_TMT1_TiO2_Fr6.raw	Biological	characteristics[disease]		melanoma		melanoma	gold_only	unmatched	0.000000
PXD011799	20170424_Lumos_RSLC3_Maurer_Hartl_UW_MFPL_shotgun_TMT1_TiO2_Fr6.raw	Biological	characteristics[organism part]	blood, melanoma		blood melanoma		assessed_only	unmatched	0.000000
PXD011799	20170424_Lumos_RSLC3_Maurer_Hartl_UW_MFPL_shotgun_TMT1_TiO2_Fr6.raw	Biological	characteristics[organism part]		B cells		b cells	gold_only	unmatched	0.000000
PXD011799	20170424_Lumos_RSLC3_Maurer_Hartl_UW_MFPL_shotgun_TMT1_TiO2_Fr6.raw	Biological	characteristics[organism]	Homo sapiens	Homo sapiens	homo sapiens	homo sapiens	matched	exact_normalized	1.000000
PXD011799	20170424_Lumos_RSLC3_Maurer_Hartl_UW_MFPL_shotgun_TMT1_TiO2_Fr6.raw	Technical	comment[alkylation reagent]	iodoacetamide		iodoacetamide		assessed_only	unmatched	0.000000
PXD011799	20170424_Lumos_RSLC3_Maurer_Hartl_UW_MFPL_shotgun_TMT1_TiO2_Fr6.raw	Technical	comment[cleavage agent details]	NT=Trypsin;AC=MS:1001251	NT=Trypsin;AC=MS:1001251	cv:ms:1001251	cv:ms:1001251	matched	cv_accession	1.000000
PXD011799	20170424_Lumos_RSLC3_Maurer_Hartl_UW_MFPL_shotgun_TMT1_TiO2_Fr6.raw	Technical	comment[dissociation method]	NT=beam-type collision-induced dissociation;AC=MS:1000422		cv:ms:1000422		assessed_only	unmatched	0.000000
PXD011799	20170424_Lumos_RSLC3_Maurer_Hartl_UW_MFPL_shotgun_TMT1_TiO2_Fr6.raw	Technical	comment[fragment mass tolerance]	0.01 Da		0.01 da		assessed_only	unmatched	0.000000
PXD011799	20170424_Lumos_RSLC3_Maurer_Hartl_UW_MFPL_shotgun_TMT1_TiO2_Fr6.raw	Technical	comment[fragment mass tolerance]		10 ppm		10 ppm	gold_only	unmatched	0.000000
PXD011799	20170424_Lumos_RSLC3_Maurer_Hartl_UW_MFPL_shotgun_TMT1_TiO2_Fr6.raw	Technical	comment[instrument]	NT=Orbitrap Fusion Lumos;AC=MS:1002732	NT=Orbitrap Fusion Lumos	cv:ms:1002732	nt orbitrap fusion lumos	matched	fuzzy	0.933333
PXD011799	20170424_Lumos_RSLC3_Maurer_Hartl_UW_MFPL_shotgun_TMT1_TiO2_Fr6.raw	Technical	comment[label]	TMT131	TMT131	tmt131	tmt131	matched	exact_normalized	1.000000
PXD011799	20170424_Lumos_RSLC3_Maurer_Hartl_UW_MFPL_shotgun_TMT1_TiO2_Fr6.raw	Technical	comment[label]	TMT130C	TMT130C	tmt130c	tmt130c	matched	exact_normalized	1.000000
PXD011799	20170424_Lumos_RSLC3_Maurer_Hartl_UW_MFPL_shotgun_TMT1_TiO2_Fr6.raw	Technical	comment[label]	TMT130N	TMT130N	tmt130n	tmt130n	matched	exact_normalized	1.000000
PXD011799	20170424_Lumos_RSLC3_Maurer_Hartl_UW_MFPL_shotgun_TMT1_TiO2_Fr6.raw	Technical	comment[label]	TMT129C	TMT129C	tmt129c	tmt129c	matched	exact_normalized	1.000000
PXD011799	20170424_Lumos_RSLC3_Maurer_Hartl_UW_MFPL_shotgun_TMT1_TiO2_Fr6.raw	Technical	comment[label]	TMT129N	TMT129N	tmt129n	tmt129n	matched	exact_normalized	1.000000
PXD011799	20170424_Lumos_RSLC3_Maurer_Hartl_UW_MFPL_shotgun_TMT1_TiO2_Fr6.raw	Technical	comment[label]	TMT128C	TMT128C	tmt128c	tmt128c	matched	exact_normalized	1.000000
PXD011799	20170424_Lumos_RSLC3_Maurer_Hartl_UW_MFPL_shotgun_TMT1_TiO2_Fr6.raw	Technical	comment[label]	TMT128N	TMT128N	tmt128n	tmt128n	matched	exact_normalized	1.000000
PXD011799	20170424_Lumos_RSLC3_Maurer_Hartl_UW_MFPL_shotgun_TMT1_TiO2_Fr6.raw	Technical	comment[label]	TMT127C	TMT127C	tmt127c	tmt127c	matched	exact_normalized	1.000000
PXD011799	20170424_Lumos_RSLC3_Maurer_Hartl_UW_MFPL_shotgun_TMT1_TiO2_Fr6.raw	Technical	comment[label]	TMT127N	TMT127N	tmt127n	tmt127n	matched	exact_normalized	1.000000
PXD011799	20170424_Lumos_RSLC3_Maurer_Hartl_UW_MFPL_shotgun_TMT1_TiO2_Fr6.raw	Technical	comment[label]	TMT126	TMT126	tmt126	tmt126	matched	exact_normalized	1.000000
PXD011799	20170424_Lumos_RSLC3_Maurer_Hartl_UW_MFPL_shotgun_TMT1_TiO2_Fr6.raw	Technical	comment[modification parameters]	NT=Deamidation;AC=UNIMOD:7;MT=Variable;TA=NQ	NT=Deamidation;TA=N,Q;AC=UNIMOD:7;MT=variable	cv:unimod:7	cv:unimod:7	matched	cv_accession	1.000000
PXD011799	20170424_Lumos_RSLC3_Maurer_Hartl_UW_MFPL_shotgun_TMT1_TiO2_Fr6.raw	Technical	comment[modification parameters]	NT=Phospho;AC=UNIMOD:21;MT=Variable;TA=STY	NT=Phosphorylation;TA=S,T,Y;AC=UNIMOD:21;MT=variable	cv:unimod:21	cv:unimod:21	matched	cv_accession	1.000000
PXD011799	20170424_Lumos_RSLC3_Maurer_Hartl_UW_MFPL_shotgun_TMT1_TiO2_Fr6.raw	Technical	comment[modification parameters]	NT=Oxidation;AC=UNIMOD:35;MT=Variable;TA=M	NT=Oxidation;TA=M;AC=UNIMOD:35;MT=variable	cv:unimod:35	cv:unimod:35	matched	cv_accession	1.000000
PXD011799	20170424_Lumos_RSLC3_Maurer_Hartl_UW_MFPL_shotgun_TMT1_TiO2_Fr6.raw	Technical	comment[modification parameters]	NT=TMT6plex;AC=UNIMOD:730;MT=Fixed;TA=K	NT=TMT6plex;PP=Any N-term;AC=UNIMOD:737;MT=fixed	cv:unimod:730	cv:unimod:737	matched	exact_normalized	1.000000
PXD011799	20170424_Lumos_RSLC3_Maurer_Hartl_UW_MFPL_shotgun_TMT1_TiO2_Fr6.raw	Technical	comment[modification parameters]	NT=Carbamidomethyl;AC=UNIMOD:4;MT=Fixed;TA=C	NT=Carbamidomethyl;TA=C;AC=UNIMOD:4;MT=fixed	cv:unimod:4	cv:unimod:4	matched	cv_accession	1.000000
PXD011799	20170424_Lumos_RSLC3_Maurer_Hartl_UW_MFPL_shotgun_TMT1_TiO2_Fr6.raw	Technical	comment[ms2 mass analyzer]	orbitrap		orbitrap		assessed_only	unmatched	0.000000
PXD011799	20170424_Lumos_RSLC3_Maurer_Hartl_UW_MFPL_shotgun_TMT1_TiO2_Fr6.raw	Technical	comment[precursor mass tolerance]	10 ppm		10 ppm		assessed_only	unmatched	0.000000
PXD011799	20170424_Lumos_RSLC3_Maurer_Hartl_UW_MFPL_shotgun_TMT1_TiO2_Fr6.raw	Technical	comment[precursor mass tolerance]		0.01 Da		0.01 da	gold_only	unmatched	0.000000
PXD011799	20170424_Lumos_RSLC3_Maurer_Hartl_UW_MFPL_shotgun_TMT1_TiO2_Fr6.raw	Technical	comment[proteomics data acquisition method]	NT=data-dependent acquisition;AC=PRIDE:0000627		cv:pride:0000627		assessed_only	unmatched	0.000000
PXD011799	20170424_Lumos_RSLC3_Maurer_Hartl_UW_MFPL_shotgun_TMT1_TiO2_Fr6.raw	Technical	comment[reduction reagent]	dithiothreitol		dithiothreitol		assessed_only	unmatched	0.000000
PXD011799	20170424_Lumos_RSLC3_Maurer_Hartl_UW_MFPL_shotgun_TMT1_TiO2_Fr6.raw	Technical	technology type	proteomic profiling by mass spectrometry		proteomic profiling by mass spectrometry		assessed_only	unmatched	0.000000
PXD011799	20170424_Lumos_RSLC3_Maurer_Hartl_UW_MFPL_shotgun_TMT1_TiO2_Fr6.raw	ExperimentalDesign	characteristics[biological replicate]	8		8		assessed_only	unmatched	0.000000
PXD011799	20170424_Lumos_RSLC3_Maurer_Hartl_UW_MFPL_shotgun_TMT1_TiO2_Fr6.raw	ExperimentalDesign	comment[fraction identifier]	12		12		assessed_only	unmatched	0.000000
PXD011799	20170424_Lumos_RSLC3_Maurer_Hartl_UW_MFPL_shotgun_TMT1_TiO2_Fr6.raw	ExperimentalDesign	comment[fraction identifier]		6		6	gold_only	unmatched	0.000000
PXD011799	20170424_Lumos_RSLC3_Maurer_Hartl_UW_MFPL_shotgun_TMT1_TiO2_Fr6.raw	ExperimentalDesign	comment[technical replicate]	1	1	1	1	matched	exact_normalized	1.000000
PXD011799	20170424_Lumos_RSLC3_Maurer_Hartl_UW_MFPL_shotgun_TMT1_TiO2_Fr6.raw	ExperimentalDesign	factor value[disease]	metastatic melanoma		metastatic melanoma		assessed_only	unmatched	0.000000
PXD011799	20170424_Lumos_RSLC3_Maurer_Hartl_UW_MFPL_shotgun_TMT1_TiO2_Fr6.raw	ExperimentalDesign	factor value[experimental design]	cell type (PBMCB, TAB), treatment (MCM, control)		cell type pbmcb tab treatment mcm control		assessed_only	unmatched	0.000000
PXD011799	20170424_Lumos_RSLC3_Maurer_Hartl_UW_MFPL_shotgun_TMT1_TiO2_Fr7.raw	Biological	characteristics[cell type]	B cells		b cells		assessed_only	unmatched	0.000000
PXD011799	20170424_Lumos_RSLC3_Maurer_Hartl_UW_MFPL_shotgun_TMT1_TiO2_Fr7.raw	Biological	characteristics[disease]	metastatic melanoma		metastatic melanoma		assessed_only	unmatched	0.000000
PXD011799	20170424_Lumos_RSLC3_Maurer_Hartl_UW_MFPL_shotgun_TMT1_TiO2_Fr7.raw	Biological	characteristics[disease]		melanoma		melanoma	gold_only	unmatched	0.000000
PXD011799	20170424_Lumos_RSLC3_Maurer_Hartl_UW_MFPL_shotgun_TMT1_TiO2_Fr7.raw	Biological	characteristics[organism part]	blood, melanoma		blood melanoma		assessed_only	unmatched	0.000000
PXD011799	20170424_Lumos_RSLC3_Maurer_Hartl_UW_MFPL_shotgun_TMT1_TiO2_Fr7.raw	Biological	characteristics[organism part]		B cells		b cells	gold_only	unmatched	0.000000
PXD011799	20170424_Lumos_RSLC3_Maurer_Hartl_UW_MFPL_shotgun_TMT1_TiO2_Fr7.raw	Biological	characteristics[organism]	Homo sapiens	Homo sapiens	homo sapiens	homo sapiens	matched	exact_normalized	1.000000
PXD011799	20170424_Lumos_RSLC3_Maurer_Hartl_UW_MFPL_shotgun_TMT1_TiO2_Fr7.raw	Technical	comment[alkylation reagent]	iodoacetamide		iodoacetamide		assessed_only	unmatched	0.000000
PXD011799	20170424_Lumos_RSLC3_Maurer_Hartl_UW_MFPL_shotgun_TMT1_TiO2_Fr7.raw	Technical	comment[cleavage agent details]	NT=Trypsin;AC=MS:1001251	NT=Trypsin;AC=MS:1001251	cv:ms:1001251	cv:ms:1001251	matched	cv_accession	1.000000
PXD011799	20170424_Lumos_RSLC3_Maurer_Hartl_UW_MFPL_shotgun_TMT1_TiO2_Fr7.raw	Technical	comment[dissociation method]	NT=beam-type collision-induced dissociation;AC=MS:1000422		cv:ms:1000422		assessed_only	unmatched	0.000000
PXD011799	20170424_Lumos_RSLC3_Maurer_Hartl_UW_MFPL_shotgun_TMT1_TiO2_Fr7.raw	Technical	comment[fragment mass tolerance]	0.01 Da		0.01 da		assessed_only	unmatched	0.000000
PXD011799	20170424_Lumos_RSLC3_Maurer_Hartl_UW_MFPL_shotgun_TMT1_TiO2_Fr7.raw	Technical	comment[fragment mass tolerance]		10 ppm		10 ppm	gold_only	unmatched	0.000000
PXD011799	20170424_Lumos_RSLC3_Maurer_Hartl_UW_MFPL_shotgun_TMT1_TiO2_Fr7.raw	Technical	comment[instrument]	NT=Orbitrap Fusion Lumos;AC=MS:1002732	NT=Orbitrap Fusion Lumos	cv:ms:1002732	nt orbitrap fusion lumos	matched	fuzzy	0.933333
PXD011799	20170424_Lumos_RSLC3_Maurer_Hartl_UW_MFPL_shotgun_TMT1_TiO2_Fr7.raw	Technical	comment[label]	TMT131	TMT131	tmt131	tmt131	matched	exact_normalized	1.000000
PXD011799	20170424_Lumos_RSLC3_Maurer_Hartl_UW_MFPL_shotgun_TMT1_TiO2_Fr7.raw	Technical	comment[label]	TMT130C	TMT130C	tmt130c	tmt130c	matched	exact_normalized	1.000000
PXD011799	20170424_Lumos_RSLC3_Maurer_Hartl_UW_MFPL_shotgun_TMT1_TiO2_Fr7.raw	Technical	comment[label]	TMT130N	TMT130N	tmt130n	tmt130n	matched	exact_normalized	1.000000
PXD011799	20170424_Lumos_RSLC3_Maurer_Hartl_UW_MFPL_shotgun_TMT1_TiO2_Fr7.raw	Technical	comment[label]	TMT129C	TMT129C	tmt129c	tmt129c	matched	exact_normalized	1.000000
PXD011799	20170424_Lumos_RSLC3_Maurer_Hartl_UW_MFPL_shotgun_TMT1_TiO2_Fr7.raw	Technical	comment[label]	TMT129N	TMT129N	tmt129n	tmt129n	matched	exact_normalized	1.000000
PXD011799	20170424_Lumos_RSLC3_Maurer_Hartl_UW_MFPL_shotgun_TMT1_TiO2_Fr7.raw	Technical	comment[label]	TMT128C	TMT128C	tmt128c	tmt128c	matched	exact_normalized	1.000000
PXD011799	20170424_Lumos_RSLC3_Maurer_Hartl_UW_MFPL_shotgun_TMT1_TiO2_Fr7.raw	Technical	comment[label]	TMT128N	TMT128N	tmt128n	tmt128n	matched	exact_normalized	1.000000
PXD011799	20170424_Lumos_RSLC3_Maurer_Hartl_UW_MFPL_shotgun_TMT1_TiO2_Fr7.raw	Technical	comment[label]	TMT127C	TMT127C	tmt127c	tmt127c	matched	exact_normalized	1.000000
PXD011799	20170424_Lumos_RSLC3_Maurer_Hartl_UW_MFPL_shotgun_TMT1_TiO2_Fr7.raw	Technical	comment[label]	TMT127N	TMT127N	tmt127n	tmt127n	matched	exact_normalized	1.000000
PXD011799	20170424_Lumos_RSLC3_Maurer_Hartl_UW_MFPL_shotgun_TMT1_TiO2_Fr7.raw	Technical	comment[label]	TMT126	TMT126	tmt126	tmt126	matched	exact_normalized	1.000000
PXD011799	20170424_Lumos_RSLC3_Maurer_Hartl_UW_MFPL_shotgun_TMT1_TiO2_Fr7.raw	Technical	comment[modification parameters]	NT=Deamidation;AC=UNIMOD:7;MT=Variable;TA=NQ	NT=Deamidation;TA=N,Q;AC=UNIMOD:7;MT=variable	cv:unimod:7	cv:unimod:7	matched	cv_accession	1.000000
PXD011799	20170424_Lumos_RSLC3_Maurer_Hartl_UW_MFPL_shotgun_TMT1_TiO2_Fr7.raw	Technical	comment[modification parameters]	NT=Phospho;AC=UNIMOD:21;MT=Variable;TA=STY	NT=Phosphorylation;TA=S,T,Y;AC=UNIMOD:21;MT=variable	cv:unimod:21	cv:unimod:21	matched	cv_accession	1.000000
PXD011799	20170424_Lumos_RSLC3_Maurer_Hartl_UW_MFPL_shotgun_TMT1_TiO2_Fr7.raw	Technical	comment[modification parameters]	NT=Oxidation;AC=UNIMOD:35;MT=Variable;TA=M	NT=Oxidation;TA=M;AC=UNIMOD:35;MT=variable	cv:unimod:35	cv:unimod:35	matched	cv_accession	1.000000
PXD011799	20170424_Lumos_RSLC3_Maurer_Hartl_UW_MFPL_shotgun_TMT1_TiO2_Fr7.raw	Technical	comment[modification parameters]	NT=TMT6plex;AC=UNIMOD:730;MT=Fixed;TA=K	NT=TMT6plex;PP=Any N-term;AC=UNIMOD:737;MT=fixed	cv:unimod:730	cv:unimod:737	matched	exact_normalized	1.000000
PXD011799	20170424_Lumos_RSLC3_Maurer_Hartl_UW_MFPL_shotgun_TMT1_TiO2_Fr7.raw	Technical	comment[modification parameters]	NT=Carbamidomethyl;AC=UNIMOD:4;MT=Fixed;TA=C	NT=Carbamidomethyl;TA=C;AC=UNIMOD:4;MT=fixed	cv:unimod:4	cv:unimod:4	matched	cv_accession	1.000000
PXD011799	20170424_Lumos_RSLC3_Maurer_Hartl_UW_MFPL_shotgun_TMT1_TiO2_Fr7.raw	Technical	comment[ms2 mass analyzer]	orbitrap		orbitrap		assessed_only	unmatched	0.000000
PXD011799	20170424_Lumos_RSLC3_Maurer_Hartl_UW_MFPL_shotgun_TMT1_TiO2_Fr7.raw	Technical	comment[precursor mass tolerance]	10 ppm		10 ppm		assessed_only	unmatched	0.000000
PXD011799	20170424_Lumos_RSLC3_Maurer_Hartl_UW_MFPL_shotgun_TMT1_TiO2_Fr7.raw	Technical	comment[precursor mass tolerance]		0.01 Da		0.01 da	gold_only	unmatched	0.000000
PXD011799	20170424_Lumos_RSLC3_Maurer_Hartl_UW_MFPL_shotgun_TMT1_TiO2_Fr7.raw	Technical	comment[proteomics data acquisition method]	NT=data-dependent acquisition;AC=PRIDE:0000627		cv:pride:0000627		assessed_only	unmatched	0.000000
PXD011799	20170424_Lumos_RSLC3_Maurer_Hartl_UW_MFPL_shotgun_TMT1_TiO2_Fr7.raw	Technical	comment[reduction reagent]	dithiothreitol		dithiothreitol		assessed_only	unmatched	0.000000
PXD011799	20170424_Lumos_RSLC3_Maurer_Hartl_UW_MFPL_shotgun_TMT1_TiO2_Fr7.raw	Technical	technology type	proteomic profiling by mass spectrometry		proteomic profiling by mass spectrometry		assessed_only	unmatched	0.000000
PXD011799	20170424_Lumos_RSLC3_Maurer_Hartl_UW_MFPL_shotgun_TMT1_TiO2_Fr7.raw	ExperimentalDesign	characteristics[biological replicate]	8		8		assessed_only	unmatched	0.000000
PXD011799	20170424_Lumos_RSLC3_Maurer_Hartl_UW_MFPL_shotgun_TMT1_TiO2_Fr7.raw	ExperimentalDesign	comment[fraction identifier]	12		12		assessed_only	unmatched	0.000000
PXD011799	20170424_Lumos_RSLC3_Maurer_Hartl_UW_MFPL_shotgun_TMT1_TiO2_Fr7.raw	ExperimentalDesign	comment[fraction identifier]		7		7	gold_only	unmatched	0.000000
PXD011799	20170424_Lumos_RSLC3_Maurer_Hartl_UW_MFPL_shotgun_TMT1_TiO2_Fr7.raw	ExperimentalDesign	comment[technical replicate]	1	1	1	1	matched	exact_normalized	1.000000
PXD011799	20170424_Lumos_RSLC3_Maurer_Hartl_UW_MFPL_shotgun_TMT1_TiO2_Fr7.raw	ExperimentalDesign	factor value[disease]	metastatic melanoma		metastatic melanoma		assessed_only	unmatched	0.000000
PXD011799	20170424_Lumos_RSLC3_Maurer_Hartl_UW_MFPL_shotgun_TMT1_TiO2_Fr7.raw	ExperimentalDesign	factor value[experimental design]	cell type (PBMCB, TAB), treatment (MCM, control)		cell type pbmcb tab treatment mcm control		assessed_only	unmatched	0.000000
PXD011799	20170424_Lumos_RSLC3_Maurer_Hartl_UW_MFPL_shotgun_TMT1_TiO2_Fr8.raw	Biological	characteristics[cell type]	B cells		b cells		assessed_only	unmatched	0.000000
PXD011799	20170424_Lumos_RSLC3_Maurer_Hartl_UW_MFPL_shotgun_TMT1_TiO2_Fr8.raw	Biological	characteristics[disease]	metastatic melanoma		metastatic melanoma		assessed_only	unmatched	0.000000
PXD011799	20170424_Lumos_RSLC3_Maurer_Hartl_UW_MFPL_shotgun_TMT1_TiO2_Fr8.raw	Biological	characteristics[disease]		melanoma		melanoma	gold_only	unmatched	0.000000
PXD011799	20170424_Lumos_RSLC3_Maurer_Hartl_UW_MFPL_shotgun_TMT1_TiO2_Fr8.raw	Biological	characteristics[organism part]	blood, melanoma		blood melanoma		assessed_only	unmatched	0.000000
PXD011799	20170424_Lumos_RSLC3_Maurer_Hartl_UW_MFPL_shotgun_TMT1_TiO2_Fr8.raw	Biological	characteristics[organism part]		B cells		b cells	gold_only	unmatched	0.000000
PXD011799	20170424_Lumos_RSLC3_Maurer_Hartl_UW_MFPL_shotgun_TMT1_TiO2_Fr8.raw	Biological	characteristics[organism]	Homo sapiens	Homo sapiens	homo sapiens	homo sapiens	matched	exact_normalized	1.000000
PXD011799	20170424_Lumos_RSLC3_Maurer_Hartl_UW_MFPL_shotgun_TMT1_TiO2_Fr8.raw	Technical	comment[alkylation reagent]	iodoacetamide		iodoacetamide		assessed_only	unmatched	0.000000
PXD011799	20170424_Lumos_RSLC3_Maurer_Hartl_UW_MFPL_shotgun_TMT1_TiO2_Fr8.raw	Technical	comment[cleavage agent details]	NT=Trypsin;AC=MS:1001251	NT=Trypsin;AC=MS:1001251	cv:ms:1001251	cv:ms:1001251	matched	cv_accession	1.000000
PXD011799	20170424_Lumos_RSLC3_Maurer_Hartl_UW_MFPL_shotgun_TMT1_TiO2_Fr8.raw	Technical	comment[dissociation method]	NT=beam-type collision-induced dissociation;AC=MS:1000422		cv:ms:1000422		assessed_only	unmatched	0.000000
PXD011799	20170424_Lumos_RSLC3_Maurer_Hartl_UW_MFPL_shotgun_TMT1_TiO2_Fr8.raw	Technical	comment[fragment mass tolerance]	0.01 Da		0.01 da		assessed_only	unmatched	0.000000
PXD011799	20170424_Lumos_RSLC3_Maurer_Hartl_UW_MFPL_shotgun_TMT1_TiO2_Fr8.raw	Technical	comment[fragment mass tolerance]		10 ppm		10 ppm	gold_only	unmatched	0.000000
PXD011799	20170424_Lumos_RSLC3_Maurer_Hartl_UW_MFPL_shotgun_TMT1_TiO2_Fr8.raw	Technical	comment[instrument]	NT=Orbitrap Fusion Lumos;AC=MS:1002732	NT=Orbitrap Fusion Lumos	cv:ms:1002732	nt orbitrap fusion lumos	matched	fuzzy	0.933333
PXD011799	20170424_Lumos_RSLC3_Maurer_Hartl_UW_MFPL_shotgun_TMT1_TiO2_Fr8.raw	Technical	comment[label]	TMT131	TMT131	tmt131	tmt131	matched	exact_normalized	1.000000
PXD011799	20170424_Lumos_RSLC3_Maurer_Hartl_UW_MFPL_shotgun_TMT1_TiO2_Fr8.raw	Technical	comment[label]	TMT130C	TMT130C	tmt130c	tmt130c	matched	exact_normalized	1.000000
PXD011799	20170424_Lumos_RSLC3_Maurer_Hartl_UW_MFPL_shotgun_TMT1_TiO2_Fr8.raw	Technical	comment[label]	TMT130N	TMT130N	tmt130n	tmt130n	matched	exact_normalized	1.000000
PXD011799	20170424_Lumos_RSLC3_Maurer_Hartl_UW_MFPL_shotgun_TMT1_TiO2_Fr8.raw	Technical	comment[label]	TMT129C	TMT129C	tmt129c	tmt129c	matched	exact_normalized	1.000000
PXD011799	20170424_Lumos_RSLC3_Maurer_Hartl_UW_MFPL_shotgun_TMT1_TiO2_Fr8.raw	Technical	comment[label]	TMT129N	TMT129N	tmt129n	tmt129n	matched	exact_normalized	1.000000
PXD011799	20170424_Lumos_RSLC3_Maurer_Hartl_UW_MFPL_shotgun_TMT1_TiO2_Fr8.raw	Technical	comment[label]	TMT128C	TMT128C	tmt128c	tmt128c	matched	exact_normalized	1.000000
PXD011799	20170424_Lumos_RSLC3_Maurer_Hartl_UW_MFPL_shotgun_TMT1_TiO2_Fr8.raw	Technical	comment[label]	TMT128N	TMT128N	tmt128n	tmt128n	matched	exact_normalized	1.000000
PXD011799	20170424_Lumos_RSLC3_Maurer_Hartl_UW_MFPL_shotgun_TMT1_TiO2_Fr8.raw	Technical	comment[label]	TMT127C	TMT127C	tmt127c	tmt127c	matched	exact_normalized	1.000000
PXD011799	20170424_Lumos_RSLC3_Maurer_Hartl_UW_MFPL_shotgun_TMT1_TiO2_Fr8.raw	Technical	comment[label]	TMT127N	TMT127N	tmt127n	tmt127n	matched	exact_normalized	1.000000
PXD011799	20170424_Lumos_RSLC3_Maurer_Hartl_UW_MFPL_shotgun_TMT1_TiO2_Fr8.raw	Technical	comment[label]	TMT126	TMT126	tmt126	tmt126	matched	exact_normalized	1.000000
PXD011799	20170424_Lumos_RSLC3_Maurer_Hartl_UW_MFPL_shotgun_TMT1_TiO2_Fr8.raw	Technical	comment[modification parameters]	NT=Deamidation;AC=UNIMOD:7;MT=Variable;TA=NQ	NT=Deamidation;TA=N,Q;AC=UNIMOD:7;MT=variable	cv:unimod:7	cv:unimod:7	matched	cv_accession	1.000000
PXD011799	20170424_Lumos_RSLC3_Maurer_Hartl_UW_MFPL_shotgun_TMT1_TiO2_Fr8.raw	Technical	comment[modification parameters]	NT=Phospho;AC=UNIMOD:21;MT=Variable;TA=STY	NT=Phosphorylation;TA=S,T,Y;AC=UNIMOD:21;MT=variable	cv:unimod:21	cv:unimod:21	matched	cv_accession	1.000000
PXD011799	20170424_Lumos_RSLC3_Maurer_Hartl_UW_MFPL_shotgun_TMT1_TiO2_Fr8.raw	Technical	comment[modification parameters]	NT=Oxidation;AC=UNIMOD:35;MT=Variable;TA=M	NT=Oxidation;TA=M;AC=UNIMOD:35;MT=variable	cv:unimod:35	cv:unimod:35	matched	cv_accession	1.000000
PXD011799	20170424_Lumos_RSLC3_Maurer_Hartl_UW_MFPL_shotgun_TMT1_TiO2_Fr8.raw	Technical	comment[modification parameters]	NT=TMT6plex;AC=UNIMOD:730;MT=Fixed;TA=K	NT=TMT6plex;PP=Any N-term;AC=UNIMOD:737;MT=fixed	cv:unimod:730	cv:unimod:737	matched	exact_normalized	1.000000
PXD011799	20170424_Lumos_RSLC3_Maurer_Hartl_UW_MFPL_shotgun_TMT1_TiO2_Fr8.raw	Technical	comment[modification parameters]	NT=Carbamidomethyl;AC=UNIMOD:4;MT=Fixed;TA=C	NT=Carbamidomethyl;TA=C;AC=UNIMOD:4;MT=fixed	cv:unimod:4	cv:unimod:4	matched	cv_accession	1.000000
PXD011799	20170424_Lumos_RSLC3_Maurer_Hartl_UW_MFPL_shotgun_TMT1_TiO2_Fr8.raw	Technical	comment[ms2 mass analyzer]	orbitrap		orbitrap		assessed_only	unmatched	0.000000
PXD011799	20170424_Lumos_RSLC3_Maurer_Hartl_UW_MFPL_shotgun_TMT1_TiO2_Fr8.raw	Technical	comment[precursor mass tolerance]	10 ppm		10 ppm		assessed_only	unmatched	0.000000
PXD011799	20170424_Lumos_RSLC3_Maurer_Hartl_UW_MFPL_shotgun_TMT1_TiO2_Fr8.raw	Technical	comment[precursor mass tolerance]		0.01 Da		0.01 da	gold_only	unmatched	0.000000
PXD011799	20170424_Lumos_RSLC3_Maurer_Hartl_UW_MFPL_shotgun_TMT1_TiO2_Fr8.raw	Technical	comment[proteomics data acquisition method]	NT=data-dependent acquisition;AC=PRIDE:0000627		cv:pride:0000627		assessed_only	unmatched	0.000000
PXD011799	20170424_Lumos_RSLC3_Maurer_Hartl_UW_MFPL_shotgun_TMT1_TiO2_Fr8.raw	Technical	comment[reduction reagent]	dithiothreitol		dithiothreitol		assessed_only	unmatched	0.000000
PXD011799	20170424_Lumos_RSLC3_Maurer_Hartl_UW_MFPL_shotgun_TMT1_TiO2_Fr8.raw	Technical	technology type	proteomic profiling by mass spectrometry		proteomic profiling by mass spectrometry		assessed_only	unmatched	0.000000
PXD011799	20170424_Lumos_RSLC3_Maurer_Hartl_UW_MFPL_shotgun_TMT1_TiO2_Fr8.raw	ExperimentalDesign	characteristics[biological replicate]	8		8		assessed_only	unmatched	0.000000
PXD011799	20170424_Lumos_RSLC3_Maurer_Hartl_UW_MFPL_shotgun_TMT1_TiO2_Fr8.raw	ExperimentalDesign	comment[fraction identifier]	12		12		assessed_only	unmatched	0.000000
PXD011799	20170424_Lumos_RSLC3_Maurer_Hartl_UW_MFPL_shotgun_TMT1_TiO2_Fr8.raw	ExperimentalDesign	comment[fraction identifier]		8		8	gold_only	unmatched	0.000000
PXD011799	20170424_Lumos_RSLC3_Maurer_Hartl_UW_MFPL_shotgun_TMT1_TiO2_Fr8.raw	ExperimentalDesign	comment[technical replicate]	1	1	1	1	matched	exact_normalized	1.000000
PXD011799	20170424_Lumos_RSLC3_Maurer_Hartl_UW_MFPL_shotgun_TMT1_TiO2_Fr8.raw	ExperimentalDesign	factor value[disease]	metastatic melanoma		metastatic melanoma		assessed_only	unmatched	0.000000
PXD011799	20170424_Lumos_RSLC3_Maurer_Hartl_UW_MFPL_shotgun_TMT1_TiO2_Fr8.raw	ExperimentalDesign	factor value[experimental design]	cell type (PBMCB, TAB), treatment (MCM, control)		cell type pbmcb tab treatment mcm control		assessed_only	unmatched	0.000000
PXD011799	20170424_Lumos_RSLC3_Maurer_Hartl_UW_MFPL_shotgun_TMT1_TiO2_Fr9.raw	Biological	characteristics[cell type]	B cells		b cells		assessed_only	unmatched	0.000000
PXD011799	20170424_Lumos_RSLC3_Maurer_Hartl_UW_MFPL_shotgun_TMT1_TiO2_Fr9.raw	Biological	characteristics[disease]	metastatic melanoma		metastatic melanoma		assessed_only	unmatched	0.000000
PXD011799	20170424_Lumos_RSLC3_Maurer_Hartl_UW_MFPL_shotgun_TMT1_TiO2_Fr9.raw	Biological	characteristics[disease]		melanoma		melanoma	gold_only	unmatched	0.000000
PXD011799	20170424_Lumos_RSLC3_Maurer_Hartl_UW_MFPL_shotgun_TMT1_TiO2_Fr9.raw	Biological	characteristics[organism part]	blood, melanoma		blood melanoma		assessed_only	unmatched	0.000000
PXD011799	20170424_Lumos_RSLC3_Maurer_Hartl_UW_MFPL_shotgun_TMT1_TiO2_Fr9.raw	Biological	characteristics[organism part]		B cells		b cells	gold_only	unmatched	0.000000
PXD011799	20170424_Lumos_RSLC3_Maurer_Hartl_UW_MFPL_shotgun_TMT1_TiO2_Fr9.raw	Biological	characteristics[organism]	Homo sapiens	Homo sapiens	homo sapiens	homo sapiens	matched	exact_normalized	1.000000
PXD011799	20170424_Lumos_RSLC3_Maurer_Hartl_UW_MFPL_shotgun_TMT1_TiO2_Fr9.raw	Technical	comment[alkylation reagent]	iodoacetamide		iodoacetamide		assessed_only	unmatched	0.000000
PXD011799	20170424_Lumos_RSLC3_Maurer_Hartl_UW_MFPL_shotgun_TMT1_TiO2_Fr9.raw	Technical	comment[cleavage agent details]	NT=Trypsin;AC=MS:1001251	NT=Trypsin;AC=MS:1001251	cv:ms:1001251	cv:ms:1001251	matched	cv_accession	1.000000
PXD011799	20170424_Lumos_RSLC3_Maurer_Hartl_UW_MFPL_shotgun_TMT1_TiO2_Fr9.raw	Technical	comment[dissociation method]	NT=beam-type collision-induced dissociation;AC=MS:1000422		cv:ms:1000422		assessed_only	unmatched	0.000000
PXD011799	20170424_Lumos_RSLC3_Maurer_Hartl_UW_MFPL_shotgun_TMT1_TiO2_Fr9.raw	Technical	comment[fragment mass tolerance]	0.01 Da		0.01 da		assessed_only	unmatched	0.000000
PXD011799	20170424_Lumos_RSLC3_Maurer_Hartl_UW_MFPL_shotgun_TMT1_TiO2_Fr9.raw	Technical	comment[fragment mass tolerance]		10 ppm		10 ppm	gold_only	unmatched	0.000000
PXD011799	20170424_Lumos_RSLC3_Maurer_Hartl_UW_MFPL_shotgun_TMT1_TiO2_Fr9.raw	Technical	comment[instrument]	NT=Orbitrap Fusion Lumos;AC=MS:1002732	NT=Orbitrap Fusion Lumos	cv:ms:1002732	nt orbitrap fusion lumos	matched	fuzzy	0.933333
PXD011799	20170424_Lumos_RSLC3_Maurer_Hartl_UW_MFPL_shotgun_TMT1_TiO2_Fr9.raw	Technical	comment[label]	TMT131	TMT131	tmt131	tmt131	matched	exact_normalized	1.000000
PXD011799	20170424_Lumos_RSLC3_Maurer_Hartl_UW_MFPL_shotgun_TMT1_TiO2_Fr9.raw	Technical	comment[label]	TMT130C	TMT130C	tmt130c	tmt130c	matched	exact_normalized	1.000000
PXD011799	20170424_Lumos_RSLC3_Maurer_Hartl_UW_MFPL_shotgun_TMT1_TiO2_Fr9.raw	Technical	comment[label]	TMT130N	TMT130N	tmt130n	tmt130n	matched	exact_normalized	1.000000
PXD011799	20170424_Lumos_RSLC3_Maurer_Hartl_UW_MFPL_shotgun_TMT1_TiO2_Fr9.raw	Technical	comment[label]	TMT129C	TMT129C	tmt129c	tmt129c	matched	exact_normalized	1.000000
PXD011799	20170424_Lumos_RSLC3_Maurer_Hartl_UW_MFPL_shotgun_TMT1_TiO2_Fr9.raw	Technical	comment[label]	TMT129N	TMT129N	tmt129n	tmt129n	matched	exact_normalized	1.000000
PXD011799	20170424_Lumos_RSLC3_Maurer_Hartl_UW_MFPL_shotgun_TMT1_TiO2_Fr9.raw	Technical	comment[label]	TMT128C	TMT128C	tmt128c	tmt128c	matched	exact_normalized	1.000000
PXD011799	20170424_Lumos_RSLC3_Maurer_Hartl_UW_MFPL_shotgun_TMT1_TiO2_Fr9.raw	Technical	comment[label]	TMT128N	TMT128N	tmt128n	tmt128n	matched	exact_normalized	1.000000
PXD011799	20170424_Lumos_RSLC3_Maurer_Hartl_UW_MFPL_shotgun_TMT1_TiO2_Fr9.raw	Technical	comment[label]	TMT127C	TMT127C	tmt127c	tmt127c	matched	exact_normalized	1.000000
PXD011799	20170424_Lumos_RSLC3_Maurer_Hartl_UW_MFPL_shotgun_TMT1_TiO2_Fr9.raw	Technical	comment[label]	TMT127N	TMT127N	tmt127n	tmt127n	matched	exact_normalized	1.000000
PXD011799	20170424_Lumos_RSLC3_Maurer_Hartl_UW_MFPL_shotgun_TMT1_TiO2_Fr9.raw	Technical	comment[label]	TMT126	TMT126	tmt126	tmt126	matched	exact_normalized	1.000000
PXD011799	20170424_Lumos_RSLC3_Maurer_Hartl_UW_MFPL_shotgun_TMT1_TiO2_Fr9.raw	Technical	comment[modification parameters]	NT=Deamidation;AC=UNIMOD:7;MT=Variable;TA=NQ	NT=Deamidation;TA=N,Q;AC=UNIMOD:7;MT=variable	cv:unimod:7	cv:unimod:7	matched	cv_accession	1.000000
PXD011799	20170424_Lumos_RSLC3_Maurer_Hartl_UW_MFPL_shotgun_TMT1_TiO2_Fr9.raw	Technical	comment[modification parameters]	NT=Phospho;AC=UNIMOD:21;MT=Variable;TA=STY	NT=Phosphorylation;TA=S,T,Y;AC=UNIMOD:21;MT=variable	cv:unimod:21	cv:unimod:21	matched	cv_accession	1.000000
PXD011799	20170424_Lumos_RSLC3_Maurer_Hartl_UW_MFPL_shotgun_TMT1_TiO2_Fr9.raw	Technical	comment[modification parameters]	NT=Oxidation;AC=UNIMOD:35;MT=Variable;TA=M	NT=Oxidation;TA=M;AC=UNIMOD:35;MT=variable	cv:unimod:35	cv:unimod:35	matched	cv_accession	1.000000
PXD011799	20170424_Lumos_RSLC3_Maurer_Hartl_UW_MFPL_shotgun_TMT1_TiO2_Fr9.raw	Technical	comment[modification parameters]	NT=TMT6plex;AC=UNIMOD:730;MT=Fixed;TA=K	NT=TMT6plex;PP=Any N-term;AC=UNIMOD:737;MT=fixed	cv:unimod:730	cv:unimod:737	matched	exact_normalized	1.000000
PXD011799	20170424_Lumos_RSLC3_Maurer_Hartl_UW_MFPL_shotgun_TMT1_TiO2_Fr9.raw	Technical	comment[modification parameters]	NT=Carbamidomethyl;AC=UNIMOD:4;MT=Fixed;TA=C	NT=Carbamidomethyl;TA=C;AC=UNIMOD:4;MT=fixed	cv:unimod:4	cv:unimod:4	matched	cv_accession	1.000000
PXD011799	20170424_Lumos_RSLC3_Maurer_Hartl_UW_MFPL_shotgun_TMT1_TiO2_Fr9.raw	Technical	comment[ms2 mass analyzer]	orbitrap		orbitrap		assessed_only	unmatched	0.000000
PXD011799	20170424_Lumos_RSLC3_Maurer_Hartl_UW_MFPL_shotgun_TMT1_TiO2_Fr9.raw	Technical	comment[precursor mass tolerance]	10 ppm		10 ppm		assessed_only	unmatched	0.000000
PXD011799	20170424_Lumos_RSLC3_Maurer_Hartl_UW_MFPL_shotgun_TMT1_TiO2_Fr9.raw	Technical	comment[precursor mass tolerance]		0.01 Da		0.01 da	gold_only	unmatched	0.000000
PXD011799	20170424_Lumos_RSLC3_Maurer_Hartl_UW_MFPL_shotgun_TMT1_TiO2_Fr9.raw	Technical	comment[proteomics data acquisition method]	NT=data-dependent acquisition;AC=PRIDE:0000627		cv:pride:0000627		assessed_only	unmatched	0.000000
PXD011799	20170424_Lumos_RSLC3_Maurer_Hartl_UW_MFPL_shotgun_TMT1_TiO2_Fr9.raw	Technical	comment[reduction reagent]	dithiothreitol		dithiothreitol		assessed_only	unmatched	0.000000
PXD011799	20170424_Lumos_RSLC3_Maurer_Hartl_UW_MFPL_shotgun_TMT1_TiO2_Fr9.raw	Technical	technology type	proteomic profiling by mass spectrometry		proteomic profiling by mass spectrometry		assessed_only	unmatched	0.000000
PXD011799	20170424_Lumos_RSLC3_Maurer_Hartl_UW_MFPL_shotgun_TMT1_TiO2_Fr9.raw	ExperimentalDesign	characteristics[biological replicate]	8		8		assessed_only	unmatched	0.000000
PXD011799	20170424_Lumos_RSLC3_Maurer_Hartl_UW_MFPL_shotgun_TMT1_TiO2_Fr9.raw	ExperimentalDesign	comment[fraction identifier]	12		12		assessed_only	unmatched	0.000000
PXD011799	20170424_Lumos_RSLC3_Maurer_Hartl_UW_MFPL_shotgun_TMT1_TiO2_Fr9.raw	ExperimentalDesign	comment[fraction identifier]		9		9	gold_only	unmatched	0.000000
PXD011799	20170424_Lumos_RSLC3_Maurer_Hartl_UW_MFPL_shotgun_TMT1_TiO2_Fr9.raw	ExperimentalDesign	comment[technical replicate]	1	1	1	1	matched	exact_normalized	1.000000
PXD011799	20170424_Lumos_RSLC3_Maurer_Hartl_UW_MFPL_shotgun_TMT1_TiO2_Fr9.raw	ExperimentalDesign	factor value[disease]	metastatic melanoma		metastatic melanoma		assessed_only	unmatched	0.000000
PXD011799	20170424_Lumos_RSLC3_Maurer_Hartl_UW_MFPL_shotgun_TMT1_TiO2_Fr9.raw	ExperimentalDesign	factor value[experimental design]	cell type (PBMCB, TAB), treatment (MCM, control)		cell type pbmcb tab treatment mcm control		assessed_only	unmatched	0.000000
