sdrf row	source name	logical field	sdrf header	selected value	selected source	evidence	agent status	agent confidence	judge verdict	judge hallucination	judge type mismatch	judge corrected value	resolution rule	assessment state	source records
1	PXD041681-Sample-1	source_name	source name	PXD041681-Sample-1	derived								legacy_derivation	derived	[]
1	PXD041681-Sample-1	organism	characteristics[organism]	Homo sapiens	biological_agent	Platelets, the smallest cells in human blood, known for their role in primary hemostasis, are also able to interact with pathogens and play a crucial role in the immune response.	LLM_ONLY	0.5	high	False	False		source_precedence:biological_agent	derived	"[{""cv_accession"": null, ""cv_name"": null, ""metadata"": {""source_field"": ""species""}, ""scope"": ""sample"", ""source"": ""biological_agent"", ""value"": ""Homo sapiens""}]"
1	PXD041681-Sample-1	organism_part	characteristics[organism part]	blood	biological_agent	Platelets, the smallest cells in human blood, known for their role in primary hemostasis, are also able to interact with pathogens and play a crucial role in the immune response.	LLM_ONLY	0.5	high	False	False		source_precedence:biological_agent	derived	"[{""cv_accession"": null, ""cv_name"": null, ""metadata"": {""source_field"": ""tissue""}, ""scope"": ""sample"", ""source"": ""biological_agent"", ""value"": ""blood""}]"
1	PXD041681-Sample-1	disease	characteristics[disease]	covid-19, healthy	biological_agent	A comparative proteome analysis of highly purified platelets from critically diseased COVID-19 patients with different outcomes (survivors and non-survivors) and age- and sex-matched controls was performed.	LLM_ONLY	0.5	medium	False	False	COVID-19, healthy	source_precedence:biological_agent	derived	"[{""cv_accession"": null, ""cv_name"": null, ""metadata"": {""source_field"": ""disease_state""}, ""scope"": ""sample"", ""source"": ""biological_agent"", ""value"": ""COVID-19""}]"
1	PXD041681-Sample-1	cell_type	characteristics[cell type]	platelets	biological_agent	A comparative proteome analysis of highly purified platelets from critically diseased COVID-19 patients with different outcomes (survivors and non-survivors) and age- and sex-matched controls was performed.	LLM_ONLY	0.5	high	False	False		source_precedence:biological_agent	derived	"[{""cv_accession"": null, ""cv_name"": null, ""metadata"": {""source_field"": ""cell_type""}, ""scope"": ""sample"", ""source"": ""biological_agent"", ""value"": ""platelets""}]"
1	PXD041681-Sample-1	sex	characteristics[sex]	male	biological_agent	The patients all happened to be male.	LLM_ONLY	0.5	high	False	False		source_precedence:biological_agent	derived	"[{""cv_accession"": null, ""cv_name"": null, ""metadata"": {""source_field"": ""sex""}, ""scope"": ""sample"", ""source"": ""biological_agent"", ""value"": ""male""}]"
1	PXD041681-Sample-1	age	characteristics[age]	$\ge$18 years	biological_agent	Patients with a critical COVID-19 course, as well as healthy controls ($\ge$18 years of age), were enrolled in this study between 6 November 2020 and 22 February 2021.	LLM_ONLY	0.5	high	False	False		source_precedence:biological_agent	derived	"[{""cv_accession"": null, ""cv_name"": null, ""metadata"": {""source_field"": ""age""}, ""scope"": ""sample"", ""source"": ""biological_agent"", ""value"": ""$\\ge$18 years""}]"
1	PXD041681-Sample-1	assay_name	assay name	run 1	derived								legacy_derivation	derived	[]
1	PXD041681-Sample-1	technology_type	technology type	proteomic profiling by mass spectrometry	derived								legacy_derivation	derived	[]
1	PXD041681-Sample-1	acquisition	comment[proteomics data acquisition method]	NT=data-dependent acquisition;AC=PRIDE:0000627	runassessor								source_precedence:runassessor	derived	"[{""cv_accession"": null, ""cv_name"": null, ""metadata"": {""source_path"": ""runAssessor.files.PXD041681/FLI13829.mzML.spectra_stats.acquisition_type""}, ""scope"": ""assay"", ""source"": ""runassessor"", ""value"": ""DDA""}]"
1	PXD041681-Sample-1	label	comment[label]	label free sample	technical_agent				high	False	False		source_precedence:technical_agent	derived	"[{""cv_accession"": null, ""cv_name"": null, ""metadata"": {}, ""scope"": ""study"", ""source"": ""technical_agent"", ""value"": ""label-free""}]"
1	PXD041681-Sample-1	instrument	comment[instrument]	NT=Orbitrap Fusion Lumos;AC=MS:1002732	runassessor				high	False	False		source_precedence:runassessor	derived	"[{""cv_accession"": ""MS:1002732"", ""cv_name"": ""Orbitrap Fusion Lumos"", ""metadata"": {""source_path"": ""runAssessor.files.PXD041681/FLI13829.mzML.instrument_model.name""}, ""scope"": ""assay"", ""source"": ""runassessor"", ""value"": ""Orbitrap Fusion Lumos""}, {""cv_accession"": null, ""cv_name"": null, ""metadata"": {}, ""scope"": ""study"", ""source"": ""technical_agent"", ""value"": ""Orbitrap Fusion Lumos""}]"
1	PXD041681-Sample-1	cleavage_agent	comment[cleavage agent details]	NT=Trypsin;AC=MS:1001251	derived								legacy_derivation	derived	[]
1	PXD041681-Sample-1	dissociation	comment[dissociation method]	NT=beam-type collision-induced dissociation;AC=MS:1000422	runassessor								source_precedence:runassessor	derived	"[{""cv_accession"": null, ""cv_name"": null, ""metadata"": {""source_path"": ""runAssessor.files.PXD041681/FLI13829.mzML.spectra_stats.fragmentation_type""}, ""scope"": ""assay"", ""source"": ""runassessor"", ""value"": ""HR_HCD""}]"
1	PXD041681-Sample-1	factor_value	factor value[experimental design]	patient group (ICU, NW, healthy controls)	experimental_design_agent	unfavorable clinical outcome HPPs from 19 ICU patients, 5 NW patients, and 16 healthy controls (Figure 1a) were studied	LLM_ONLY	0.5	high	False	False		source_precedence:experimental_design_agent	derived	"[{""cv_accession"": null, ""cv_name"": null, ""metadata"": {""source_field"": ""factor_value""}, ""scope"": ""study"", ""source"": ""experimental_design_agent"", ""value"": ""patient group (ICU, NW, healthy controls)""}]"
1	PXD041681-Sample-1	modification	comment[modification parameters]	NT=monohydroxylated residue;AC=MOD:00425;MT=?	pride	monohydroxylated residue							normalized_source_union	derived	"[{""fraction_modified"": null, ""raw_stem"": null, ""scope"": ""study"", ""source"": ""pride"", ""source_path"": ""pride_metadata.project.identifiedPTMStrings[0]"", ""source_value"": ""monohydroxylated residue""}]"
1	PXD041681-Sample-1	modification	comment[modification parameters]	NT=iodoacetamide derivatized residue;AC=MOD:00397;MT=?	pride	iodoacetamide derivatized residue							normalized_source_union	derived	"[{""fraction_modified"": null, ""raw_stem"": null, ""scope"": ""study"", ""source"": ""pride"", ""source_path"": ""pride_metadata.project.identifiedPTMStrings[1]"", ""source_value"": ""iodoacetamide derivatized residue""}]"
1	PXD041681-Sample-1	reduction_reagent	comment[reduction reagent]	dithiothreitol	derived								legacy_derivation	derived	[]
1	PXD041681-Sample-1	alkylation_reagent	comment[alkylation reagent]	iodoacetamide	derived								legacy_derivation	derived	[]
1	PXD041681-Sample-1	ms2_analyzer	comment[ms2 mass analyzer]	Orbitrap	technical_agent								source_precedence:technical_agent	derived	"[{""cv_accession"": null, ""cv_name"": null, ""metadata"": {}, ""scope"": ""study"", ""source"": ""technical_agent"", ""value"": ""Orbitrap""}]"
1	PXD041681-Sample-1	collision_energy	comment[collision energy]	28% NCE	derived								legacy_derivation	derived	[]
1	PXD041681-Sample-1	data_file	comment[data file]	FLI13829.raw	derived								legacy_derivation	derived	[]
1	PXD041681-Sample-1	sdrf_version	comment[sdrf version]	v1.1.0	derived								legacy_derivation	derived	[]
1	PXD041681-Sample-1	annotation_tool	comment[sdrf annotation tool]	HAMLET-agentic v2.2.5	derived								legacy_derivation	derived	[]
1	PXD041681-Sample-1	factor_disease	factor value[disease]	covid-19, healthy	derived								legacy_derivation	derived	[]
2	PXD041681-Sample-2	source_name	source name	PXD041681-Sample-2	derived								legacy_derivation	derived	[]
2	PXD041681-Sample-2	organism	characteristics[organism]	Homo sapiens	biological_agent	Platelets, the smallest cells in human blood, known for their role in primary hemostasis, are also able to interact with pathogens and play a crucial role in the immune response.	LLM_ONLY	0.5	high	False	False		source_precedence:biological_agent	derived	"[{""cv_accession"": null, ""cv_name"": null, ""metadata"": {""source_field"": ""species""}, ""scope"": ""sample"", ""source"": ""biological_agent"", ""value"": ""Homo sapiens""}]"
2	PXD041681-Sample-2	organism_part	characteristics[organism part]	blood	biological_agent	Platelets, the smallest cells in human blood, known for their role in primary hemostasis, are also able to interact with pathogens and play a crucial role in the immune response.	LLM_ONLY	0.5	high	False	False		source_precedence:biological_agent	derived	"[{""cv_accession"": null, ""cv_name"": null, ""metadata"": {""source_field"": ""tissue""}, ""scope"": ""sample"", ""source"": ""biological_agent"", ""value"": ""blood""}]"
2	PXD041681-Sample-2	disease	characteristics[disease]	covid-19, healthy	biological_agent	A comparative proteome analysis of highly purified platelets from critically diseased COVID-19 patients with different outcomes (survivors and non-survivors) and age- and sex-matched controls was performed.	LLM_ONLY	0.5	medium	False	False	COVID-19, healthy	source_precedence:biological_agent	derived	"[{""cv_accession"": null, ""cv_name"": null, ""metadata"": {""source_field"": ""disease_state""}, ""scope"": ""sample"", ""source"": ""biological_agent"", ""value"": ""COVID-19""}]"
2	PXD041681-Sample-2	cell_type	characteristics[cell type]	platelets	biological_agent	A comparative proteome analysis of highly purified platelets from critically diseased COVID-19 patients with different outcomes (survivors and non-survivors) and age- and sex-matched controls was performed.	LLM_ONLY	0.5	high	False	False		source_precedence:biological_agent	derived	"[{""cv_accession"": null, ""cv_name"": null, ""metadata"": {""source_field"": ""cell_type""}, ""scope"": ""sample"", ""source"": ""biological_agent"", ""value"": ""platelets""}]"
2	PXD041681-Sample-2	sex	characteristics[sex]	male	biological_agent	The patients all happened to be male.	LLM_ONLY	0.5	high	False	False		source_precedence:biological_agent	derived	"[{""cv_accession"": null, ""cv_name"": null, ""metadata"": {""source_field"": ""sex""}, ""scope"": ""sample"", ""source"": ""biological_agent"", ""value"": ""male""}]"
2	PXD041681-Sample-2	age	characteristics[age]	$\ge$18 years	biological_agent	Patients with a critical COVID-19 course, as well as healthy controls ($\ge$18 years of age), were enrolled in this study between 6 November 2020 and 22 February 2021.	LLM_ONLY	0.5	high	False	False		source_precedence:biological_agent	derived	"[{""cv_accession"": null, ""cv_name"": null, ""metadata"": {""source_field"": ""age""}, ""scope"": ""sample"", ""source"": ""biological_agent"", ""value"": ""$\\ge$18 years""}]"
2	PXD041681-Sample-2	assay_name	assay name	run 2	derived								legacy_derivation	derived	[]
2	PXD041681-Sample-2	technology_type	technology type	proteomic profiling by mass spectrometry	derived								legacy_derivation	derived	[]
2	PXD041681-Sample-2	acquisition	comment[proteomics data acquisition method]	NT=data-dependent acquisition;AC=PRIDE:0000627	runassessor								source_precedence:runassessor	derived	"[{""cv_accession"": null, ""cv_name"": null, ""metadata"": {""source_path"": ""runAssessor.files.PXD041681/FLI13795.mzML.spectra_stats.acquisition_type""}, ""scope"": ""assay"", ""source"": ""runassessor"", ""value"": ""DDA""}]"
2	PXD041681-Sample-2	label	comment[label]	label free sample	technical_agent				high	False	False		source_precedence:technical_agent	derived	"[{""cv_accession"": null, ""cv_name"": null, ""metadata"": {}, ""scope"": ""study"", ""source"": ""technical_agent"", ""value"": ""label-free""}]"
2	PXD041681-Sample-2	instrument	comment[instrument]	NT=Orbitrap Fusion Lumos;AC=MS:1002732	runassessor				high	False	False		source_precedence:runassessor	derived	"[{""cv_accession"": ""MS:1002732"", ""cv_name"": ""Orbitrap Fusion Lumos"", ""metadata"": {""source_path"": ""runAssessor.files.PXD041681/FLI13795.mzML.instrument_model.name""}, ""scope"": ""assay"", ""source"": ""runassessor"", ""value"": ""Orbitrap Fusion Lumos""}, {""cv_accession"": null, ""cv_name"": null, ""metadata"": {}, ""scope"": ""study"", ""source"": ""technical_agent"", ""value"": ""Orbitrap Fusion Lumos""}]"
2	PXD041681-Sample-2	cleavage_agent	comment[cleavage agent details]	NT=Trypsin;AC=MS:1001251	derived								legacy_derivation	derived	[]
2	PXD041681-Sample-2	dissociation	comment[dissociation method]	NT=beam-type collision-induced dissociation;AC=MS:1000422	runassessor								source_precedence:runassessor	derived	"[{""cv_accession"": null, ""cv_name"": null, ""metadata"": {""source_path"": ""runAssessor.files.PXD041681/FLI13795.mzML.spectra_stats.fragmentation_type""}, ""scope"": ""assay"", ""source"": ""runassessor"", ""value"": ""HR_HCD""}]"
2	PXD041681-Sample-2	factor_value	factor value[experimental design]	patient group (ICU, NW, healthy controls)	experimental_design_agent	unfavorable clinical outcome HPPs from 19 ICU patients, 5 NW patients, and 16 healthy controls (Figure 1a) were studied	LLM_ONLY	0.5	high	False	False		source_precedence:experimental_design_agent	derived	"[{""cv_accession"": null, ""cv_name"": null, ""metadata"": {""source_field"": ""factor_value""}, ""scope"": ""study"", ""source"": ""experimental_design_agent"", ""value"": ""patient group (ICU, NW, healthy controls)""}]"
2	PXD041681-Sample-2	modification	comment[modification parameters]	NT=monohydroxylated residue;AC=MOD:00425;MT=?	pride	monohydroxylated residue							normalized_source_union	derived	"[{""fraction_modified"": null, ""raw_stem"": null, ""scope"": ""study"", ""source"": ""pride"", ""source_path"": ""pride_metadata.project.identifiedPTMStrings[0]"", ""source_value"": ""monohydroxylated residue""}]"
2	PXD041681-Sample-2	modification	comment[modification parameters]	NT=iodoacetamide derivatized residue;AC=MOD:00397;MT=?	pride	iodoacetamide derivatized residue							normalized_source_union	derived	"[{""fraction_modified"": null, ""raw_stem"": null, ""scope"": ""study"", ""source"": ""pride"", ""source_path"": ""pride_metadata.project.identifiedPTMStrings[1]"", ""source_value"": ""iodoacetamide derivatized residue""}]"
2	PXD041681-Sample-2	reduction_reagent	comment[reduction reagent]	dithiothreitol	derived								legacy_derivation	derived	[]
2	PXD041681-Sample-2	alkylation_reagent	comment[alkylation reagent]	iodoacetamide	derived								legacy_derivation	derived	[]
2	PXD041681-Sample-2	ms2_analyzer	comment[ms2 mass analyzer]	Orbitrap	technical_agent								source_precedence:technical_agent	derived	"[{""cv_accession"": null, ""cv_name"": null, ""metadata"": {}, ""scope"": ""study"", ""source"": ""technical_agent"", ""value"": ""Orbitrap""}]"
2	PXD041681-Sample-2	collision_energy	comment[collision energy]	28% NCE	derived								legacy_derivation	derived	[]
2	PXD041681-Sample-2	data_file	comment[data file]	FLI13795.raw	derived								legacy_derivation	derived	[]
2	PXD041681-Sample-2	sdrf_version	comment[sdrf version]	v1.1.0	derived								legacy_derivation	derived	[]
2	PXD041681-Sample-2	annotation_tool	comment[sdrf annotation tool]	HAMLET-agentic v2.2.5	derived								legacy_derivation	derived	[]
2	PXD041681-Sample-2	factor_disease	factor value[disease]	covid-19, healthy	derived								legacy_derivation	derived	[]
3	PXD041681-Sample-3	source_name	source name	PXD041681-Sample-3	derived								legacy_derivation	derived	[]
3	PXD041681-Sample-3	organism	characteristics[organism]	Homo sapiens	biological_agent	Platelets, the smallest cells in human blood, known for their role in primary hemostasis, are also able to interact with pathogens and play a crucial role in the immune response.	LLM_ONLY	0.5	high	False	False		source_precedence:biological_agent	derived	"[{""cv_accession"": null, ""cv_name"": null, ""metadata"": {""source_field"": ""species""}, ""scope"": ""sample"", ""source"": ""biological_agent"", ""value"": ""Homo sapiens""}]"
3	PXD041681-Sample-3	organism_part	characteristics[organism part]	blood	biological_agent	Platelets, the smallest cells in human blood, known for their role in primary hemostasis, are also able to interact with pathogens and play a crucial role in the immune response.	LLM_ONLY	0.5	high	False	False		source_precedence:biological_agent	derived	"[{""cv_accession"": null, ""cv_name"": null, ""metadata"": {""source_field"": ""tissue""}, ""scope"": ""sample"", ""source"": ""biological_agent"", ""value"": ""blood""}]"
3	PXD041681-Sample-3	disease	characteristics[disease]	covid-19, healthy	biological_agent	A comparative proteome analysis of highly purified platelets from critically diseased COVID-19 patients with different outcomes (survivors and non-survivors) and age- and sex-matched controls was performed.	LLM_ONLY	0.5	medium	False	False	COVID-19, healthy	source_precedence:biological_agent	derived	"[{""cv_accession"": null, ""cv_name"": null, ""metadata"": {""source_field"": ""disease_state""}, ""scope"": ""sample"", ""source"": ""biological_agent"", ""value"": ""COVID-19""}]"
3	PXD041681-Sample-3	cell_type	characteristics[cell type]	platelets	biological_agent	A comparative proteome analysis of highly purified platelets from critically diseased COVID-19 patients with different outcomes (survivors and non-survivors) and age- and sex-matched controls was performed.	LLM_ONLY	0.5	high	False	False		source_precedence:biological_agent	derived	"[{""cv_accession"": null, ""cv_name"": null, ""metadata"": {""source_field"": ""cell_type""}, ""scope"": ""sample"", ""source"": ""biological_agent"", ""value"": ""platelets""}]"
3	PXD041681-Sample-3	sex	characteristics[sex]	male	biological_agent	The patients all happened to be male.	LLM_ONLY	0.5	high	False	False		source_precedence:biological_agent	derived	"[{""cv_accession"": null, ""cv_name"": null, ""metadata"": {""source_field"": ""sex""}, ""scope"": ""sample"", ""source"": ""biological_agent"", ""value"": ""male""}]"
3	PXD041681-Sample-3	age	characteristics[age]	$\ge$18 years	biological_agent	Patients with a critical COVID-19 course, as well as healthy controls ($\ge$18 years of age), were enrolled in this study between 6 November 2020 and 22 February 2021.	LLM_ONLY	0.5	high	False	False		source_precedence:biological_agent	derived	"[{""cv_accession"": null, ""cv_name"": null, ""metadata"": {""source_field"": ""age""}, ""scope"": ""sample"", ""source"": ""biological_agent"", ""value"": ""$\\ge$18 years""}]"
3	PXD041681-Sample-3	assay_name	assay name	run 3	derived								legacy_derivation	derived	[]
3	PXD041681-Sample-3	technology_type	technology type	proteomic profiling by mass spectrometry	derived								legacy_derivation	derived	[]
3	PXD041681-Sample-3	acquisition	comment[proteomics data acquisition method]	NT=data-dependent acquisition;AC=PRIDE:0000627	runassessor								source_precedence:runassessor	derived	"[{""cv_accession"": null, ""cv_name"": null, ""metadata"": {""source_path"": ""runAssessor.files.PXD041681/FLI13843.mzML.spectra_stats.acquisition_type""}, ""scope"": ""assay"", ""source"": ""runassessor"", ""value"": ""DDA""}]"
3	PXD041681-Sample-3	label	comment[label]	label free sample	technical_agent				high	False	False		source_precedence:technical_agent	derived	"[{""cv_accession"": null, ""cv_name"": null, ""metadata"": {}, ""scope"": ""study"", ""source"": ""technical_agent"", ""value"": ""label-free""}]"
3	PXD041681-Sample-3	instrument	comment[instrument]	NT=Orbitrap Fusion Lumos;AC=MS:1002732	runassessor				high	False	False		source_precedence:runassessor	derived	"[{""cv_accession"": ""MS:1002732"", ""cv_name"": ""Orbitrap Fusion Lumos"", ""metadata"": {""source_path"": ""runAssessor.files.PXD041681/FLI13843.mzML.instrument_model.name""}, ""scope"": ""assay"", ""source"": ""runassessor"", ""value"": ""Orbitrap Fusion Lumos""}, {""cv_accession"": null, ""cv_name"": null, ""metadata"": {}, ""scope"": ""study"", ""source"": ""technical_agent"", ""value"": ""Orbitrap Fusion Lumos""}]"
3	PXD041681-Sample-3	cleavage_agent	comment[cleavage agent details]	NT=Trypsin;AC=MS:1001251	derived								legacy_derivation	derived	[]
3	PXD041681-Sample-3	dissociation	comment[dissociation method]	NT=beam-type collision-induced dissociation;AC=MS:1000422	runassessor								source_precedence:runassessor	derived	"[{""cv_accession"": null, ""cv_name"": null, ""metadata"": {""source_path"": ""runAssessor.files.PXD041681/FLI13843.mzML.spectra_stats.fragmentation_type""}, ""scope"": ""assay"", ""source"": ""runassessor"", ""value"": ""HR_HCD""}]"
3	PXD041681-Sample-3	factor_value	factor value[experimental design]	patient group (ICU, NW, healthy controls)	experimental_design_agent	unfavorable clinical outcome HPPs from 19 ICU patients, 5 NW patients, and 16 healthy controls (Figure 1a) were studied	LLM_ONLY	0.5	high	False	False		source_precedence:experimental_design_agent	derived	"[{""cv_accession"": null, ""cv_name"": null, ""metadata"": {""source_field"": ""factor_value""}, ""scope"": ""study"", ""source"": ""experimental_design_agent"", ""value"": ""patient group (ICU, NW, healthy controls)""}]"
3	PXD041681-Sample-3	modification	comment[modification parameters]	NT=monohydroxylated residue;AC=MOD:00425;MT=?	pride	monohydroxylated residue							normalized_source_union	derived	"[{""fraction_modified"": null, ""raw_stem"": null, ""scope"": ""study"", ""source"": ""pride"", ""source_path"": ""pride_metadata.project.identifiedPTMStrings[0]"", ""source_value"": ""monohydroxylated residue""}]"
3	PXD041681-Sample-3	modification	comment[modification parameters]	NT=iodoacetamide derivatized residue;AC=MOD:00397;MT=?	pride	iodoacetamide derivatized residue							normalized_source_union	derived	"[{""fraction_modified"": null, ""raw_stem"": null, ""scope"": ""study"", ""source"": ""pride"", ""source_path"": ""pride_metadata.project.identifiedPTMStrings[1]"", ""source_value"": ""iodoacetamide derivatized residue""}]"
3	PXD041681-Sample-3	reduction_reagent	comment[reduction reagent]	dithiothreitol	derived								legacy_derivation	derived	[]
3	PXD041681-Sample-3	alkylation_reagent	comment[alkylation reagent]	iodoacetamide	derived								legacy_derivation	derived	[]
3	PXD041681-Sample-3	ms2_analyzer	comment[ms2 mass analyzer]	Orbitrap	technical_agent								source_precedence:technical_agent	derived	"[{""cv_accession"": null, ""cv_name"": null, ""metadata"": {}, ""scope"": ""study"", ""source"": ""technical_agent"", ""value"": ""Orbitrap""}]"
3	PXD041681-Sample-3	collision_energy	comment[collision energy]	28% NCE	derived								legacy_derivation	derived	[]
3	PXD041681-Sample-3	data_file	comment[data file]	FLI13843.raw	derived								legacy_derivation	derived	[]
3	PXD041681-Sample-3	sdrf_version	comment[sdrf version]	v1.1.0	derived								legacy_derivation	derived	[]
3	PXD041681-Sample-3	annotation_tool	comment[sdrf annotation tool]	HAMLET-agentic v2.2.5	derived								legacy_derivation	derived	[]
3	PXD041681-Sample-3	factor_disease	factor value[disease]	covid-19, healthy	derived								legacy_derivation	derived	[]
4	PXD041681-Sample-4	source_name	source name	PXD041681-Sample-4	derived								legacy_derivation	derived	[]
4	PXD041681-Sample-4	organism	characteristics[organism]	Homo sapiens	biological_agent	Platelets, the smallest cells in human blood, known for their role in primary hemostasis, are also able to interact with pathogens and play a crucial role in the immune response.	LLM_ONLY	0.5	high	False	False		source_precedence:biological_agent	derived	"[{""cv_accession"": null, ""cv_name"": null, ""metadata"": {""source_field"": ""species""}, ""scope"": ""sample"", ""source"": ""biological_agent"", ""value"": ""Homo sapiens""}]"
4	PXD041681-Sample-4	organism_part	characteristics[organism part]	blood	biological_agent	Platelets, the smallest cells in human blood, known for their role in primary hemostasis, are also able to interact with pathogens and play a crucial role in the immune response.	LLM_ONLY	0.5	high	False	False		source_precedence:biological_agent	derived	"[{""cv_accession"": null, ""cv_name"": null, ""metadata"": {""source_field"": ""tissue""}, ""scope"": ""sample"", ""source"": ""biological_agent"", ""value"": ""blood""}]"
4	PXD041681-Sample-4	disease	characteristics[disease]	covid-19, healthy	biological_agent	A comparative proteome analysis of highly purified platelets from critically diseased COVID-19 patients with different outcomes (survivors and non-survivors) and age- and sex-matched controls was performed.	LLM_ONLY	0.5	medium	False	False	COVID-19, healthy	source_precedence:biological_agent	derived	"[{""cv_accession"": null, ""cv_name"": null, ""metadata"": {""source_field"": ""disease_state""}, ""scope"": ""sample"", ""source"": ""biological_agent"", ""value"": ""COVID-19""}]"
4	PXD041681-Sample-4	cell_type	characteristics[cell type]	platelets	biological_agent	A comparative proteome analysis of highly purified platelets from critically diseased COVID-19 patients with different outcomes (survivors and non-survivors) and age- and sex-matched controls was performed.	LLM_ONLY	0.5	high	False	False		source_precedence:biological_agent	derived	"[{""cv_accession"": null, ""cv_name"": null, ""metadata"": {""source_field"": ""cell_type""}, ""scope"": ""sample"", ""source"": ""biological_agent"", ""value"": ""platelets""}]"
4	PXD041681-Sample-4	sex	characteristics[sex]	male	biological_agent	The patients all happened to be male.	LLM_ONLY	0.5	high	False	False		source_precedence:biological_agent	derived	"[{""cv_accession"": null, ""cv_name"": null, ""metadata"": {""source_field"": ""sex""}, ""scope"": ""sample"", ""source"": ""biological_agent"", ""value"": ""male""}]"
4	PXD041681-Sample-4	age	characteristics[age]	$\ge$18 years	biological_agent	Patients with a critical COVID-19 course, as well as healthy controls ($\ge$18 years of age), were enrolled in this study between 6 November 2020 and 22 February 2021.	LLM_ONLY	0.5	high	False	False		source_precedence:biological_agent	derived	"[{""cv_accession"": null, ""cv_name"": null, ""metadata"": {""source_field"": ""age""}, ""scope"": ""sample"", ""source"": ""biological_agent"", ""value"": ""$\\ge$18 years""}]"
4	PXD041681-Sample-4	assay_name	assay name	run 4	derived								legacy_derivation	derived	[]
4	PXD041681-Sample-4	technology_type	technology type	proteomic profiling by mass spectrometry	derived								legacy_derivation	derived	[]
4	PXD041681-Sample-4	acquisition	comment[proteomics data acquisition method]	NT=data-dependent acquisition;AC=PRIDE:0000627	runassessor								source_precedence:runassessor	derived	"[{""cv_accession"": null, ""cv_name"": null, ""metadata"": {""source_path"": ""runAssessor.files.PXD041681/FLI13801.mzML.spectra_stats.acquisition_type""}, ""scope"": ""assay"", ""source"": ""runassessor"", ""value"": ""DDA""}]"
4	PXD041681-Sample-4	label	comment[label]	label free sample	technical_agent				high	False	False		source_precedence:technical_agent	derived	"[{""cv_accession"": null, ""cv_name"": null, ""metadata"": {}, ""scope"": ""study"", ""source"": ""technical_agent"", ""value"": ""label-free""}]"
4	PXD041681-Sample-4	instrument	comment[instrument]	NT=Orbitrap Fusion Lumos;AC=MS:1002732	runassessor				high	False	False		source_precedence:runassessor	derived	"[{""cv_accession"": ""MS:1002732"", ""cv_name"": ""Orbitrap Fusion Lumos"", ""metadata"": {""source_path"": ""runAssessor.files.PXD041681/FLI13801.mzML.instrument_model.name""}, ""scope"": ""assay"", ""source"": ""runassessor"", ""value"": ""Orbitrap Fusion Lumos""}, {""cv_accession"": null, ""cv_name"": null, ""metadata"": {}, ""scope"": ""study"", ""source"": ""technical_agent"", ""value"": ""Orbitrap Fusion Lumos""}]"
4	PXD041681-Sample-4	cleavage_agent	comment[cleavage agent details]	NT=Trypsin;AC=MS:1001251	derived								legacy_derivation	derived	[]
4	PXD041681-Sample-4	dissociation	comment[dissociation method]	NT=beam-type collision-induced dissociation;AC=MS:1000422	runassessor								source_precedence:runassessor	derived	"[{""cv_accession"": null, ""cv_name"": null, ""metadata"": {""source_path"": ""runAssessor.files.PXD041681/FLI13801.mzML.spectra_stats.fragmentation_tag""}, ""scope"": ""assay"", ""source"": ""runassessor"", ""value"": ""HR HCD""}, {""cv_accession"": null, ""cv_name"": null, ""metadata"": {""source_path"": ""runAssessor.files.PXD041681/FLI13801.mzML.spectra_stats.fragmentation_type""}, ""scope"": ""assay"", ""source"": ""runassessor"", ""value"": ""HR_HCD""}]"
4	PXD041681-Sample-4	factor_value	factor value[experimental design]	patient group (ICU, NW, healthy controls)	experimental_design_agent	unfavorable clinical outcome HPPs from 19 ICU patients, 5 NW patients, and 16 healthy controls (Figure 1a) were studied	LLM_ONLY	0.5	high	False	False		source_precedence:experimental_design_agent	derived	"[{""cv_accession"": null, ""cv_name"": null, ""metadata"": {""source_field"": ""factor_value""}, ""scope"": ""study"", ""source"": ""experimental_design_agent"", ""value"": ""patient group (ICU, NW, healthy controls)""}]"
4	PXD041681-Sample-4	modification	comment[modification parameters]	NT=monohydroxylated residue;AC=MOD:00425;MT=?	pride	monohydroxylated residue							normalized_source_union	derived	"[{""fraction_modified"": null, ""raw_stem"": null, ""scope"": ""study"", ""source"": ""pride"", ""source_path"": ""pride_metadata.project.identifiedPTMStrings[0]"", ""source_value"": ""monohydroxylated residue""}]"
4	PXD041681-Sample-4	modification	comment[modification parameters]	NT=iodoacetamide derivatized residue;AC=MOD:00397;MT=?	pride	iodoacetamide derivatized residue							normalized_source_union	derived	"[{""fraction_modified"": null, ""raw_stem"": null, ""scope"": ""study"", ""source"": ""pride"", ""source_path"": ""pride_metadata.project.identifiedPTMStrings[1]"", ""source_value"": ""iodoacetamide derivatized residue""}]"
4	PXD041681-Sample-4	reduction_reagent	comment[reduction reagent]	dithiothreitol	derived								legacy_derivation	derived	[]
4	PXD041681-Sample-4	alkylation_reagent	comment[alkylation reagent]	iodoacetamide	derived								legacy_derivation	derived	[]
4	PXD041681-Sample-4	ms2_analyzer	comment[ms2 mass analyzer]	Orbitrap	technical_agent								source_precedence:technical_agent	derived	"[{""cv_accession"": null, ""cv_name"": null, ""metadata"": {}, ""scope"": ""study"", ""source"": ""technical_agent"", ""value"": ""Orbitrap""}]"
4	PXD041681-Sample-4	collision_energy	comment[collision energy]	28% NCE	derived								legacy_derivation	derived	[]
4	PXD041681-Sample-4	data_file	comment[data file]	FLI13801.raw	derived								legacy_derivation	derived	[]
4	PXD041681-Sample-4	sdrf_version	comment[sdrf version]	v1.1.0	derived								legacy_derivation	derived	[]
4	PXD041681-Sample-4	annotation_tool	comment[sdrf annotation tool]	HAMLET-agentic v2.2.5	derived								legacy_derivation	derived	[]
4	PXD041681-Sample-4	factor_disease	factor value[disease]	covid-19, healthy	derived								legacy_derivation	derived	[]
5	PXD041681-Sample-5	source_name	source name	PXD041681-Sample-5	derived								legacy_derivation	derived	[]
5	PXD041681-Sample-5	organism	characteristics[organism]	Homo sapiens	biological_agent	Platelets, the smallest cells in human blood, known for their role in primary hemostasis, are also able to interact with pathogens and play a crucial role in the immune response.	LLM_ONLY	0.5	high	False	False		source_precedence:biological_agent	derived	"[{""cv_accession"": null, ""cv_name"": null, ""metadata"": {""source_field"": ""species""}, ""scope"": ""sample"", ""source"": ""biological_agent"", ""value"": ""Homo sapiens""}]"
5	PXD041681-Sample-5	organism_part	characteristics[organism part]	blood	biological_agent	Platelets, the smallest cells in human blood, known for their role in primary hemostasis, are also able to interact with pathogens and play a crucial role in the immune response.	LLM_ONLY	0.5	high	False	False		source_precedence:biological_agent	derived	"[{""cv_accession"": null, ""cv_name"": null, ""metadata"": {""source_field"": ""tissue""}, ""scope"": ""sample"", ""source"": ""biological_agent"", ""value"": ""blood""}]"
5	PXD041681-Sample-5	disease	characteristics[disease]	covid-19, healthy	biological_agent	A comparative proteome analysis of highly purified platelets from critically diseased COVID-19 patients with different outcomes (survivors and non-survivors) and age- and sex-matched controls was performed.	LLM_ONLY	0.5	medium	False	False	COVID-19, healthy	source_precedence:biological_agent	derived	"[{""cv_accession"": null, ""cv_name"": null, ""metadata"": {""source_field"": ""disease_state""}, ""scope"": ""sample"", ""source"": ""biological_agent"", ""value"": ""COVID-19""}]"
5	PXD041681-Sample-5	cell_type	characteristics[cell type]	platelets	biological_agent	A comparative proteome analysis of highly purified platelets from critically diseased COVID-19 patients with different outcomes (survivors and non-survivors) and age- and sex-matched controls was performed.	LLM_ONLY	0.5	high	False	False		source_precedence:biological_agent	derived	"[{""cv_accession"": null, ""cv_name"": null, ""metadata"": {""source_field"": ""cell_type""}, ""scope"": ""sample"", ""source"": ""biological_agent"", ""value"": ""platelets""}]"
5	PXD041681-Sample-5	sex	characteristics[sex]	male	biological_agent	The patients all happened to be male.	LLM_ONLY	0.5	high	False	False		source_precedence:biological_agent	derived	"[{""cv_accession"": null, ""cv_name"": null, ""metadata"": {""source_field"": ""sex""}, ""scope"": ""sample"", ""source"": ""biological_agent"", ""value"": ""male""}]"
5	PXD041681-Sample-5	age	characteristics[age]	$\ge$18 years	biological_agent	Patients with a critical COVID-19 course, as well as healthy controls ($\ge$18 years of age), were enrolled in this study between 6 November 2020 and 22 February 2021.	LLM_ONLY	0.5	high	False	False		source_precedence:biological_agent	derived	"[{""cv_accession"": null, ""cv_name"": null, ""metadata"": {""source_field"": ""age""}, ""scope"": ""sample"", ""source"": ""biological_agent"", ""value"": ""$\\ge$18 years""}]"
5	PXD041681-Sample-5	assay_name	assay name	run 5	derived								legacy_derivation	derived	[]
5	PXD041681-Sample-5	technology_type	technology type	proteomic profiling by mass spectrometry	derived								legacy_derivation	derived	[]
5	PXD041681-Sample-5	acquisition	comment[proteomics data acquisition method]	NT=data-dependent acquisition;AC=PRIDE:0000627	runassessor								source_precedence:runassessor	derived	"[{""cv_accession"": null, ""cv_name"": null, ""metadata"": {""source_path"": ""runAssessor.files.PXD041681/FLI13831.mzML.spectra_stats.acquisition_type""}, ""scope"": ""assay"", ""source"": ""runassessor"", ""value"": ""DDA""}]"
5	PXD041681-Sample-5	label	comment[label]	label free sample	technical_agent				high	False	False		source_precedence:technical_agent	derived	"[{""cv_accession"": null, ""cv_name"": null, ""metadata"": {}, ""scope"": ""study"", ""source"": ""technical_agent"", ""value"": ""label-free""}]"
5	PXD041681-Sample-5	instrument	comment[instrument]	NT=Orbitrap Fusion Lumos;AC=MS:1002732	runassessor				high	False	False		source_precedence:runassessor	derived	"[{""cv_accession"": ""MS:1002732"", ""cv_name"": ""Orbitrap Fusion Lumos"", ""metadata"": {""source_path"": ""runAssessor.files.PXD041681/FLI13831.mzML.instrument_model.name""}, ""scope"": ""assay"", ""source"": ""runassessor"", ""value"": ""Orbitrap Fusion Lumos""}, {""cv_accession"": null, ""cv_name"": null, ""metadata"": {}, ""scope"": ""study"", ""source"": ""technical_agent"", ""value"": ""Orbitrap Fusion Lumos""}]"
5	PXD041681-Sample-5	cleavage_agent	comment[cleavage agent details]	NT=Trypsin;AC=MS:1001251	derived								legacy_derivation	derived	[]
5	PXD041681-Sample-5	dissociation	comment[dissociation method]	NT=beam-type collision-induced dissociation;AC=MS:1000422	runassessor								source_precedence:runassessor	derived	"[{""cv_accession"": null, ""cv_name"": null, ""metadata"": {""source_path"": ""runAssessor.files.PXD041681/FLI13831.mzML.spectra_stats.fragmentation_type""}, ""scope"": ""assay"", ""source"": ""runassessor"", ""value"": ""HR_HCD""}]"
5	PXD041681-Sample-5	factor_value	factor value[experimental design]	patient group (ICU, NW, healthy controls)	experimental_design_agent	unfavorable clinical outcome HPPs from 19 ICU patients, 5 NW patients, and 16 healthy controls (Figure 1a) were studied	LLM_ONLY	0.5	high	False	False		source_precedence:experimental_design_agent	derived	"[{""cv_accession"": null, ""cv_name"": null, ""metadata"": {""source_field"": ""factor_value""}, ""scope"": ""study"", ""source"": ""experimental_design_agent"", ""value"": ""patient group (ICU, NW, healthy controls)""}]"
5	PXD041681-Sample-5	modification	comment[modification parameters]	NT=monohydroxylated residue;AC=MOD:00425;MT=?	pride	monohydroxylated residue							normalized_source_union	derived	"[{""fraction_modified"": null, ""raw_stem"": null, ""scope"": ""study"", ""source"": ""pride"", ""source_path"": ""pride_metadata.project.identifiedPTMStrings[0]"", ""source_value"": ""monohydroxylated residue""}]"
5	PXD041681-Sample-5	modification	comment[modification parameters]	NT=iodoacetamide derivatized residue;AC=MOD:00397;MT=?	pride	iodoacetamide derivatized residue							normalized_source_union	derived	"[{""fraction_modified"": null, ""raw_stem"": null, ""scope"": ""study"", ""source"": ""pride"", ""source_path"": ""pride_metadata.project.identifiedPTMStrings[1]"", ""source_value"": ""iodoacetamide derivatized residue""}]"
5	PXD041681-Sample-5	reduction_reagent	comment[reduction reagent]	dithiothreitol	derived								legacy_derivation	derived	[]
5	PXD041681-Sample-5	alkylation_reagent	comment[alkylation reagent]	iodoacetamide	derived								legacy_derivation	derived	[]
5	PXD041681-Sample-5	ms2_analyzer	comment[ms2 mass analyzer]	Orbitrap	technical_agent								source_precedence:technical_agent	derived	"[{""cv_accession"": null, ""cv_name"": null, ""metadata"": {}, ""scope"": ""study"", ""source"": ""technical_agent"", ""value"": ""Orbitrap""}]"
5	PXD041681-Sample-5	collision_energy	comment[collision energy]	28% NCE	derived								legacy_derivation	derived	[]
5	PXD041681-Sample-5	data_file	comment[data file]	FLI13831.raw	derived								legacy_derivation	derived	[]
5	PXD041681-Sample-5	sdrf_version	comment[sdrf version]	v1.1.0	derived								legacy_derivation	derived	[]
5	PXD041681-Sample-5	annotation_tool	comment[sdrf annotation tool]	HAMLET-agentic v2.2.5	derived								legacy_derivation	derived	[]
5	PXD041681-Sample-5	factor_disease	factor value[disease]	covid-19, healthy	derived								legacy_derivation	derived	[]
6	PXD041681-Sample-6	source_name	source name	PXD041681-Sample-6	derived								legacy_derivation	derived	[]
6	PXD041681-Sample-6	organism	characteristics[organism]	Homo sapiens	biological_agent	Platelets, the smallest cells in human blood, known for their role in primary hemostasis, are also able to interact with pathogens and play a crucial role in the immune response.	LLM_ONLY	0.5	high	False	False		source_precedence:biological_agent	derived	"[{""cv_accession"": null, ""cv_name"": null, ""metadata"": {""source_field"": ""species""}, ""scope"": ""sample"", ""source"": ""biological_agent"", ""value"": ""Homo sapiens""}]"
6	PXD041681-Sample-6	organism_part	characteristics[organism part]	blood	biological_agent	Platelets, the smallest cells in human blood, known for their role in primary hemostasis, are also able to interact with pathogens and play a crucial role in the immune response.	LLM_ONLY	0.5	high	False	False		source_precedence:biological_agent	derived	"[{""cv_accession"": null, ""cv_name"": null, ""metadata"": {""source_field"": ""tissue""}, ""scope"": ""sample"", ""source"": ""biological_agent"", ""value"": ""blood""}]"
6	PXD041681-Sample-6	disease	characteristics[disease]	covid-19, healthy	biological_agent	A comparative proteome analysis of highly purified platelets from critically diseased COVID-19 patients with different outcomes (survivors and non-survivors) and age- and sex-matched controls was performed.	LLM_ONLY	0.5	medium	False	False	COVID-19, healthy	source_precedence:biological_agent	derived	"[{""cv_accession"": null, ""cv_name"": null, ""metadata"": {""source_field"": ""disease_state""}, ""scope"": ""sample"", ""source"": ""biological_agent"", ""value"": ""COVID-19""}]"
6	PXD041681-Sample-6	cell_type	characteristics[cell type]	platelets	biological_agent	A comparative proteome analysis of highly purified platelets from critically diseased COVID-19 patients with different outcomes (survivors and non-survivors) and age- and sex-matched controls was performed.	LLM_ONLY	0.5	high	False	False		source_precedence:biological_agent	derived	"[{""cv_accession"": null, ""cv_name"": null, ""metadata"": {""source_field"": ""cell_type""}, ""scope"": ""sample"", ""source"": ""biological_agent"", ""value"": ""platelets""}]"
6	PXD041681-Sample-6	sex	characteristics[sex]	male	biological_agent	The patients all happened to be male.	LLM_ONLY	0.5	high	False	False		source_precedence:biological_agent	derived	"[{""cv_accession"": null, ""cv_name"": null, ""metadata"": {""source_field"": ""sex""}, ""scope"": ""sample"", ""source"": ""biological_agent"", ""value"": ""male""}]"
6	PXD041681-Sample-6	age	characteristics[age]	$\ge$18 years	biological_agent	Patients with a critical COVID-19 course, as well as healthy controls ($\ge$18 years of age), were enrolled in this study between 6 November 2020 and 22 February 2021.	LLM_ONLY	0.5	high	False	False		source_precedence:biological_agent	derived	"[{""cv_accession"": null, ""cv_name"": null, ""metadata"": {""source_field"": ""age""}, ""scope"": ""sample"", ""source"": ""biological_agent"", ""value"": ""$\\ge$18 years""}]"
6	PXD041681-Sample-6	assay_name	assay name	run 6	derived								legacy_derivation	derived	[]
6	PXD041681-Sample-6	technology_type	technology type	proteomic profiling by mass spectrometry	derived								legacy_derivation	derived	[]
6	PXD041681-Sample-6	acquisition	comment[proteomics data acquisition method]	NT=data-dependent acquisition;AC=PRIDE:0000627	runassessor								source_precedence:runassessor	derived	"[{""cv_accession"": null, ""cv_name"": null, ""metadata"": {""source_path"": ""runAssessor.files.PXD041681/FLI13755.mzML.spectra_stats.acquisition_type""}, ""scope"": ""assay"", ""source"": ""runassessor"", ""value"": ""DDA""}]"
6	PXD041681-Sample-6	label	comment[label]	label free sample	technical_agent				high	False	False		source_precedence:technical_agent	derived	"[{""cv_accession"": null, ""cv_name"": null, ""metadata"": {}, ""scope"": ""study"", ""source"": ""technical_agent"", ""value"": ""label-free""}]"
6	PXD041681-Sample-6	instrument	comment[instrument]	NT=Orbitrap Fusion Lumos;AC=MS:1002732	runassessor				high	False	False		source_precedence:runassessor	derived	"[{""cv_accession"": ""MS:1002732"", ""cv_name"": ""Orbitrap Fusion Lumos"", ""metadata"": {""source_path"": ""runAssessor.files.PXD041681/FLI13755.mzML.instrument_model.name""}, ""scope"": ""assay"", ""source"": ""runassessor"", ""value"": ""Orbitrap Fusion Lumos""}, {""cv_accession"": null, ""cv_name"": null, ""metadata"": {}, ""scope"": ""study"", ""source"": ""technical_agent"", ""value"": ""Orbitrap Fusion Lumos""}]"
6	PXD041681-Sample-6	cleavage_agent	comment[cleavage agent details]	NT=Trypsin;AC=MS:1001251	derived								legacy_derivation	derived	[]
6	PXD041681-Sample-6	dissociation	comment[dissociation method]	NT=beam-type collision-induced dissociation;AC=MS:1000422	runassessor								source_precedence:runassessor	derived	"[{""cv_accession"": null, ""cv_name"": null, ""metadata"": {""source_path"": ""runAssessor.files.PXD041681/FLI13755.mzML.spectra_stats.fragmentation_type""}, ""scope"": ""assay"", ""source"": ""runassessor"", ""value"": ""HR_HCD""}]"
6	PXD041681-Sample-6	factor_value	factor value[experimental design]	patient group (ICU, NW, healthy controls)	experimental_design_agent	unfavorable clinical outcome HPPs from 19 ICU patients, 5 NW patients, and 16 healthy controls (Figure 1a) were studied	LLM_ONLY	0.5	high	False	False		source_precedence:experimental_design_agent	derived	"[{""cv_accession"": null, ""cv_name"": null, ""metadata"": {""source_field"": ""factor_value""}, ""scope"": ""study"", ""source"": ""experimental_design_agent"", ""value"": ""patient group (ICU, NW, healthy controls)""}]"
6	PXD041681-Sample-6	modification	comment[modification parameters]	NT=monohydroxylated residue;AC=MOD:00425;MT=?	pride	monohydroxylated residue							normalized_source_union	derived	"[{""fraction_modified"": null, ""raw_stem"": null, ""scope"": ""study"", ""source"": ""pride"", ""source_path"": ""pride_metadata.project.identifiedPTMStrings[0]"", ""source_value"": ""monohydroxylated residue""}]"
6	PXD041681-Sample-6	modification	comment[modification parameters]	NT=iodoacetamide derivatized residue;AC=MOD:00397;MT=?	pride	iodoacetamide derivatized residue							normalized_source_union	derived	"[{""fraction_modified"": null, ""raw_stem"": null, ""scope"": ""study"", ""source"": ""pride"", ""source_path"": ""pride_metadata.project.identifiedPTMStrings[1]"", ""source_value"": ""iodoacetamide derivatized residue""}]"
6	PXD041681-Sample-6	reduction_reagent	comment[reduction reagent]	dithiothreitol	derived								legacy_derivation	derived	[]
6	PXD041681-Sample-6	alkylation_reagent	comment[alkylation reagent]	iodoacetamide	derived								legacy_derivation	derived	[]
6	PXD041681-Sample-6	ms2_analyzer	comment[ms2 mass analyzer]	Orbitrap	technical_agent								source_precedence:technical_agent	derived	"[{""cv_accession"": null, ""cv_name"": null, ""metadata"": {}, ""scope"": ""study"", ""source"": ""technical_agent"", ""value"": ""Orbitrap""}]"
6	PXD041681-Sample-6	collision_energy	comment[collision energy]	28% NCE	derived								legacy_derivation	derived	[]
6	PXD041681-Sample-6	data_file	comment[data file]	FLI13755.raw	derived								legacy_derivation	derived	[]
6	PXD041681-Sample-6	sdrf_version	comment[sdrf version]	v1.1.0	derived								legacy_derivation	derived	[]
6	PXD041681-Sample-6	annotation_tool	comment[sdrf annotation tool]	HAMLET-agentic v2.2.5	derived								legacy_derivation	derived	[]
6	PXD041681-Sample-6	factor_disease	factor value[disease]	covid-19, healthy	derived								legacy_derivation	derived	[]
7	PXD041681-Sample-7	source_name	source name	PXD041681-Sample-7	derived								legacy_derivation	derived	[]
7	PXD041681-Sample-7	organism	characteristics[organism]	Homo sapiens	biological_agent	Platelets, the smallest cells in human blood, known for their role in primary hemostasis, are also able to interact with pathogens and play a crucial role in the immune response.	LLM_ONLY	0.5	high	False	False		source_precedence:biological_agent	derived	"[{""cv_accession"": null, ""cv_name"": null, ""metadata"": {""source_field"": ""species""}, ""scope"": ""sample"", ""source"": ""biological_agent"", ""value"": ""Homo sapiens""}]"
7	PXD041681-Sample-7	organism_part	characteristics[organism part]	blood	biological_agent	Platelets, the smallest cells in human blood, known for their role in primary hemostasis, are also able to interact with pathogens and play a crucial role in the immune response.	LLM_ONLY	0.5	high	False	False		source_precedence:biological_agent	derived	"[{""cv_accession"": null, ""cv_name"": null, ""metadata"": {""source_field"": ""tissue""}, ""scope"": ""sample"", ""source"": ""biological_agent"", ""value"": ""blood""}]"
7	PXD041681-Sample-7	disease	characteristics[disease]	covid-19, healthy	biological_agent	A comparative proteome analysis of highly purified platelets from critically diseased COVID-19 patients with different outcomes (survivors and non-survivors) and age- and sex-matched controls was performed.	LLM_ONLY	0.5	medium	False	False	COVID-19, healthy	source_precedence:biological_agent	derived	"[{""cv_accession"": null, ""cv_name"": null, ""metadata"": {""source_field"": ""disease_state""}, ""scope"": ""sample"", ""source"": ""biological_agent"", ""value"": ""COVID-19""}]"
7	PXD041681-Sample-7	cell_type	characteristics[cell type]	platelets	biological_agent	A comparative proteome analysis of highly purified platelets from critically diseased COVID-19 patients with different outcomes (survivors and non-survivors) and age- and sex-matched controls was performed.	LLM_ONLY	0.5	high	False	False		source_precedence:biological_agent	derived	"[{""cv_accession"": null, ""cv_name"": null, ""metadata"": {""source_field"": ""cell_type""}, ""scope"": ""sample"", ""source"": ""biological_agent"", ""value"": ""platelets""}]"
7	PXD041681-Sample-7	sex	characteristics[sex]	male	biological_agent	The patients all happened to be male.	LLM_ONLY	0.5	high	False	False		source_precedence:biological_agent	derived	"[{""cv_accession"": null, ""cv_name"": null, ""metadata"": {""source_field"": ""sex""}, ""scope"": ""sample"", ""source"": ""biological_agent"", ""value"": ""male""}]"
7	PXD041681-Sample-7	age	characteristics[age]	$\ge$18 years	biological_agent	Patients with a critical COVID-19 course, as well as healthy controls ($\ge$18 years of age), were enrolled in this study between 6 November 2020 and 22 February 2021.	LLM_ONLY	0.5	high	False	False		source_precedence:biological_agent	derived	"[{""cv_accession"": null, ""cv_name"": null, ""metadata"": {""source_field"": ""age""}, ""scope"": ""sample"", ""source"": ""biological_agent"", ""value"": ""$\\ge$18 years""}]"
7	PXD041681-Sample-7	assay_name	assay name	run 7	derived								legacy_derivation	derived	[]
7	PXD041681-Sample-7	technology_type	technology type	proteomic profiling by mass spectrometry	derived								legacy_derivation	derived	[]
7	PXD041681-Sample-7	acquisition	comment[proteomics data acquisition method]	NT=data-dependent acquisition;AC=PRIDE:0000627	runassessor								source_precedence:runassessor	derived	"[{""cv_accession"": null, ""cv_name"": null, ""metadata"": {""source_path"": ""runAssessor.files.PXD041681/FLI13805.mzML.spectra_stats.acquisition_type""}, ""scope"": ""assay"", ""source"": ""runassessor"", ""value"": ""DDA""}]"
7	PXD041681-Sample-7	label	comment[label]	label free sample	technical_agent				high	False	False		source_precedence:technical_agent	derived	"[{""cv_accession"": null, ""cv_name"": null, ""metadata"": {}, ""scope"": ""study"", ""source"": ""technical_agent"", ""value"": ""label-free""}]"
7	PXD041681-Sample-7	instrument	comment[instrument]	NT=Orbitrap Fusion Lumos;AC=MS:1002732	runassessor				high	False	False		source_precedence:runassessor	derived	"[{""cv_accession"": ""MS:1002732"", ""cv_name"": ""Orbitrap Fusion Lumos"", ""metadata"": {""source_path"": ""runAssessor.files.PXD041681/FLI13805.mzML.instrument_model.name""}, ""scope"": ""assay"", ""source"": ""runassessor"", ""value"": ""Orbitrap Fusion Lumos""}, {""cv_accession"": null, ""cv_name"": null, ""metadata"": {}, ""scope"": ""study"", ""source"": ""technical_agent"", ""value"": ""Orbitrap Fusion Lumos""}]"
7	PXD041681-Sample-7	cleavage_agent	comment[cleavage agent details]	NT=Trypsin;AC=MS:1001251	derived								legacy_derivation	derived	[]
7	PXD041681-Sample-7	dissociation	comment[dissociation method]	NT=beam-type collision-induced dissociation;AC=MS:1000422	runassessor								source_precedence:runassessor	derived	"[{""cv_accession"": null, ""cv_name"": null, ""metadata"": {""source_path"": ""runAssessor.files.PXD041681/FLI13805.mzML.spectra_stats.fragmentation_type""}, ""scope"": ""assay"", ""source"": ""runassessor"", ""value"": ""HR_HCD""}]"
7	PXD041681-Sample-7	factor_value	factor value[experimental design]	patient group (ICU, NW, healthy controls)	experimental_design_agent	unfavorable clinical outcome HPPs from 19 ICU patients, 5 NW patients, and 16 healthy controls (Figure 1a) were studied	LLM_ONLY	0.5	high	False	False		source_precedence:experimental_design_agent	derived	"[{""cv_accession"": null, ""cv_name"": null, ""metadata"": {""source_field"": ""factor_value""}, ""scope"": ""study"", ""source"": ""experimental_design_agent"", ""value"": ""patient group (ICU, NW, healthy controls)""}]"
7	PXD041681-Sample-7	modification	comment[modification parameters]	NT=monohydroxylated residue;AC=MOD:00425;MT=?	pride	monohydroxylated residue							normalized_source_union	derived	"[{""fraction_modified"": null, ""raw_stem"": null, ""scope"": ""study"", ""source"": ""pride"", ""source_path"": ""pride_metadata.project.identifiedPTMStrings[0]"", ""source_value"": ""monohydroxylated residue""}]"
7	PXD041681-Sample-7	modification	comment[modification parameters]	NT=iodoacetamide derivatized residue;AC=MOD:00397;MT=?	pride	iodoacetamide derivatized residue							normalized_source_union	derived	"[{""fraction_modified"": null, ""raw_stem"": null, ""scope"": ""study"", ""source"": ""pride"", ""source_path"": ""pride_metadata.project.identifiedPTMStrings[1]"", ""source_value"": ""iodoacetamide derivatized residue""}]"
7	PXD041681-Sample-7	reduction_reagent	comment[reduction reagent]	dithiothreitol	derived								legacy_derivation	derived	[]
7	PXD041681-Sample-7	alkylation_reagent	comment[alkylation reagent]	iodoacetamide	derived								legacy_derivation	derived	[]
7	PXD041681-Sample-7	ms2_analyzer	comment[ms2 mass analyzer]	Orbitrap	technical_agent								source_precedence:technical_agent	derived	"[{""cv_accession"": null, ""cv_name"": null, ""metadata"": {}, ""scope"": ""study"", ""source"": ""technical_agent"", ""value"": ""Orbitrap""}]"
7	PXD041681-Sample-7	collision_energy	comment[collision energy]	28% NCE	derived								legacy_derivation	derived	[]
7	PXD041681-Sample-7	data_file	comment[data file]	FLI13805.raw	derived								legacy_derivation	derived	[]
7	PXD041681-Sample-7	sdrf_version	comment[sdrf version]	v1.1.0	derived								legacy_derivation	derived	[]
7	PXD041681-Sample-7	annotation_tool	comment[sdrf annotation tool]	HAMLET-agentic v2.2.5	derived								legacy_derivation	derived	[]
7	PXD041681-Sample-7	factor_disease	factor value[disease]	covid-19, healthy	derived								legacy_derivation	derived	[]
8	PXD041681-Sample-8	source_name	source name	PXD041681-Sample-8	derived								legacy_derivation	derived	[]
8	PXD041681-Sample-8	organism	characteristics[organism]	Homo sapiens	biological_agent	Platelets, the smallest cells in human blood, known for their role in primary hemostasis, are also able to interact with pathogens and play a crucial role in the immune response.	LLM_ONLY	0.5	high	False	False		source_precedence:biological_agent	derived	"[{""cv_accession"": null, ""cv_name"": null, ""metadata"": {""source_field"": ""species""}, ""scope"": ""sample"", ""source"": ""biological_agent"", ""value"": ""Homo sapiens""}]"
8	PXD041681-Sample-8	organism_part	characteristics[organism part]	blood	biological_agent	Platelets, the smallest cells in human blood, known for their role in primary hemostasis, are also able to interact with pathogens and play a crucial role in the immune response.	LLM_ONLY	0.5	high	False	False		source_precedence:biological_agent	derived	"[{""cv_accession"": null, ""cv_name"": null, ""metadata"": {""source_field"": ""tissue""}, ""scope"": ""sample"", ""source"": ""biological_agent"", ""value"": ""blood""}]"
8	PXD041681-Sample-8	disease	characteristics[disease]	covid-19, healthy	biological_agent	A comparative proteome analysis of highly purified platelets from critically diseased COVID-19 patients with different outcomes (survivors and non-survivors) and age- and sex-matched controls was performed.	LLM_ONLY	0.5	medium	False	False	COVID-19, healthy	source_precedence:biological_agent	derived	"[{""cv_accession"": null, ""cv_name"": null, ""metadata"": {""source_field"": ""disease_state""}, ""scope"": ""sample"", ""source"": ""biological_agent"", ""value"": ""COVID-19""}]"
8	PXD041681-Sample-8	cell_type	characteristics[cell type]	platelets	biological_agent	A comparative proteome analysis of highly purified platelets from critically diseased COVID-19 patients with different outcomes (survivors and non-survivors) and age- and sex-matched controls was performed.	LLM_ONLY	0.5	high	False	False		source_precedence:biological_agent	derived	"[{""cv_accession"": null, ""cv_name"": null, ""metadata"": {""source_field"": ""cell_type""}, ""scope"": ""sample"", ""source"": ""biological_agent"", ""value"": ""platelets""}]"
8	PXD041681-Sample-8	sex	characteristics[sex]	male	biological_agent	The patients all happened to be male.	LLM_ONLY	0.5	high	False	False		source_precedence:biological_agent	derived	"[{""cv_accession"": null, ""cv_name"": null, ""metadata"": {""source_field"": ""sex""}, ""scope"": ""sample"", ""source"": ""biological_agent"", ""value"": ""male""}]"
8	PXD041681-Sample-8	age	characteristics[age]	$\ge$18 years	biological_agent	Patients with a critical COVID-19 course, as well as healthy controls ($\ge$18 years of age), were enrolled in this study between 6 November 2020 and 22 February 2021.	LLM_ONLY	0.5	high	False	False		source_precedence:biological_agent	derived	"[{""cv_accession"": null, ""cv_name"": null, ""metadata"": {""source_field"": ""age""}, ""scope"": ""sample"", ""source"": ""biological_agent"", ""value"": ""$\\ge$18 years""}]"
8	PXD041681-Sample-8	assay_name	assay name	run 8	derived								legacy_derivation	derived	[]
8	PXD041681-Sample-8	technology_type	technology type	proteomic profiling by mass spectrometry	derived								legacy_derivation	derived	[]
8	PXD041681-Sample-8	acquisition	comment[proteomics data acquisition method]	NT=data-dependent acquisition;AC=PRIDE:0000627	runassessor								source_precedence:runassessor	derived	"[{""cv_accession"": null, ""cv_name"": null, ""metadata"": {""source_path"": ""runAssessor.files.PXD041681/FLI13825.mzML.spectra_stats.acquisition_type""}, ""scope"": ""assay"", ""source"": ""runassessor"", ""value"": ""DDA""}]"
8	PXD041681-Sample-8	label	comment[label]	label free sample	technical_agent				high	False	False		source_precedence:technical_agent	derived	"[{""cv_accession"": null, ""cv_name"": null, ""metadata"": {}, ""scope"": ""study"", ""source"": ""technical_agent"", ""value"": ""label-free""}]"
8	PXD041681-Sample-8	instrument	comment[instrument]	NT=Orbitrap Fusion Lumos;AC=MS:1002732	runassessor				high	False	False		source_precedence:runassessor	derived	"[{""cv_accession"": ""MS:1002732"", ""cv_name"": ""Orbitrap Fusion Lumos"", ""metadata"": {""source_path"": ""runAssessor.files.PXD041681/FLI13825.mzML.instrument_model.name""}, ""scope"": ""assay"", ""source"": ""runassessor"", ""value"": ""Orbitrap Fusion Lumos""}, {""cv_accession"": null, ""cv_name"": null, ""metadata"": {}, ""scope"": ""study"", ""source"": ""technical_agent"", ""value"": ""Orbitrap Fusion Lumos""}]"
8	PXD041681-Sample-8	cleavage_agent	comment[cleavage agent details]	NT=Trypsin;AC=MS:1001251	derived								legacy_derivation	derived	[]
8	PXD041681-Sample-8	dissociation	comment[dissociation method]	NT=beam-type collision-induced dissociation;AC=MS:1000422	runassessor								source_precedence:runassessor	derived	"[{""cv_accession"": null, ""cv_name"": null, ""metadata"": {""source_path"": ""runAssessor.files.PXD041681/FLI13825.mzML.spectra_stats.fragmentation_type""}, ""scope"": ""assay"", ""source"": ""runassessor"", ""value"": ""HR_HCD""}]"
8	PXD041681-Sample-8	factor_value	factor value[experimental design]	patient group (ICU, NW, healthy controls)	experimental_design_agent	unfavorable clinical outcome HPPs from 19 ICU patients, 5 NW patients, and 16 healthy controls (Figure 1a) were studied	LLM_ONLY	0.5	high	False	False		source_precedence:experimental_design_agent	derived	"[{""cv_accession"": null, ""cv_name"": null, ""metadata"": {""source_field"": ""factor_value""}, ""scope"": ""study"", ""source"": ""experimental_design_agent"", ""value"": ""patient group (ICU, NW, healthy controls)""}]"
8	PXD041681-Sample-8	modification	comment[modification parameters]	NT=monohydroxylated residue;AC=MOD:00425;MT=?	pride	monohydroxylated residue							normalized_source_union	derived	"[{""fraction_modified"": null, ""raw_stem"": null, ""scope"": ""study"", ""source"": ""pride"", ""source_path"": ""pride_metadata.project.identifiedPTMStrings[0]"", ""source_value"": ""monohydroxylated residue""}]"
8	PXD041681-Sample-8	modification	comment[modification parameters]	NT=iodoacetamide derivatized residue;AC=MOD:00397;MT=?	pride	iodoacetamide derivatized residue							normalized_source_union	derived	"[{""fraction_modified"": null, ""raw_stem"": null, ""scope"": ""study"", ""source"": ""pride"", ""source_path"": ""pride_metadata.project.identifiedPTMStrings[1]"", ""source_value"": ""iodoacetamide derivatized residue""}]"
8	PXD041681-Sample-8	reduction_reagent	comment[reduction reagent]	dithiothreitol	derived								legacy_derivation	derived	[]
8	PXD041681-Sample-8	alkylation_reagent	comment[alkylation reagent]	iodoacetamide	derived								legacy_derivation	derived	[]
8	PXD041681-Sample-8	ms2_analyzer	comment[ms2 mass analyzer]	Orbitrap	technical_agent								source_precedence:technical_agent	derived	"[{""cv_accession"": null, ""cv_name"": null, ""metadata"": {}, ""scope"": ""study"", ""source"": ""technical_agent"", ""value"": ""Orbitrap""}]"
8	PXD041681-Sample-8	collision_energy	comment[collision energy]	28% NCE	derived								legacy_derivation	derived	[]
8	PXD041681-Sample-8	data_file	comment[data file]	FLI13825.raw	derived								legacy_derivation	derived	[]
8	PXD041681-Sample-8	sdrf_version	comment[sdrf version]	v1.1.0	derived								legacy_derivation	derived	[]
8	PXD041681-Sample-8	annotation_tool	comment[sdrf annotation tool]	HAMLET-agentic v2.2.5	derived								legacy_derivation	derived	[]
8	PXD041681-Sample-8	factor_disease	factor value[disease]	covid-19, healthy	derived								legacy_derivation	derived	[]
9	PXD041681-Sample-9	source_name	source name	PXD041681-Sample-9	derived								legacy_derivation	derived	[]
9	PXD041681-Sample-9	organism	characteristics[organism]	Homo sapiens	biological_agent	Platelets, the smallest cells in human blood, known for their role in primary hemostasis, are also able to interact with pathogens and play a crucial role in the immune response.	LLM_ONLY	0.5	high	False	False		source_precedence:biological_agent	derived	"[{""cv_accession"": null, ""cv_name"": null, ""metadata"": {""source_field"": ""species""}, ""scope"": ""sample"", ""source"": ""biological_agent"", ""value"": ""Homo sapiens""}]"
9	PXD041681-Sample-9	organism_part	characteristics[organism part]	blood	biological_agent	Platelets, the smallest cells in human blood, known for their role in primary hemostasis, are also able to interact with pathogens and play a crucial role in the immune response.	LLM_ONLY	0.5	high	False	False		source_precedence:biological_agent	derived	"[{""cv_accession"": null, ""cv_name"": null, ""metadata"": {""source_field"": ""tissue""}, ""scope"": ""sample"", ""source"": ""biological_agent"", ""value"": ""blood""}]"
9	PXD041681-Sample-9	disease	characteristics[disease]	covid-19, healthy	biological_agent	A comparative proteome analysis of highly purified platelets from critically diseased COVID-19 patients with different outcomes (survivors and non-survivors) and age- and sex-matched controls was performed.	LLM_ONLY	0.5	medium	False	False	COVID-19, healthy	source_precedence:biological_agent	derived	"[{""cv_accession"": null, ""cv_name"": null, ""metadata"": {""source_field"": ""disease_state""}, ""scope"": ""sample"", ""source"": ""biological_agent"", ""value"": ""COVID-19""}]"
9	PXD041681-Sample-9	cell_type	characteristics[cell type]	platelets	biological_agent	A comparative proteome analysis of highly purified platelets from critically diseased COVID-19 patients with different outcomes (survivors and non-survivors) and age- and sex-matched controls was performed.	LLM_ONLY	0.5	high	False	False		source_precedence:biological_agent	derived	"[{""cv_accession"": null, ""cv_name"": null, ""metadata"": {""source_field"": ""cell_type""}, ""scope"": ""sample"", ""source"": ""biological_agent"", ""value"": ""platelets""}]"
9	PXD041681-Sample-9	sex	characteristics[sex]	male	biological_agent	The patients all happened to be male.	LLM_ONLY	0.5	high	False	False		source_precedence:biological_agent	derived	"[{""cv_accession"": null, ""cv_name"": null, ""metadata"": {""source_field"": ""sex""}, ""scope"": ""sample"", ""source"": ""biological_agent"", ""value"": ""male""}]"
9	PXD041681-Sample-9	age	characteristics[age]	$\ge$18 years	biological_agent	Patients with a critical COVID-19 course, as well as healthy controls ($\ge$18 years of age), were enrolled in this study between 6 November 2020 and 22 February 2021.	LLM_ONLY	0.5	high	False	False		source_precedence:biological_agent	derived	"[{""cv_accession"": null, ""cv_name"": null, ""metadata"": {""source_field"": ""age""}, ""scope"": ""sample"", ""source"": ""biological_agent"", ""value"": ""$\\ge$18 years""}]"
9	PXD041681-Sample-9	assay_name	assay name	run 9	derived								legacy_derivation	derived	[]
9	PXD041681-Sample-9	technology_type	technology type	proteomic profiling by mass spectrometry	derived								legacy_derivation	derived	[]
9	PXD041681-Sample-9	acquisition	comment[proteomics data acquisition method]	NT=data-dependent acquisition;AC=PRIDE:0000627	runassessor								source_precedence:runassessor	derived	"[{""cv_accession"": null, ""cv_name"": null, ""metadata"": {""source_path"": ""runAssessor.files.PXD041681/FLI13759.mzML.spectra_stats.acquisition_type""}, ""scope"": ""assay"", ""source"": ""runassessor"", ""value"": ""DDA""}]"
9	PXD041681-Sample-9	label	comment[label]	label free sample	technical_agent				high	False	False		source_precedence:technical_agent	derived	"[{""cv_accession"": null, ""cv_name"": null, ""metadata"": {}, ""scope"": ""study"", ""source"": ""technical_agent"", ""value"": ""label-free""}]"
9	PXD041681-Sample-9	instrument	comment[instrument]	NT=Orbitrap Fusion Lumos;AC=MS:1002732	runassessor				high	False	False		source_precedence:runassessor	derived	"[{""cv_accession"": ""MS:1002732"", ""cv_name"": ""Orbitrap Fusion Lumos"", ""metadata"": {""source_path"": ""runAssessor.files.PXD041681/FLI13759.mzML.instrument_model.name""}, ""scope"": ""assay"", ""source"": ""runassessor"", ""value"": ""Orbitrap Fusion Lumos""}, {""cv_accession"": null, ""cv_name"": null, ""metadata"": {}, ""scope"": ""study"", ""source"": ""technical_agent"", ""value"": ""Orbitrap Fusion Lumos""}]"
9	PXD041681-Sample-9	cleavage_agent	comment[cleavage agent details]	NT=Trypsin;AC=MS:1001251	derived								legacy_derivation	derived	[]
9	PXD041681-Sample-9	dissociation	comment[dissociation method]	NT=beam-type collision-induced dissociation;AC=MS:1000422	runassessor								source_precedence:runassessor	derived	"[{""cv_accession"": null, ""cv_name"": null, ""metadata"": {""source_path"": ""runAssessor.files.PXD041681/FLI13759.mzML.spectra_stats.fragmentation_tag""}, ""scope"": ""assay"", ""source"": ""runassessor"", ""value"": ""HR HCD""}, {""cv_accession"": null, ""cv_name"": null, ""metadata"": {""source_path"": ""runAssessor.files.PXD041681/FLI13759.mzML.spectra_stats.fragmentation_type""}, ""scope"": ""assay"", ""source"": ""runassessor"", ""value"": ""HR_HCD""}]"
9	PXD041681-Sample-9	factor_value	factor value[experimental design]	patient group (ICU, NW, healthy controls)	experimental_design_agent	unfavorable clinical outcome HPPs from 19 ICU patients, 5 NW patients, and 16 healthy controls (Figure 1a) were studied	LLM_ONLY	0.5	high	False	False		source_precedence:experimental_design_agent	derived	"[{""cv_accession"": null, ""cv_name"": null, ""metadata"": {""source_field"": ""factor_value""}, ""scope"": ""study"", ""source"": ""experimental_design_agent"", ""value"": ""patient group (ICU, NW, healthy controls)""}]"
9	PXD041681-Sample-9	modification	comment[modification parameters]	NT=monohydroxylated residue;AC=MOD:00425;MT=?	pride	monohydroxylated residue							normalized_source_union	derived	"[{""fraction_modified"": null, ""raw_stem"": null, ""scope"": ""study"", ""source"": ""pride"", ""source_path"": ""pride_metadata.project.identifiedPTMStrings[0]"", ""source_value"": ""monohydroxylated residue""}]"
9	PXD041681-Sample-9	modification	comment[modification parameters]	NT=iodoacetamide derivatized residue;AC=MOD:00397;MT=?	pride	iodoacetamide derivatized residue							normalized_source_union	derived	"[{""fraction_modified"": null, ""raw_stem"": null, ""scope"": ""study"", ""source"": ""pride"", ""source_path"": ""pride_metadata.project.identifiedPTMStrings[1]"", ""source_value"": ""iodoacetamide derivatized residue""}]"
9	PXD041681-Sample-9	reduction_reagent	comment[reduction reagent]	dithiothreitol	derived								legacy_derivation	derived	[]
9	PXD041681-Sample-9	alkylation_reagent	comment[alkylation reagent]	iodoacetamide	derived								legacy_derivation	derived	[]
9	PXD041681-Sample-9	ms2_analyzer	comment[ms2 mass analyzer]	Orbitrap	technical_agent								source_precedence:technical_agent	derived	"[{""cv_accession"": null, ""cv_name"": null, ""metadata"": {}, ""scope"": ""study"", ""source"": ""technical_agent"", ""value"": ""Orbitrap""}]"
9	PXD041681-Sample-9	collision_energy	comment[collision energy]	28% NCE	derived								legacy_derivation	derived	[]
9	PXD041681-Sample-9	data_file	comment[data file]	FLI13759.raw	derived								legacy_derivation	derived	[]
9	PXD041681-Sample-9	sdrf_version	comment[sdrf version]	v1.1.0	derived								legacy_derivation	derived	[]
9	PXD041681-Sample-9	annotation_tool	comment[sdrf annotation tool]	HAMLET-agentic v2.2.5	derived								legacy_derivation	derived	[]
9	PXD041681-Sample-9	factor_disease	factor value[disease]	covid-19, healthy	derived								legacy_derivation	derived	[]
10	PXD041681-Sample-10	source_name	source name	PXD041681-Sample-10	derived								legacy_derivation	derived	[]
10	PXD041681-Sample-10	organism	characteristics[organism]	Homo sapiens	biological_agent	Platelets, the smallest cells in human blood, known for their role in primary hemostasis, are also able to interact with pathogens and play a crucial role in the immune response.	LLM_ONLY	0.5	high	False	False		source_precedence:biological_agent	derived	"[{""cv_accession"": null, ""cv_name"": null, ""metadata"": {""source_field"": ""species""}, ""scope"": ""sample"", ""source"": ""biological_agent"", ""value"": ""Homo sapiens""}]"
10	PXD041681-Sample-10	organism_part	characteristics[organism part]	blood	biological_agent	Platelets, the smallest cells in human blood, known for their role in primary hemostasis, are also able to interact with pathogens and play a crucial role in the immune response.	LLM_ONLY	0.5	high	False	False		source_precedence:biological_agent	derived	"[{""cv_accession"": null, ""cv_name"": null, ""metadata"": {""source_field"": ""tissue""}, ""scope"": ""sample"", ""source"": ""biological_agent"", ""value"": ""blood""}]"
10	PXD041681-Sample-10	disease	characteristics[disease]	covid-19, healthy	biological_agent	A comparative proteome analysis of highly purified platelets from critically diseased COVID-19 patients with different outcomes (survivors and non-survivors) and age- and sex-matched controls was performed.	LLM_ONLY	0.5	medium	False	False	COVID-19, healthy	source_precedence:biological_agent	derived	"[{""cv_accession"": null, ""cv_name"": null, ""metadata"": {""source_field"": ""disease_state""}, ""scope"": ""sample"", ""source"": ""biological_agent"", ""value"": ""COVID-19""}]"
10	PXD041681-Sample-10	cell_type	characteristics[cell type]	platelets	biological_agent	A comparative proteome analysis of highly purified platelets from critically diseased COVID-19 patients with different outcomes (survivors and non-survivors) and age- and sex-matched controls was performed.	LLM_ONLY	0.5	high	False	False		source_precedence:biological_agent	derived	"[{""cv_accession"": null, ""cv_name"": null, ""metadata"": {""source_field"": ""cell_type""}, ""scope"": ""sample"", ""source"": ""biological_agent"", ""value"": ""platelets""}]"
10	PXD041681-Sample-10	sex	characteristics[sex]	male	biological_agent	The patients all happened to be male.	LLM_ONLY	0.5	high	False	False		source_precedence:biological_agent	derived	"[{""cv_accession"": null, ""cv_name"": null, ""metadata"": {""source_field"": ""sex""}, ""scope"": ""sample"", ""source"": ""biological_agent"", ""value"": ""male""}]"
10	PXD041681-Sample-10	age	characteristics[age]	$\ge$18 years	biological_agent	Patients with a critical COVID-19 course, as well as healthy controls ($\ge$18 years of age), were enrolled in this study between 6 November 2020 and 22 February 2021.	LLM_ONLY	0.5	high	False	False		source_precedence:biological_agent	derived	"[{""cv_accession"": null, ""cv_name"": null, ""metadata"": {""source_field"": ""age""}, ""scope"": ""sample"", ""source"": ""biological_agent"", ""value"": ""$\\ge$18 years""}]"
10	PXD041681-Sample-10	assay_name	assay name	run 10	derived								legacy_derivation	derived	[]
10	PXD041681-Sample-10	technology_type	technology type	proteomic profiling by mass spectrometry	derived								legacy_derivation	derived	[]
10	PXD041681-Sample-10	acquisition	comment[proteomics data acquisition method]	NT=data-dependent acquisition;AC=PRIDE:0000627	runassessor								source_precedence:runassessor	derived	"[{""cv_accession"": null, ""cv_name"": null, ""metadata"": {""source_path"": ""runAssessor.files.PXD041681/FLI13837.mzML.spectra_stats.acquisition_type""}, ""scope"": ""assay"", ""source"": ""runassessor"", ""value"": ""DDA""}]"
10	PXD041681-Sample-10	label	comment[label]	label free sample	technical_agent				high	False	False		source_precedence:technical_agent	derived	"[{""cv_accession"": null, ""cv_name"": null, ""metadata"": {}, ""scope"": ""study"", ""source"": ""technical_agent"", ""value"": ""label-free""}]"
10	PXD041681-Sample-10	instrument	comment[instrument]	NT=Orbitrap Fusion Lumos;AC=MS:1002732	runassessor				high	False	False		source_precedence:runassessor	derived	"[{""cv_accession"": ""MS:1002732"", ""cv_name"": ""Orbitrap Fusion Lumos"", ""metadata"": {""source_path"": ""runAssessor.files.PXD041681/FLI13837.mzML.instrument_model.name""}, ""scope"": ""assay"", ""source"": ""runassessor"", ""value"": ""Orbitrap Fusion Lumos""}, {""cv_accession"": null, ""cv_name"": null, ""metadata"": {}, ""scope"": ""study"", ""source"": ""technical_agent"", ""value"": ""Orbitrap Fusion Lumos""}]"
10	PXD041681-Sample-10	cleavage_agent	comment[cleavage agent details]	NT=Trypsin;AC=MS:1001251	derived								legacy_derivation	derived	[]
10	PXD041681-Sample-10	dissociation	comment[dissociation method]	NT=beam-type collision-induced dissociation;AC=MS:1000422	runassessor								source_precedence:runassessor	derived	"[{""cv_accession"": null, ""cv_name"": null, ""metadata"": {""source_path"": ""runAssessor.files.PXD041681/FLI13837.mzML.spectra_stats.fragmentation_tag""}, ""scope"": ""assay"", ""source"": ""runassessor"", ""value"": ""HR HCD""}, {""cv_accession"": null, ""cv_name"": null, ""metadata"": {""source_path"": ""runAssessor.files.PXD041681/FLI13837.mzML.spectra_stats.fragmentation_type""}, ""scope"": ""assay"", ""source"": ""runassessor"", ""value"": ""HR_HCD""}]"
10	PXD041681-Sample-10	factor_value	factor value[experimental design]	patient group (ICU, NW, healthy controls)	experimental_design_agent	unfavorable clinical outcome HPPs from 19 ICU patients, 5 NW patients, and 16 healthy controls (Figure 1a) were studied	LLM_ONLY	0.5	high	False	False		source_precedence:experimental_design_agent	derived	"[{""cv_accession"": null, ""cv_name"": null, ""metadata"": {""source_field"": ""factor_value""}, ""scope"": ""study"", ""source"": ""experimental_design_agent"", ""value"": ""patient group (ICU, NW, healthy controls)""}]"
10	PXD041681-Sample-10	modification	comment[modification parameters]	NT=monohydroxylated residue;AC=MOD:00425;MT=?	pride	monohydroxylated residue							normalized_source_union	derived	"[{""fraction_modified"": null, ""raw_stem"": null, ""scope"": ""study"", ""source"": ""pride"", ""source_path"": ""pride_metadata.project.identifiedPTMStrings[0]"", ""source_value"": ""monohydroxylated residue""}]"
10	PXD041681-Sample-10	modification	comment[modification parameters]	NT=iodoacetamide derivatized residue;AC=MOD:00397;MT=?	pride	iodoacetamide derivatized residue							normalized_source_union	derived	"[{""fraction_modified"": null, ""raw_stem"": null, ""scope"": ""study"", ""source"": ""pride"", ""source_path"": ""pride_metadata.project.identifiedPTMStrings[1]"", ""source_value"": ""iodoacetamide derivatized residue""}]"
10	PXD041681-Sample-10	reduction_reagent	comment[reduction reagent]	dithiothreitol	derived								legacy_derivation	derived	[]
10	PXD041681-Sample-10	alkylation_reagent	comment[alkylation reagent]	iodoacetamide	derived								legacy_derivation	derived	[]
10	PXD041681-Sample-10	ms2_analyzer	comment[ms2 mass analyzer]	Orbitrap	technical_agent								source_precedence:technical_agent	derived	"[{""cv_accession"": null, ""cv_name"": null, ""metadata"": {}, ""scope"": ""study"", ""source"": ""technical_agent"", ""value"": ""Orbitrap""}]"
10	PXD041681-Sample-10	collision_energy	comment[collision energy]	28% NCE	derived								legacy_derivation	derived	[]
10	PXD041681-Sample-10	data_file	comment[data file]	FLI13837.raw	derived								legacy_derivation	derived	[]
10	PXD041681-Sample-10	sdrf_version	comment[sdrf version]	v1.1.0	derived								legacy_derivation	derived	[]
10	PXD041681-Sample-10	annotation_tool	comment[sdrf annotation tool]	HAMLET-agentic v2.2.5	derived								legacy_derivation	derived	[]
10	PXD041681-Sample-10	factor_disease	factor value[disease]	covid-19, healthy	derived								legacy_derivation	derived	[]
11	PXD041681-Sample-11	source_name	source name	PXD041681-Sample-11	derived								legacy_derivation	derived	[]
11	PXD041681-Sample-11	organism	characteristics[organism]	Homo sapiens	biological_agent	Platelets, the smallest cells in human blood, known for their role in primary hemostasis, are also able to interact with pathogens and play a crucial role in the immune response.	LLM_ONLY	0.5	high	False	False		source_precedence:biological_agent	derived	"[{""cv_accession"": null, ""cv_name"": null, ""metadata"": {""source_field"": ""species""}, ""scope"": ""sample"", ""source"": ""biological_agent"", ""value"": ""Homo sapiens""}]"
11	PXD041681-Sample-11	organism_part	characteristics[organism part]	blood	biological_agent	Platelets, the smallest cells in human blood, known for their role in primary hemostasis, are also able to interact with pathogens and play a crucial role in the immune response.	LLM_ONLY	0.5	high	False	False		source_precedence:biological_agent	derived	"[{""cv_accession"": null, ""cv_name"": null, ""metadata"": {""source_field"": ""tissue""}, ""scope"": ""sample"", ""source"": ""biological_agent"", ""value"": ""blood""}]"
11	PXD041681-Sample-11	disease	characteristics[disease]	covid-19, healthy	biological_agent	A comparative proteome analysis of highly purified platelets from critically diseased COVID-19 patients with different outcomes (survivors and non-survivors) and age- and sex-matched controls was performed.	LLM_ONLY	0.5	medium	False	False	COVID-19, healthy	source_precedence:biological_agent	derived	"[{""cv_accession"": null, ""cv_name"": null, ""metadata"": {""source_field"": ""disease_state""}, ""scope"": ""sample"", ""source"": ""biological_agent"", ""value"": ""COVID-19""}]"
11	PXD041681-Sample-11	cell_type	characteristics[cell type]	platelets	biological_agent	A comparative proteome analysis of highly purified platelets from critically diseased COVID-19 patients with different outcomes (survivors and non-survivors) and age- and sex-matched controls was performed.	LLM_ONLY	0.5	high	False	False		source_precedence:biological_agent	derived	"[{""cv_accession"": null, ""cv_name"": null, ""metadata"": {""source_field"": ""cell_type""}, ""scope"": ""sample"", ""source"": ""biological_agent"", ""value"": ""platelets""}]"
11	PXD041681-Sample-11	sex	characteristics[sex]	male	biological_agent	The patients all happened to be male.	LLM_ONLY	0.5	high	False	False		source_precedence:biological_agent	derived	"[{""cv_accession"": null, ""cv_name"": null, ""metadata"": {""source_field"": ""sex""}, ""scope"": ""sample"", ""source"": ""biological_agent"", ""value"": ""male""}]"
11	PXD041681-Sample-11	age	characteristics[age]	$\ge$18 years	biological_agent	Patients with a critical COVID-19 course, as well as healthy controls ($\ge$18 years of age), were enrolled in this study between 6 November 2020 and 22 February 2021.	LLM_ONLY	0.5	high	False	False		source_precedence:biological_agent	derived	"[{""cv_accession"": null, ""cv_name"": null, ""metadata"": {""source_field"": ""age""}, ""scope"": ""sample"", ""source"": ""biological_agent"", ""value"": ""$\\ge$18 years""}]"
11	PXD041681-Sample-11	assay_name	assay name	run 11	derived								legacy_derivation	derived	[]
11	PXD041681-Sample-11	technology_type	technology type	proteomic profiling by mass spectrometry	derived								legacy_derivation	derived	[]
11	PXD041681-Sample-11	acquisition	comment[proteomics data acquisition method]	NT=data-dependent acquisition;AC=PRIDE:0000627	runassessor								source_precedence:runassessor	derived	"[{""cv_accession"": null, ""cv_name"": null, ""metadata"": {""source_path"": ""runAssessor.files.PXD041681/FLI13783.mzML.spectra_stats.acquisition_type""}, ""scope"": ""assay"", ""source"": ""runassessor"", ""value"": ""DDA""}]"
11	PXD041681-Sample-11	label	comment[label]	label free sample	technical_agent				high	False	False		source_precedence:technical_agent	derived	"[{""cv_accession"": null, ""cv_name"": null, ""metadata"": {}, ""scope"": ""study"", ""source"": ""technical_agent"", ""value"": ""label-free""}]"
11	PXD041681-Sample-11	instrument	comment[instrument]	NT=Orbitrap Fusion Lumos;AC=MS:1002732	runassessor				high	False	False		source_precedence:runassessor	derived	"[{""cv_accession"": ""MS:1002732"", ""cv_name"": ""Orbitrap Fusion Lumos"", ""metadata"": {""source_path"": ""runAssessor.files.PXD041681/FLI13783.mzML.instrument_model.name""}, ""scope"": ""assay"", ""source"": ""runassessor"", ""value"": ""Orbitrap Fusion Lumos""}, {""cv_accession"": null, ""cv_name"": null, ""metadata"": {}, ""scope"": ""study"", ""source"": ""technical_agent"", ""value"": ""Orbitrap Fusion Lumos""}]"
11	PXD041681-Sample-11	cleavage_agent	comment[cleavage agent details]	NT=Trypsin;AC=MS:1001251	derived								legacy_derivation	derived	[]
11	PXD041681-Sample-11	dissociation	comment[dissociation method]	NT=beam-type collision-induced dissociation;AC=MS:1000422	runassessor								source_precedence:runassessor	derived	"[{""cv_accession"": null, ""cv_name"": null, ""metadata"": {""source_path"": ""runAssessor.files.PXD041681/FLI13783.mzML.spectra_stats.fragmentation_tag""}, ""scope"": ""assay"", ""source"": ""runassessor"", ""value"": ""HR HCD""}, {""cv_accession"": null, ""cv_name"": null, ""metadata"": {""source_path"": ""runAssessor.files.PXD041681/FLI13783.mzML.spectra_stats.fragmentation_type""}, ""scope"": ""assay"", ""source"": ""runassessor"", ""value"": ""HR_HCD""}]"
11	PXD041681-Sample-11	factor_value	factor value[experimental design]	patient group (ICU, NW, healthy controls)	experimental_design_agent	unfavorable clinical outcome HPPs from 19 ICU patients, 5 NW patients, and 16 healthy controls (Figure 1a) were studied	LLM_ONLY	0.5	high	False	False		source_precedence:experimental_design_agent	derived	"[{""cv_accession"": null, ""cv_name"": null, ""metadata"": {""source_field"": ""factor_value""}, ""scope"": ""study"", ""source"": ""experimental_design_agent"", ""value"": ""patient group (ICU, NW, healthy controls)""}]"
11	PXD041681-Sample-11	modification	comment[modification parameters]	NT=monohydroxylated residue;AC=MOD:00425;MT=?	pride	monohydroxylated residue							normalized_source_union	derived	"[{""fraction_modified"": null, ""raw_stem"": null, ""scope"": ""study"", ""source"": ""pride"", ""source_path"": ""pride_metadata.project.identifiedPTMStrings[0]"", ""source_value"": ""monohydroxylated residue""}]"
11	PXD041681-Sample-11	modification	comment[modification parameters]	NT=iodoacetamide derivatized residue;AC=MOD:00397;MT=?	pride	iodoacetamide derivatized residue							normalized_source_union	derived	"[{""fraction_modified"": null, ""raw_stem"": null, ""scope"": ""study"", ""source"": ""pride"", ""source_path"": ""pride_metadata.project.identifiedPTMStrings[1]"", ""source_value"": ""iodoacetamide derivatized residue""}]"
11	PXD041681-Sample-11	reduction_reagent	comment[reduction reagent]	dithiothreitol	derived								legacy_derivation	derived	[]
11	PXD041681-Sample-11	alkylation_reagent	comment[alkylation reagent]	iodoacetamide	derived								legacy_derivation	derived	[]
11	PXD041681-Sample-11	ms2_analyzer	comment[ms2 mass analyzer]	Orbitrap	technical_agent								source_precedence:technical_agent	derived	"[{""cv_accession"": null, ""cv_name"": null, ""metadata"": {}, ""scope"": ""study"", ""source"": ""technical_agent"", ""value"": ""Orbitrap""}]"
11	PXD041681-Sample-11	collision_energy	comment[collision energy]	28% NCE	derived								legacy_derivation	derived	[]
11	PXD041681-Sample-11	data_file	comment[data file]	FLI13783.raw	derived								legacy_derivation	derived	[]
11	PXD041681-Sample-11	sdrf_version	comment[sdrf version]	v1.1.0	derived								legacy_derivation	derived	[]
11	PXD041681-Sample-11	annotation_tool	comment[sdrf annotation tool]	HAMLET-agentic v2.2.5	derived								legacy_derivation	derived	[]
11	PXD041681-Sample-11	factor_disease	factor value[disease]	covid-19, healthy	derived								legacy_derivation	derived	[]
12	PXD041681-Sample-12	source_name	source name	PXD041681-Sample-12	derived								legacy_derivation	derived	[]
12	PXD041681-Sample-12	organism	characteristics[organism]	Homo sapiens	biological_agent	Platelets, the smallest cells in human blood, known for their role in primary hemostasis, are also able to interact with pathogens and play a crucial role in the immune response.	LLM_ONLY	0.5	high	False	False		source_precedence:biological_agent	derived	"[{""cv_accession"": null, ""cv_name"": null, ""metadata"": {""source_field"": ""species""}, ""scope"": ""sample"", ""source"": ""biological_agent"", ""value"": ""Homo sapiens""}]"
12	PXD041681-Sample-12	organism_part	characteristics[organism part]	blood	biological_agent	Platelets, the smallest cells in human blood, known for their role in primary hemostasis, are also able to interact with pathogens and play a crucial role in the immune response.	LLM_ONLY	0.5	high	False	False		source_precedence:biological_agent	derived	"[{""cv_accession"": null, ""cv_name"": null, ""metadata"": {""source_field"": ""tissue""}, ""scope"": ""sample"", ""source"": ""biological_agent"", ""value"": ""blood""}]"
12	PXD041681-Sample-12	disease	characteristics[disease]	covid-19, healthy	biological_agent	A comparative proteome analysis of highly purified platelets from critically diseased COVID-19 patients with different outcomes (survivors and non-survivors) and age- and sex-matched controls was performed.	LLM_ONLY	0.5	medium	False	False	COVID-19, healthy	source_precedence:biological_agent	derived	"[{""cv_accession"": null, ""cv_name"": null, ""metadata"": {""source_field"": ""disease_state""}, ""scope"": ""sample"", ""source"": ""biological_agent"", ""value"": ""COVID-19""}]"
12	PXD041681-Sample-12	cell_type	characteristics[cell type]	platelets	biological_agent	A comparative proteome analysis of highly purified platelets from critically diseased COVID-19 patients with different outcomes (survivors and non-survivors) and age- and sex-matched controls was performed.	LLM_ONLY	0.5	high	False	False		source_precedence:biological_agent	derived	"[{""cv_accession"": null, ""cv_name"": null, ""metadata"": {""source_field"": ""cell_type""}, ""scope"": ""sample"", ""source"": ""biological_agent"", ""value"": ""platelets""}]"
12	PXD041681-Sample-12	sex	characteristics[sex]	male	biological_agent	The patients all happened to be male.	LLM_ONLY	0.5	high	False	False		source_precedence:biological_agent	derived	"[{""cv_accession"": null, ""cv_name"": null, ""metadata"": {""source_field"": ""sex""}, ""scope"": ""sample"", ""source"": ""biological_agent"", ""value"": ""male""}]"
12	PXD041681-Sample-12	age	characteristics[age]	$\ge$18 years	biological_agent	Patients with a critical COVID-19 course, as well as healthy controls ($\ge$18 years of age), were enrolled in this study between 6 November 2020 and 22 February 2021.	LLM_ONLY	0.5	high	False	False		source_precedence:biological_agent	derived	"[{""cv_accession"": null, ""cv_name"": null, ""metadata"": {""source_field"": ""age""}, ""scope"": ""sample"", ""source"": ""biological_agent"", ""value"": ""$\\ge$18 years""}]"
12	PXD041681-Sample-12	assay_name	assay name	run 12	derived								legacy_derivation	derived	[]
12	PXD041681-Sample-12	technology_type	technology type	proteomic profiling by mass spectrometry	derived								legacy_derivation	derived	[]
12	PXD041681-Sample-12	acquisition	comment[proteomics data acquisition method]	NT=data-dependent acquisition;AC=PRIDE:0000627	runassessor								source_precedence:runassessor	derived	"[{""cv_accession"": null, ""cv_name"": null, ""metadata"": {""source_path"": ""runAssessor.files.PXD041681/FLI13833.mzML.spectra_stats.acquisition_type""}, ""scope"": ""assay"", ""source"": ""runassessor"", ""value"": ""DDA""}]"
12	PXD041681-Sample-12	label	comment[label]	label free sample	technical_agent				high	False	False		source_precedence:technical_agent	derived	"[{""cv_accession"": null, ""cv_name"": null, ""metadata"": {}, ""scope"": ""study"", ""source"": ""technical_agent"", ""value"": ""label-free""}]"
12	PXD041681-Sample-12	instrument	comment[instrument]	NT=Orbitrap Fusion Lumos;AC=MS:1002732	runassessor				high	False	False		source_precedence:runassessor	derived	"[{""cv_accession"": ""MS:1002732"", ""cv_name"": ""Orbitrap Fusion Lumos"", ""metadata"": {""source_path"": ""runAssessor.files.PXD041681/FLI13833.mzML.instrument_model.name""}, ""scope"": ""assay"", ""source"": ""runassessor"", ""value"": ""Orbitrap Fusion Lumos""}, {""cv_accession"": null, ""cv_name"": null, ""metadata"": {}, ""scope"": ""study"", ""source"": ""technical_agent"", ""value"": ""Orbitrap Fusion Lumos""}]"
12	PXD041681-Sample-12	cleavage_agent	comment[cleavage agent details]	NT=Trypsin;AC=MS:1001251	derived								legacy_derivation	derived	[]
12	PXD041681-Sample-12	dissociation	comment[dissociation method]	NT=beam-type collision-induced dissociation;AC=MS:1000422	runassessor								source_precedence:runassessor	derived	"[{""cv_accession"": null, ""cv_name"": null, ""metadata"": {""source_path"": ""runAssessor.files.PXD041681/FLI13833.mzML.spectra_stats.fragmentation_tag""}, ""scope"": ""assay"", ""source"": ""runassessor"", ""value"": ""HR HCD""}, {""cv_accession"": null, ""cv_name"": null, ""metadata"": {""source_path"": ""runAssessor.files.PXD041681/FLI13833.mzML.spectra_stats.fragmentation_type""}, ""scope"": ""assay"", ""source"": ""runassessor"", ""value"": ""HR_HCD""}]"
12	PXD041681-Sample-12	factor_value	factor value[experimental design]	patient group (ICU, NW, healthy controls)	experimental_design_agent	unfavorable clinical outcome HPPs from 19 ICU patients, 5 NW patients, and 16 healthy controls (Figure 1a) were studied	LLM_ONLY	0.5	high	False	False		source_precedence:experimental_design_agent	derived	"[{""cv_accession"": null, ""cv_name"": null, ""metadata"": {""source_field"": ""factor_value""}, ""scope"": ""study"", ""source"": ""experimental_design_agent"", ""value"": ""patient group (ICU, NW, healthy controls)""}]"
12	PXD041681-Sample-12	modification	comment[modification parameters]	NT=monohydroxylated residue;AC=MOD:00425;MT=?	pride	monohydroxylated residue							normalized_source_union	derived	"[{""fraction_modified"": null, ""raw_stem"": null, ""scope"": ""study"", ""source"": ""pride"", ""source_path"": ""pride_metadata.project.identifiedPTMStrings[0]"", ""source_value"": ""monohydroxylated residue""}]"
12	PXD041681-Sample-12	modification	comment[modification parameters]	NT=iodoacetamide derivatized residue;AC=MOD:00397;MT=?	pride	iodoacetamide derivatized residue							normalized_source_union	derived	"[{""fraction_modified"": null, ""raw_stem"": null, ""scope"": ""study"", ""source"": ""pride"", ""source_path"": ""pride_metadata.project.identifiedPTMStrings[1]"", ""source_value"": ""iodoacetamide derivatized residue""}]"
12	PXD041681-Sample-12	reduction_reagent	comment[reduction reagent]	dithiothreitol	derived								legacy_derivation	derived	[]
12	PXD041681-Sample-12	alkylation_reagent	comment[alkylation reagent]	iodoacetamide	derived								legacy_derivation	derived	[]
12	PXD041681-Sample-12	ms2_analyzer	comment[ms2 mass analyzer]	Orbitrap	technical_agent								source_precedence:technical_agent	derived	"[{""cv_accession"": null, ""cv_name"": null, ""metadata"": {}, ""scope"": ""study"", ""source"": ""technical_agent"", ""value"": ""Orbitrap""}]"
12	PXD041681-Sample-12	collision_energy	comment[collision energy]	28% NCE	derived								legacy_derivation	derived	[]
12	PXD041681-Sample-12	data_file	comment[data file]	FLI13833.raw	derived								legacy_derivation	derived	[]
12	PXD041681-Sample-12	sdrf_version	comment[sdrf version]	v1.1.0	derived								legacy_derivation	derived	[]
12	PXD041681-Sample-12	annotation_tool	comment[sdrf annotation tool]	HAMLET-agentic v2.2.5	derived								legacy_derivation	derived	[]
12	PXD041681-Sample-12	factor_disease	factor value[disease]	covid-19, healthy	derived								legacy_derivation	derived	[]
13	PXD041681-Sample-13	source_name	source name	PXD041681-Sample-13	derived								legacy_derivation	derived	[]
13	PXD041681-Sample-13	organism	characteristics[organism]	Homo sapiens	biological_agent	Platelets, the smallest cells in human blood, known for their role in primary hemostasis, are also able to interact with pathogens and play a crucial role in the immune response.	LLM_ONLY	0.5	high	False	False		source_precedence:biological_agent	derived	"[{""cv_accession"": null, ""cv_name"": null, ""metadata"": {""source_field"": ""species""}, ""scope"": ""sample"", ""source"": ""biological_agent"", ""value"": ""Homo sapiens""}]"
13	PXD041681-Sample-13	organism_part	characteristics[organism part]	blood	biological_agent	Platelets, the smallest cells in human blood, known for their role in primary hemostasis, are also able to interact with pathogens and play a crucial role in the immune response.	LLM_ONLY	0.5	high	False	False		source_precedence:biological_agent	derived	"[{""cv_accession"": null, ""cv_name"": null, ""metadata"": {""source_field"": ""tissue""}, ""scope"": ""sample"", ""source"": ""biological_agent"", ""value"": ""blood""}]"
13	PXD041681-Sample-13	disease	characteristics[disease]	covid-19, healthy	biological_agent	A comparative proteome analysis of highly purified platelets from critically diseased COVID-19 patients with different outcomes (survivors and non-survivors) and age- and sex-matched controls was performed.	LLM_ONLY	0.5	medium	False	False	COVID-19, healthy	source_precedence:biological_agent	derived	"[{""cv_accession"": null, ""cv_name"": null, ""metadata"": {""source_field"": ""disease_state""}, ""scope"": ""sample"", ""source"": ""biological_agent"", ""value"": ""COVID-19""}]"
13	PXD041681-Sample-13	cell_type	characteristics[cell type]	platelets	biological_agent	A comparative proteome analysis of highly purified platelets from critically diseased COVID-19 patients with different outcomes (survivors and non-survivors) and age- and sex-matched controls was performed.	LLM_ONLY	0.5	high	False	False		source_precedence:biological_agent	derived	"[{""cv_accession"": null, ""cv_name"": null, ""metadata"": {""source_field"": ""cell_type""}, ""scope"": ""sample"", ""source"": ""biological_agent"", ""value"": ""platelets""}]"
13	PXD041681-Sample-13	sex	characteristics[sex]	male	biological_agent	The patients all happened to be male.	LLM_ONLY	0.5	high	False	False		source_precedence:biological_agent	derived	"[{""cv_accession"": null, ""cv_name"": null, ""metadata"": {""source_field"": ""sex""}, ""scope"": ""sample"", ""source"": ""biological_agent"", ""value"": ""male""}]"
13	PXD041681-Sample-13	age	characteristics[age]	$\ge$18 years	biological_agent	Patients with a critical COVID-19 course, as well as healthy controls ($\ge$18 years of age), were enrolled in this study between 6 November 2020 and 22 February 2021.	LLM_ONLY	0.5	high	False	False		source_precedence:biological_agent	derived	"[{""cv_accession"": null, ""cv_name"": null, ""metadata"": {""source_field"": ""age""}, ""scope"": ""sample"", ""source"": ""biological_agent"", ""value"": ""$\\ge$18 years""}]"
13	PXD041681-Sample-13	assay_name	assay name	run 13	derived								legacy_derivation	derived	[]
13	PXD041681-Sample-13	technology_type	technology type	proteomic profiling by mass spectrometry	derived								legacy_derivation	derived	[]
13	PXD041681-Sample-13	acquisition	comment[proteomics data acquisition method]	NT=data-dependent acquisition;AC=PRIDE:0000627	runassessor								source_precedence:runassessor	derived	"[{""cv_accession"": null, ""cv_name"": null, ""metadata"": {""source_path"": ""runAssessor.files.PXD041681/FLI13773.mzML.spectra_stats.acquisition_type""}, ""scope"": ""assay"", ""source"": ""runassessor"", ""value"": ""DDA""}]"
13	PXD041681-Sample-13	label	comment[label]	label free sample	technical_agent				high	False	False		source_precedence:technical_agent	derived	"[{""cv_accession"": null, ""cv_name"": null, ""metadata"": {}, ""scope"": ""study"", ""source"": ""technical_agent"", ""value"": ""label-free""}]"
13	PXD041681-Sample-13	instrument	comment[instrument]	NT=Orbitrap Fusion Lumos;AC=MS:1002732	runassessor				high	False	False		source_precedence:runassessor	derived	"[{""cv_accession"": ""MS:1002732"", ""cv_name"": ""Orbitrap Fusion Lumos"", ""metadata"": {""source_path"": ""runAssessor.files.PXD041681/FLI13773.mzML.instrument_model.name""}, ""scope"": ""assay"", ""source"": ""runassessor"", ""value"": ""Orbitrap Fusion Lumos""}, {""cv_accession"": null, ""cv_name"": null, ""metadata"": {}, ""scope"": ""study"", ""source"": ""technical_agent"", ""value"": ""Orbitrap Fusion Lumos""}]"
13	PXD041681-Sample-13	cleavage_agent	comment[cleavage agent details]	NT=Trypsin;AC=MS:1001251	derived								legacy_derivation	derived	[]
13	PXD041681-Sample-13	dissociation	comment[dissociation method]	NT=beam-type collision-induced dissociation;AC=MS:1000422	runassessor								source_precedence:runassessor	derived	"[{""cv_accession"": null, ""cv_name"": null, ""metadata"": {""source_path"": ""runAssessor.files.PXD041681/FLI13773.mzML.spectra_stats.fragmentation_type""}, ""scope"": ""assay"", ""source"": ""runassessor"", ""value"": ""HR_HCD""}]"
13	PXD041681-Sample-13	factor_value	factor value[experimental design]	patient group (ICU, NW, healthy controls)	experimental_design_agent	unfavorable clinical outcome HPPs from 19 ICU patients, 5 NW patients, and 16 healthy controls (Figure 1a) were studied	LLM_ONLY	0.5	high	False	False		source_precedence:experimental_design_agent	derived	"[{""cv_accession"": null, ""cv_name"": null, ""metadata"": {""source_field"": ""factor_value""}, ""scope"": ""study"", ""source"": ""experimental_design_agent"", ""value"": ""patient group (ICU, NW, healthy controls)""}]"
13	PXD041681-Sample-13	modification	comment[modification parameters]	NT=monohydroxylated residue;AC=MOD:00425;MT=?	pride	monohydroxylated residue							normalized_source_union	derived	"[{""fraction_modified"": null, ""raw_stem"": null, ""scope"": ""study"", ""source"": ""pride"", ""source_path"": ""pride_metadata.project.identifiedPTMStrings[0]"", ""source_value"": ""monohydroxylated residue""}]"
13	PXD041681-Sample-13	modification	comment[modification parameters]	NT=iodoacetamide derivatized residue;AC=MOD:00397;MT=?	pride	iodoacetamide derivatized residue							normalized_source_union	derived	"[{""fraction_modified"": null, ""raw_stem"": null, ""scope"": ""study"", ""source"": ""pride"", ""source_path"": ""pride_metadata.project.identifiedPTMStrings[1]"", ""source_value"": ""iodoacetamide derivatized residue""}]"
13	PXD041681-Sample-13	reduction_reagent	comment[reduction reagent]	dithiothreitol	derived								legacy_derivation	derived	[]
13	PXD041681-Sample-13	alkylation_reagent	comment[alkylation reagent]	iodoacetamide	derived								legacy_derivation	derived	[]
13	PXD041681-Sample-13	ms2_analyzer	comment[ms2 mass analyzer]	Orbitrap	technical_agent								source_precedence:technical_agent	derived	"[{""cv_accession"": null, ""cv_name"": null, ""metadata"": {}, ""scope"": ""study"", ""source"": ""technical_agent"", ""value"": ""Orbitrap""}]"
13	PXD041681-Sample-13	collision_energy	comment[collision energy]	28% NCE	derived								legacy_derivation	derived	[]
13	PXD041681-Sample-13	data_file	comment[data file]	FLI13773.raw	derived								legacy_derivation	derived	[]
13	PXD041681-Sample-13	sdrf_version	comment[sdrf version]	v1.1.0	derived								legacy_derivation	derived	[]
13	PXD041681-Sample-13	annotation_tool	comment[sdrf annotation tool]	HAMLET-agentic v2.2.5	derived								legacy_derivation	derived	[]
13	PXD041681-Sample-13	factor_disease	factor value[disease]	covid-19, healthy	derived								legacy_derivation	derived	[]
14	PXD041681-Sample-14	source_name	source name	PXD041681-Sample-14	derived								legacy_derivation	derived	[]
14	PXD041681-Sample-14	organism	characteristics[organism]	Homo sapiens	biological_agent	Platelets, the smallest cells in human blood, known for their role in primary hemostasis, are also able to interact with pathogens and play a crucial role in the immune response.	LLM_ONLY	0.5	high	False	False		source_precedence:biological_agent	derived	"[{""cv_accession"": null, ""cv_name"": null, ""metadata"": {""source_field"": ""species""}, ""scope"": ""sample"", ""source"": ""biological_agent"", ""value"": ""Homo sapiens""}]"
14	PXD041681-Sample-14	organism_part	characteristics[organism part]	blood	biological_agent	Platelets, the smallest cells in human blood, known for their role in primary hemostasis, are also able to interact with pathogens and play a crucial role in the immune response.	LLM_ONLY	0.5	high	False	False		source_precedence:biological_agent	derived	"[{""cv_accession"": null, ""cv_name"": null, ""metadata"": {""source_field"": ""tissue""}, ""scope"": ""sample"", ""source"": ""biological_agent"", ""value"": ""blood""}]"
14	PXD041681-Sample-14	disease	characteristics[disease]	covid-19, healthy	biological_agent	A comparative proteome analysis of highly purified platelets from critically diseased COVID-19 patients with different outcomes (survivors and non-survivors) and age- and sex-matched controls was performed.	LLM_ONLY	0.5	medium	False	False	COVID-19, healthy	source_precedence:biological_agent	derived	"[{""cv_accession"": null, ""cv_name"": null, ""metadata"": {""source_field"": ""disease_state""}, ""scope"": ""sample"", ""source"": ""biological_agent"", ""value"": ""COVID-19""}]"
14	PXD041681-Sample-14	cell_type	characteristics[cell type]	platelets	biological_agent	A comparative proteome analysis of highly purified platelets from critically diseased COVID-19 patients with different outcomes (survivors and non-survivors) and age- and sex-matched controls was performed.	LLM_ONLY	0.5	high	False	False		source_precedence:biological_agent	derived	"[{""cv_accession"": null, ""cv_name"": null, ""metadata"": {""source_field"": ""cell_type""}, ""scope"": ""sample"", ""source"": ""biological_agent"", ""value"": ""platelets""}]"
14	PXD041681-Sample-14	sex	characteristics[sex]	male	biological_agent	The patients all happened to be male.	LLM_ONLY	0.5	high	False	False		source_precedence:biological_agent	derived	"[{""cv_accession"": null, ""cv_name"": null, ""metadata"": {""source_field"": ""sex""}, ""scope"": ""sample"", ""source"": ""biological_agent"", ""value"": ""male""}]"
14	PXD041681-Sample-14	age	characteristics[age]	$\ge$18 years	biological_agent	Patients with a critical COVID-19 course, as well as healthy controls ($\ge$18 years of age), were enrolled in this study between 6 November 2020 and 22 February 2021.	LLM_ONLY	0.5	high	False	False		source_precedence:biological_agent	derived	"[{""cv_accession"": null, ""cv_name"": null, ""metadata"": {""source_field"": ""age""}, ""scope"": ""sample"", ""source"": ""biological_agent"", ""value"": ""$\\ge$18 years""}]"
14	PXD041681-Sample-14	assay_name	assay name	run 14	derived								legacy_derivation	derived	[]
14	PXD041681-Sample-14	technology_type	technology type	proteomic profiling by mass spectrometry	derived								legacy_derivation	derived	[]
14	PXD041681-Sample-14	acquisition	comment[proteomics data acquisition method]	NT=data-dependent acquisition;AC=PRIDE:0000627	runassessor								source_precedence:runassessor	derived	"[{""cv_accession"": null, ""cv_name"": null, ""metadata"": {""source_path"": ""runAssessor.files.PXD041681/FLI13841.mzML.spectra_stats.acquisition_type""}, ""scope"": ""assay"", ""source"": ""runassessor"", ""value"": ""DDA""}]"
14	PXD041681-Sample-14	label	comment[label]	label free sample	technical_agent				high	False	False		source_precedence:technical_agent	derived	"[{""cv_accession"": null, ""cv_name"": null, ""metadata"": {}, ""scope"": ""study"", ""source"": ""technical_agent"", ""value"": ""label-free""}]"
14	PXD041681-Sample-14	instrument	comment[instrument]	NT=Orbitrap Fusion Lumos;AC=MS:1002732	runassessor				high	False	False		source_precedence:runassessor	derived	"[{""cv_accession"": ""MS:1002732"", ""cv_name"": ""Orbitrap Fusion Lumos"", ""metadata"": {""source_path"": ""runAssessor.files.PXD041681/FLI13841.mzML.instrument_model.name""}, ""scope"": ""assay"", ""source"": ""runassessor"", ""value"": ""Orbitrap Fusion Lumos""}, {""cv_accession"": null, ""cv_name"": null, ""metadata"": {}, ""scope"": ""study"", ""source"": ""technical_agent"", ""value"": ""Orbitrap Fusion Lumos""}]"
14	PXD041681-Sample-14	cleavage_agent	comment[cleavage agent details]	NT=Trypsin;AC=MS:1001251	derived								legacy_derivation	derived	[]
14	PXD041681-Sample-14	dissociation	comment[dissociation method]	NT=beam-type collision-induced dissociation;AC=MS:1000422	runassessor								source_precedence:runassessor	derived	"[{""cv_accession"": null, ""cv_name"": null, ""metadata"": {""source_path"": ""runAssessor.files.PXD041681/FLI13841.mzML.spectra_stats.fragmentation_type""}, ""scope"": ""assay"", ""source"": ""runassessor"", ""value"": ""HR_HCD""}]"
14	PXD041681-Sample-14	factor_value	factor value[experimental design]	patient group (ICU, NW, healthy controls)	experimental_design_agent	unfavorable clinical outcome HPPs from 19 ICU patients, 5 NW patients, and 16 healthy controls (Figure 1a) were studied	LLM_ONLY	0.5	high	False	False		source_precedence:experimental_design_agent	derived	"[{""cv_accession"": null, ""cv_name"": null, ""metadata"": {""source_field"": ""factor_value""}, ""scope"": ""study"", ""source"": ""experimental_design_agent"", ""value"": ""patient group (ICU, NW, healthy controls)""}]"
14	PXD041681-Sample-14	modification	comment[modification parameters]	NT=monohydroxylated residue;AC=MOD:00425;MT=?	pride	monohydroxylated residue							normalized_source_union	derived	"[{""fraction_modified"": null, ""raw_stem"": null, ""scope"": ""study"", ""source"": ""pride"", ""source_path"": ""pride_metadata.project.identifiedPTMStrings[0]"", ""source_value"": ""monohydroxylated residue""}]"
14	PXD041681-Sample-14	modification	comment[modification parameters]	NT=iodoacetamide derivatized residue;AC=MOD:00397;MT=?	pride	iodoacetamide derivatized residue							normalized_source_union	derived	"[{""fraction_modified"": null, ""raw_stem"": null, ""scope"": ""study"", ""source"": ""pride"", ""source_path"": ""pride_metadata.project.identifiedPTMStrings[1]"", ""source_value"": ""iodoacetamide derivatized residue""}]"
14	PXD041681-Sample-14	reduction_reagent	comment[reduction reagent]	dithiothreitol	derived								legacy_derivation	derived	[]
14	PXD041681-Sample-14	alkylation_reagent	comment[alkylation reagent]	iodoacetamide	derived								legacy_derivation	derived	[]
14	PXD041681-Sample-14	ms2_analyzer	comment[ms2 mass analyzer]	Orbitrap	technical_agent								source_precedence:technical_agent	derived	"[{""cv_accession"": null, ""cv_name"": null, ""metadata"": {}, ""scope"": ""study"", ""source"": ""technical_agent"", ""value"": ""Orbitrap""}]"
14	PXD041681-Sample-14	collision_energy	comment[collision energy]	28% NCE	derived								legacy_derivation	derived	[]
14	PXD041681-Sample-14	data_file	comment[data file]	FLI13841.raw	derived								legacy_derivation	derived	[]
14	PXD041681-Sample-14	sdrf_version	comment[sdrf version]	v1.1.0	derived								legacy_derivation	derived	[]
14	PXD041681-Sample-14	annotation_tool	comment[sdrf annotation tool]	HAMLET-agentic v2.2.5	derived								legacy_derivation	derived	[]
14	PXD041681-Sample-14	factor_disease	factor value[disease]	covid-19, healthy	derived								legacy_derivation	derived	[]
15	PXD041681-Sample-15	source_name	source name	PXD041681-Sample-15	derived								legacy_derivation	derived	[]
15	PXD041681-Sample-15	organism	characteristics[organism]	Homo sapiens	biological_agent	Platelets, the smallest cells in human blood, known for their role in primary hemostasis, are also able to interact with pathogens and play a crucial role in the immune response.	LLM_ONLY	0.5	high	False	False		source_precedence:biological_agent	derived	"[{""cv_accession"": null, ""cv_name"": null, ""metadata"": {""source_field"": ""species""}, ""scope"": ""sample"", ""source"": ""biological_agent"", ""value"": ""Homo sapiens""}]"
15	PXD041681-Sample-15	organism_part	characteristics[organism part]	blood	biological_agent	Platelets, the smallest cells in human blood, known for their role in primary hemostasis, are also able to interact with pathogens and play a crucial role in the immune response.	LLM_ONLY	0.5	high	False	False		source_precedence:biological_agent	derived	"[{""cv_accession"": null, ""cv_name"": null, ""metadata"": {""source_field"": ""tissue""}, ""scope"": ""sample"", ""source"": ""biological_agent"", ""value"": ""blood""}]"
15	PXD041681-Sample-15	disease	characteristics[disease]	covid-19, healthy	biological_agent	A comparative proteome analysis of highly purified platelets from critically diseased COVID-19 patients with different outcomes (survivors and non-survivors) and age- and sex-matched controls was performed.	LLM_ONLY	0.5	medium	False	False	COVID-19, healthy	source_precedence:biological_agent	derived	"[{""cv_accession"": null, ""cv_name"": null, ""metadata"": {""source_field"": ""disease_state""}, ""scope"": ""sample"", ""source"": ""biological_agent"", ""value"": ""COVID-19""}]"
15	PXD041681-Sample-15	cell_type	characteristics[cell type]	platelets	biological_agent	A comparative proteome analysis of highly purified platelets from critically diseased COVID-19 patients with different outcomes (survivors and non-survivors) and age- and sex-matched controls was performed.	LLM_ONLY	0.5	high	False	False		source_precedence:biological_agent	derived	"[{""cv_accession"": null, ""cv_name"": null, ""metadata"": {""source_field"": ""cell_type""}, ""scope"": ""sample"", ""source"": ""biological_agent"", ""value"": ""platelets""}]"
15	PXD041681-Sample-15	sex	characteristics[sex]	male	biological_agent	The patients all happened to be male.	LLM_ONLY	0.5	high	False	False		source_precedence:biological_agent	derived	"[{""cv_accession"": null, ""cv_name"": null, ""metadata"": {""source_field"": ""sex""}, ""scope"": ""sample"", ""source"": ""biological_agent"", ""value"": ""male""}]"
15	PXD041681-Sample-15	age	characteristics[age]	$\ge$18 years	biological_agent	Patients with a critical COVID-19 course, as well as healthy controls ($\ge$18 years of age), were enrolled in this study between 6 November 2020 and 22 February 2021.	LLM_ONLY	0.5	high	False	False		source_precedence:biological_agent	derived	"[{""cv_accession"": null, ""cv_name"": null, ""metadata"": {""source_field"": ""age""}, ""scope"": ""sample"", ""source"": ""biological_agent"", ""value"": ""$\\ge$18 years""}]"
15	PXD041681-Sample-15	assay_name	assay name	run 15	derived								legacy_derivation	derived	[]
15	PXD041681-Sample-15	technology_type	technology type	proteomic profiling by mass spectrometry	derived								legacy_derivation	derived	[]
15	PXD041681-Sample-15	acquisition	comment[proteomics data acquisition method]	NT=data-dependent acquisition;AC=PRIDE:0000627	runassessor								source_precedence:runassessor	derived	"[{""cv_accession"": null, ""cv_name"": null, ""metadata"": {""source_path"": ""runAssessor.files.PXD041681/FLI13775.mzML.spectra_stats.acquisition_type""}, ""scope"": ""assay"", ""source"": ""runassessor"", ""value"": ""DDA""}]"
15	PXD041681-Sample-15	label	comment[label]	label free sample	technical_agent				high	False	False		source_precedence:technical_agent	derived	"[{""cv_accession"": null, ""cv_name"": null, ""metadata"": {}, ""scope"": ""study"", ""source"": ""technical_agent"", ""value"": ""label-free""}]"
15	PXD041681-Sample-15	instrument	comment[instrument]	NT=Orbitrap Fusion Lumos;AC=MS:1002732	runassessor				high	False	False		source_precedence:runassessor	derived	"[{""cv_accession"": ""MS:1002732"", ""cv_name"": ""Orbitrap Fusion Lumos"", ""metadata"": {""source_path"": ""runAssessor.files.PXD041681/FLI13775.mzML.instrument_model.name""}, ""scope"": ""assay"", ""source"": ""runassessor"", ""value"": ""Orbitrap Fusion Lumos""}, {""cv_accession"": null, ""cv_name"": null, ""metadata"": {}, ""scope"": ""study"", ""source"": ""technical_agent"", ""value"": ""Orbitrap Fusion Lumos""}]"
15	PXD041681-Sample-15	cleavage_agent	comment[cleavage agent details]	NT=Trypsin;AC=MS:1001251	derived								legacy_derivation	derived	[]
15	PXD041681-Sample-15	dissociation	comment[dissociation method]	NT=beam-type collision-induced dissociation;AC=MS:1000422	runassessor								source_precedence:runassessor	derived	"[{""cv_accession"": null, ""cv_name"": null, ""metadata"": {""source_path"": ""runAssessor.files.PXD041681/FLI13775.mzML.spectra_stats.fragmentation_tag""}, ""scope"": ""assay"", ""source"": ""runassessor"", ""value"": ""HR HCD""}, {""cv_accession"": null, ""cv_name"": null, ""metadata"": {""source_path"": ""runAssessor.files.PXD041681/FLI13775.mzML.spectra_stats.fragmentation_type""}, ""scope"": ""assay"", ""source"": ""runassessor"", ""value"": ""HR_HCD""}]"
15	PXD041681-Sample-15	factor_value	factor value[experimental design]	patient group (ICU, NW, healthy controls)	experimental_design_agent	unfavorable clinical outcome HPPs from 19 ICU patients, 5 NW patients, and 16 healthy controls (Figure 1a) were studied	LLM_ONLY	0.5	high	False	False		source_precedence:experimental_design_agent	derived	"[{""cv_accession"": null, ""cv_name"": null, ""metadata"": {""source_field"": ""factor_value""}, ""scope"": ""study"", ""source"": ""experimental_design_agent"", ""value"": ""patient group (ICU, NW, healthy controls)""}]"
15	PXD041681-Sample-15	modification	comment[modification parameters]	NT=monohydroxylated residue;AC=MOD:00425;MT=?	pride	monohydroxylated residue							normalized_source_union	derived	"[{""fraction_modified"": null, ""raw_stem"": null, ""scope"": ""study"", ""source"": ""pride"", ""source_path"": ""pride_metadata.project.identifiedPTMStrings[0]"", ""source_value"": ""monohydroxylated residue""}]"
15	PXD041681-Sample-15	modification	comment[modification parameters]	NT=iodoacetamide derivatized residue;AC=MOD:00397;MT=?	pride	iodoacetamide derivatized residue							normalized_source_union	derived	"[{""fraction_modified"": null, ""raw_stem"": null, ""scope"": ""study"", ""source"": ""pride"", ""source_path"": ""pride_metadata.project.identifiedPTMStrings[1]"", ""source_value"": ""iodoacetamide derivatized residue""}]"
15	PXD041681-Sample-15	reduction_reagent	comment[reduction reagent]	dithiothreitol	derived								legacy_derivation	derived	[]
15	PXD041681-Sample-15	alkylation_reagent	comment[alkylation reagent]	iodoacetamide	derived								legacy_derivation	derived	[]
15	PXD041681-Sample-15	ms2_analyzer	comment[ms2 mass analyzer]	Orbitrap	technical_agent								source_precedence:technical_agent	derived	"[{""cv_accession"": null, ""cv_name"": null, ""metadata"": {}, ""scope"": ""study"", ""source"": ""technical_agent"", ""value"": ""Orbitrap""}]"
15	PXD041681-Sample-15	collision_energy	comment[collision energy]	28% NCE	derived								legacy_derivation	derived	[]
15	PXD041681-Sample-15	data_file	comment[data file]	FLI13775.raw	derived								legacy_derivation	derived	[]
15	PXD041681-Sample-15	sdrf_version	comment[sdrf version]	v1.1.0	derived								legacy_derivation	derived	[]
15	PXD041681-Sample-15	annotation_tool	comment[sdrf annotation tool]	HAMLET-agentic v2.2.5	derived								legacy_derivation	derived	[]
15	PXD041681-Sample-15	factor_disease	factor value[disease]	covid-19, healthy	derived								legacy_derivation	derived	[]
16	PXD041681-Sample-16	source_name	source name	PXD041681-Sample-16	derived								legacy_derivation	derived	[]
16	PXD041681-Sample-16	organism	characteristics[organism]	Homo sapiens	biological_agent	Platelets, the smallest cells in human blood, known for their role in primary hemostasis, are also able to interact with pathogens and play a crucial role in the immune response.	LLM_ONLY	0.5	high	False	False		source_precedence:biological_agent	derived	"[{""cv_accession"": null, ""cv_name"": null, ""metadata"": {""source_field"": ""species""}, ""scope"": ""sample"", ""source"": ""biological_agent"", ""value"": ""Homo sapiens""}]"
16	PXD041681-Sample-16	organism_part	characteristics[organism part]	blood	biological_agent	Platelets, the smallest cells in human blood, known for their role in primary hemostasis, are also able to interact with pathogens and play a crucial role in the immune response.	LLM_ONLY	0.5	high	False	False		source_precedence:biological_agent	derived	"[{""cv_accession"": null, ""cv_name"": null, ""metadata"": {""source_field"": ""tissue""}, ""scope"": ""sample"", ""source"": ""biological_agent"", ""value"": ""blood""}]"
16	PXD041681-Sample-16	disease	characteristics[disease]	covid-19, healthy	biological_agent	A comparative proteome analysis of highly purified platelets from critically diseased COVID-19 patients with different outcomes (survivors and non-survivors) and age- and sex-matched controls was performed.	LLM_ONLY	0.5	medium	False	False	COVID-19, healthy	source_precedence:biological_agent	derived	"[{""cv_accession"": null, ""cv_name"": null, ""metadata"": {""source_field"": ""disease_state""}, ""scope"": ""sample"", ""source"": ""biological_agent"", ""value"": ""COVID-19""}]"
16	PXD041681-Sample-16	cell_type	characteristics[cell type]	platelets	biological_agent	A comparative proteome analysis of highly purified platelets from critically diseased COVID-19 patients with different outcomes (survivors and non-survivors) and age- and sex-matched controls was performed.	LLM_ONLY	0.5	high	False	False		source_precedence:biological_agent	derived	"[{""cv_accession"": null, ""cv_name"": null, ""metadata"": {""source_field"": ""cell_type""}, ""scope"": ""sample"", ""source"": ""biological_agent"", ""value"": ""platelets""}]"
16	PXD041681-Sample-16	sex	characteristics[sex]	male	biological_agent	The patients all happened to be male.	LLM_ONLY	0.5	high	False	False		source_precedence:biological_agent	derived	"[{""cv_accession"": null, ""cv_name"": null, ""metadata"": {""source_field"": ""sex""}, ""scope"": ""sample"", ""source"": ""biological_agent"", ""value"": ""male""}]"
16	PXD041681-Sample-16	age	characteristics[age]	$\ge$18 years	biological_agent	Patients with a critical COVID-19 course, as well as healthy controls ($\ge$18 years of age), were enrolled in this study between 6 November 2020 and 22 February 2021.	LLM_ONLY	0.5	high	False	False		source_precedence:biological_agent	derived	"[{""cv_accession"": null, ""cv_name"": null, ""metadata"": {""source_field"": ""age""}, ""scope"": ""sample"", ""source"": ""biological_agent"", ""value"": ""$\\ge$18 years""}]"
16	PXD041681-Sample-16	assay_name	assay name	run 16	derived								legacy_derivation	derived	[]
16	PXD041681-Sample-16	technology_type	technology type	proteomic profiling by mass spectrometry	derived								legacy_derivation	derived	[]
16	PXD041681-Sample-16	acquisition	comment[proteomics data acquisition method]	NT=data-dependent acquisition;AC=PRIDE:0000627	runassessor								source_precedence:runassessor	derived	"[{""cv_accession"": null, ""cv_name"": null, ""metadata"": {""source_path"": ""runAssessor.files.PXD041681/FLI13761.mzML.spectra_stats.acquisition_type""}, ""scope"": ""assay"", ""source"": ""runassessor"", ""value"": ""DDA""}]"
16	PXD041681-Sample-16	label	comment[label]	label free sample	technical_agent				high	False	False		source_precedence:technical_agent	derived	"[{""cv_accession"": null, ""cv_name"": null, ""metadata"": {}, ""scope"": ""study"", ""source"": ""technical_agent"", ""value"": ""label-free""}]"
16	PXD041681-Sample-16	instrument	comment[instrument]	NT=Orbitrap Fusion Lumos;AC=MS:1002732	runassessor				high	False	False		source_precedence:runassessor	derived	"[{""cv_accession"": ""MS:1002732"", ""cv_name"": ""Orbitrap Fusion Lumos"", ""metadata"": {""source_path"": ""runAssessor.files.PXD041681/FLI13761.mzML.instrument_model.name""}, ""scope"": ""assay"", ""source"": ""runassessor"", ""value"": ""Orbitrap Fusion Lumos""}, {""cv_accession"": null, ""cv_name"": null, ""metadata"": {}, ""scope"": ""study"", ""source"": ""technical_agent"", ""value"": ""Orbitrap Fusion Lumos""}]"
16	PXD041681-Sample-16	cleavage_agent	comment[cleavage agent details]	NT=Trypsin;AC=MS:1001251	derived								legacy_derivation	derived	[]
16	PXD041681-Sample-16	dissociation	comment[dissociation method]	NT=beam-type collision-induced dissociation;AC=MS:1000422	runassessor								source_precedence:runassessor	derived	"[{""cv_accession"": null, ""cv_name"": null, ""metadata"": {""source_path"": ""runAssessor.files.PXD041681/FLI13761.mzML.spectra_stats.fragmentation_tag""}, ""scope"": ""assay"", ""source"": ""runassessor"", ""value"": ""HR HCD""}, {""cv_accession"": null, ""cv_name"": null, ""metadata"": {""source_path"": ""runAssessor.files.PXD041681/FLI13761.mzML.spectra_stats.fragmentation_type""}, ""scope"": ""assay"", ""source"": ""runassessor"", ""value"": ""HR_HCD""}]"
16	PXD041681-Sample-16	factor_value	factor value[experimental design]	patient group (ICU, NW, healthy controls)	experimental_design_agent	unfavorable clinical outcome HPPs from 19 ICU patients, 5 NW patients, and 16 healthy controls (Figure 1a) were studied	LLM_ONLY	0.5	high	False	False		source_precedence:experimental_design_agent	derived	"[{""cv_accession"": null, ""cv_name"": null, ""metadata"": {""source_field"": ""factor_value""}, ""scope"": ""study"", ""source"": ""experimental_design_agent"", ""value"": ""patient group (ICU, NW, healthy controls)""}]"
16	PXD041681-Sample-16	modification	comment[modification parameters]	NT=monohydroxylated residue;AC=MOD:00425;MT=?	pride	monohydroxylated residue							normalized_source_union	derived	"[{""fraction_modified"": null, ""raw_stem"": null, ""scope"": ""study"", ""source"": ""pride"", ""source_path"": ""pride_metadata.project.identifiedPTMStrings[0]"", ""source_value"": ""monohydroxylated residue""}]"
16	PXD041681-Sample-16	modification	comment[modification parameters]	NT=iodoacetamide derivatized residue;AC=MOD:00397;MT=?	pride	iodoacetamide derivatized residue							normalized_source_union	derived	"[{""fraction_modified"": null, ""raw_stem"": null, ""scope"": ""study"", ""source"": ""pride"", ""source_path"": ""pride_metadata.project.identifiedPTMStrings[1]"", ""source_value"": ""iodoacetamide derivatized residue""}]"
16	PXD041681-Sample-16	reduction_reagent	comment[reduction reagent]	dithiothreitol	derived								legacy_derivation	derived	[]
16	PXD041681-Sample-16	alkylation_reagent	comment[alkylation reagent]	iodoacetamide	derived								legacy_derivation	derived	[]
16	PXD041681-Sample-16	ms2_analyzer	comment[ms2 mass analyzer]	Orbitrap	technical_agent								source_precedence:technical_agent	derived	"[{""cv_accession"": null, ""cv_name"": null, ""metadata"": {}, ""scope"": ""study"", ""source"": ""technical_agent"", ""value"": ""Orbitrap""}]"
16	PXD041681-Sample-16	collision_energy	comment[collision energy]	28% NCE	derived								legacy_derivation	derived	[]
16	PXD041681-Sample-16	data_file	comment[data file]	FLI13761.raw	derived								legacy_derivation	derived	[]
16	PXD041681-Sample-16	sdrf_version	comment[sdrf version]	v1.1.0	derived								legacy_derivation	derived	[]
16	PXD041681-Sample-16	annotation_tool	comment[sdrf annotation tool]	HAMLET-agentic v2.2.5	derived								legacy_derivation	derived	[]
16	PXD041681-Sample-16	factor_disease	factor value[disease]	covid-19, healthy	derived								legacy_derivation	derived	[]
17	PXD041681-Sample-17	source_name	source name	PXD041681-Sample-17	derived								legacy_derivation	derived	[]
17	PXD041681-Sample-17	organism	characteristics[organism]	Homo sapiens	biological_agent	Platelets, the smallest cells in human blood, known for their role in primary hemostasis, are also able to interact with pathogens and play a crucial role in the immune response.	LLM_ONLY	0.5	high	False	False		source_precedence:biological_agent	derived	"[{""cv_accession"": null, ""cv_name"": null, ""metadata"": {""source_field"": ""species""}, ""scope"": ""sample"", ""source"": ""biological_agent"", ""value"": ""Homo sapiens""}]"
17	PXD041681-Sample-17	organism_part	characteristics[organism part]	blood	biological_agent	Platelets, the smallest cells in human blood, known for their role in primary hemostasis, are also able to interact with pathogens and play a crucial role in the immune response.	LLM_ONLY	0.5	high	False	False		source_precedence:biological_agent	derived	"[{""cv_accession"": null, ""cv_name"": null, ""metadata"": {""source_field"": ""tissue""}, ""scope"": ""sample"", ""source"": ""biological_agent"", ""value"": ""blood""}]"
17	PXD041681-Sample-17	disease	characteristics[disease]	covid-19, healthy	biological_agent	A comparative proteome analysis of highly purified platelets from critically diseased COVID-19 patients with different outcomes (survivors and non-survivors) and age- and sex-matched controls was performed.	LLM_ONLY	0.5	medium	False	False	COVID-19, healthy	source_precedence:biological_agent	derived	"[{""cv_accession"": null, ""cv_name"": null, ""metadata"": {""source_field"": ""disease_state""}, ""scope"": ""sample"", ""source"": ""biological_agent"", ""value"": ""COVID-19""}]"
17	PXD041681-Sample-17	cell_type	characteristics[cell type]	platelets	biological_agent	A comparative proteome analysis of highly purified platelets from critically diseased COVID-19 patients with different outcomes (survivors and non-survivors) and age- and sex-matched controls was performed.	LLM_ONLY	0.5	high	False	False		source_precedence:biological_agent	derived	"[{""cv_accession"": null, ""cv_name"": null, ""metadata"": {""source_field"": ""cell_type""}, ""scope"": ""sample"", ""source"": ""biological_agent"", ""value"": ""platelets""}]"
17	PXD041681-Sample-17	sex	characteristics[sex]	male	biological_agent	The patients all happened to be male.	LLM_ONLY	0.5	high	False	False		source_precedence:biological_agent	derived	"[{""cv_accession"": null, ""cv_name"": null, ""metadata"": {""source_field"": ""sex""}, ""scope"": ""sample"", ""source"": ""biological_agent"", ""value"": ""male""}]"
17	PXD041681-Sample-17	age	characteristics[age]	$\ge$18 years	biological_agent	Patients with a critical COVID-19 course, as well as healthy controls ($\ge$18 years of age), were enrolled in this study between 6 November 2020 and 22 February 2021.	LLM_ONLY	0.5	high	False	False		source_precedence:biological_agent	derived	"[{""cv_accession"": null, ""cv_name"": null, ""metadata"": {""source_field"": ""age""}, ""scope"": ""sample"", ""source"": ""biological_agent"", ""value"": ""$\\ge$18 years""}]"
17	PXD041681-Sample-17	assay_name	assay name	run 17	derived								legacy_derivation	derived	[]
17	PXD041681-Sample-17	technology_type	technology type	proteomic profiling by mass spectrometry	derived								legacy_derivation	derived	[]
17	PXD041681-Sample-17	acquisition	comment[proteomics data acquisition method]	NT=data-dependent acquisition;AC=PRIDE:0000627	runassessor								source_precedence:runassessor	derived	"[{""cv_accession"": null, ""cv_name"": null, ""metadata"": {""source_path"": ""runAssessor.files.PXD041681/FLI13779.mzML.spectra_stats.acquisition_type""}, ""scope"": ""assay"", ""source"": ""runassessor"", ""value"": ""DDA""}]"
17	PXD041681-Sample-17	label	comment[label]	label free sample	technical_agent				high	False	False		source_precedence:technical_agent	derived	"[{""cv_accession"": null, ""cv_name"": null, ""metadata"": {}, ""scope"": ""study"", ""source"": ""technical_agent"", ""value"": ""label-free""}]"
17	PXD041681-Sample-17	instrument	comment[instrument]	NT=Orbitrap Fusion Lumos;AC=MS:1002732	runassessor				high	False	False		source_precedence:runassessor	derived	"[{""cv_accession"": ""MS:1002732"", ""cv_name"": ""Orbitrap Fusion Lumos"", ""metadata"": {""source_path"": ""runAssessor.files.PXD041681/FLI13779.mzML.instrument_model.name""}, ""scope"": ""assay"", ""source"": ""runassessor"", ""value"": ""Orbitrap Fusion Lumos""}, {""cv_accession"": null, ""cv_name"": null, ""metadata"": {}, ""scope"": ""study"", ""source"": ""technical_agent"", ""value"": ""Orbitrap Fusion Lumos""}]"
17	PXD041681-Sample-17	cleavage_agent	comment[cleavage agent details]	NT=Trypsin;AC=MS:1001251	derived								legacy_derivation	derived	[]
17	PXD041681-Sample-17	dissociation	comment[dissociation method]	NT=beam-type collision-induced dissociation;AC=MS:1000422	runassessor								source_precedence:runassessor	derived	"[{""cv_accession"": null, ""cv_name"": null, ""metadata"": {""source_path"": ""runAssessor.files.PXD041681/FLI13779.mzML.spectra_stats.fragmentation_type""}, ""scope"": ""assay"", ""source"": ""runassessor"", ""value"": ""HR_HCD""}]"
17	PXD041681-Sample-17	factor_value	factor value[experimental design]	patient group (ICU, NW, healthy controls)	experimental_design_agent	unfavorable clinical outcome HPPs from 19 ICU patients, 5 NW patients, and 16 healthy controls (Figure 1a) were studied	LLM_ONLY	0.5	high	False	False		source_precedence:experimental_design_agent	derived	"[{""cv_accession"": null, ""cv_name"": null, ""metadata"": {""source_field"": ""factor_value""}, ""scope"": ""study"", ""source"": ""experimental_design_agent"", ""value"": ""patient group (ICU, NW, healthy controls)""}]"
17	PXD041681-Sample-17	modification	comment[modification parameters]	NT=monohydroxylated residue;AC=MOD:00425;MT=?	pride	monohydroxylated residue							normalized_source_union	derived	"[{""fraction_modified"": null, ""raw_stem"": null, ""scope"": ""study"", ""source"": ""pride"", ""source_path"": ""pride_metadata.project.identifiedPTMStrings[0]"", ""source_value"": ""monohydroxylated residue""}]"
17	PXD041681-Sample-17	modification	comment[modification parameters]	NT=iodoacetamide derivatized residue;AC=MOD:00397;MT=?	pride	iodoacetamide derivatized residue							normalized_source_union	derived	"[{""fraction_modified"": null, ""raw_stem"": null, ""scope"": ""study"", ""source"": ""pride"", ""source_path"": ""pride_metadata.project.identifiedPTMStrings[1]"", ""source_value"": ""iodoacetamide derivatized residue""}]"
17	PXD041681-Sample-17	reduction_reagent	comment[reduction reagent]	dithiothreitol	derived								legacy_derivation	derived	[]
17	PXD041681-Sample-17	alkylation_reagent	comment[alkylation reagent]	iodoacetamide	derived								legacy_derivation	derived	[]
17	PXD041681-Sample-17	ms2_analyzer	comment[ms2 mass analyzer]	Orbitrap	technical_agent								source_precedence:technical_agent	derived	"[{""cv_accession"": null, ""cv_name"": null, ""metadata"": {}, ""scope"": ""study"", ""source"": ""technical_agent"", ""value"": ""Orbitrap""}]"
17	PXD041681-Sample-17	collision_energy	comment[collision energy]	28% NCE	derived								legacy_derivation	derived	[]
17	PXD041681-Sample-17	data_file	comment[data file]	FLI13779.raw	derived								legacy_derivation	derived	[]
17	PXD041681-Sample-17	sdrf_version	comment[sdrf version]	v1.1.0	derived								legacy_derivation	derived	[]
17	PXD041681-Sample-17	annotation_tool	comment[sdrf annotation tool]	HAMLET-agentic v2.2.5	derived								legacy_derivation	derived	[]
17	PXD041681-Sample-17	factor_disease	factor value[disease]	covid-19, healthy	derived								legacy_derivation	derived	[]
18	PXD041681-Sample-18	source_name	source name	PXD041681-Sample-18	derived								legacy_derivation	derived	[]
18	PXD041681-Sample-18	organism	characteristics[organism]	Homo sapiens	biological_agent	Platelets, the smallest cells in human blood, known for their role in primary hemostasis, are also able to interact with pathogens and play a crucial role in the immune response.	LLM_ONLY	0.5	high	False	False		source_precedence:biological_agent	derived	"[{""cv_accession"": null, ""cv_name"": null, ""metadata"": {""source_field"": ""species""}, ""scope"": ""sample"", ""source"": ""biological_agent"", ""value"": ""Homo sapiens""}]"
18	PXD041681-Sample-18	organism_part	characteristics[organism part]	blood	biological_agent	Platelets, the smallest cells in human blood, known for their role in primary hemostasis, are also able to interact with pathogens and play a crucial role in the immune response.	LLM_ONLY	0.5	high	False	False		source_precedence:biological_agent	derived	"[{""cv_accession"": null, ""cv_name"": null, ""metadata"": {""source_field"": ""tissue""}, ""scope"": ""sample"", ""source"": ""biological_agent"", ""value"": ""blood""}]"
18	PXD041681-Sample-18	disease	characteristics[disease]	covid-19, healthy	biological_agent	A comparative proteome analysis of highly purified platelets from critically diseased COVID-19 patients with different outcomes (survivors and non-survivors) and age- and sex-matched controls was performed.	LLM_ONLY	0.5	medium	False	False	COVID-19, healthy	source_precedence:biological_agent	derived	"[{""cv_accession"": null, ""cv_name"": null, ""metadata"": {""source_field"": ""disease_state""}, ""scope"": ""sample"", ""source"": ""biological_agent"", ""value"": ""COVID-19""}]"
18	PXD041681-Sample-18	cell_type	characteristics[cell type]	platelets	biological_agent	A comparative proteome analysis of highly purified platelets from critically diseased COVID-19 patients with different outcomes (survivors and non-survivors) and age- and sex-matched controls was performed.	LLM_ONLY	0.5	high	False	False		source_precedence:biological_agent	derived	"[{""cv_accession"": null, ""cv_name"": null, ""metadata"": {""source_field"": ""cell_type""}, ""scope"": ""sample"", ""source"": ""biological_agent"", ""value"": ""platelets""}]"
18	PXD041681-Sample-18	sex	characteristics[sex]	male	biological_agent	The patients all happened to be male.	LLM_ONLY	0.5	high	False	False		source_precedence:biological_agent	derived	"[{""cv_accession"": null, ""cv_name"": null, ""metadata"": {""source_field"": ""sex""}, ""scope"": ""sample"", ""source"": ""biological_agent"", ""value"": ""male""}]"
18	PXD041681-Sample-18	age	characteristics[age]	$\ge$18 years	biological_agent	Patients with a critical COVID-19 course, as well as healthy controls ($\ge$18 years of age), were enrolled in this study between 6 November 2020 and 22 February 2021.	LLM_ONLY	0.5	high	False	False		source_precedence:biological_agent	derived	"[{""cv_accession"": null, ""cv_name"": null, ""metadata"": {""source_field"": ""age""}, ""scope"": ""sample"", ""source"": ""biological_agent"", ""value"": ""$\\ge$18 years""}]"
18	PXD041681-Sample-18	assay_name	assay name	run 18	derived								legacy_derivation	derived	[]
18	PXD041681-Sample-18	technology_type	technology type	proteomic profiling by mass spectrometry	derived								legacy_derivation	derived	[]
18	PXD041681-Sample-18	acquisition	comment[proteomics data acquisition method]	NT=data-dependent acquisition;AC=PRIDE:0000627	runassessor								source_precedence:runassessor	derived	"[{""cv_accession"": null, ""cv_name"": null, ""metadata"": {""source_path"": ""runAssessor.files.PXD041681/FLI13781.mzML.spectra_stats.acquisition_type""}, ""scope"": ""assay"", ""source"": ""runassessor"", ""value"": ""DDA""}]"
18	PXD041681-Sample-18	label	comment[label]	label free sample	technical_agent				high	False	False		source_precedence:technical_agent	derived	"[{""cv_accession"": null, ""cv_name"": null, ""metadata"": {}, ""scope"": ""study"", ""source"": ""technical_agent"", ""value"": ""label-free""}]"
18	PXD041681-Sample-18	instrument	comment[instrument]	NT=Orbitrap Fusion Lumos;AC=MS:1002732	runassessor				high	False	False		source_precedence:runassessor	derived	"[{""cv_accession"": ""MS:1002732"", ""cv_name"": ""Orbitrap Fusion Lumos"", ""metadata"": {""source_path"": ""runAssessor.files.PXD041681/FLI13781.mzML.instrument_model.name""}, ""scope"": ""assay"", ""source"": ""runassessor"", ""value"": ""Orbitrap Fusion Lumos""}, {""cv_accession"": null, ""cv_name"": null, ""metadata"": {}, ""scope"": ""study"", ""source"": ""technical_agent"", ""value"": ""Orbitrap Fusion Lumos""}]"
18	PXD041681-Sample-18	cleavage_agent	comment[cleavage agent details]	NT=Trypsin;AC=MS:1001251	derived								legacy_derivation	derived	[]
18	PXD041681-Sample-18	dissociation	comment[dissociation method]	NT=beam-type collision-induced dissociation;AC=MS:1000422	runassessor								source_precedence:runassessor	derived	"[{""cv_accession"": null, ""cv_name"": null, ""metadata"": {""source_path"": ""runAssessor.files.PXD041681/FLI13781.mzML.spectra_stats.fragmentation_tag""}, ""scope"": ""assay"", ""source"": ""runassessor"", ""value"": ""HR HCD""}, {""cv_accession"": null, ""cv_name"": null, ""metadata"": {""source_path"": ""runAssessor.files.PXD041681/FLI13781.mzML.spectra_stats.fragmentation_type""}, ""scope"": ""assay"", ""source"": ""runassessor"", ""value"": ""HR_HCD""}]"
18	PXD041681-Sample-18	factor_value	factor value[experimental design]	patient group (ICU, NW, healthy controls)	experimental_design_agent	unfavorable clinical outcome HPPs from 19 ICU patients, 5 NW patients, and 16 healthy controls (Figure 1a) were studied	LLM_ONLY	0.5	high	False	False		source_precedence:experimental_design_agent	derived	"[{""cv_accession"": null, ""cv_name"": null, ""metadata"": {""source_field"": ""factor_value""}, ""scope"": ""study"", ""source"": ""experimental_design_agent"", ""value"": ""patient group (ICU, NW, healthy controls)""}]"
18	PXD041681-Sample-18	modification	comment[modification parameters]	NT=monohydroxylated residue;AC=MOD:00425;MT=?	pride	monohydroxylated residue							normalized_source_union	derived	"[{""fraction_modified"": null, ""raw_stem"": null, ""scope"": ""study"", ""source"": ""pride"", ""source_path"": ""pride_metadata.project.identifiedPTMStrings[0]"", ""source_value"": ""monohydroxylated residue""}]"
18	PXD041681-Sample-18	modification	comment[modification parameters]	NT=iodoacetamide derivatized residue;AC=MOD:00397;MT=?	pride	iodoacetamide derivatized residue							normalized_source_union	derived	"[{""fraction_modified"": null, ""raw_stem"": null, ""scope"": ""study"", ""source"": ""pride"", ""source_path"": ""pride_metadata.project.identifiedPTMStrings[1]"", ""source_value"": ""iodoacetamide derivatized residue""}]"
18	PXD041681-Sample-18	reduction_reagent	comment[reduction reagent]	dithiothreitol	derived								legacy_derivation	derived	[]
18	PXD041681-Sample-18	alkylation_reagent	comment[alkylation reagent]	iodoacetamide	derived								legacy_derivation	derived	[]
18	PXD041681-Sample-18	ms2_analyzer	comment[ms2 mass analyzer]	Orbitrap	technical_agent								source_precedence:technical_agent	derived	"[{""cv_accession"": null, ""cv_name"": null, ""metadata"": {}, ""scope"": ""study"", ""source"": ""technical_agent"", ""value"": ""Orbitrap""}]"
18	PXD041681-Sample-18	collision_energy	comment[collision energy]	28% NCE	derived								legacy_derivation	derived	[]
18	PXD041681-Sample-18	data_file	comment[data file]	FLI13781.raw	derived								legacy_derivation	derived	[]
18	PXD041681-Sample-18	sdrf_version	comment[sdrf version]	v1.1.0	derived								legacy_derivation	derived	[]
18	PXD041681-Sample-18	annotation_tool	comment[sdrf annotation tool]	HAMLET-agentic v2.2.5	derived								legacy_derivation	derived	[]
18	PXD041681-Sample-18	factor_disease	factor value[disease]	covid-19, healthy	derived								legacy_derivation	derived	[]
19	PXD041681-Sample-19	source_name	source name	PXD041681-Sample-19	derived								legacy_derivation	derived	[]
19	PXD041681-Sample-19	organism	characteristics[organism]	Homo sapiens	biological_agent	Platelets, the smallest cells in human blood, known for their role in primary hemostasis, are also able to interact with pathogens and play a crucial role in the immune response.	LLM_ONLY	0.5	high	False	False		source_precedence:biological_agent	derived	"[{""cv_accession"": null, ""cv_name"": null, ""metadata"": {""source_field"": ""species""}, ""scope"": ""sample"", ""source"": ""biological_agent"", ""value"": ""Homo sapiens""}]"
19	PXD041681-Sample-19	organism_part	characteristics[organism part]	blood	biological_agent	Platelets, the smallest cells in human blood, known for their role in primary hemostasis, are also able to interact with pathogens and play a crucial role in the immune response.	LLM_ONLY	0.5	high	False	False		source_precedence:biological_agent	derived	"[{""cv_accession"": null, ""cv_name"": null, ""metadata"": {""source_field"": ""tissue""}, ""scope"": ""sample"", ""source"": ""biological_agent"", ""value"": ""blood""}]"
19	PXD041681-Sample-19	disease	characteristics[disease]	covid-19, healthy	biological_agent	A comparative proteome analysis of highly purified platelets from critically diseased COVID-19 patients with different outcomes (survivors and non-survivors) and age- and sex-matched controls was performed.	LLM_ONLY	0.5	medium	False	False	COVID-19, healthy	source_precedence:biological_agent	derived	"[{""cv_accession"": null, ""cv_name"": null, ""metadata"": {""source_field"": ""disease_state""}, ""scope"": ""sample"", ""source"": ""biological_agent"", ""value"": ""COVID-19""}]"
19	PXD041681-Sample-19	cell_type	characteristics[cell type]	platelets	biological_agent	A comparative proteome analysis of highly purified platelets from critically diseased COVID-19 patients with different outcomes (survivors and non-survivors) and age- and sex-matched controls was performed.	LLM_ONLY	0.5	high	False	False		source_precedence:biological_agent	derived	"[{""cv_accession"": null, ""cv_name"": null, ""metadata"": {""source_field"": ""cell_type""}, ""scope"": ""sample"", ""source"": ""biological_agent"", ""value"": ""platelets""}]"
19	PXD041681-Sample-19	sex	characteristics[sex]	male	biological_agent	The patients all happened to be male.	LLM_ONLY	0.5	high	False	False		source_precedence:biological_agent	derived	"[{""cv_accession"": null, ""cv_name"": null, ""metadata"": {""source_field"": ""sex""}, ""scope"": ""sample"", ""source"": ""biological_agent"", ""value"": ""male""}]"
19	PXD041681-Sample-19	age	characteristics[age]	$\ge$18 years	biological_agent	Patients with a critical COVID-19 course, as well as healthy controls ($\ge$18 years of age), were enrolled in this study between 6 November 2020 and 22 February 2021.	LLM_ONLY	0.5	high	False	False		source_precedence:biological_agent	derived	"[{""cv_accession"": null, ""cv_name"": null, ""metadata"": {""source_field"": ""age""}, ""scope"": ""sample"", ""source"": ""biological_agent"", ""value"": ""$\\ge$18 years""}]"
19	PXD041681-Sample-19	assay_name	assay name	run 19	derived								legacy_derivation	derived	[]
19	PXD041681-Sample-19	technology_type	technology type	proteomic profiling by mass spectrometry	derived								legacy_derivation	derived	[]
19	PXD041681-Sample-19	acquisition	comment[proteomics data acquisition method]	NT=data-dependent acquisition;AC=PRIDE:0000627	runassessor								source_precedence:runassessor	derived	"[{""cv_accession"": null, ""cv_name"": null, ""metadata"": {""source_path"": ""runAssessor.files.PXD041681/FLI13823.mzML.spectra_stats.acquisition_type""}, ""scope"": ""assay"", ""source"": ""runassessor"", ""value"": ""DDA""}]"
19	PXD041681-Sample-19	label	comment[label]	label free sample	technical_agent				high	False	False		source_precedence:technical_agent	derived	"[{""cv_accession"": null, ""cv_name"": null, ""metadata"": {}, ""scope"": ""study"", ""source"": ""technical_agent"", ""value"": ""label-free""}]"
19	PXD041681-Sample-19	instrument	comment[instrument]	NT=Orbitrap Fusion Lumos;AC=MS:1002732	runassessor				high	False	False		source_precedence:runassessor	derived	"[{""cv_accession"": ""MS:1002732"", ""cv_name"": ""Orbitrap Fusion Lumos"", ""metadata"": {""source_path"": ""runAssessor.files.PXD041681/FLI13823.mzML.instrument_model.name""}, ""scope"": ""assay"", ""source"": ""runassessor"", ""value"": ""Orbitrap Fusion Lumos""}, {""cv_accession"": null, ""cv_name"": null, ""metadata"": {}, ""scope"": ""study"", ""source"": ""technical_agent"", ""value"": ""Orbitrap Fusion Lumos""}]"
19	PXD041681-Sample-19	cleavage_agent	comment[cleavage agent details]	NT=Trypsin;AC=MS:1001251	derived								legacy_derivation	derived	[]
19	PXD041681-Sample-19	dissociation	comment[dissociation method]	NT=beam-type collision-induced dissociation;AC=MS:1000422	runassessor								source_precedence:runassessor	derived	"[{""cv_accession"": null, ""cv_name"": null, ""metadata"": {""source_path"": ""runAssessor.files.PXD041681/FLI13823.mzML.spectra_stats.fragmentation_tag""}, ""scope"": ""assay"", ""source"": ""runassessor"", ""value"": ""HR HCD""}, {""cv_accession"": null, ""cv_name"": null, ""metadata"": {""source_path"": ""runAssessor.files.PXD041681/FLI13823.mzML.spectra_stats.fragmentation_type""}, ""scope"": ""assay"", ""source"": ""runassessor"", ""value"": ""HR_HCD""}]"
19	PXD041681-Sample-19	factor_value	factor value[experimental design]	patient group (ICU, NW, healthy controls)	experimental_design_agent	unfavorable clinical outcome HPPs from 19 ICU patients, 5 NW patients, and 16 healthy controls (Figure 1a) were studied	LLM_ONLY	0.5	high	False	False		source_precedence:experimental_design_agent	derived	"[{""cv_accession"": null, ""cv_name"": null, ""metadata"": {""source_field"": ""factor_value""}, ""scope"": ""study"", ""source"": ""experimental_design_agent"", ""value"": ""patient group (ICU, NW, healthy controls)""}]"
19	PXD041681-Sample-19	modification	comment[modification parameters]	NT=monohydroxylated residue;AC=MOD:00425;MT=?	pride	monohydroxylated residue							normalized_source_union	derived	"[{""fraction_modified"": null, ""raw_stem"": null, ""scope"": ""study"", ""source"": ""pride"", ""source_path"": ""pride_metadata.project.identifiedPTMStrings[0]"", ""source_value"": ""monohydroxylated residue""}]"
19	PXD041681-Sample-19	modification	comment[modification parameters]	NT=iodoacetamide derivatized residue;AC=MOD:00397;MT=?	pride	iodoacetamide derivatized residue							normalized_source_union	derived	"[{""fraction_modified"": null, ""raw_stem"": null, ""scope"": ""study"", ""source"": ""pride"", ""source_path"": ""pride_metadata.project.identifiedPTMStrings[1]"", ""source_value"": ""iodoacetamide derivatized residue""}]"
19	PXD041681-Sample-19	reduction_reagent	comment[reduction reagent]	dithiothreitol	derived								legacy_derivation	derived	[]
19	PXD041681-Sample-19	alkylation_reagent	comment[alkylation reagent]	iodoacetamide	derived								legacy_derivation	derived	[]
19	PXD041681-Sample-19	ms2_analyzer	comment[ms2 mass analyzer]	Orbitrap	technical_agent								source_precedence:technical_agent	derived	"[{""cv_accession"": null, ""cv_name"": null, ""metadata"": {}, ""scope"": ""study"", ""source"": ""technical_agent"", ""value"": ""Orbitrap""}]"
19	PXD041681-Sample-19	collision_energy	comment[collision energy]	28% NCE	derived								legacy_derivation	derived	[]
19	PXD041681-Sample-19	data_file	comment[data file]	FLI13823.raw	derived								legacy_derivation	derived	[]
19	PXD041681-Sample-19	sdrf_version	comment[sdrf version]	v1.1.0	derived								legacy_derivation	derived	[]
19	PXD041681-Sample-19	annotation_tool	comment[sdrf annotation tool]	HAMLET-agentic v2.2.5	derived								legacy_derivation	derived	[]
19	PXD041681-Sample-19	factor_disease	factor value[disease]	covid-19, healthy	derived								legacy_derivation	derived	[]
20	PXD041681-Sample-20	source_name	source name	PXD041681-Sample-20	derived								legacy_derivation	derived	[]
20	PXD041681-Sample-20	organism	characteristics[organism]	Homo sapiens	biological_agent	Platelets, the smallest cells in human blood, known for their role in primary hemostasis, are also able to interact with pathogens and play a crucial role in the immune response.	LLM_ONLY	0.5	high	False	False		source_precedence:biological_agent	derived	"[{""cv_accession"": null, ""cv_name"": null, ""metadata"": {""source_field"": ""species""}, ""scope"": ""sample"", ""source"": ""biological_agent"", ""value"": ""Homo sapiens""}]"
20	PXD041681-Sample-20	organism_part	characteristics[organism part]	blood	biological_agent	Platelets, the smallest cells in human blood, known for their role in primary hemostasis, are also able to interact with pathogens and play a crucial role in the immune response.	LLM_ONLY	0.5	high	False	False		source_precedence:biological_agent	derived	"[{""cv_accession"": null, ""cv_name"": null, ""metadata"": {""source_field"": ""tissue""}, ""scope"": ""sample"", ""source"": ""biological_agent"", ""value"": ""blood""}]"
20	PXD041681-Sample-20	disease	characteristics[disease]	covid-19, healthy	biological_agent	A comparative proteome analysis of highly purified platelets from critically diseased COVID-19 patients with different outcomes (survivors and non-survivors) and age- and sex-matched controls was performed.	LLM_ONLY	0.5	medium	False	False	COVID-19, healthy	source_precedence:biological_agent	derived	"[{""cv_accession"": null, ""cv_name"": null, ""metadata"": {""source_field"": ""disease_state""}, ""scope"": ""sample"", ""source"": ""biological_agent"", ""value"": ""COVID-19""}]"
20	PXD041681-Sample-20	cell_type	characteristics[cell type]	platelets	biological_agent	A comparative proteome analysis of highly purified platelets from critically diseased COVID-19 patients with different outcomes (survivors and non-survivors) and age- and sex-matched controls was performed.	LLM_ONLY	0.5	high	False	False		source_precedence:biological_agent	derived	"[{""cv_accession"": null, ""cv_name"": null, ""metadata"": {""source_field"": ""cell_type""}, ""scope"": ""sample"", ""source"": ""biological_agent"", ""value"": ""platelets""}]"
20	PXD041681-Sample-20	sex	characteristics[sex]	male	biological_agent	The patients all happened to be male.	LLM_ONLY	0.5	high	False	False		source_precedence:biological_agent	derived	"[{""cv_accession"": null, ""cv_name"": null, ""metadata"": {""source_field"": ""sex""}, ""scope"": ""sample"", ""source"": ""biological_agent"", ""value"": ""male""}]"
20	PXD041681-Sample-20	age	characteristics[age]	$\ge$18 years	biological_agent	Patients with a critical COVID-19 course, as well as healthy controls ($\ge$18 years of age), were enrolled in this study between 6 November 2020 and 22 February 2021.	LLM_ONLY	0.5	high	False	False		source_precedence:biological_agent	derived	"[{""cv_accession"": null, ""cv_name"": null, ""metadata"": {""source_field"": ""age""}, ""scope"": ""sample"", ""source"": ""biological_agent"", ""value"": ""$\\ge$18 years""}]"
20	PXD041681-Sample-20	assay_name	assay name	run 20	derived								legacy_derivation	derived	[]
20	PXD041681-Sample-20	technology_type	technology type	proteomic profiling by mass spectrometry	derived								legacy_derivation	derived	[]
20	PXD041681-Sample-20	acquisition	comment[proteomics data acquisition method]	NT=data-dependent acquisition;AC=PRIDE:0000627	runassessor								source_precedence:runassessor	derived	"[{""cv_accession"": null, ""cv_name"": null, ""metadata"": {""source_path"": ""runAssessor.files.PXD041681/FLI13771.mzML.spectra_stats.acquisition_type""}, ""scope"": ""assay"", ""source"": ""runassessor"", ""value"": ""DDA""}]"
20	PXD041681-Sample-20	label	comment[label]	label free sample	technical_agent				high	False	False		source_precedence:technical_agent	derived	"[{""cv_accession"": null, ""cv_name"": null, ""metadata"": {}, ""scope"": ""study"", ""source"": ""technical_agent"", ""value"": ""label-free""}]"
20	PXD041681-Sample-20	instrument	comment[instrument]	NT=Orbitrap Fusion Lumos;AC=MS:1002732	runassessor				high	False	False		source_precedence:runassessor	derived	"[{""cv_accession"": ""MS:1002732"", ""cv_name"": ""Orbitrap Fusion Lumos"", ""metadata"": {""source_path"": ""runAssessor.files.PXD041681/FLI13771.mzML.instrument_model.name""}, ""scope"": ""assay"", ""source"": ""runassessor"", ""value"": ""Orbitrap Fusion Lumos""}, {""cv_accession"": null, ""cv_name"": null, ""metadata"": {}, ""scope"": ""study"", ""source"": ""technical_agent"", ""value"": ""Orbitrap Fusion Lumos""}]"
20	PXD041681-Sample-20	cleavage_agent	comment[cleavage agent details]	NT=Trypsin;AC=MS:1001251	derived								legacy_derivation	derived	[]
20	PXD041681-Sample-20	dissociation	comment[dissociation method]	NT=beam-type collision-induced dissociation;AC=MS:1000422	runassessor								source_precedence:runassessor	derived	"[{""cv_accession"": null, ""cv_name"": null, ""metadata"": {""source_path"": ""runAssessor.files.PXD041681/FLI13771.mzML.spectra_stats.fragmentation_tag""}, ""scope"": ""assay"", ""source"": ""runassessor"", ""value"": ""HR HCD""}, {""cv_accession"": null, ""cv_name"": null, ""metadata"": {""source_path"": ""runAssessor.files.PXD041681/FLI13771.mzML.spectra_stats.fragmentation_type""}, ""scope"": ""assay"", ""source"": ""runassessor"", ""value"": ""HR_HCD""}]"
20	PXD041681-Sample-20	factor_value	factor value[experimental design]	patient group (ICU, NW, healthy controls)	experimental_design_agent	unfavorable clinical outcome HPPs from 19 ICU patients, 5 NW patients, and 16 healthy controls (Figure 1a) were studied	LLM_ONLY	0.5	high	False	False		source_precedence:experimental_design_agent	derived	"[{""cv_accession"": null, ""cv_name"": null, ""metadata"": {""source_field"": ""factor_value""}, ""scope"": ""study"", ""source"": ""experimental_design_agent"", ""value"": ""patient group (ICU, NW, healthy controls)""}]"
20	PXD041681-Sample-20	modification	comment[modification parameters]	NT=monohydroxylated residue;AC=MOD:00425;MT=?	pride	monohydroxylated residue							normalized_source_union	derived	"[{""fraction_modified"": null, ""raw_stem"": null, ""scope"": ""study"", ""source"": ""pride"", ""source_path"": ""pride_metadata.project.identifiedPTMStrings[0]"", ""source_value"": ""monohydroxylated residue""}]"
20	PXD041681-Sample-20	modification	comment[modification parameters]	NT=iodoacetamide derivatized residue;AC=MOD:00397;MT=?	pride	iodoacetamide derivatized residue							normalized_source_union	derived	"[{""fraction_modified"": null, ""raw_stem"": null, ""scope"": ""study"", ""source"": ""pride"", ""source_path"": ""pride_metadata.project.identifiedPTMStrings[1]"", ""source_value"": ""iodoacetamide derivatized residue""}]"
20	PXD041681-Sample-20	reduction_reagent	comment[reduction reagent]	dithiothreitol	derived								legacy_derivation	derived	[]
20	PXD041681-Sample-20	alkylation_reagent	comment[alkylation reagent]	iodoacetamide	derived								legacy_derivation	derived	[]
20	PXD041681-Sample-20	ms2_analyzer	comment[ms2 mass analyzer]	Orbitrap	technical_agent								source_precedence:technical_agent	derived	"[{""cv_accession"": null, ""cv_name"": null, ""metadata"": {}, ""scope"": ""study"", ""source"": ""technical_agent"", ""value"": ""Orbitrap""}]"
20	PXD041681-Sample-20	collision_energy	comment[collision energy]	28% NCE	derived								legacy_derivation	derived	[]
20	PXD041681-Sample-20	data_file	comment[data file]	FLI13771.raw	derived								legacy_derivation	derived	[]
20	PXD041681-Sample-20	sdrf_version	comment[sdrf version]	v1.1.0	derived								legacy_derivation	derived	[]
20	PXD041681-Sample-20	annotation_tool	comment[sdrf annotation tool]	HAMLET-agentic v2.2.5	derived								legacy_derivation	derived	[]
20	PXD041681-Sample-20	factor_disease	factor value[disease]	covid-19, healthy	derived								legacy_derivation	derived	[]
21	PXD041681-Sample-21	source_name	source name	PXD041681-Sample-21	derived								legacy_derivation	derived	[]
21	PXD041681-Sample-21	organism	characteristics[organism]	Homo sapiens	biological_agent	Platelets, the smallest cells in human blood, known for their role in primary hemostasis, are also able to interact with pathogens and play a crucial role in the immune response.	LLM_ONLY	0.5	high	False	False		source_precedence:biological_agent	derived	"[{""cv_accession"": null, ""cv_name"": null, ""metadata"": {""source_field"": ""species""}, ""scope"": ""sample"", ""source"": ""biological_agent"", ""value"": ""Homo sapiens""}]"
21	PXD041681-Sample-21	organism_part	characteristics[organism part]	blood	biological_agent	Platelets, the smallest cells in human blood, known for their role in primary hemostasis, are also able to interact with pathogens and play a crucial role in the immune response.	LLM_ONLY	0.5	high	False	False		source_precedence:biological_agent	derived	"[{""cv_accession"": null, ""cv_name"": null, ""metadata"": {""source_field"": ""tissue""}, ""scope"": ""sample"", ""source"": ""biological_agent"", ""value"": ""blood""}]"
21	PXD041681-Sample-21	disease	characteristics[disease]	covid-19, healthy	biological_agent	A comparative proteome analysis of highly purified platelets from critically diseased COVID-19 patients with different outcomes (survivors and non-survivors) and age- and sex-matched controls was performed.	LLM_ONLY	0.5	medium	False	False	COVID-19, healthy	source_precedence:biological_agent	derived	"[{""cv_accession"": null, ""cv_name"": null, ""metadata"": {""source_field"": ""disease_state""}, ""scope"": ""sample"", ""source"": ""biological_agent"", ""value"": ""COVID-19""}]"
21	PXD041681-Sample-21	cell_type	characteristics[cell type]	platelets	biological_agent	A comparative proteome analysis of highly purified platelets from critically diseased COVID-19 patients with different outcomes (survivors and non-survivors) and age- and sex-matched controls was performed.	LLM_ONLY	0.5	high	False	False		source_precedence:biological_agent	derived	"[{""cv_accession"": null, ""cv_name"": null, ""metadata"": {""source_field"": ""cell_type""}, ""scope"": ""sample"", ""source"": ""biological_agent"", ""value"": ""platelets""}]"
21	PXD041681-Sample-21	sex	characteristics[sex]	male	biological_agent	The patients all happened to be male.	LLM_ONLY	0.5	high	False	False		source_precedence:biological_agent	derived	"[{""cv_accession"": null, ""cv_name"": null, ""metadata"": {""source_field"": ""sex""}, ""scope"": ""sample"", ""source"": ""biological_agent"", ""value"": ""male""}]"
21	PXD041681-Sample-21	age	characteristics[age]	$\ge$18 years	biological_agent	Patients with a critical COVID-19 course, as well as healthy controls ($\ge$18 years of age), were enrolled in this study between 6 November 2020 and 22 February 2021.	LLM_ONLY	0.5	high	False	False		source_precedence:biological_agent	derived	"[{""cv_accession"": null, ""cv_name"": null, ""metadata"": {""source_field"": ""age""}, ""scope"": ""sample"", ""source"": ""biological_agent"", ""value"": ""$\\ge$18 years""}]"
21	PXD041681-Sample-21	assay_name	assay name	run 21	derived								legacy_derivation	derived	[]
21	PXD041681-Sample-21	technology_type	technology type	proteomic profiling by mass spectrometry	derived								legacy_derivation	derived	[]
21	PXD041681-Sample-21	acquisition	comment[proteomics data acquisition method]	NT=data-dependent acquisition;AC=PRIDE:0000627	runassessor								source_precedence:runassessor	derived	"[{""cv_accession"": null, ""cv_name"": null, ""metadata"": {""source_path"": ""runAssessor.files.PXD041681/FLI13789.mzML.spectra_stats.acquisition_type""}, ""scope"": ""assay"", ""source"": ""runassessor"", ""value"": ""DDA""}]"
21	PXD041681-Sample-21	label	comment[label]	label free sample	technical_agent				high	False	False		source_precedence:technical_agent	derived	"[{""cv_accession"": null, ""cv_name"": null, ""metadata"": {}, ""scope"": ""study"", ""source"": ""technical_agent"", ""value"": ""label-free""}]"
21	PXD041681-Sample-21	instrument	comment[instrument]	NT=Orbitrap Fusion Lumos;AC=MS:1002732	runassessor				high	False	False		source_precedence:runassessor	derived	"[{""cv_accession"": ""MS:1002732"", ""cv_name"": ""Orbitrap Fusion Lumos"", ""metadata"": {""source_path"": ""runAssessor.files.PXD041681/FLI13789.mzML.instrument_model.name""}, ""scope"": ""assay"", ""source"": ""runassessor"", ""value"": ""Orbitrap Fusion Lumos""}, {""cv_accession"": null, ""cv_name"": null, ""metadata"": {}, ""scope"": ""study"", ""source"": ""technical_agent"", ""value"": ""Orbitrap Fusion Lumos""}]"
21	PXD041681-Sample-21	cleavage_agent	comment[cleavage agent details]	NT=Trypsin;AC=MS:1001251	derived								legacy_derivation	derived	[]
21	PXD041681-Sample-21	dissociation	comment[dissociation method]	NT=beam-type collision-induced dissociation;AC=MS:1000422	runassessor								source_precedence:runassessor	derived	"[{""cv_accession"": null, ""cv_name"": null, ""metadata"": {""source_path"": ""runAssessor.files.PXD041681/FLI13789.mzML.spectra_stats.fragmentation_type""}, ""scope"": ""assay"", ""source"": ""runassessor"", ""value"": ""HR_HCD""}]"
21	PXD041681-Sample-21	factor_value	factor value[experimental design]	patient group (ICU, NW, healthy controls)	experimental_design_agent	unfavorable clinical outcome HPPs from 19 ICU patients, 5 NW patients, and 16 healthy controls (Figure 1a) were studied	LLM_ONLY	0.5	high	False	False		source_precedence:experimental_design_agent	derived	"[{""cv_accession"": null, ""cv_name"": null, ""metadata"": {""source_field"": ""factor_value""}, ""scope"": ""study"", ""source"": ""experimental_design_agent"", ""value"": ""patient group (ICU, NW, healthy controls)""}]"
21	PXD041681-Sample-21	modification	comment[modification parameters]	NT=monohydroxylated residue;AC=MOD:00425;MT=?	pride	monohydroxylated residue							normalized_source_union	derived	"[{""fraction_modified"": null, ""raw_stem"": null, ""scope"": ""study"", ""source"": ""pride"", ""source_path"": ""pride_metadata.project.identifiedPTMStrings[0]"", ""source_value"": ""monohydroxylated residue""}]"
21	PXD041681-Sample-21	modification	comment[modification parameters]	NT=iodoacetamide derivatized residue;AC=MOD:00397;MT=?	pride	iodoacetamide derivatized residue							normalized_source_union	derived	"[{""fraction_modified"": null, ""raw_stem"": null, ""scope"": ""study"", ""source"": ""pride"", ""source_path"": ""pride_metadata.project.identifiedPTMStrings[1]"", ""source_value"": ""iodoacetamide derivatized residue""}]"
21	PXD041681-Sample-21	reduction_reagent	comment[reduction reagent]	dithiothreitol	derived								legacy_derivation	derived	[]
21	PXD041681-Sample-21	alkylation_reagent	comment[alkylation reagent]	iodoacetamide	derived								legacy_derivation	derived	[]
21	PXD041681-Sample-21	ms2_analyzer	comment[ms2 mass analyzer]	Orbitrap	technical_agent								source_precedence:technical_agent	derived	"[{""cv_accession"": null, ""cv_name"": null, ""metadata"": {}, ""scope"": ""study"", ""source"": ""technical_agent"", ""value"": ""Orbitrap""}]"
21	PXD041681-Sample-21	collision_energy	comment[collision energy]	28% NCE	derived								legacy_derivation	derived	[]
21	PXD041681-Sample-21	data_file	comment[data file]	FLI13789.raw	derived								legacy_derivation	derived	[]
21	PXD041681-Sample-21	sdrf_version	comment[sdrf version]	v1.1.0	derived								legacy_derivation	derived	[]
21	PXD041681-Sample-21	annotation_tool	comment[sdrf annotation tool]	HAMLET-agentic v2.2.5	derived								legacy_derivation	derived	[]
21	PXD041681-Sample-21	factor_disease	factor value[disease]	covid-19, healthy	derived								legacy_derivation	derived	[]
22	PXD041681-Sample-22	source_name	source name	PXD041681-Sample-22	derived								legacy_derivation	derived	[]
22	PXD041681-Sample-22	organism	characteristics[organism]	Homo sapiens	biological_agent	Platelets, the smallest cells in human blood, known for their role in primary hemostasis, are also able to interact with pathogens and play a crucial role in the immune response.	LLM_ONLY	0.5	high	False	False		source_precedence:biological_agent	derived	"[{""cv_accession"": null, ""cv_name"": null, ""metadata"": {""source_field"": ""species""}, ""scope"": ""sample"", ""source"": ""biological_agent"", ""value"": ""Homo sapiens""}]"
22	PXD041681-Sample-22	organism_part	characteristics[organism part]	blood	biological_agent	Platelets, the smallest cells in human blood, known for their role in primary hemostasis, are also able to interact with pathogens and play a crucial role in the immune response.	LLM_ONLY	0.5	high	False	False		source_precedence:biological_agent	derived	"[{""cv_accession"": null, ""cv_name"": null, ""metadata"": {""source_field"": ""tissue""}, ""scope"": ""sample"", ""source"": ""biological_agent"", ""value"": ""blood""}]"
22	PXD041681-Sample-22	disease	characteristics[disease]	covid-19, healthy	biological_agent	A comparative proteome analysis of highly purified platelets from critically diseased COVID-19 patients with different outcomes (survivors and non-survivors) and age- and sex-matched controls was performed.	LLM_ONLY	0.5	medium	False	False	COVID-19, healthy	source_precedence:biological_agent	derived	"[{""cv_accession"": null, ""cv_name"": null, ""metadata"": {""source_field"": ""disease_state""}, ""scope"": ""sample"", ""source"": ""biological_agent"", ""value"": ""COVID-19""}]"
22	PXD041681-Sample-22	cell_type	characteristics[cell type]	platelets	biological_agent	A comparative proteome analysis of highly purified platelets from critically diseased COVID-19 patients with different outcomes (survivors and non-survivors) and age- and sex-matched controls was performed.	LLM_ONLY	0.5	high	False	False		source_precedence:biological_agent	derived	"[{""cv_accession"": null, ""cv_name"": null, ""metadata"": {""source_field"": ""cell_type""}, ""scope"": ""sample"", ""source"": ""biological_agent"", ""value"": ""platelets""}]"
22	PXD041681-Sample-22	sex	characteristics[sex]	male	biological_agent	The patients all happened to be male.	LLM_ONLY	0.5	high	False	False		source_precedence:biological_agent	derived	"[{""cv_accession"": null, ""cv_name"": null, ""metadata"": {""source_field"": ""sex""}, ""scope"": ""sample"", ""source"": ""biological_agent"", ""value"": ""male""}]"
22	PXD041681-Sample-22	age	characteristics[age]	$\ge$18 years	biological_agent	Patients with a critical COVID-19 course, as well as healthy controls ($\ge$18 years of age), were enrolled in this study between 6 November 2020 and 22 February 2021.	LLM_ONLY	0.5	high	False	False		source_precedence:biological_agent	derived	"[{""cv_accession"": null, ""cv_name"": null, ""metadata"": {""source_field"": ""age""}, ""scope"": ""sample"", ""source"": ""biological_agent"", ""value"": ""$\\ge$18 years""}]"
22	PXD041681-Sample-22	assay_name	assay name	run 22	derived								legacy_derivation	derived	[]
22	PXD041681-Sample-22	technology_type	technology type	proteomic profiling by mass spectrometry	derived								legacy_derivation	derived	[]
22	PXD041681-Sample-22	acquisition	comment[proteomics data acquisition method]	NT=data-dependent acquisition;AC=PRIDE:0000627	runassessor								source_precedence:runassessor	derived	"[{""cv_accession"": null, ""cv_name"": null, ""metadata"": {""source_path"": ""runAssessor.files.PXD041681/FLI13819.mzML.spectra_stats.acquisition_type""}, ""scope"": ""assay"", ""source"": ""runassessor"", ""value"": ""DDA""}]"
22	PXD041681-Sample-22	label	comment[label]	label free sample	technical_agent				high	False	False		source_precedence:technical_agent	derived	"[{""cv_accession"": null, ""cv_name"": null, ""metadata"": {}, ""scope"": ""study"", ""source"": ""technical_agent"", ""value"": ""label-free""}]"
22	PXD041681-Sample-22	instrument	comment[instrument]	NT=Orbitrap Fusion Lumos;AC=MS:1002732	runassessor				high	False	False		source_precedence:runassessor	derived	"[{""cv_accession"": ""MS:1002732"", ""cv_name"": ""Orbitrap Fusion Lumos"", ""metadata"": {""source_path"": ""runAssessor.files.PXD041681/FLI13819.mzML.instrument_model.name""}, ""scope"": ""assay"", ""source"": ""runassessor"", ""value"": ""Orbitrap Fusion Lumos""}, {""cv_accession"": null, ""cv_name"": null, ""metadata"": {}, ""scope"": ""study"", ""source"": ""technical_agent"", ""value"": ""Orbitrap Fusion Lumos""}]"
22	PXD041681-Sample-22	cleavage_agent	comment[cleavage agent details]	NT=Trypsin;AC=MS:1001251	derived								legacy_derivation	derived	[]
22	PXD041681-Sample-22	dissociation	comment[dissociation method]	NT=beam-type collision-induced dissociation;AC=MS:1000422	runassessor								source_precedence:runassessor	derived	"[{""cv_accession"": null, ""cv_name"": null, ""metadata"": {""source_path"": ""runAssessor.files.PXD041681/FLI13819.mzML.spectra_stats.fragmentation_type""}, ""scope"": ""assay"", ""source"": ""runassessor"", ""value"": ""HR_HCD""}]"
22	PXD041681-Sample-22	factor_value	factor value[experimental design]	patient group (ICU, NW, healthy controls)	experimental_design_agent	unfavorable clinical outcome HPPs from 19 ICU patients, 5 NW patients, and 16 healthy controls (Figure 1a) were studied	LLM_ONLY	0.5	high	False	False		source_precedence:experimental_design_agent	derived	"[{""cv_accession"": null, ""cv_name"": null, ""metadata"": {""source_field"": ""factor_value""}, ""scope"": ""study"", ""source"": ""experimental_design_agent"", ""value"": ""patient group (ICU, NW, healthy controls)""}]"
22	PXD041681-Sample-22	modification	comment[modification parameters]	NT=monohydroxylated residue;AC=MOD:00425;MT=?	pride	monohydroxylated residue							normalized_source_union	derived	"[{""fraction_modified"": null, ""raw_stem"": null, ""scope"": ""study"", ""source"": ""pride"", ""source_path"": ""pride_metadata.project.identifiedPTMStrings[0]"", ""source_value"": ""monohydroxylated residue""}]"
22	PXD041681-Sample-22	modification	comment[modification parameters]	NT=iodoacetamide derivatized residue;AC=MOD:00397;MT=?	pride	iodoacetamide derivatized residue							normalized_source_union	derived	"[{""fraction_modified"": null, ""raw_stem"": null, ""scope"": ""study"", ""source"": ""pride"", ""source_path"": ""pride_metadata.project.identifiedPTMStrings[1]"", ""source_value"": ""iodoacetamide derivatized residue""}]"
22	PXD041681-Sample-22	reduction_reagent	comment[reduction reagent]	dithiothreitol	derived								legacy_derivation	derived	[]
22	PXD041681-Sample-22	alkylation_reagent	comment[alkylation reagent]	iodoacetamide	derived								legacy_derivation	derived	[]
22	PXD041681-Sample-22	ms2_analyzer	comment[ms2 mass analyzer]	Orbitrap	technical_agent								source_precedence:technical_agent	derived	"[{""cv_accession"": null, ""cv_name"": null, ""metadata"": {}, ""scope"": ""study"", ""source"": ""technical_agent"", ""value"": ""Orbitrap""}]"
22	PXD041681-Sample-22	collision_energy	comment[collision energy]	28% NCE	derived								legacy_derivation	derived	[]
22	PXD041681-Sample-22	data_file	comment[data file]	FLI13819.raw	derived								legacy_derivation	derived	[]
22	PXD041681-Sample-22	sdrf_version	comment[sdrf version]	v1.1.0	derived								legacy_derivation	derived	[]
22	PXD041681-Sample-22	annotation_tool	comment[sdrf annotation tool]	HAMLET-agentic v2.2.5	derived								legacy_derivation	derived	[]
22	PXD041681-Sample-22	factor_disease	factor value[disease]	covid-19, healthy	derived								legacy_derivation	derived	[]
23	PXD041681-Sample-23	source_name	source name	PXD041681-Sample-23	derived								legacy_derivation	derived	[]
23	PXD041681-Sample-23	organism	characteristics[organism]	Homo sapiens	biological_agent	Platelets, the smallest cells in human blood, known for their role in primary hemostasis, are also able to interact with pathogens and play a crucial role in the immune response.	LLM_ONLY	0.5	high	False	False		source_precedence:biological_agent	derived	"[{""cv_accession"": null, ""cv_name"": null, ""metadata"": {""source_field"": ""species""}, ""scope"": ""sample"", ""source"": ""biological_agent"", ""value"": ""Homo sapiens""}]"
23	PXD041681-Sample-23	organism_part	characteristics[organism part]	blood	biological_agent	Platelets, the smallest cells in human blood, known for their role in primary hemostasis, are also able to interact with pathogens and play a crucial role in the immune response.	LLM_ONLY	0.5	high	False	False		source_precedence:biological_agent	derived	"[{""cv_accession"": null, ""cv_name"": null, ""metadata"": {""source_field"": ""tissue""}, ""scope"": ""sample"", ""source"": ""biological_agent"", ""value"": ""blood""}]"
23	PXD041681-Sample-23	disease	characteristics[disease]	covid-19, healthy	biological_agent	A comparative proteome analysis of highly purified platelets from critically diseased COVID-19 patients with different outcomes (survivors and non-survivors) and age- and sex-matched controls was performed.	LLM_ONLY	0.5	medium	False	False	COVID-19, healthy	source_precedence:biological_agent	derived	"[{""cv_accession"": null, ""cv_name"": null, ""metadata"": {""source_field"": ""disease_state""}, ""scope"": ""sample"", ""source"": ""biological_agent"", ""value"": ""COVID-19""}]"
23	PXD041681-Sample-23	cell_type	characteristics[cell type]	platelets	biological_agent	A comparative proteome analysis of highly purified platelets from critically diseased COVID-19 patients with different outcomes (survivors and non-survivors) and age- and sex-matched controls was performed.	LLM_ONLY	0.5	high	False	False		source_precedence:biological_agent	derived	"[{""cv_accession"": null, ""cv_name"": null, ""metadata"": {""source_field"": ""cell_type""}, ""scope"": ""sample"", ""source"": ""biological_agent"", ""value"": ""platelets""}]"
23	PXD041681-Sample-23	sex	characteristics[sex]	male	biological_agent	The patients all happened to be male.	LLM_ONLY	0.5	high	False	False		source_precedence:biological_agent	derived	"[{""cv_accession"": null, ""cv_name"": null, ""metadata"": {""source_field"": ""sex""}, ""scope"": ""sample"", ""source"": ""biological_agent"", ""value"": ""male""}]"
23	PXD041681-Sample-23	age	characteristics[age]	$\ge$18 years	biological_agent	Patients with a critical COVID-19 course, as well as healthy controls ($\ge$18 years of age), were enrolled in this study between 6 November 2020 and 22 February 2021.	LLM_ONLY	0.5	high	False	False		source_precedence:biological_agent	derived	"[{""cv_accession"": null, ""cv_name"": null, ""metadata"": {""source_field"": ""age""}, ""scope"": ""sample"", ""source"": ""biological_agent"", ""value"": ""$\\ge$18 years""}]"
23	PXD041681-Sample-23	assay_name	assay name	run 23	derived								legacy_derivation	derived	[]
23	PXD041681-Sample-23	technology_type	technology type	proteomic profiling by mass spectrometry	derived								legacy_derivation	derived	[]
23	PXD041681-Sample-23	acquisition	comment[proteomics data acquisition method]	NT=data-dependent acquisition;AC=PRIDE:0000627	runassessor								source_precedence:runassessor	derived	"[{""cv_accession"": null, ""cv_name"": null, ""metadata"": {""source_path"": ""runAssessor.files.PXD041681/FLI13835.mzML.spectra_stats.acquisition_type""}, ""scope"": ""assay"", ""source"": ""runassessor"", ""value"": ""DDA""}]"
23	PXD041681-Sample-23	label	comment[label]	label free sample	technical_agent				high	False	False		source_precedence:technical_agent	derived	"[{""cv_accession"": null, ""cv_name"": null, ""metadata"": {}, ""scope"": ""study"", ""source"": ""technical_agent"", ""value"": ""label-free""}]"
23	PXD041681-Sample-23	instrument	comment[instrument]	NT=Orbitrap Fusion Lumos;AC=MS:1002732	runassessor				high	False	False		source_precedence:runassessor	derived	"[{""cv_accession"": ""MS:1002732"", ""cv_name"": ""Orbitrap Fusion Lumos"", ""metadata"": {""source_path"": ""runAssessor.files.PXD041681/FLI13835.mzML.instrument_model.name""}, ""scope"": ""assay"", ""source"": ""runassessor"", ""value"": ""Orbitrap Fusion Lumos""}, {""cv_accession"": null, ""cv_name"": null, ""metadata"": {}, ""scope"": ""study"", ""source"": ""technical_agent"", ""value"": ""Orbitrap Fusion Lumos""}]"
23	PXD041681-Sample-23	cleavage_agent	comment[cleavage agent details]	NT=Trypsin;AC=MS:1001251	derived								legacy_derivation	derived	[]
23	PXD041681-Sample-23	dissociation	comment[dissociation method]	NT=beam-type collision-induced dissociation;AC=MS:1000422	runassessor								source_precedence:runassessor	derived	"[{""cv_accession"": null, ""cv_name"": null, ""metadata"": {""source_path"": ""runAssessor.files.PXD041681/FLI13835.mzML.spectra_stats.fragmentation_type""}, ""scope"": ""assay"", ""source"": ""runassessor"", ""value"": ""HR_HCD""}]"
23	PXD041681-Sample-23	factor_value	factor value[experimental design]	patient group (ICU, NW, healthy controls)	experimental_design_agent	unfavorable clinical outcome HPPs from 19 ICU patients, 5 NW patients, and 16 healthy controls (Figure 1a) were studied	LLM_ONLY	0.5	high	False	False		source_precedence:experimental_design_agent	derived	"[{""cv_accession"": null, ""cv_name"": null, ""metadata"": {""source_field"": ""factor_value""}, ""scope"": ""study"", ""source"": ""experimental_design_agent"", ""value"": ""patient group (ICU, NW, healthy controls)""}]"
23	PXD041681-Sample-23	modification	comment[modification parameters]	NT=monohydroxylated residue;AC=MOD:00425;MT=?	pride	monohydroxylated residue							normalized_source_union	derived	"[{""fraction_modified"": null, ""raw_stem"": null, ""scope"": ""study"", ""source"": ""pride"", ""source_path"": ""pride_metadata.project.identifiedPTMStrings[0]"", ""source_value"": ""monohydroxylated residue""}]"
23	PXD041681-Sample-23	modification	comment[modification parameters]	NT=iodoacetamide derivatized residue;AC=MOD:00397;MT=?	pride	iodoacetamide derivatized residue							normalized_source_union	derived	"[{""fraction_modified"": null, ""raw_stem"": null, ""scope"": ""study"", ""source"": ""pride"", ""source_path"": ""pride_metadata.project.identifiedPTMStrings[1]"", ""source_value"": ""iodoacetamide derivatized residue""}]"
23	PXD041681-Sample-23	reduction_reagent	comment[reduction reagent]	dithiothreitol	derived								legacy_derivation	derived	[]
23	PXD041681-Sample-23	alkylation_reagent	comment[alkylation reagent]	iodoacetamide	derived								legacy_derivation	derived	[]
23	PXD041681-Sample-23	ms2_analyzer	comment[ms2 mass analyzer]	Orbitrap	technical_agent								source_precedence:technical_agent	derived	"[{""cv_accession"": null, ""cv_name"": null, ""metadata"": {}, ""scope"": ""study"", ""source"": ""technical_agent"", ""value"": ""Orbitrap""}]"
23	PXD041681-Sample-23	collision_energy	comment[collision energy]	28% NCE	derived								legacy_derivation	derived	[]
23	PXD041681-Sample-23	data_file	comment[data file]	FLI13835.raw	derived								legacy_derivation	derived	[]
23	PXD041681-Sample-23	sdrf_version	comment[sdrf version]	v1.1.0	derived								legacy_derivation	derived	[]
23	PXD041681-Sample-23	annotation_tool	comment[sdrf annotation tool]	HAMLET-agentic v2.2.5	derived								legacy_derivation	derived	[]
23	PXD041681-Sample-23	factor_disease	factor value[disease]	covid-19, healthy	derived								legacy_derivation	derived	[]
24	PXD041681-Sample-24	source_name	source name	PXD041681-Sample-24	derived								legacy_derivation	derived	[]
24	PXD041681-Sample-24	organism	characteristics[organism]	Homo sapiens	biological_agent	Platelets, the smallest cells in human blood, known for their role in primary hemostasis, are also able to interact with pathogens and play a crucial role in the immune response.	LLM_ONLY	0.5	high	False	False		source_precedence:biological_agent	derived	"[{""cv_accession"": null, ""cv_name"": null, ""metadata"": {""source_field"": ""species""}, ""scope"": ""sample"", ""source"": ""biological_agent"", ""value"": ""Homo sapiens""}]"
24	PXD041681-Sample-24	organism_part	characteristics[organism part]	blood	biological_agent	Platelets, the smallest cells in human blood, known for their role in primary hemostasis, are also able to interact with pathogens and play a crucial role in the immune response.	LLM_ONLY	0.5	high	False	False		source_precedence:biological_agent	derived	"[{""cv_accession"": null, ""cv_name"": null, ""metadata"": {""source_field"": ""tissue""}, ""scope"": ""sample"", ""source"": ""biological_agent"", ""value"": ""blood""}]"
24	PXD041681-Sample-24	disease	characteristics[disease]	covid-19, healthy	biological_agent	A comparative proteome analysis of highly purified platelets from critically diseased COVID-19 patients with different outcomes (survivors and non-survivors) and age- and sex-matched controls was performed.	LLM_ONLY	0.5	medium	False	False	COVID-19, healthy	source_precedence:biological_agent	derived	"[{""cv_accession"": null, ""cv_name"": null, ""metadata"": {""source_field"": ""disease_state""}, ""scope"": ""sample"", ""source"": ""biological_agent"", ""value"": ""COVID-19""}]"
24	PXD041681-Sample-24	cell_type	characteristics[cell type]	platelets	biological_agent	A comparative proteome analysis of highly purified platelets from critically diseased COVID-19 patients with different outcomes (survivors and non-survivors) and age- and sex-matched controls was performed.	LLM_ONLY	0.5	high	False	False		source_precedence:biological_agent	derived	"[{""cv_accession"": null, ""cv_name"": null, ""metadata"": {""source_field"": ""cell_type""}, ""scope"": ""sample"", ""source"": ""biological_agent"", ""value"": ""platelets""}]"
24	PXD041681-Sample-24	sex	characteristics[sex]	male	biological_agent	The patients all happened to be male.	LLM_ONLY	0.5	high	False	False		source_precedence:biological_agent	derived	"[{""cv_accession"": null, ""cv_name"": null, ""metadata"": {""source_field"": ""sex""}, ""scope"": ""sample"", ""source"": ""biological_agent"", ""value"": ""male""}]"
24	PXD041681-Sample-24	age	characteristics[age]	$\ge$18 years	biological_agent	Patients with a critical COVID-19 course, as well as healthy controls ($\ge$18 years of age), were enrolled in this study between 6 November 2020 and 22 February 2021.	LLM_ONLY	0.5	high	False	False		source_precedence:biological_agent	derived	"[{""cv_accession"": null, ""cv_name"": null, ""metadata"": {""source_field"": ""age""}, ""scope"": ""sample"", ""source"": ""biological_agent"", ""value"": ""$\\ge$18 years""}]"
24	PXD041681-Sample-24	assay_name	assay name	run 24	derived								legacy_derivation	derived	[]
24	PXD041681-Sample-24	technology_type	technology type	proteomic profiling by mass spectrometry	derived								legacy_derivation	derived	[]
24	PXD041681-Sample-24	acquisition	comment[proteomics data acquisition method]	NT=data-dependent acquisition;AC=PRIDE:0000627	runassessor								source_precedence:runassessor	derived	"[{""cv_accession"": null, ""cv_name"": null, ""metadata"": {""source_path"": ""runAssessor.files.PXD041681/FLI13839.mzML.spectra_stats.acquisition_type""}, ""scope"": ""assay"", ""source"": ""runassessor"", ""value"": ""DDA""}]"
24	PXD041681-Sample-24	label	comment[label]	label free sample	technical_agent				high	False	False		source_precedence:technical_agent	derived	"[{""cv_accession"": null, ""cv_name"": null, ""metadata"": {}, ""scope"": ""study"", ""source"": ""technical_agent"", ""value"": ""label-free""}]"
24	PXD041681-Sample-24	instrument	comment[instrument]	NT=Orbitrap Fusion Lumos;AC=MS:1002732	runassessor				high	False	False		source_precedence:runassessor	derived	"[{""cv_accession"": ""MS:1002732"", ""cv_name"": ""Orbitrap Fusion Lumos"", ""metadata"": {""source_path"": ""runAssessor.files.PXD041681/FLI13839.mzML.instrument_model.name""}, ""scope"": ""assay"", ""source"": ""runassessor"", ""value"": ""Orbitrap Fusion Lumos""}, {""cv_accession"": null, ""cv_name"": null, ""metadata"": {}, ""scope"": ""study"", ""source"": ""technical_agent"", ""value"": ""Orbitrap Fusion Lumos""}]"
24	PXD041681-Sample-24	cleavage_agent	comment[cleavage agent details]	NT=Trypsin;AC=MS:1001251	derived								legacy_derivation	derived	[]
24	PXD041681-Sample-24	dissociation	comment[dissociation method]	NT=beam-type collision-induced dissociation;AC=MS:1000422	runassessor								source_precedence:runassessor	derived	"[{""cv_accession"": null, ""cv_name"": null, ""metadata"": {""source_path"": ""runAssessor.files.PXD041681/FLI13839.mzML.spectra_stats.fragmentation_type""}, ""scope"": ""assay"", ""source"": ""runassessor"", ""value"": ""HR_HCD""}]"
24	PXD041681-Sample-24	factor_value	factor value[experimental design]	patient group (ICU, NW, healthy controls)	experimental_design_agent	unfavorable clinical outcome HPPs from 19 ICU patients, 5 NW patients, and 16 healthy controls (Figure 1a) were studied	LLM_ONLY	0.5	high	False	False		source_precedence:experimental_design_agent	derived	"[{""cv_accession"": null, ""cv_name"": null, ""metadata"": {""source_field"": ""factor_value""}, ""scope"": ""study"", ""source"": ""experimental_design_agent"", ""value"": ""patient group (ICU, NW, healthy controls)""}]"
24	PXD041681-Sample-24	modification	comment[modification parameters]	NT=monohydroxylated residue;AC=MOD:00425;MT=?	pride	monohydroxylated residue							normalized_source_union	derived	"[{""fraction_modified"": null, ""raw_stem"": null, ""scope"": ""study"", ""source"": ""pride"", ""source_path"": ""pride_metadata.project.identifiedPTMStrings[0]"", ""source_value"": ""monohydroxylated residue""}]"
24	PXD041681-Sample-24	modification	comment[modification parameters]	NT=iodoacetamide derivatized residue;AC=MOD:00397;MT=?	pride	iodoacetamide derivatized residue							normalized_source_union	derived	"[{""fraction_modified"": null, ""raw_stem"": null, ""scope"": ""study"", ""source"": ""pride"", ""source_path"": ""pride_metadata.project.identifiedPTMStrings[1]"", ""source_value"": ""iodoacetamide derivatized residue""}]"
24	PXD041681-Sample-24	reduction_reagent	comment[reduction reagent]	dithiothreitol	derived								legacy_derivation	derived	[]
24	PXD041681-Sample-24	alkylation_reagent	comment[alkylation reagent]	iodoacetamide	derived								legacy_derivation	derived	[]
24	PXD041681-Sample-24	ms2_analyzer	comment[ms2 mass analyzer]	Orbitrap	technical_agent								source_precedence:technical_agent	derived	"[{""cv_accession"": null, ""cv_name"": null, ""metadata"": {}, ""scope"": ""study"", ""source"": ""technical_agent"", ""value"": ""Orbitrap""}]"
24	PXD041681-Sample-24	collision_energy	comment[collision energy]	28% NCE	derived								legacy_derivation	derived	[]
24	PXD041681-Sample-24	data_file	comment[data file]	FLI13839.raw	derived								legacy_derivation	derived	[]
24	PXD041681-Sample-24	sdrf_version	comment[sdrf version]	v1.1.0	derived								legacy_derivation	derived	[]
24	PXD041681-Sample-24	annotation_tool	comment[sdrf annotation tool]	HAMLET-agentic v2.2.5	derived								legacy_derivation	derived	[]
24	PXD041681-Sample-24	factor_disease	factor value[disease]	covid-19, healthy	derived								legacy_derivation	derived	[]
25	PXD041681-Sample-25	source_name	source name	PXD041681-Sample-25	derived								legacy_derivation	derived	[]
25	PXD041681-Sample-25	organism	characteristics[organism]	Homo sapiens	biological_agent	Platelets, the smallest cells in human blood, known for their role in primary hemostasis, are also able to interact with pathogens and play a crucial role in the immune response.	LLM_ONLY	0.5	high	False	False		source_precedence:biological_agent	derived	"[{""cv_accession"": null, ""cv_name"": null, ""metadata"": {""source_field"": ""species""}, ""scope"": ""sample"", ""source"": ""biological_agent"", ""value"": ""Homo sapiens""}]"
25	PXD041681-Sample-25	organism_part	characteristics[organism part]	blood	biological_agent	Platelets, the smallest cells in human blood, known for their role in primary hemostasis, are also able to interact with pathogens and play a crucial role in the immune response.	LLM_ONLY	0.5	high	False	False		source_precedence:biological_agent	derived	"[{""cv_accession"": null, ""cv_name"": null, ""metadata"": {""source_field"": ""tissue""}, ""scope"": ""sample"", ""source"": ""biological_agent"", ""value"": ""blood""}]"
25	PXD041681-Sample-25	disease	characteristics[disease]	covid-19, healthy	biological_agent	A comparative proteome analysis of highly purified platelets from critically diseased COVID-19 patients with different outcomes (survivors and non-survivors) and age- and sex-matched controls was performed.	LLM_ONLY	0.5	medium	False	False	COVID-19, healthy	source_precedence:biological_agent	derived	"[{""cv_accession"": null, ""cv_name"": null, ""metadata"": {""source_field"": ""disease_state""}, ""scope"": ""sample"", ""source"": ""biological_agent"", ""value"": ""COVID-19""}]"
25	PXD041681-Sample-25	cell_type	characteristics[cell type]	platelets	biological_agent	A comparative proteome analysis of highly purified platelets from critically diseased COVID-19 patients with different outcomes (survivors and non-survivors) and age- and sex-matched controls was performed.	LLM_ONLY	0.5	high	False	False		source_precedence:biological_agent	derived	"[{""cv_accession"": null, ""cv_name"": null, ""metadata"": {""source_field"": ""cell_type""}, ""scope"": ""sample"", ""source"": ""biological_agent"", ""value"": ""platelets""}]"
25	PXD041681-Sample-25	sex	characteristics[sex]	male	biological_agent	The patients all happened to be male.	LLM_ONLY	0.5	high	False	False		source_precedence:biological_agent	derived	"[{""cv_accession"": null, ""cv_name"": null, ""metadata"": {""source_field"": ""sex""}, ""scope"": ""sample"", ""source"": ""biological_agent"", ""value"": ""male""}]"
25	PXD041681-Sample-25	age	characteristics[age]	$\ge$18 years	biological_agent	Patients with a critical COVID-19 course, as well as healthy controls ($\ge$18 years of age), were enrolled in this study between 6 November 2020 and 22 February 2021.	LLM_ONLY	0.5	high	False	False		source_precedence:biological_agent	derived	"[{""cv_accession"": null, ""cv_name"": null, ""metadata"": {""source_field"": ""age""}, ""scope"": ""sample"", ""source"": ""biological_agent"", ""value"": ""$\\ge$18 years""}]"
25	PXD041681-Sample-25	assay_name	assay name	run 25	derived								legacy_derivation	derived	[]
25	PXD041681-Sample-25	technology_type	technology type	proteomic profiling by mass spectrometry	derived								legacy_derivation	derived	[]
25	PXD041681-Sample-25	acquisition	comment[proteomics data acquisition method]	NT=data-dependent acquisition;AC=PRIDE:0000627	runassessor								source_precedence:runassessor	derived	"[{""cv_accession"": null, ""cv_name"": null, ""metadata"": {""source_path"": ""runAssessor.files.PXD041681/FLI13827.mzML.spectra_stats.acquisition_type""}, ""scope"": ""assay"", ""source"": ""runassessor"", ""value"": ""DDA""}]"
25	PXD041681-Sample-25	label	comment[label]	label free sample	technical_agent				high	False	False		source_precedence:technical_agent	derived	"[{""cv_accession"": null, ""cv_name"": null, ""metadata"": {}, ""scope"": ""study"", ""source"": ""technical_agent"", ""value"": ""label-free""}]"
25	PXD041681-Sample-25	instrument	comment[instrument]	NT=Orbitrap Fusion Lumos;AC=MS:1002732	runassessor				high	False	False		source_precedence:runassessor	derived	"[{""cv_accession"": ""MS:1002732"", ""cv_name"": ""Orbitrap Fusion Lumos"", ""metadata"": {""source_path"": ""runAssessor.files.PXD041681/FLI13827.mzML.instrument_model.name""}, ""scope"": ""assay"", ""source"": ""runassessor"", ""value"": ""Orbitrap Fusion Lumos""}, {""cv_accession"": null, ""cv_name"": null, ""metadata"": {}, ""scope"": ""study"", ""source"": ""technical_agent"", ""value"": ""Orbitrap Fusion Lumos""}]"
25	PXD041681-Sample-25	cleavage_agent	comment[cleavage agent details]	NT=Trypsin;AC=MS:1001251	derived								legacy_derivation	derived	[]
25	PXD041681-Sample-25	dissociation	comment[dissociation method]	NT=beam-type collision-induced dissociation;AC=MS:1000422	runassessor								source_precedence:runassessor	derived	"[{""cv_accession"": null, ""cv_name"": null, ""metadata"": {""source_path"": ""runAssessor.files.PXD041681/FLI13827.mzML.spectra_stats.fragmentation_type""}, ""scope"": ""assay"", ""source"": ""runassessor"", ""value"": ""HR_HCD""}]"
25	PXD041681-Sample-25	factor_value	factor value[experimental design]	patient group (ICU, NW, healthy controls)	experimental_design_agent	unfavorable clinical outcome HPPs from 19 ICU patients, 5 NW patients, and 16 healthy controls (Figure 1a) were studied	LLM_ONLY	0.5	high	False	False		source_precedence:experimental_design_agent	derived	"[{""cv_accession"": null, ""cv_name"": null, ""metadata"": {""source_field"": ""factor_value""}, ""scope"": ""study"", ""source"": ""experimental_design_agent"", ""value"": ""patient group (ICU, NW, healthy controls)""}]"
25	PXD041681-Sample-25	modification	comment[modification parameters]	NT=monohydroxylated residue;AC=MOD:00425;MT=?	pride	monohydroxylated residue							normalized_source_union	derived	"[{""fraction_modified"": null, ""raw_stem"": null, ""scope"": ""study"", ""source"": ""pride"", ""source_path"": ""pride_metadata.project.identifiedPTMStrings[0]"", ""source_value"": ""monohydroxylated residue""}]"
25	PXD041681-Sample-25	modification	comment[modification parameters]	NT=iodoacetamide derivatized residue;AC=MOD:00397;MT=?	pride	iodoacetamide derivatized residue							normalized_source_union	derived	"[{""fraction_modified"": null, ""raw_stem"": null, ""scope"": ""study"", ""source"": ""pride"", ""source_path"": ""pride_metadata.project.identifiedPTMStrings[1]"", ""source_value"": ""iodoacetamide derivatized residue""}]"
25	PXD041681-Sample-25	reduction_reagent	comment[reduction reagent]	dithiothreitol	derived								legacy_derivation	derived	[]
25	PXD041681-Sample-25	alkylation_reagent	comment[alkylation reagent]	iodoacetamide	derived								legacy_derivation	derived	[]
25	PXD041681-Sample-25	ms2_analyzer	comment[ms2 mass analyzer]	Orbitrap	technical_agent								source_precedence:technical_agent	derived	"[{""cv_accession"": null, ""cv_name"": null, ""metadata"": {}, ""scope"": ""study"", ""source"": ""technical_agent"", ""value"": ""Orbitrap""}]"
25	PXD041681-Sample-25	collision_energy	comment[collision energy]	28% NCE	derived								legacy_derivation	derived	[]
25	PXD041681-Sample-25	data_file	comment[data file]	FLI13827.raw	derived								legacy_derivation	derived	[]
25	PXD041681-Sample-25	sdrf_version	comment[sdrf version]	v1.1.0	derived								legacy_derivation	derived	[]
25	PXD041681-Sample-25	annotation_tool	comment[sdrf annotation tool]	HAMLET-agentic v2.2.5	derived								legacy_derivation	derived	[]
25	PXD041681-Sample-25	factor_disease	factor value[disease]	covid-19, healthy	derived								legacy_derivation	derived	[]
26	PXD041681-Sample-26	source_name	source name	PXD041681-Sample-26	derived								legacy_derivation	derived	[]
26	PXD041681-Sample-26	organism	characteristics[organism]	Homo sapiens	biological_agent	Platelets, the smallest cells in human blood, known for their role in primary hemostasis, are also able to interact with pathogens and play a crucial role in the immune response.	LLM_ONLY	0.5	high	False	False		source_precedence:biological_agent	derived	"[{""cv_accession"": null, ""cv_name"": null, ""metadata"": {""source_field"": ""species""}, ""scope"": ""sample"", ""source"": ""biological_agent"", ""value"": ""Homo sapiens""}]"
26	PXD041681-Sample-26	organism_part	characteristics[organism part]	blood	biological_agent	Platelets, the smallest cells in human blood, known for their role in primary hemostasis, are also able to interact with pathogens and play a crucial role in the immune response.	LLM_ONLY	0.5	high	False	False		source_precedence:biological_agent	derived	"[{""cv_accession"": null, ""cv_name"": null, ""metadata"": {""source_field"": ""tissue""}, ""scope"": ""sample"", ""source"": ""biological_agent"", ""value"": ""blood""}]"
26	PXD041681-Sample-26	disease	characteristics[disease]	covid-19, healthy	biological_agent	A comparative proteome analysis of highly purified platelets from critically diseased COVID-19 patients with different outcomes (survivors and non-survivors) and age- and sex-matched controls was performed.	LLM_ONLY	0.5	medium	False	False	COVID-19, healthy	source_precedence:biological_agent	derived	"[{""cv_accession"": null, ""cv_name"": null, ""metadata"": {""source_field"": ""disease_state""}, ""scope"": ""sample"", ""source"": ""biological_agent"", ""value"": ""COVID-19""}]"
26	PXD041681-Sample-26	cell_type	characteristics[cell type]	platelets	biological_agent	A comparative proteome analysis of highly purified platelets from critically diseased COVID-19 patients with different outcomes (survivors and non-survivors) and age- and sex-matched controls was performed.	LLM_ONLY	0.5	high	False	False		source_precedence:biological_agent	derived	"[{""cv_accession"": null, ""cv_name"": null, ""metadata"": {""source_field"": ""cell_type""}, ""scope"": ""sample"", ""source"": ""biological_agent"", ""value"": ""platelets""}]"
26	PXD041681-Sample-26	sex	characteristics[sex]	male	biological_agent	The patients all happened to be male.	LLM_ONLY	0.5	high	False	False		source_precedence:biological_agent	derived	"[{""cv_accession"": null, ""cv_name"": null, ""metadata"": {""source_field"": ""sex""}, ""scope"": ""sample"", ""source"": ""biological_agent"", ""value"": ""male""}]"
26	PXD041681-Sample-26	age	characteristics[age]	$\ge$18 years	biological_agent	Patients with a critical COVID-19 course, as well as healthy controls ($\ge$18 years of age), were enrolled in this study between 6 November 2020 and 22 February 2021.	LLM_ONLY	0.5	high	False	False		source_precedence:biological_agent	derived	"[{""cv_accession"": null, ""cv_name"": null, ""metadata"": {""source_field"": ""age""}, ""scope"": ""sample"", ""source"": ""biological_agent"", ""value"": ""$\\ge$18 years""}]"
26	PXD041681-Sample-26	assay_name	assay name	run 26	derived								legacy_derivation	derived	[]
26	PXD041681-Sample-26	technology_type	technology type	proteomic profiling by mass spectrometry	derived								legacy_derivation	derived	[]
26	PXD041681-Sample-26	acquisition	comment[proteomics data acquisition method]	NT=data-dependent acquisition;AC=PRIDE:0000627	runassessor								source_precedence:runassessor	derived	"[{""cv_accession"": null, ""cv_name"": null, ""metadata"": {""source_path"": ""runAssessor.files.PXD041681/FLI13793.mzML.spectra_stats.acquisition_type""}, ""scope"": ""assay"", ""source"": ""runassessor"", ""value"": ""DDA""}]"
26	PXD041681-Sample-26	label	comment[label]	label free sample	technical_agent				high	False	False		source_precedence:technical_agent	derived	"[{""cv_accession"": null, ""cv_name"": null, ""metadata"": {}, ""scope"": ""study"", ""source"": ""technical_agent"", ""value"": ""label-free""}]"
26	PXD041681-Sample-26	instrument	comment[instrument]	NT=Orbitrap Fusion Lumos;AC=MS:1002732	runassessor				high	False	False		source_precedence:runassessor	derived	"[{""cv_accession"": ""MS:1002732"", ""cv_name"": ""Orbitrap Fusion Lumos"", ""metadata"": {""source_path"": ""runAssessor.files.PXD041681/FLI13793.mzML.instrument_model.name""}, ""scope"": ""assay"", ""source"": ""runassessor"", ""value"": ""Orbitrap Fusion Lumos""}, {""cv_accession"": null, ""cv_name"": null, ""metadata"": {}, ""scope"": ""study"", ""source"": ""technical_agent"", ""value"": ""Orbitrap Fusion Lumos""}]"
26	PXD041681-Sample-26	cleavage_agent	comment[cleavage agent details]	NT=Trypsin;AC=MS:1001251	derived								legacy_derivation	derived	[]
26	PXD041681-Sample-26	dissociation	comment[dissociation method]	NT=beam-type collision-induced dissociation;AC=MS:1000422	runassessor								source_precedence:runassessor	derived	"[{""cv_accession"": null, ""cv_name"": null, ""metadata"": {""source_path"": ""runAssessor.files.PXD041681/FLI13793.mzML.spectra_stats.fragmentation_tag""}, ""scope"": ""assay"", ""source"": ""runassessor"", ""value"": ""HR HCD""}, {""cv_accession"": null, ""cv_name"": null, ""metadata"": {""source_path"": ""runAssessor.files.PXD041681/FLI13793.mzML.spectra_stats.fragmentation_type""}, ""scope"": ""assay"", ""source"": ""runassessor"", ""value"": ""HR_HCD""}]"
26	PXD041681-Sample-26	factor_value	factor value[experimental design]	patient group (ICU, NW, healthy controls)	experimental_design_agent	unfavorable clinical outcome HPPs from 19 ICU patients, 5 NW patients, and 16 healthy controls (Figure 1a) were studied	LLM_ONLY	0.5	high	False	False		source_precedence:experimental_design_agent	derived	"[{""cv_accession"": null, ""cv_name"": null, ""metadata"": {""source_field"": ""factor_value""}, ""scope"": ""study"", ""source"": ""experimental_design_agent"", ""value"": ""patient group (ICU, NW, healthy controls)""}]"
26	PXD041681-Sample-26	modification	comment[modification parameters]	NT=monohydroxylated residue;AC=MOD:00425;MT=?	pride	monohydroxylated residue							normalized_source_union	derived	"[{""fraction_modified"": null, ""raw_stem"": null, ""scope"": ""study"", ""source"": ""pride"", ""source_path"": ""pride_metadata.project.identifiedPTMStrings[0]"", ""source_value"": ""monohydroxylated residue""}]"
26	PXD041681-Sample-26	modification	comment[modification parameters]	NT=iodoacetamide derivatized residue;AC=MOD:00397;MT=?	pride	iodoacetamide derivatized residue							normalized_source_union	derived	"[{""fraction_modified"": null, ""raw_stem"": null, ""scope"": ""study"", ""source"": ""pride"", ""source_path"": ""pride_metadata.project.identifiedPTMStrings[1]"", ""source_value"": ""iodoacetamide derivatized residue""}]"
26	PXD041681-Sample-26	reduction_reagent	comment[reduction reagent]	dithiothreitol	derived								legacy_derivation	derived	[]
26	PXD041681-Sample-26	alkylation_reagent	comment[alkylation reagent]	iodoacetamide	derived								legacy_derivation	derived	[]
26	PXD041681-Sample-26	ms2_analyzer	comment[ms2 mass analyzer]	Orbitrap	technical_agent								source_precedence:technical_agent	derived	"[{""cv_accession"": null, ""cv_name"": null, ""metadata"": {}, ""scope"": ""study"", ""source"": ""technical_agent"", ""value"": ""Orbitrap""}]"
26	PXD041681-Sample-26	collision_energy	comment[collision energy]	28% NCE	derived								legacy_derivation	derived	[]
26	PXD041681-Sample-26	data_file	comment[data file]	FLI13793.raw	derived								legacy_derivation	derived	[]
26	PXD041681-Sample-26	sdrf_version	comment[sdrf version]	v1.1.0	derived								legacy_derivation	derived	[]
26	PXD041681-Sample-26	annotation_tool	comment[sdrf annotation tool]	HAMLET-agentic v2.2.5	derived								legacy_derivation	derived	[]
26	PXD041681-Sample-26	factor_disease	factor value[disease]	covid-19, healthy	derived								legacy_derivation	derived	[]
27	PXD041681-Sample-27	source_name	source name	PXD041681-Sample-27	derived								legacy_derivation	derived	[]
27	PXD041681-Sample-27	organism	characteristics[organism]	Homo sapiens	biological_agent	Platelets, the smallest cells in human blood, known for their role in primary hemostasis, are also able to interact with pathogens and play a crucial role in the immune response.	LLM_ONLY	0.5	high	False	False		source_precedence:biological_agent	derived	"[{""cv_accession"": null, ""cv_name"": null, ""metadata"": {""source_field"": ""species""}, ""scope"": ""sample"", ""source"": ""biological_agent"", ""value"": ""Homo sapiens""}]"
27	PXD041681-Sample-27	organism_part	characteristics[organism part]	blood	biological_agent	Platelets, the smallest cells in human blood, known for their role in primary hemostasis, are also able to interact with pathogens and play a crucial role in the immune response.	LLM_ONLY	0.5	high	False	False		source_precedence:biological_agent	derived	"[{""cv_accession"": null, ""cv_name"": null, ""metadata"": {""source_field"": ""tissue""}, ""scope"": ""sample"", ""source"": ""biological_agent"", ""value"": ""blood""}]"
27	PXD041681-Sample-27	disease	characteristics[disease]	covid-19, healthy	biological_agent	A comparative proteome analysis of highly purified platelets from critically diseased COVID-19 patients with different outcomes (survivors and non-survivors) and age- and sex-matched controls was performed.	LLM_ONLY	0.5	medium	False	False	COVID-19, healthy	source_precedence:biological_agent	derived	"[{""cv_accession"": null, ""cv_name"": null, ""metadata"": {""source_field"": ""disease_state""}, ""scope"": ""sample"", ""source"": ""biological_agent"", ""value"": ""COVID-19""}]"
27	PXD041681-Sample-27	cell_type	characteristics[cell type]	platelets	biological_agent	A comparative proteome analysis of highly purified platelets from critically diseased COVID-19 patients with different outcomes (survivors and non-survivors) and age- and sex-matched controls was performed.	LLM_ONLY	0.5	high	False	False		source_precedence:biological_agent	derived	"[{""cv_accession"": null, ""cv_name"": null, ""metadata"": {""source_field"": ""cell_type""}, ""scope"": ""sample"", ""source"": ""biological_agent"", ""value"": ""platelets""}]"
27	PXD041681-Sample-27	sex	characteristics[sex]	male	biological_agent	The patients all happened to be male.	LLM_ONLY	0.5	high	False	False		source_precedence:biological_agent	derived	"[{""cv_accession"": null, ""cv_name"": null, ""metadata"": {""source_field"": ""sex""}, ""scope"": ""sample"", ""source"": ""biological_agent"", ""value"": ""male""}]"
27	PXD041681-Sample-27	age	characteristics[age]	$\ge$18 years	biological_agent	Patients with a critical COVID-19 course, as well as healthy controls ($\ge$18 years of age), were enrolled in this study between 6 November 2020 and 22 February 2021.	LLM_ONLY	0.5	high	False	False		source_precedence:biological_agent	derived	"[{""cv_accession"": null, ""cv_name"": null, ""metadata"": {""source_field"": ""age""}, ""scope"": ""sample"", ""source"": ""biological_agent"", ""value"": ""$\\ge$18 years""}]"
27	PXD041681-Sample-27	assay_name	assay name	run 27	derived								legacy_derivation	derived	[]
27	PXD041681-Sample-27	technology_type	technology type	proteomic profiling by mass spectrometry	derived								legacy_derivation	derived	[]
27	PXD041681-Sample-27	acquisition	comment[proteomics data acquisition method]	NT=data-dependent acquisition;AC=PRIDE:0000627	runassessor								source_precedence:runassessor	derived	"[{""cv_accession"": null, ""cv_name"": null, ""metadata"": {""source_path"": ""runAssessor.files.PXD041681/FLI13815.mzML.spectra_stats.acquisition_type""}, ""scope"": ""assay"", ""source"": ""runassessor"", ""value"": ""DDA""}]"
27	PXD041681-Sample-27	label	comment[label]	label free sample	technical_agent				high	False	False		source_precedence:technical_agent	derived	"[{""cv_accession"": null, ""cv_name"": null, ""metadata"": {}, ""scope"": ""study"", ""source"": ""technical_agent"", ""value"": ""label-free""}]"
27	PXD041681-Sample-27	instrument	comment[instrument]	NT=Orbitrap Fusion Lumos;AC=MS:1002732	runassessor				high	False	False		source_precedence:runassessor	derived	"[{""cv_accession"": ""MS:1002732"", ""cv_name"": ""Orbitrap Fusion Lumos"", ""metadata"": {""source_path"": ""runAssessor.files.PXD041681/FLI13815.mzML.instrument_model.name""}, ""scope"": ""assay"", ""source"": ""runassessor"", ""value"": ""Orbitrap Fusion Lumos""}, {""cv_accession"": null, ""cv_name"": null, ""metadata"": {}, ""scope"": ""study"", ""source"": ""technical_agent"", ""value"": ""Orbitrap Fusion Lumos""}]"
27	PXD041681-Sample-27	cleavage_agent	comment[cleavage agent details]	NT=Trypsin;AC=MS:1001251	derived								legacy_derivation	derived	[]
27	PXD041681-Sample-27	dissociation	comment[dissociation method]	NT=beam-type collision-induced dissociation;AC=MS:1000422	runassessor								source_precedence:runassessor	derived	"[{""cv_accession"": null, ""cv_name"": null, ""metadata"": {""source_path"": ""runAssessor.files.PXD041681/FLI13815.mzML.spectra_stats.fragmentation_tag""}, ""scope"": ""assay"", ""source"": ""runassessor"", ""value"": ""HR HCD""}, {""cv_accession"": null, ""cv_name"": null, ""metadata"": {""source_path"": ""runAssessor.files.PXD041681/FLI13815.mzML.spectra_stats.fragmentation_type""}, ""scope"": ""assay"", ""source"": ""runassessor"", ""value"": ""HR_HCD""}]"
27	PXD041681-Sample-27	factor_value	factor value[experimental design]	patient group (ICU, NW, healthy controls)	experimental_design_agent	unfavorable clinical outcome HPPs from 19 ICU patients, 5 NW patients, and 16 healthy controls (Figure 1a) were studied	LLM_ONLY	0.5	high	False	False		source_precedence:experimental_design_agent	derived	"[{""cv_accession"": null, ""cv_name"": null, ""metadata"": {""source_field"": ""factor_value""}, ""scope"": ""study"", ""source"": ""experimental_design_agent"", ""value"": ""patient group (ICU, NW, healthy controls)""}]"
27	PXD041681-Sample-27	modification	comment[modification parameters]	NT=monohydroxylated residue;AC=MOD:00425;MT=?	pride	monohydroxylated residue							normalized_source_union	derived	"[{""fraction_modified"": null, ""raw_stem"": null, ""scope"": ""study"", ""source"": ""pride"", ""source_path"": ""pride_metadata.project.identifiedPTMStrings[0]"", ""source_value"": ""monohydroxylated residue""}]"
27	PXD041681-Sample-27	modification	comment[modification parameters]	NT=iodoacetamide derivatized residue;AC=MOD:00397;MT=?	pride	iodoacetamide derivatized residue							normalized_source_union	derived	"[{""fraction_modified"": null, ""raw_stem"": null, ""scope"": ""study"", ""source"": ""pride"", ""source_path"": ""pride_metadata.project.identifiedPTMStrings[1]"", ""source_value"": ""iodoacetamide derivatized residue""}]"
27	PXD041681-Sample-27	reduction_reagent	comment[reduction reagent]	dithiothreitol	derived								legacy_derivation	derived	[]
27	PXD041681-Sample-27	alkylation_reagent	comment[alkylation reagent]	iodoacetamide	derived								legacy_derivation	derived	[]
27	PXD041681-Sample-27	ms2_analyzer	comment[ms2 mass analyzer]	Orbitrap	technical_agent								source_precedence:technical_agent	derived	"[{""cv_accession"": null, ""cv_name"": null, ""metadata"": {}, ""scope"": ""study"", ""source"": ""technical_agent"", ""value"": ""Orbitrap""}]"
27	PXD041681-Sample-27	collision_energy	comment[collision energy]	28% NCE	derived								legacy_derivation	derived	[]
27	PXD041681-Sample-27	data_file	comment[data file]	FLI13815.raw	derived								legacy_derivation	derived	[]
27	PXD041681-Sample-27	sdrf_version	comment[sdrf version]	v1.1.0	derived								legacy_derivation	derived	[]
27	PXD041681-Sample-27	annotation_tool	comment[sdrf annotation tool]	HAMLET-agentic v2.2.5	derived								legacy_derivation	derived	[]
27	PXD041681-Sample-27	factor_disease	factor value[disease]	covid-19, healthy	derived								legacy_derivation	derived	[]
28	PXD041681-Sample-28	source_name	source name	PXD041681-Sample-28	derived								legacy_derivation	derived	[]
28	PXD041681-Sample-28	organism	characteristics[organism]	Homo sapiens	biological_agent	Platelets, the smallest cells in human blood, known for their role in primary hemostasis, are also able to interact with pathogens and play a crucial role in the immune response.	LLM_ONLY	0.5	high	False	False		source_precedence:biological_agent	derived	"[{""cv_accession"": null, ""cv_name"": null, ""metadata"": {""source_field"": ""species""}, ""scope"": ""sample"", ""source"": ""biological_agent"", ""value"": ""Homo sapiens""}]"
28	PXD041681-Sample-28	organism_part	characteristics[organism part]	blood	biological_agent	Platelets, the smallest cells in human blood, known for their role in primary hemostasis, are also able to interact with pathogens and play a crucial role in the immune response.	LLM_ONLY	0.5	high	False	False		source_precedence:biological_agent	derived	"[{""cv_accession"": null, ""cv_name"": null, ""metadata"": {""source_field"": ""tissue""}, ""scope"": ""sample"", ""source"": ""biological_agent"", ""value"": ""blood""}]"
28	PXD041681-Sample-28	disease	characteristics[disease]	covid-19, healthy	biological_agent	A comparative proteome analysis of highly purified platelets from critically diseased COVID-19 patients with different outcomes (survivors and non-survivors) and age- and sex-matched controls was performed.	LLM_ONLY	0.5	medium	False	False	COVID-19, healthy	source_precedence:biological_agent	derived	"[{""cv_accession"": null, ""cv_name"": null, ""metadata"": {""source_field"": ""disease_state""}, ""scope"": ""sample"", ""source"": ""biological_agent"", ""value"": ""COVID-19""}]"
28	PXD041681-Sample-28	cell_type	characteristics[cell type]	platelets	biological_agent	A comparative proteome analysis of highly purified platelets from critically diseased COVID-19 patients with different outcomes (survivors and non-survivors) and age- and sex-matched controls was performed.	LLM_ONLY	0.5	high	False	False		source_precedence:biological_agent	derived	"[{""cv_accession"": null, ""cv_name"": null, ""metadata"": {""source_field"": ""cell_type""}, ""scope"": ""sample"", ""source"": ""biological_agent"", ""value"": ""platelets""}]"
28	PXD041681-Sample-28	sex	characteristics[sex]	male	biological_agent	The patients all happened to be male.	LLM_ONLY	0.5	high	False	False		source_precedence:biological_agent	derived	"[{""cv_accession"": null, ""cv_name"": null, ""metadata"": {""source_field"": ""sex""}, ""scope"": ""sample"", ""source"": ""biological_agent"", ""value"": ""male""}]"
28	PXD041681-Sample-28	age	characteristics[age]	$\ge$18 years	biological_agent	Patients with a critical COVID-19 course, as well as healthy controls ($\ge$18 years of age), were enrolled in this study between 6 November 2020 and 22 February 2021.	LLM_ONLY	0.5	high	False	False		source_precedence:biological_agent	derived	"[{""cv_accession"": null, ""cv_name"": null, ""metadata"": {""source_field"": ""age""}, ""scope"": ""sample"", ""source"": ""biological_agent"", ""value"": ""$\\ge$18 years""}]"
28	PXD041681-Sample-28	assay_name	assay name	run 28	derived								legacy_derivation	derived	[]
28	PXD041681-Sample-28	technology_type	technology type	proteomic profiling by mass spectrometry	derived								legacy_derivation	derived	[]
28	PXD041681-Sample-28	acquisition	comment[proteomics data acquisition method]	NT=data-dependent acquisition;AC=PRIDE:0000627	runassessor								source_precedence:runassessor	derived	"[{""cv_accession"": null, ""cv_name"": null, ""metadata"": {""source_path"": ""runAssessor.files.PXD041681/FLI13807.mzML.spectra_stats.acquisition_type""}, ""scope"": ""assay"", ""source"": ""runassessor"", ""value"": ""DDA""}]"
28	PXD041681-Sample-28	label	comment[label]	label free sample	technical_agent				high	False	False		source_precedence:technical_agent	derived	"[{""cv_accession"": null, ""cv_name"": null, ""metadata"": {}, ""scope"": ""study"", ""source"": ""technical_agent"", ""value"": ""label-free""}]"
28	PXD041681-Sample-28	instrument	comment[instrument]	NT=Orbitrap Fusion Lumos;AC=MS:1002732	runassessor				high	False	False		source_precedence:runassessor	derived	"[{""cv_accession"": ""MS:1002732"", ""cv_name"": ""Orbitrap Fusion Lumos"", ""metadata"": {""source_path"": ""runAssessor.files.PXD041681/FLI13807.mzML.instrument_model.name""}, ""scope"": ""assay"", ""source"": ""runassessor"", ""value"": ""Orbitrap Fusion Lumos""}, {""cv_accession"": null, ""cv_name"": null, ""metadata"": {}, ""scope"": ""study"", ""source"": ""technical_agent"", ""value"": ""Orbitrap Fusion Lumos""}]"
28	PXD041681-Sample-28	cleavage_agent	comment[cleavage agent details]	NT=Trypsin;AC=MS:1001251	derived								legacy_derivation	derived	[]
28	PXD041681-Sample-28	dissociation	comment[dissociation method]	NT=beam-type collision-induced dissociation;AC=MS:1000422	runassessor								source_precedence:runassessor	derived	"[{""cv_accession"": null, ""cv_name"": null, ""metadata"": {""source_path"": ""runAssessor.files.PXD041681/FLI13807.mzML.spectra_stats.fragmentation_type""}, ""scope"": ""assay"", ""source"": ""runassessor"", ""value"": ""HR_HCD""}]"
28	PXD041681-Sample-28	factor_value	factor value[experimental design]	patient group (ICU, NW, healthy controls)	experimental_design_agent	unfavorable clinical outcome HPPs from 19 ICU patients, 5 NW patients, and 16 healthy controls (Figure 1a) were studied	LLM_ONLY	0.5	high	False	False		source_precedence:experimental_design_agent	derived	"[{""cv_accession"": null, ""cv_name"": null, ""metadata"": {""source_field"": ""factor_value""}, ""scope"": ""study"", ""source"": ""experimental_design_agent"", ""value"": ""patient group (ICU, NW, healthy controls)""}]"
28	PXD041681-Sample-28	modification	comment[modification parameters]	NT=monohydroxylated residue;AC=MOD:00425;MT=?	pride	monohydroxylated residue							normalized_source_union	derived	"[{""fraction_modified"": null, ""raw_stem"": null, ""scope"": ""study"", ""source"": ""pride"", ""source_path"": ""pride_metadata.project.identifiedPTMStrings[0]"", ""source_value"": ""monohydroxylated residue""}]"
28	PXD041681-Sample-28	modification	comment[modification parameters]	NT=iodoacetamide derivatized residue;AC=MOD:00397;MT=?	pride	iodoacetamide derivatized residue							normalized_source_union	derived	"[{""fraction_modified"": null, ""raw_stem"": null, ""scope"": ""study"", ""source"": ""pride"", ""source_path"": ""pride_metadata.project.identifiedPTMStrings[1]"", ""source_value"": ""iodoacetamide derivatized residue""}]"
28	PXD041681-Sample-28	reduction_reagent	comment[reduction reagent]	dithiothreitol	derived								legacy_derivation	derived	[]
28	PXD041681-Sample-28	alkylation_reagent	comment[alkylation reagent]	iodoacetamide	derived								legacy_derivation	derived	[]
28	PXD041681-Sample-28	ms2_analyzer	comment[ms2 mass analyzer]	Orbitrap	technical_agent								source_precedence:technical_agent	derived	"[{""cv_accession"": null, ""cv_name"": null, ""metadata"": {}, ""scope"": ""study"", ""source"": ""technical_agent"", ""value"": ""Orbitrap""}]"
28	PXD041681-Sample-28	collision_energy	comment[collision energy]	28% NCE	derived								legacy_derivation	derived	[]
28	PXD041681-Sample-28	data_file	comment[data file]	FLI13807.raw	derived								legacy_derivation	derived	[]
28	PXD041681-Sample-28	sdrf_version	comment[sdrf version]	v1.1.0	derived								legacy_derivation	derived	[]
28	PXD041681-Sample-28	annotation_tool	comment[sdrf annotation tool]	HAMLET-agentic v2.2.5	derived								legacy_derivation	derived	[]
28	PXD041681-Sample-28	factor_disease	factor value[disease]	covid-19, healthy	derived								legacy_derivation	derived	[]
29	PXD041681-Sample-29	source_name	source name	PXD041681-Sample-29	derived								legacy_derivation	derived	[]
29	PXD041681-Sample-29	organism	characteristics[organism]	Homo sapiens	biological_agent	Platelets, the smallest cells in human blood, known for their role in primary hemostasis, are also able to interact with pathogens and play a crucial role in the immune response.	LLM_ONLY	0.5	high	False	False		source_precedence:biological_agent	derived	"[{""cv_accession"": null, ""cv_name"": null, ""metadata"": {""source_field"": ""species""}, ""scope"": ""sample"", ""source"": ""biological_agent"", ""value"": ""Homo sapiens""}]"
29	PXD041681-Sample-29	organism_part	characteristics[organism part]	blood	biological_agent	Platelets, the smallest cells in human blood, known for their role in primary hemostasis, are also able to interact with pathogens and play a crucial role in the immune response.	LLM_ONLY	0.5	high	False	False		source_precedence:biological_agent	derived	"[{""cv_accession"": null, ""cv_name"": null, ""metadata"": {""source_field"": ""tissue""}, ""scope"": ""sample"", ""source"": ""biological_agent"", ""value"": ""blood""}]"
29	PXD041681-Sample-29	disease	characteristics[disease]	covid-19, healthy	biological_agent	A comparative proteome analysis of highly purified platelets from critically diseased COVID-19 patients with different outcomes (survivors and non-survivors) and age- and sex-matched controls was performed.	LLM_ONLY	0.5	medium	False	False	COVID-19, healthy	source_precedence:biological_agent	derived	"[{""cv_accession"": null, ""cv_name"": null, ""metadata"": {""source_field"": ""disease_state""}, ""scope"": ""sample"", ""source"": ""biological_agent"", ""value"": ""COVID-19""}]"
29	PXD041681-Sample-29	cell_type	characteristics[cell type]	platelets	biological_agent	A comparative proteome analysis of highly purified platelets from critically diseased COVID-19 patients with different outcomes (survivors and non-survivors) and age- and sex-matched controls was performed.	LLM_ONLY	0.5	high	False	False		source_precedence:biological_agent	derived	"[{""cv_accession"": null, ""cv_name"": null, ""metadata"": {""source_field"": ""cell_type""}, ""scope"": ""sample"", ""source"": ""biological_agent"", ""value"": ""platelets""}]"
29	PXD041681-Sample-29	sex	characteristics[sex]	male	biological_agent	The patients all happened to be male.	LLM_ONLY	0.5	high	False	False		source_precedence:biological_agent	derived	"[{""cv_accession"": null, ""cv_name"": null, ""metadata"": {""source_field"": ""sex""}, ""scope"": ""sample"", ""source"": ""biological_agent"", ""value"": ""male""}]"
29	PXD041681-Sample-29	age	characteristics[age]	$\ge$18 years	biological_agent	Patients with a critical COVID-19 course, as well as healthy controls ($\ge$18 years of age), were enrolled in this study between 6 November 2020 and 22 February 2021.	LLM_ONLY	0.5	high	False	False		source_precedence:biological_agent	derived	"[{""cv_accession"": null, ""cv_name"": null, ""metadata"": {""source_field"": ""age""}, ""scope"": ""sample"", ""source"": ""biological_agent"", ""value"": ""$\\ge$18 years""}]"
29	PXD041681-Sample-29	assay_name	assay name	run 29	derived								legacy_derivation	derived	[]
29	PXD041681-Sample-29	technology_type	technology type	proteomic profiling by mass spectrometry	derived								legacy_derivation	derived	[]
29	PXD041681-Sample-29	acquisition	comment[proteomics data acquisition method]	NT=data-dependent acquisition;AC=PRIDE:0000627	runassessor								source_precedence:runassessor	derived	"[{""cv_accession"": null, ""cv_name"": null, ""metadata"": {""source_path"": ""runAssessor.files.PXD041681/FLI13777.mzML.spectra_stats.acquisition_type""}, ""scope"": ""assay"", ""source"": ""runassessor"", ""value"": ""DDA""}]"
29	PXD041681-Sample-29	label	comment[label]	label free sample	technical_agent				high	False	False		source_precedence:technical_agent	derived	"[{""cv_accession"": null, ""cv_name"": null, ""metadata"": {}, ""scope"": ""study"", ""source"": ""technical_agent"", ""value"": ""label-free""}]"
29	PXD041681-Sample-29	instrument	comment[instrument]	NT=Orbitrap Fusion Lumos;AC=MS:1002732	runassessor				high	False	False		source_precedence:runassessor	derived	"[{""cv_accession"": ""MS:1002732"", ""cv_name"": ""Orbitrap Fusion Lumos"", ""metadata"": {""source_path"": ""runAssessor.files.PXD041681/FLI13777.mzML.instrument_model.name""}, ""scope"": ""assay"", ""source"": ""runassessor"", ""value"": ""Orbitrap Fusion Lumos""}, {""cv_accession"": null, ""cv_name"": null, ""metadata"": {}, ""scope"": ""study"", ""source"": ""technical_agent"", ""value"": ""Orbitrap Fusion Lumos""}]"
29	PXD041681-Sample-29	cleavage_agent	comment[cleavage agent details]	NT=Trypsin;AC=MS:1001251	derived								legacy_derivation	derived	[]
29	PXD041681-Sample-29	dissociation	comment[dissociation method]	NT=beam-type collision-induced dissociation;AC=MS:1000422	runassessor								source_precedence:runassessor	derived	"[{""cv_accession"": null, ""cv_name"": null, ""metadata"": {""source_path"": ""runAssessor.files.PXD041681/FLI13777.mzML.spectra_stats.fragmentation_type""}, ""scope"": ""assay"", ""source"": ""runassessor"", ""value"": ""HR_HCD""}]"
29	PXD041681-Sample-29	factor_value	factor value[experimental design]	patient group (ICU, NW, healthy controls)	experimental_design_agent	unfavorable clinical outcome HPPs from 19 ICU patients, 5 NW patients, and 16 healthy controls (Figure 1a) were studied	LLM_ONLY	0.5	high	False	False		source_precedence:experimental_design_agent	derived	"[{""cv_accession"": null, ""cv_name"": null, ""metadata"": {""source_field"": ""factor_value""}, ""scope"": ""study"", ""source"": ""experimental_design_agent"", ""value"": ""patient group (ICU, NW, healthy controls)""}]"
29	PXD041681-Sample-29	modification	comment[modification parameters]	NT=monohydroxylated residue;AC=MOD:00425;MT=?	pride	monohydroxylated residue							normalized_source_union	derived	"[{""fraction_modified"": null, ""raw_stem"": null, ""scope"": ""study"", ""source"": ""pride"", ""source_path"": ""pride_metadata.project.identifiedPTMStrings[0]"", ""source_value"": ""monohydroxylated residue""}]"
29	PXD041681-Sample-29	modification	comment[modification parameters]	NT=iodoacetamide derivatized residue;AC=MOD:00397;MT=?	pride	iodoacetamide derivatized residue							normalized_source_union	derived	"[{""fraction_modified"": null, ""raw_stem"": null, ""scope"": ""study"", ""source"": ""pride"", ""source_path"": ""pride_metadata.project.identifiedPTMStrings[1]"", ""source_value"": ""iodoacetamide derivatized residue""}]"
29	PXD041681-Sample-29	reduction_reagent	comment[reduction reagent]	dithiothreitol	derived								legacy_derivation	derived	[]
29	PXD041681-Sample-29	alkylation_reagent	comment[alkylation reagent]	iodoacetamide	derived								legacy_derivation	derived	[]
29	PXD041681-Sample-29	ms2_analyzer	comment[ms2 mass analyzer]	Orbitrap	technical_agent								source_precedence:technical_agent	derived	"[{""cv_accession"": null, ""cv_name"": null, ""metadata"": {}, ""scope"": ""study"", ""source"": ""technical_agent"", ""value"": ""Orbitrap""}]"
29	PXD041681-Sample-29	collision_energy	comment[collision energy]	28% NCE	derived								legacy_derivation	derived	[]
29	PXD041681-Sample-29	data_file	comment[data file]	FLI13777.raw	derived								legacy_derivation	derived	[]
29	PXD041681-Sample-29	sdrf_version	comment[sdrf version]	v1.1.0	derived								legacy_derivation	derived	[]
29	PXD041681-Sample-29	annotation_tool	comment[sdrf annotation tool]	HAMLET-agentic v2.2.5	derived								legacy_derivation	derived	[]
29	PXD041681-Sample-29	factor_disease	factor value[disease]	covid-19, healthy	derived								legacy_derivation	derived	[]
30	PXD041681-Sample-30	source_name	source name	PXD041681-Sample-30	derived								legacy_derivation	derived	[]
30	PXD041681-Sample-30	organism	characteristics[organism]	Homo sapiens	biological_agent	Platelets, the smallest cells in human blood, known for their role in primary hemostasis, are also able to interact with pathogens and play a crucial role in the immune response.	LLM_ONLY	0.5	high	False	False		source_precedence:biological_agent	derived	"[{""cv_accession"": null, ""cv_name"": null, ""metadata"": {""source_field"": ""species""}, ""scope"": ""sample"", ""source"": ""biological_agent"", ""value"": ""Homo sapiens""}]"
30	PXD041681-Sample-30	organism_part	characteristics[organism part]	blood	biological_agent	Platelets, the smallest cells in human blood, known for their role in primary hemostasis, are also able to interact with pathogens and play a crucial role in the immune response.	LLM_ONLY	0.5	high	False	False		source_precedence:biological_agent	derived	"[{""cv_accession"": null, ""cv_name"": null, ""metadata"": {""source_field"": ""tissue""}, ""scope"": ""sample"", ""source"": ""biological_agent"", ""value"": ""blood""}]"
30	PXD041681-Sample-30	disease	characteristics[disease]	covid-19, healthy	biological_agent	A comparative proteome analysis of highly purified platelets from critically diseased COVID-19 patients with different outcomes (survivors and non-survivors) and age- and sex-matched controls was performed.	LLM_ONLY	0.5	medium	False	False	COVID-19, healthy	source_precedence:biological_agent	derived	"[{""cv_accession"": null, ""cv_name"": null, ""metadata"": {""source_field"": ""disease_state""}, ""scope"": ""sample"", ""source"": ""biological_agent"", ""value"": ""COVID-19""}]"
30	PXD041681-Sample-30	cell_type	characteristics[cell type]	platelets	biological_agent	A comparative proteome analysis of highly purified platelets from critically diseased COVID-19 patients with different outcomes (survivors and non-survivors) and age- and sex-matched controls was performed.	LLM_ONLY	0.5	high	False	False		source_precedence:biological_agent	derived	"[{""cv_accession"": null, ""cv_name"": null, ""metadata"": {""source_field"": ""cell_type""}, ""scope"": ""sample"", ""source"": ""biological_agent"", ""value"": ""platelets""}]"
30	PXD041681-Sample-30	sex	characteristics[sex]	male	biological_agent	The patients all happened to be male.	LLM_ONLY	0.5	high	False	False		source_precedence:biological_agent	derived	"[{""cv_accession"": null, ""cv_name"": null, ""metadata"": {""source_field"": ""sex""}, ""scope"": ""sample"", ""source"": ""biological_agent"", ""value"": ""male""}]"
30	PXD041681-Sample-30	age	characteristics[age]	$\ge$18 years	biological_agent	Patients with a critical COVID-19 course, as well as healthy controls ($\ge$18 years of age), were enrolled in this study between 6 November 2020 and 22 February 2021.	LLM_ONLY	0.5	high	False	False		source_precedence:biological_agent	derived	"[{""cv_accession"": null, ""cv_name"": null, ""metadata"": {""source_field"": ""age""}, ""scope"": ""sample"", ""source"": ""biological_agent"", ""value"": ""$\\ge$18 years""}]"
30	PXD041681-Sample-30	assay_name	assay name	run 30	derived								legacy_derivation	derived	[]
30	PXD041681-Sample-30	technology_type	technology type	proteomic profiling by mass spectrometry	derived								legacy_derivation	derived	[]
30	PXD041681-Sample-30	acquisition	comment[proteomics data acquisition method]	NT=data-dependent acquisition;AC=PRIDE:0000627	runassessor								source_precedence:runassessor	derived	"[{""cv_accession"": null, ""cv_name"": null, ""metadata"": {""source_path"": ""runAssessor.files.PXD041681/FLI13811.mzML.spectra_stats.acquisition_type""}, ""scope"": ""assay"", ""source"": ""runassessor"", ""value"": ""DDA""}]"
30	PXD041681-Sample-30	label	comment[label]	label free sample	technical_agent				high	False	False		source_precedence:technical_agent	derived	"[{""cv_accession"": null, ""cv_name"": null, ""metadata"": {}, ""scope"": ""study"", ""source"": ""technical_agent"", ""value"": ""label-free""}]"
30	PXD041681-Sample-30	instrument	comment[instrument]	NT=Orbitrap Fusion Lumos;AC=MS:1002732	runassessor				high	False	False		source_precedence:runassessor	derived	"[{""cv_accession"": ""MS:1002732"", ""cv_name"": ""Orbitrap Fusion Lumos"", ""metadata"": {""source_path"": ""runAssessor.files.PXD041681/FLI13811.mzML.instrument_model.name""}, ""scope"": ""assay"", ""source"": ""runassessor"", ""value"": ""Orbitrap Fusion Lumos""}, {""cv_accession"": null, ""cv_name"": null, ""metadata"": {}, ""scope"": ""study"", ""source"": ""technical_agent"", ""value"": ""Orbitrap Fusion Lumos""}]"
30	PXD041681-Sample-30	cleavage_agent	comment[cleavage agent details]	NT=Trypsin;AC=MS:1001251	derived								legacy_derivation	derived	[]
30	PXD041681-Sample-30	dissociation	comment[dissociation method]	NT=beam-type collision-induced dissociation;AC=MS:1000422	runassessor								source_precedence:runassessor	derived	"[{""cv_accession"": null, ""cv_name"": null, ""metadata"": {""source_path"": ""runAssessor.files.PXD041681/FLI13811.mzML.spectra_stats.fragmentation_tag""}, ""scope"": ""assay"", ""source"": ""runassessor"", ""value"": ""HR HCD""}, {""cv_accession"": null, ""cv_name"": null, ""metadata"": {""source_path"": ""runAssessor.files.PXD041681/FLI13811.mzML.spectra_stats.fragmentation_type""}, ""scope"": ""assay"", ""source"": ""runassessor"", ""value"": ""HR_HCD""}]"
30	PXD041681-Sample-30	factor_value	factor value[experimental design]	patient group (ICU, NW, healthy controls)	experimental_design_agent	unfavorable clinical outcome HPPs from 19 ICU patients, 5 NW patients, and 16 healthy controls (Figure 1a) were studied	LLM_ONLY	0.5	high	False	False		source_precedence:experimental_design_agent	derived	"[{""cv_accession"": null, ""cv_name"": null, ""metadata"": {""source_field"": ""factor_value""}, ""scope"": ""study"", ""source"": ""experimental_design_agent"", ""value"": ""patient group (ICU, NW, healthy controls)""}]"
30	PXD041681-Sample-30	modification	comment[modification parameters]	NT=monohydroxylated residue;AC=MOD:00425;MT=?	pride	monohydroxylated residue							normalized_source_union	derived	"[{""fraction_modified"": null, ""raw_stem"": null, ""scope"": ""study"", ""source"": ""pride"", ""source_path"": ""pride_metadata.project.identifiedPTMStrings[0]"", ""source_value"": ""monohydroxylated residue""}]"
30	PXD041681-Sample-30	modification	comment[modification parameters]	NT=iodoacetamide derivatized residue;AC=MOD:00397;MT=?	pride	iodoacetamide derivatized residue							normalized_source_union	derived	"[{""fraction_modified"": null, ""raw_stem"": null, ""scope"": ""study"", ""source"": ""pride"", ""source_path"": ""pride_metadata.project.identifiedPTMStrings[1]"", ""source_value"": ""iodoacetamide derivatized residue""}]"
30	PXD041681-Sample-30	reduction_reagent	comment[reduction reagent]	dithiothreitol	derived								legacy_derivation	derived	[]
30	PXD041681-Sample-30	alkylation_reagent	comment[alkylation reagent]	iodoacetamide	derived								legacy_derivation	derived	[]
30	PXD041681-Sample-30	ms2_analyzer	comment[ms2 mass analyzer]	Orbitrap	technical_agent								source_precedence:technical_agent	derived	"[{""cv_accession"": null, ""cv_name"": null, ""metadata"": {}, ""scope"": ""study"", ""source"": ""technical_agent"", ""value"": ""Orbitrap""}]"
30	PXD041681-Sample-30	collision_energy	comment[collision energy]	28% NCE	derived								legacy_derivation	derived	[]
30	PXD041681-Sample-30	data_file	comment[data file]	FLI13811.raw	derived								legacy_derivation	derived	[]
30	PXD041681-Sample-30	sdrf_version	comment[sdrf version]	v1.1.0	derived								legacy_derivation	derived	[]
30	PXD041681-Sample-30	annotation_tool	comment[sdrf annotation tool]	HAMLET-agentic v2.2.5	derived								legacy_derivation	derived	[]
30	PXD041681-Sample-30	factor_disease	factor value[disease]	covid-19, healthy	derived								legacy_derivation	derived	[]
31	PXD041681-Sample-31	source_name	source name	PXD041681-Sample-31	derived								legacy_derivation	derived	[]
31	PXD041681-Sample-31	organism	characteristics[organism]	Homo sapiens	biological_agent	Platelets, the smallest cells in human blood, known for their role in primary hemostasis, are also able to interact with pathogens and play a crucial role in the immune response.	LLM_ONLY	0.5	high	False	False		source_precedence:biological_agent	derived	"[{""cv_accession"": null, ""cv_name"": null, ""metadata"": {""source_field"": ""species""}, ""scope"": ""sample"", ""source"": ""biological_agent"", ""value"": ""Homo sapiens""}]"
31	PXD041681-Sample-31	organism_part	characteristics[organism part]	blood	biological_agent	Platelets, the smallest cells in human blood, known for their role in primary hemostasis, are also able to interact with pathogens and play a crucial role in the immune response.	LLM_ONLY	0.5	high	False	False		source_precedence:biological_agent	derived	"[{""cv_accession"": null, ""cv_name"": null, ""metadata"": {""source_field"": ""tissue""}, ""scope"": ""sample"", ""source"": ""biological_agent"", ""value"": ""blood""}]"
31	PXD041681-Sample-31	disease	characteristics[disease]	covid-19, healthy	biological_agent	A comparative proteome analysis of highly purified platelets from critically diseased COVID-19 patients with different outcomes (survivors and non-survivors) and age- and sex-matched controls was performed.	LLM_ONLY	0.5	medium	False	False	COVID-19, healthy	source_precedence:biological_agent	derived	"[{""cv_accession"": null, ""cv_name"": null, ""metadata"": {""source_field"": ""disease_state""}, ""scope"": ""sample"", ""source"": ""biological_agent"", ""value"": ""COVID-19""}]"
31	PXD041681-Sample-31	cell_type	characteristics[cell type]	platelets	biological_agent	A comparative proteome analysis of highly purified platelets from critically diseased COVID-19 patients with different outcomes (survivors and non-survivors) and age- and sex-matched controls was performed.	LLM_ONLY	0.5	high	False	False		source_precedence:biological_agent	derived	"[{""cv_accession"": null, ""cv_name"": null, ""metadata"": {""source_field"": ""cell_type""}, ""scope"": ""sample"", ""source"": ""biological_agent"", ""value"": ""platelets""}]"
31	PXD041681-Sample-31	sex	characteristics[sex]	male	biological_agent	The patients all happened to be male.	LLM_ONLY	0.5	high	False	False		source_precedence:biological_agent	derived	"[{""cv_accession"": null, ""cv_name"": null, ""metadata"": {""source_field"": ""sex""}, ""scope"": ""sample"", ""source"": ""biological_agent"", ""value"": ""male""}]"
31	PXD041681-Sample-31	age	characteristics[age]	$\ge$18 years	biological_agent	Patients with a critical COVID-19 course, as well as healthy controls ($\ge$18 years of age), were enrolled in this study between 6 November 2020 and 22 February 2021.	LLM_ONLY	0.5	high	False	False		source_precedence:biological_agent	derived	"[{""cv_accession"": null, ""cv_name"": null, ""metadata"": {""source_field"": ""age""}, ""scope"": ""sample"", ""source"": ""biological_agent"", ""value"": ""$\\ge$18 years""}]"
31	PXD041681-Sample-31	assay_name	assay name	run 31	derived								legacy_derivation	derived	[]
31	PXD041681-Sample-31	technology_type	technology type	proteomic profiling by mass spectrometry	derived								legacy_derivation	derived	[]
31	PXD041681-Sample-31	label	comment[label]	label free sample	technical_agent				high	False	False		source_precedence:technical_agent	derived	"[{""cv_accession"": null, ""cv_name"": null, ""metadata"": {}, ""scope"": ""study"", ""source"": ""technical_agent"", ""value"": ""label-free""}]"
31	PXD041681-Sample-31	instrument	comment[instrument]	Orbitrap Fusion Lumos	technical_agent				high	False	False		source_precedence:technical_agent	derived	"[{""cv_accession"": null, ""cv_name"": null, ""metadata"": {}, ""scope"": ""study"", ""source"": ""technical_agent"", ""value"": ""Orbitrap Fusion Lumos""}]"
31	PXD041681-Sample-31	cleavage_agent	comment[cleavage agent details]	NT=Trypsin;AC=MS:1001251	derived								legacy_derivation	derived	[]
31	PXD041681-Sample-31	factor_value	factor value[experimental design]	patient group (ICU, NW, healthy controls)	experimental_design_agent	unfavorable clinical outcome HPPs from 19 ICU patients, 5 NW patients, and 16 healthy controls (Figure 1a) were studied	LLM_ONLY	0.5	high	False	False		source_precedence:experimental_design_agent	derived	"[{""cv_accession"": null, ""cv_name"": null, ""metadata"": {""source_field"": ""factor_value""}, ""scope"": ""study"", ""source"": ""experimental_design_agent"", ""value"": ""patient group (ICU, NW, healthy controls)""}]"
31	PXD041681-Sample-31	modification	comment[modification parameters]	NT=monohydroxylated residue;AC=MOD:00425;MT=?	pride	monohydroxylated residue							normalized_source_union	derived	"[{""fraction_modified"": null, ""raw_stem"": null, ""scope"": ""study"", ""source"": ""pride"", ""source_path"": ""pride_metadata.project.identifiedPTMStrings[0]"", ""source_value"": ""monohydroxylated residue""}]"
31	PXD041681-Sample-31	modification	comment[modification parameters]	NT=iodoacetamide derivatized residue;AC=MOD:00397;MT=?	pride	iodoacetamide derivatized residue							normalized_source_union	derived	"[{""fraction_modified"": null, ""raw_stem"": null, ""scope"": ""study"", ""source"": ""pride"", ""source_path"": ""pride_metadata.project.identifiedPTMStrings[1]"", ""source_value"": ""iodoacetamide derivatized residue""}]"
31	PXD041681-Sample-31	reduction_reagent	comment[reduction reagent]	dithiothreitol	derived								legacy_derivation	derived	[]
31	PXD041681-Sample-31	alkylation_reagent	comment[alkylation reagent]	iodoacetamide	derived								legacy_derivation	derived	[]
31	PXD041681-Sample-31	ms2_analyzer	comment[ms2 mass analyzer]	Orbitrap	technical_agent								source_precedence:technical_agent	derived	"[{""cv_accession"": null, ""cv_name"": null, ""metadata"": {}, ""scope"": ""study"", ""source"": ""technical_agent"", ""value"": ""Orbitrap""}]"
31	PXD041681-Sample-31	collision_energy	comment[collision energy]	28% NCE	derived								legacy_derivation	derived	[]
31	PXD041681-Sample-31	data_file	comment[data file]	FLI13787.raw	derived								legacy_derivation	derived	[]
31	PXD041681-Sample-31	sdrf_version	comment[sdrf version]	v1.1.0	derived								legacy_derivation	derived	[]
31	PXD041681-Sample-31	annotation_tool	comment[sdrf annotation tool]	HAMLET-agentic v2.2.5	derived								legacy_derivation	derived	[]
31	PXD041681-Sample-31	factor_disease	factor value[disease]	covid-19, healthy	derived								legacy_derivation	derived	[]
32	PXD041681-Sample-32	source_name	source name	PXD041681-Sample-32	derived								legacy_derivation	derived	[]
32	PXD041681-Sample-32	organism	characteristics[organism]	Homo sapiens	biological_agent	Platelets, the smallest cells in human blood, known for their role in primary hemostasis, are also able to interact with pathogens and play a crucial role in the immune response.	LLM_ONLY	0.5	high	False	False		source_precedence:biological_agent	derived	"[{""cv_accession"": null, ""cv_name"": null, ""metadata"": {""source_field"": ""species""}, ""scope"": ""sample"", ""source"": ""biological_agent"", ""value"": ""Homo sapiens""}]"
32	PXD041681-Sample-32	organism_part	characteristics[organism part]	blood	biological_agent	Platelets, the smallest cells in human blood, known for their role in primary hemostasis, are also able to interact with pathogens and play a crucial role in the immune response.	LLM_ONLY	0.5	high	False	False		source_precedence:biological_agent	derived	"[{""cv_accession"": null, ""cv_name"": null, ""metadata"": {""source_field"": ""tissue""}, ""scope"": ""sample"", ""source"": ""biological_agent"", ""value"": ""blood""}]"
32	PXD041681-Sample-32	disease	characteristics[disease]	covid-19, healthy	biological_agent	A comparative proteome analysis of highly purified platelets from critically diseased COVID-19 patients with different outcomes (survivors and non-survivors) and age- and sex-matched controls was performed.	LLM_ONLY	0.5	medium	False	False	COVID-19, healthy	source_precedence:biological_agent	derived	"[{""cv_accession"": null, ""cv_name"": null, ""metadata"": {""source_field"": ""disease_state""}, ""scope"": ""sample"", ""source"": ""biological_agent"", ""value"": ""COVID-19""}]"
32	PXD041681-Sample-32	cell_type	characteristics[cell type]	platelets	biological_agent	A comparative proteome analysis of highly purified platelets from critically diseased COVID-19 patients with different outcomes (survivors and non-survivors) and age- and sex-matched controls was performed.	LLM_ONLY	0.5	high	False	False		source_precedence:biological_agent	derived	"[{""cv_accession"": null, ""cv_name"": null, ""metadata"": {""source_field"": ""cell_type""}, ""scope"": ""sample"", ""source"": ""biological_agent"", ""value"": ""platelets""}]"
32	PXD041681-Sample-32	sex	characteristics[sex]	male	biological_agent	The patients all happened to be male.	LLM_ONLY	0.5	high	False	False		source_precedence:biological_agent	derived	"[{""cv_accession"": null, ""cv_name"": null, ""metadata"": {""source_field"": ""sex""}, ""scope"": ""sample"", ""source"": ""biological_agent"", ""value"": ""male""}]"
32	PXD041681-Sample-32	age	characteristics[age]	$\ge$18 years	biological_agent	Patients with a critical COVID-19 course, as well as healthy controls ($\ge$18 years of age), were enrolled in this study between 6 November 2020 and 22 February 2021.	LLM_ONLY	0.5	high	False	False		source_precedence:biological_agent	derived	"[{""cv_accession"": null, ""cv_name"": null, ""metadata"": {""source_field"": ""age""}, ""scope"": ""sample"", ""source"": ""biological_agent"", ""value"": ""$\\ge$18 years""}]"
32	PXD041681-Sample-32	assay_name	assay name	run 32	derived								legacy_derivation	derived	[]
32	PXD041681-Sample-32	technology_type	technology type	proteomic profiling by mass spectrometry	derived								legacy_derivation	derived	[]
32	PXD041681-Sample-32	label	comment[label]	label free sample	technical_agent				high	False	False		source_precedence:technical_agent	derived	"[{""cv_accession"": null, ""cv_name"": null, ""metadata"": {}, ""scope"": ""study"", ""source"": ""technical_agent"", ""value"": ""label-free""}]"
32	PXD041681-Sample-32	instrument	comment[instrument]	Orbitrap Fusion Lumos	technical_agent				high	False	False		source_precedence:technical_agent	derived	"[{""cv_accession"": null, ""cv_name"": null, ""metadata"": {}, ""scope"": ""study"", ""source"": ""technical_agent"", ""value"": ""Orbitrap Fusion Lumos""}]"
32	PXD041681-Sample-32	cleavage_agent	comment[cleavage agent details]	NT=Trypsin;AC=MS:1001251	derived								legacy_derivation	derived	[]
32	PXD041681-Sample-32	factor_value	factor value[experimental design]	patient group (ICU, NW, healthy controls)	experimental_design_agent	unfavorable clinical outcome HPPs from 19 ICU patients, 5 NW patients, and 16 healthy controls (Figure 1a) were studied	LLM_ONLY	0.5	high	False	False		source_precedence:experimental_design_agent	derived	"[{""cv_accession"": null, ""cv_name"": null, ""metadata"": {""source_field"": ""factor_value""}, ""scope"": ""study"", ""source"": ""experimental_design_agent"", ""value"": ""patient group (ICU, NW, healthy controls)""}]"
32	PXD041681-Sample-32	modification	comment[modification parameters]	NT=monohydroxylated residue;AC=MOD:00425;MT=?	pride	monohydroxylated residue							normalized_source_union	derived	"[{""fraction_modified"": null, ""raw_stem"": null, ""scope"": ""study"", ""source"": ""pride"", ""source_path"": ""pride_metadata.project.identifiedPTMStrings[0]"", ""source_value"": ""monohydroxylated residue""}]"
32	PXD041681-Sample-32	modification	comment[modification parameters]	NT=iodoacetamide derivatized residue;AC=MOD:00397;MT=?	pride	iodoacetamide derivatized residue							normalized_source_union	derived	"[{""fraction_modified"": null, ""raw_stem"": null, ""scope"": ""study"", ""source"": ""pride"", ""source_path"": ""pride_metadata.project.identifiedPTMStrings[1]"", ""source_value"": ""iodoacetamide derivatized residue""}]"
32	PXD041681-Sample-32	reduction_reagent	comment[reduction reagent]	dithiothreitol	derived								legacy_derivation	derived	[]
32	PXD041681-Sample-32	alkylation_reagent	comment[alkylation reagent]	iodoacetamide	derived								legacy_derivation	derived	[]
32	PXD041681-Sample-32	ms2_analyzer	comment[ms2 mass analyzer]	Orbitrap	technical_agent								source_precedence:technical_agent	derived	"[{""cv_accession"": null, ""cv_name"": null, ""metadata"": {}, ""scope"": ""study"", ""source"": ""technical_agent"", ""value"": ""Orbitrap""}]"
32	PXD041681-Sample-32	collision_energy	comment[collision energy]	28% NCE	derived								legacy_derivation	derived	[]
32	PXD041681-Sample-32	data_file	comment[data file]	FLI13799.raw	derived								legacy_derivation	derived	[]
32	PXD041681-Sample-32	sdrf_version	comment[sdrf version]	v1.1.0	derived								legacy_derivation	derived	[]
32	PXD041681-Sample-32	annotation_tool	comment[sdrf annotation tool]	HAMLET-agentic v2.2.5	derived								legacy_derivation	derived	[]
32	PXD041681-Sample-32	factor_disease	factor value[disease]	covid-19, healthy	derived								legacy_derivation	derived	[]
33	PXD041681-Sample-33	source_name	source name	PXD041681-Sample-33	derived								legacy_derivation	derived	[]
33	PXD041681-Sample-33	organism	characteristics[organism]	Homo sapiens	biological_agent	Platelets, the smallest cells in human blood, known for their role in primary hemostasis, are also able to interact with pathogens and play a crucial role in the immune response.	LLM_ONLY	0.5	high	False	False		source_precedence:biological_agent	derived	"[{""cv_accession"": null, ""cv_name"": null, ""metadata"": {""source_field"": ""species""}, ""scope"": ""sample"", ""source"": ""biological_agent"", ""value"": ""Homo sapiens""}]"
33	PXD041681-Sample-33	organism_part	characteristics[organism part]	blood	biological_agent	Platelets, the smallest cells in human blood, known for their role in primary hemostasis, are also able to interact with pathogens and play a crucial role in the immune response.	LLM_ONLY	0.5	high	False	False		source_precedence:biological_agent	derived	"[{""cv_accession"": null, ""cv_name"": null, ""metadata"": {""source_field"": ""tissue""}, ""scope"": ""sample"", ""source"": ""biological_agent"", ""value"": ""blood""}]"
33	PXD041681-Sample-33	disease	characteristics[disease]	covid-19, healthy	biological_agent	A comparative proteome analysis of highly purified platelets from critically diseased COVID-19 patients with different outcomes (survivors and non-survivors) and age- and sex-matched controls was performed.	LLM_ONLY	0.5	medium	False	False	COVID-19, healthy	source_precedence:biological_agent	derived	"[{""cv_accession"": null, ""cv_name"": null, ""metadata"": {""source_field"": ""disease_state""}, ""scope"": ""sample"", ""source"": ""biological_agent"", ""value"": ""COVID-19""}]"
33	PXD041681-Sample-33	cell_type	characteristics[cell type]	platelets	biological_agent	A comparative proteome analysis of highly purified platelets from critically diseased COVID-19 patients with different outcomes (survivors and non-survivors) and age- and sex-matched controls was performed.	LLM_ONLY	0.5	high	False	False		source_precedence:biological_agent	derived	"[{""cv_accession"": null, ""cv_name"": null, ""metadata"": {""source_field"": ""cell_type""}, ""scope"": ""sample"", ""source"": ""biological_agent"", ""value"": ""platelets""}]"
33	PXD041681-Sample-33	sex	characteristics[sex]	male	biological_agent	The patients all happened to be male.	LLM_ONLY	0.5	high	False	False		source_precedence:biological_agent	derived	"[{""cv_accession"": null, ""cv_name"": null, ""metadata"": {""source_field"": ""sex""}, ""scope"": ""sample"", ""source"": ""biological_agent"", ""value"": ""male""}]"
33	PXD041681-Sample-33	age	characteristics[age]	$\ge$18 years	biological_agent	Patients with a critical COVID-19 course, as well as healthy controls ($\ge$18 years of age), were enrolled in this study between 6 November 2020 and 22 February 2021.	LLM_ONLY	0.5	high	False	False		source_precedence:biological_agent	derived	"[{""cv_accession"": null, ""cv_name"": null, ""metadata"": {""source_field"": ""age""}, ""scope"": ""sample"", ""source"": ""biological_agent"", ""value"": ""$\\ge$18 years""}]"
33	PXD041681-Sample-33	assay_name	assay name	run 33	derived								legacy_derivation	derived	[]
33	PXD041681-Sample-33	technology_type	technology type	proteomic profiling by mass spectrometry	derived								legacy_derivation	derived	[]
33	PXD041681-Sample-33	label	comment[label]	label free sample	technical_agent				high	False	False		source_precedence:technical_agent	derived	"[{""cv_accession"": null, ""cv_name"": null, ""metadata"": {}, ""scope"": ""study"", ""source"": ""technical_agent"", ""value"": ""label-free""}]"
33	PXD041681-Sample-33	instrument	comment[instrument]	Orbitrap Fusion Lumos	technical_agent				high	False	False		source_precedence:technical_agent	derived	"[{""cv_accession"": null, ""cv_name"": null, ""metadata"": {}, ""scope"": ""study"", ""source"": ""technical_agent"", ""value"": ""Orbitrap Fusion Lumos""}]"
33	PXD041681-Sample-33	cleavage_agent	comment[cleavage agent details]	NT=Trypsin;AC=MS:1001251	derived								legacy_derivation	derived	[]
33	PXD041681-Sample-33	factor_value	factor value[experimental design]	patient group (ICU, NW, healthy controls)	experimental_design_agent	unfavorable clinical outcome HPPs from 19 ICU patients, 5 NW patients, and 16 healthy controls (Figure 1a) were studied	LLM_ONLY	0.5	high	False	False		source_precedence:experimental_design_agent	derived	"[{""cv_accession"": null, ""cv_name"": null, ""metadata"": {""source_field"": ""factor_value""}, ""scope"": ""study"", ""source"": ""experimental_design_agent"", ""value"": ""patient group (ICU, NW, healthy controls)""}]"
33	PXD041681-Sample-33	modification	comment[modification parameters]	NT=monohydroxylated residue;AC=MOD:00425;MT=?	pride	monohydroxylated residue							normalized_source_union	derived	"[{""fraction_modified"": null, ""raw_stem"": null, ""scope"": ""study"", ""source"": ""pride"", ""source_path"": ""pride_metadata.project.identifiedPTMStrings[0]"", ""source_value"": ""monohydroxylated residue""}]"
33	PXD041681-Sample-33	modification	comment[modification parameters]	NT=iodoacetamide derivatized residue;AC=MOD:00397;MT=?	pride	iodoacetamide derivatized residue							normalized_source_union	derived	"[{""fraction_modified"": null, ""raw_stem"": null, ""scope"": ""study"", ""source"": ""pride"", ""source_path"": ""pride_metadata.project.identifiedPTMStrings[1]"", ""source_value"": ""iodoacetamide derivatized residue""}]"
33	PXD041681-Sample-33	reduction_reagent	comment[reduction reagent]	dithiothreitol	derived								legacy_derivation	derived	[]
33	PXD041681-Sample-33	alkylation_reagent	comment[alkylation reagent]	iodoacetamide	derived								legacy_derivation	derived	[]
33	PXD041681-Sample-33	ms2_analyzer	comment[ms2 mass analyzer]	Orbitrap	technical_agent								source_precedence:technical_agent	derived	"[{""cv_accession"": null, ""cv_name"": null, ""metadata"": {}, ""scope"": ""study"", ""source"": ""technical_agent"", ""value"": ""Orbitrap""}]"
33	PXD041681-Sample-33	collision_energy	comment[collision energy]	28% NCE	derived								legacy_derivation	derived	[]
33	PXD041681-Sample-33	data_file	comment[data file]	FLI13809.raw	derived								legacy_derivation	derived	[]
33	PXD041681-Sample-33	sdrf_version	comment[sdrf version]	v1.1.0	derived								legacy_derivation	derived	[]
33	PXD041681-Sample-33	annotation_tool	comment[sdrf annotation tool]	HAMLET-agentic v2.2.5	derived								legacy_derivation	derived	[]
33	PXD041681-Sample-33	factor_disease	factor value[disease]	covid-19, healthy	derived								legacy_derivation	derived	[]
34	PXD041681-Sample-34	source_name	source name	PXD041681-Sample-34	derived								legacy_derivation	derived	[]
34	PXD041681-Sample-34	organism	characteristics[organism]	Homo sapiens	biological_agent	Platelets, the smallest cells in human blood, known for their role in primary hemostasis, are also able to interact with pathogens and play a crucial role in the immune response.	LLM_ONLY	0.5	high	False	False		source_precedence:biological_agent	derived	"[{""cv_accession"": null, ""cv_name"": null, ""metadata"": {""source_field"": ""species""}, ""scope"": ""sample"", ""source"": ""biological_agent"", ""value"": ""Homo sapiens""}]"
34	PXD041681-Sample-34	organism_part	characteristics[organism part]	blood	biological_agent	Platelets, the smallest cells in human blood, known for their role in primary hemostasis, are also able to interact with pathogens and play a crucial role in the immune response.	LLM_ONLY	0.5	high	False	False		source_precedence:biological_agent	derived	"[{""cv_accession"": null, ""cv_name"": null, ""metadata"": {""source_field"": ""tissue""}, ""scope"": ""sample"", ""source"": ""biological_agent"", ""value"": ""blood""}]"
34	PXD041681-Sample-34	disease	characteristics[disease]	covid-19, healthy	biological_agent	A comparative proteome analysis of highly purified platelets from critically diseased COVID-19 patients with different outcomes (survivors and non-survivors) and age- and sex-matched controls was performed.	LLM_ONLY	0.5	medium	False	False	COVID-19, healthy	source_precedence:biological_agent	derived	"[{""cv_accession"": null, ""cv_name"": null, ""metadata"": {""source_field"": ""disease_state""}, ""scope"": ""sample"", ""source"": ""biological_agent"", ""value"": ""COVID-19""}]"
34	PXD041681-Sample-34	cell_type	characteristics[cell type]	platelets	biological_agent	A comparative proteome analysis of highly purified platelets from critically diseased COVID-19 patients with different outcomes (survivors and non-survivors) and age- and sex-matched controls was performed.	LLM_ONLY	0.5	high	False	False		source_precedence:biological_agent	derived	"[{""cv_accession"": null, ""cv_name"": null, ""metadata"": {""source_field"": ""cell_type""}, ""scope"": ""sample"", ""source"": ""biological_agent"", ""value"": ""platelets""}]"
34	PXD041681-Sample-34	sex	characteristics[sex]	male	biological_agent	The patients all happened to be male.	LLM_ONLY	0.5	high	False	False		source_precedence:biological_agent	derived	"[{""cv_accession"": null, ""cv_name"": null, ""metadata"": {""source_field"": ""sex""}, ""scope"": ""sample"", ""source"": ""biological_agent"", ""value"": ""male""}]"
34	PXD041681-Sample-34	age	characteristics[age]	$\ge$18 years	biological_agent	Patients with a critical COVID-19 course, as well as healthy controls ($\ge$18 years of age), were enrolled in this study between 6 November 2020 and 22 February 2021.	LLM_ONLY	0.5	high	False	False		source_precedence:biological_agent	derived	"[{""cv_accession"": null, ""cv_name"": null, ""metadata"": {""source_field"": ""age""}, ""scope"": ""sample"", ""source"": ""biological_agent"", ""value"": ""$\\ge$18 years""}]"
34	PXD041681-Sample-34	assay_name	assay name	run 34	derived								legacy_derivation	derived	[]
34	PXD041681-Sample-34	technology_type	technology type	proteomic profiling by mass spectrometry	derived								legacy_derivation	derived	[]
34	PXD041681-Sample-34	label	comment[label]	label free sample	technical_agent				high	False	False		source_precedence:technical_agent	derived	"[{""cv_accession"": null, ""cv_name"": null, ""metadata"": {}, ""scope"": ""study"", ""source"": ""technical_agent"", ""value"": ""label-free""}]"
34	PXD041681-Sample-34	instrument	comment[instrument]	Orbitrap Fusion Lumos	technical_agent				high	False	False		source_precedence:technical_agent	derived	"[{""cv_accession"": null, ""cv_name"": null, ""metadata"": {}, ""scope"": ""study"", ""source"": ""technical_agent"", ""value"": ""Orbitrap Fusion Lumos""}]"
34	PXD041681-Sample-34	cleavage_agent	comment[cleavage agent details]	NT=Trypsin;AC=MS:1001251	derived								legacy_derivation	derived	[]
34	PXD041681-Sample-34	factor_value	factor value[experimental design]	patient group (ICU, NW, healthy controls)	experimental_design_agent	unfavorable clinical outcome HPPs from 19 ICU patients, 5 NW patients, and 16 healthy controls (Figure 1a) were studied	LLM_ONLY	0.5	high	False	False		source_precedence:experimental_design_agent	derived	"[{""cv_accession"": null, ""cv_name"": null, ""metadata"": {""source_field"": ""factor_value""}, ""scope"": ""study"", ""source"": ""experimental_design_agent"", ""value"": ""patient group (ICU, NW, healthy controls)""}]"
34	PXD041681-Sample-34	modification	comment[modification parameters]	NT=monohydroxylated residue;AC=MOD:00425;MT=?	pride	monohydroxylated residue							normalized_source_union	derived	"[{""fraction_modified"": null, ""raw_stem"": null, ""scope"": ""study"", ""source"": ""pride"", ""source_path"": ""pride_metadata.project.identifiedPTMStrings[0]"", ""source_value"": ""monohydroxylated residue""}]"
34	PXD041681-Sample-34	modification	comment[modification parameters]	NT=iodoacetamide derivatized residue;AC=MOD:00397;MT=?	pride	iodoacetamide derivatized residue							normalized_source_union	derived	"[{""fraction_modified"": null, ""raw_stem"": null, ""scope"": ""study"", ""source"": ""pride"", ""source_path"": ""pride_metadata.project.identifiedPTMStrings[1]"", ""source_value"": ""iodoacetamide derivatized residue""}]"
34	PXD041681-Sample-34	reduction_reagent	comment[reduction reagent]	dithiothreitol	derived								legacy_derivation	derived	[]
34	PXD041681-Sample-34	alkylation_reagent	comment[alkylation reagent]	iodoacetamide	derived								legacy_derivation	derived	[]
34	PXD041681-Sample-34	ms2_analyzer	comment[ms2 mass analyzer]	Orbitrap	technical_agent								source_precedence:technical_agent	derived	"[{""cv_accession"": null, ""cv_name"": null, ""metadata"": {}, ""scope"": ""study"", ""source"": ""technical_agent"", ""value"": ""Orbitrap""}]"
34	PXD041681-Sample-34	collision_energy	comment[collision energy]	28% NCE	derived								legacy_derivation	derived	[]
34	PXD041681-Sample-34	data_file	comment[data file]	FLI13751.raw	derived								legacy_derivation	derived	[]
34	PXD041681-Sample-34	sdrf_version	comment[sdrf version]	v1.1.0	derived								legacy_derivation	derived	[]
34	PXD041681-Sample-34	annotation_tool	comment[sdrf annotation tool]	HAMLET-agentic v2.2.5	derived								legacy_derivation	derived	[]
34	PXD041681-Sample-34	factor_disease	factor value[disease]	covid-19, healthy	derived								legacy_derivation	derived	[]
35	PXD041681-Sample-35	source_name	source name	PXD041681-Sample-35	derived								legacy_derivation	derived	[]
35	PXD041681-Sample-35	organism	characteristics[organism]	Homo sapiens	biological_agent	Platelets, the smallest cells in human blood, known for their role in primary hemostasis, are also able to interact with pathogens and play a crucial role in the immune response.	LLM_ONLY	0.5	high	False	False		source_precedence:biological_agent	derived	"[{""cv_accession"": null, ""cv_name"": null, ""metadata"": {""source_field"": ""species""}, ""scope"": ""sample"", ""source"": ""biological_agent"", ""value"": ""Homo sapiens""}]"
35	PXD041681-Sample-35	organism_part	characteristics[organism part]	blood	biological_agent	Platelets, the smallest cells in human blood, known for their role in primary hemostasis, are also able to interact with pathogens and play a crucial role in the immune response.	LLM_ONLY	0.5	high	False	False		source_precedence:biological_agent	derived	"[{""cv_accession"": null, ""cv_name"": null, ""metadata"": {""source_field"": ""tissue""}, ""scope"": ""sample"", ""source"": ""biological_agent"", ""value"": ""blood""}]"
35	PXD041681-Sample-35	disease	characteristics[disease]	covid-19, healthy	biological_agent	A comparative proteome analysis of highly purified platelets from critically diseased COVID-19 patients with different outcomes (survivors and non-survivors) and age- and sex-matched controls was performed.	LLM_ONLY	0.5	medium	False	False	COVID-19, healthy	source_precedence:biological_agent	derived	"[{""cv_accession"": null, ""cv_name"": null, ""metadata"": {""source_field"": ""disease_state""}, ""scope"": ""sample"", ""source"": ""biological_agent"", ""value"": ""COVID-19""}]"
35	PXD041681-Sample-35	cell_type	characteristics[cell type]	platelets	biological_agent	A comparative proteome analysis of highly purified platelets from critically diseased COVID-19 patients with different outcomes (survivors and non-survivors) and age- and sex-matched controls was performed.	LLM_ONLY	0.5	high	False	False		source_precedence:biological_agent	derived	"[{""cv_accession"": null, ""cv_name"": null, ""metadata"": {""source_field"": ""cell_type""}, ""scope"": ""sample"", ""source"": ""biological_agent"", ""value"": ""platelets""}]"
35	PXD041681-Sample-35	sex	characteristics[sex]	male	biological_agent	The patients all happened to be male.	LLM_ONLY	0.5	high	False	False		source_precedence:biological_agent	derived	"[{""cv_accession"": null, ""cv_name"": null, ""metadata"": {""source_field"": ""sex""}, ""scope"": ""sample"", ""source"": ""biological_agent"", ""value"": ""male""}]"
35	PXD041681-Sample-35	age	characteristics[age]	$\ge$18 years	biological_agent	Patients with a critical COVID-19 course, as well as healthy controls ($\ge$18 years of age), were enrolled in this study between 6 November 2020 and 22 February 2021.	LLM_ONLY	0.5	high	False	False		source_precedence:biological_agent	derived	"[{""cv_accession"": null, ""cv_name"": null, ""metadata"": {""source_field"": ""age""}, ""scope"": ""sample"", ""source"": ""biological_agent"", ""value"": ""$\\ge$18 years""}]"
35	PXD041681-Sample-35	assay_name	assay name	run 35	derived								legacy_derivation	derived	[]
35	PXD041681-Sample-35	technology_type	technology type	proteomic profiling by mass spectrometry	derived								legacy_derivation	derived	[]
35	PXD041681-Sample-35	label	comment[label]	label free sample	technical_agent				high	False	False		source_precedence:technical_agent	derived	"[{""cv_accession"": null, ""cv_name"": null, ""metadata"": {}, ""scope"": ""study"", ""source"": ""technical_agent"", ""value"": ""label-free""}]"
35	PXD041681-Sample-35	instrument	comment[instrument]	Orbitrap Fusion Lumos	technical_agent				high	False	False		source_precedence:technical_agent	derived	"[{""cv_accession"": null, ""cv_name"": null, ""metadata"": {}, ""scope"": ""study"", ""source"": ""technical_agent"", ""value"": ""Orbitrap Fusion Lumos""}]"
35	PXD041681-Sample-35	cleavage_agent	comment[cleavage agent details]	NT=Trypsin;AC=MS:1001251	derived								legacy_derivation	derived	[]
35	PXD041681-Sample-35	factor_value	factor value[experimental design]	patient group (ICU, NW, healthy controls)	experimental_design_agent	unfavorable clinical outcome HPPs from 19 ICU patients, 5 NW patients, and 16 healthy controls (Figure 1a) were studied	LLM_ONLY	0.5	high	False	False		source_precedence:experimental_design_agent	derived	"[{""cv_accession"": null, ""cv_name"": null, ""metadata"": {""source_field"": ""factor_value""}, ""scope"": ""study"", ""source"": ""experimental_design_agent"", ""value"": ""patient group (ICU, NW, healthy controls)""}]"
35	PXD041681-Sample-35	modification	comment[modification parameters]	NT=monohydroxylated residue;AC=MOD:00425;MT=?	pride	monohydroxylated residue							normalized_source_union	derived	"[{""fraction_modified"": null, ""raw_stem"": null, ""scope"": ""study"", ""source"": ""pride"", ""source_path"": ""pride_metadata.project.identifiedPTMStrings[0]"", ""source_value"": ""monohydroxylated residue""}]"
35	PXD041681-Sample-35	modification	comment[modification parameters]	NT=iodoacetamide derivatized residue;AC=MOD:00397;MT=?	pride	iodoacetamide derivatized residue							normalized_source_union	derived	"[{""fraction_modified"": null, ""raw_stem"": null, ""scope"": ""study"", ""source"": ""pride"", ""source_path"": ""pride_metadata.project.identifiedPTMStrings[1]"", ""source_value"": ""iodoacetamide derivatized residue""}]"
35	PXD041681-Sample-35	reduction_reagent	comment[reduction reagent]	dithiothreitol	derived								legacy_derivation	derived	[]
35	PXD041681-Sample-35	alkylation_reagent	comment[alkylation reagent]	iodoacetamide	derived								legacy_derivation	derived	[]
35	PXD041681-Sample-35	ms2_analyzer	comment[ms2 mass analyzer]	Orbitrap	technical_agent								source_precedence:technical_agent	derived	"[{""cv_accession"": null, ""cv_name"": null, ""metadata"": {}, ""scope"": ""study"", ""source"": ""technical_agent"", ""value"": ""Orbitrap""}]"
35	PXD041681-Sample-35	collision_energy	comment[collision energy]	28% NCE	derived								legacy_derivation	derived	[]
35	PXD041681-Sample-35	data_file	comment[data file]	FLI13757.raw	derived								legacy_derivation	derived	[]
35	PXD041681-Sample-35	sdrf_version	comment[sdrf version]	v1.1.0	derived								legacy_derivation	derived	[]
35	PXD041681-Sample-35	annotation_tool	comment[sdrf annotation tool]	HAMLET-agentic v2.2.5	derived								legacy_derivation	derived	[]
35	PXD041681-Sample-35	factor_disease	factor value[disease]	covid-19, healthy	derived								legacy_derivation	derived	[]
36	PXD041681-Sample-36	source_name	source name	PXD041681-Sample-36	derived								legacy_derivation	derived	[]
36	PXD041681-Sample-36	organism	characteristics[organism]	Homo sapiens	biological_agent	Platelets, the smallest cells in human blood, known for their role in primary hemostasis, are also able to interact with pathogens and play a crucial role in the immune response.	LLM_ONLY	0.5	high	False	False		source_precedence:biological_agent	derived	"[{""cv_accession"": null, ""cv_name"": null, ""metadata"": {""source_field"": ""species""}, ""scope"": ""sample"", ""source"": ""biological_agent"", ""value"": ""Homo sapiens""}]"
36	PXD041681-Sample-36	organism_part	characteristics[organism part]	blood	biological_agent	Platelets, the smallest cells in human blood, known for their role in primary hemostasis, are also able to interact with pathogens and play a crucial role in the immune response.	LLM_ONLY	0.5	high	False	False		source_precedence:biological_agent	derived	"[{""cv_accession"": null, ""cv_name"": null, ""metadata"": {""source_field"": ""tissue""}, ""scope"": ""sample"", ""source"": ""biological_agent"", ""value"": ""blood""}]"
36	PXD041681-Sample-36	disease	characteristics[disease]	covid-19, healthy	biological_agent	A comparative proteome analysis of highly purified platelets from critically diseased COVID-19 patients with different outcomes (survivors and non-survivors) and age- and sex-matched controls was performed.	LLM_ONLY	0.5	medium	False	False	COVID-19, healthy	source_precedence:biological_agent	derived	"[{""cv_accession"": null, ""cv_name"": null, ""metadata"": {""source_field"": ""disease_state""}, ""scope"": ""sample"", ""source"": ""biological_agent"", ""value"": ""COVID-19""}]"
36	PXD041681-Sample-36	cell_type	characteristics[cell type]	platelets	biological_agent	A comparative proteome analysis of highly purified platelets from critically diseased COVID-19 patients with different outcomes (survivors and non-survivors) and age- and sex-matched controls was performed.	LLM_ONLY	0.5	high	False	False		source_precedence:biological_agent	derived	"[{""cv_accession"": null, ""cv_name"": null, ""metadata"": {""source_field"": ""cell_type""}, ""scope"": ""sample"", ""source"": ""biological_agent"", ""value"": ""platelets""}]"
36	PXD041681-Sample-36	sex	characteristics[sex]	male	biological_agent	The patients all happened to be male.	LLM_ONLY	0.5	high	False	False		source_precedence:biological_agent	derived	"[{""cv_accession"": null, ""cv_name"": null, ""metadata"": {""source_field"": ""sex""}, ""scope"": ""sample"", ""source"": ""biological_agent"", ""value"": ""male""}]"
36	PXD041681-Sample-36	age	characteristics[age]	$\ge$18 years	biological_agent	Patients with a critical COVID-19 course, as well as healthy controls ($\ge$18 years of age), were enrolled in this study between 6 November 2020 and 22 February 2021.	LLM_ONLY	0.5	high	False	False		source_precedence:biological_agent	derived	"[{""cv_accession"": null, ""cv_name"": null, ""metadata"": {""source_field"": ""age""}, ""scope"": ""sample"", ""source"": ""biological_agent"", ""value"": ""$\\ge$18 years""}]"
36	PXD041681-Sample-36	assay_name	assay name	run 36	derived								legacy_derivation	derived	[]
36	PXD041681-Sample-36	technology_type	technology type	proteomic profiling by mass spectrometry	derived								legacy_derivation	derived	[]
36	PXD041681-Sample-36	label	comment[label]	label free sample	technical_agent				high	False	False		source_precedence:technical_agent	derived	"[{""cv_accession"": null, ""cv_name"": null, ""metadata"": {}, ""scope"": ""study"", ""source"": ""technical_agent"", ""value"": ""label-free""}]"
36	PXD041681-Sample-36	instrument	comment[instrument]	Orbitrap Fusion Lumos	technical_agent				high	False	False		source_precedence:technical_agent	derived	"[{""cv_accession"": null, ""cv_name"": null, ""metadata"": {}, ""scope"": ""study"", ""source"": ""technical_agent"", ""value"": ""Orbitrap Fusion Lumos""}]"
36	PXD041681-Sample-36	cleavage_agent	comment[cleavage agent details]	NT=Trypsin;AC=MS:1001251	derived								legacy_derivation	derived	[]
36	PXD041681-Sample-36	factor_value	factor value[experimental design]	patient group (ICU, NW, healthy controls)	experimental_design_agent	unfavorable clinical outcome HPPs from 19 ICU patients, 5 NW patients, and 16 healthy controls (Figure 1a) were studied	LLM_ONLY	0.5	high	False	False		source_precedence:experimental_design_agent	derived	"[{""cv_accession"": null, ""cv_name"": null, ""metadata"": {""source_field"": ""factor_value""}, ""scope"": ""study"", ""source"": ""experimental_design_agent"", ""value"": ""patient group (ICU, NW, healthy controls)""}]"
36	PXD041681-Sample-36	modification	comment[modification parameters]	NT=monohydroxylated residue;AC=MOD:00425;MT=?	pride	monohydroxylated residue							normalized_source_union	derived	"[{""fraction_modified"": null, ""raw_stem"": null, ""scope"": ""study"", ""source"": ""pride"", ""source_path"": ""pride_metadata.project.identifiedPTMStrings[0]"", ""source_value"": ""monohydroxylated residue""}]"
36	PXD041681-Sample-36	modification	comment[modification parameters]	NT=iodoacetamide derivatized residue;AC=MOD:00397;MT=?	pride	iodoacetamide derivatized residue							normalized_source_union	derived	"[{""fraction_modified"": null, ""raw_stem"": null, ""scope"": ""study"", ""source"": ""pride"", ""source_path"": ""pride_metadata.project.identifiedPTMStrings[1]"", ""source_value"": ""iodoacetamide derivatized residue""}]"
36	PXD041681-Sample-36	reduction_reagent	comment[reduction reagent]	dithiothreitol	derived								legacy_derivation	derived	[]
36	PXD041681-Sample-36	alkylation_reagent	comment[alkylation reagent]	iodoacetamide	derived								legacy_derivation	derived	[]
36	PXD041681-Sample-36	ms2_analyzer	comment[ms2 mass analyzer]	Orbitrap	technical_agent								source_precedence:technical_agent	derived	"[{""cv_accession"": null, ""cv_name"": null, ""metadata"": {}, ""scope"": ""study"", ""source"": ""technical_agent"", ""value"": ""Orbitrap""}]"
36	PXD041681-Sample-36	collision_energy	comment[collision energy]	28% NCE	derived								legacy_derivation	derived	[]
36	PXD041681-Sample-36	data_file	comment[data file]	FLI13765.raw	derived								legacy_derivation	derived	[]
36	PXD041681-Sample-36	sdrf_version	comment[sdrf version]	v1.1.0	derived								legacy_derivation	derived	[]
36	PXD041681-Sample-36	annotation_tool	comment[sdrf annotation tool]	HAMLET-agentic v2.2.5	derived								legacy_derivation	derived	[]
36	PXD041681-Sample-36	factor_disease	factor value[disease]	covid-19, healthy	derived								legacy_derivation	derived	[]
37	PXD041681-Sample-37	source_name	source name	PXD041681-Sample-37	derived								legacy_derivation	derived	[]
37	PXD041681-Sample-37	organism	characteristics[organism]	Homo sapiens	biological_agent	Platelets, the smallest cells in human blood, known for their role in primary hemostasis, are also able to interact with pathogens and play a crucial role in the immune response.	LLM_ONLY	0.5	high	False	False		source_precedence:biological_agent	derived	"[{""cv_accession"": null, ""cv_name"": null, ""metadata"": {""source_field"": ""species""}, ""scope"": ""sample"", ""source"": ""biological_agent"", ""value"": ""Homo sapiens""}]"
37	PXD041681-Sample-37	organism_part	characteristics[organism part]	blood	biological_agent	Platelets, the smallest cells in human blood, known for their role in primary hemostasis, are also able to interact with pathogens and play a crucial role in the immune response.	LLM_ONLY	0.5	high	False	False		source_precedence:biological_agent	derived	"[{""cv_accession"": null, ""cv_name"": null, ""metadata"": {""source_field"": ""tissue""}, ""scope"": ""sample"", ""source"": ""biological_agent"", ""value"": ""blood""}]"
37	PXD041681-Sample-37	disease	characteristics[disease]	covid-19, healthy	biological_agent	A comparative proteome analysis of highly purified platelets from critically diseased COVID-19 patients with different outcomes (survivors and non-survivors) and age- and sex-matched controls was performed.	LLM_ONLY	0.5	medium	False	False	COVID-19, healthy	source_precedence:biological_agent	derived	"[{""cv_accession"": null, ""cv_name"": null, ""metadata"": {""source_field"": ""disease_state""}, ""scope"": ""sample"", ""source"": ""biological_agent"", ""value"": ""COVID-19""}]"
37	PXD041681-Sample-37	cell_type	characteristics[cell type]	platelets	biological_agent	A comparative proteome analysis of highly purified platelets from critically diseased COVID-19 patients with different outcomes (survivors and non-survivors) and age- and sex-matched controls was performed.	LLM_ONLY	0.5	high	False	False		source_precedence:biological_agent	derived	"[{""cv_accession"": null, ""cv_name"": null, ""metadata"": {""source_field"": ""cell_type""}, ""scope"": ""sample"", ""source"": ""biological_agent"", ""value"": ""platelets""}]"
37	PXD041681-Sample-37	sex	characteristics[sex]	male	biological_agent	The patients all happened to be male.	LLM_ONLY	0.5	high	False	False		source_precedence:biological_agent	derived	"[{""cv_accession"": null, ""cv_name"": null, ""metadata"": {""source_field"": ""sex""}, ""scope"": ""sample"", ""source"": ""biological_agent"", ""value"": ""male""}]"
37	PXD041681-Sample-37	age	characteristics[age]	$\ge$18 years	biological_agent	Patients with a critical COVID-19 course, as well as healthy controls ($\ge$18 years of age), were enrolled in this study between 6 November 2020 and 22 February 2021.	LLM_ONLY	0.5	high	False	False		source_precedence:biological_agent	derived	"[{""cv_accession"": null, ""cv_name"": null, ""metadata"": {""source_field"": ""age""}, ""scope"": ""sample"", ""source"": ""biological_agent"", ""value"": ""$\\ge$18 years""}]"
37	PXD041681-Sample-37	assay_name	assay name	run 37	derived								legacy_derivation	derived	[]
37	PXD041681-Sample-37	technology_type	technology type	proteomic profiling by mass spectrometry	derived								legacy_derivation	derived	[]
37	PXD041681-Sample-37	label	comment[label]	label free sample	technical_agent				high	False	False		source_precedence:technical_agent	derived	"[{""cv_accession"": null, ""cv_name"": null, ""metadata"": {}, ""scope"": ""study"", ""source"": ""technical_agent"", ""value"": ""label-free""}]"
37	PXD041681-Sample-37	instrument	comment[instrument]	Orbitrap Fusion Lumos	technical_agent				high	False	False		source_precedence:technical_agent	derived	"[{""cv_accession"": null, ""cv_name"": null, ""metadata"": {}, ""scope"": ""study"", ""source"": ""technical_agent"", ""value"": ""Orbitrap Fusion Lumos""}]"
37	PXD041681-Sample-37	cleavage_agent	comment[cleavage agent details]	NT=Trypsin;AC=MS:1001251	derived								legacy_derivation	derived	[]
37	PXD041681-Sample-37	factor_value	factor value[experimental design]	patient group (ICU, NW, healthy controls)	experimental_design_agent	unfavorable clinical outcome HPPs from 19 ICU patients, 5 NW patients, and 16 healthy controls (Figure 1a) were studied	LLM_ONLY	0.5	high	False	False		source_precedence:experimental_design_agent	derived	"[{""cv_accession"": null, ""cv_name"": null, ""metadata"": {""source_field"": ""factor_value""}, ""scope"": ""study"", ""source"": ""experimental_design_agent"", ""value"": ""patient group (ICU, NW, healthy controls)""}]"
37	PXD041681-Sample-37	modification	comment[modification parameters]	NT=monohydroxylated residue;AC=MOD:00425;MT=?	pride	monohydroxylated residue							normalized_source_union	derived	"[{""fraction_modified"": null, ""raw_stem"": null, ""scope"": ""study"", ""source"": ""pride"", ""source_path"": ""pride_metadata.project.identifiedPTMStrings[0]"", ""source_value"": ""monohydroxylated residue""}]"
37	PXD041681-Sample-37	modification	comment[modification parameters]	NT=iodoacetamide derivatized residue;AC=MOD:00397;MT=?	pride	iodoacetamide derivatized residue							normalized_source_union	derived	"[{""fraction_modified"": null, ""raw_stem"": null, ""scope"": ""study"", ""source"": ""pride"", ""source_path"": ""pride_metadata.project.identifiedPTMStrings[1]"", ""source_value"": ""iodoacetamide derivatized residue""}]"
37	PXD041681-Sample-37	reduction_reagent	comment[reduction reagent]	dithiothreitol	derived								legacy_derivation	derived	[]
37	PXD041681-Sample-37	alkylation_reagent	comment[alkylation reagent]	iodoacetamide	derived								legacy_derivation	derived	[]
37	PXD041681-Sample-37	ms2_analyzer	comment[ms2 mass analyzer]	Orbitrap	technical_agent								source_precedence:technical_agent	derived	"[{""cv_accession"": null, ""cv_name"": null, ""metadata"": {}, ""scope"": ""study"", ""source"": ""technical_agent"", ""value"": ""Orbitrap""}]"
37	PXD041681-Sample-37	collision_energy	comment[collision energy]	28% NCE	derived								legacy_derivation	derived	[]
37	PXD041681-Sample-37	data_file	comment[data file]	FLI13797.raw	derived								legacy_derivation	derived	[]
37	PXD041681-Sample-37	sdrf_version	comment[sdrf version]	v1.1.0	derived								legacy_derivation	derived	[]
37	PXD041681-Sample-37	annotation_tool	comment[sdrf annotation tool]	HAMLET-agentic v2.2.5	derived								legacy_derivation	derived	[]
37	PXD041681-Sample-37	factor_disease	factor value[disease]	covid-19, healthy	derived								legacy_derivation	derived	[]
38	PXD041681-Sample-38	source_name	source name	PXD041681-Sample-38	derived								legacy_derivation	derived	[]
38	PXD041681-Sample-38	organism	characteristics[organism]	Homo sapiens	biological_agent	Platelets, the smallest cells in human blood, known for their role in primary hemostasis, are also able to interact with pathogens and play a crucial role in the immune response.	LLM_ONLY	0.5	high	False	False		source_precedence:biological_agent	derived	"[{""cv_accession"": null, ""cv_name"": null, ""metadata"": {""source_field"": ""species""}, ""scope"": ""sample"", ""source"": ""biological_agent"", ""value"": ""Homo sapiens""}]"
38	PXD041681-Sample-38	organism_part	characteristics[organism part]	blood	biological_agent	Platelets, the smallest cells in human blood, known for their role in primary hemostasis, are also able to interact with pathogens and play a crucial role in the immune response.	LLM_ONLY	0.5	high	False	False		source_precedence:biological_agent	derived	"[{""cv_accession"": null, ""cv_name"": null, ""metadata"": {""source_field"": ""tissue""}, ""scope"": ""sample"", ""source"": ""biological_agent"", ""value"": ""blood""}]"
38	PXD041681-Sample-38	disease	characteristics[disease]	covid-19, healthy	biological_agent	A comparative proteome analysis of highly purified platelets from critically diseased COVID-19 patients with different outcomes (survivors and non-survivors) and age- and sex-matched controls was performed.	LLM_ONLY	0.5	medium	False	False	COVID-19, healthy	source_precedence:biological_agent	derived	"[{""cv_accession"": null, ""cv_name"": null, ""metadata"": {""source_field"": ""disease_state""}, ""scope"": ""sample"", ""source"": ""biological_agent"", ""value"": ""COVID-19""}]"
38	PXD041681-Sample-38	cell_type	characteristics[cell type]	platelets	biological_agent	A comparative proteome analysis of highly purified platelets from critically diseased COVID-19 patients with different outcomes (survivors and non-survivors) and age- and sex-matched controls was performed.	LLM_ONLY	0.5	high	False	False		source_precedence:biological_agent	derived	"[{""cv_accession"": null, ""cv_name"": null, ""metadata"": {""source_field"": ""cell_type""}, ""scope"": ""sample"", ""source"": ""biological_agent"", ""value"": ""platelets""}]"
38	PXD041681-Sample-38	sex	characteristics[sex]	male	biological_agent	The patients all happened to be male.	LLM_ONLY	0.5	high	False	False		source_precedence:biological_agent	derived	"[{""cv_accession"": null, ""cv_name"": null, ""metadata"": {""source_field"": ""sex""}, ""scope"": ""sample"", ""source"": ""biological_agent"", ""value"": ""male""}]"
38	PXD041681-Sample-38	age	characteristics[age]	$\ge$18 years	biological_agent	Patients with a critical COVID-19 course, as well as healthy controls ($\ge$18 years of age), were enrolled in this study between 6 November 2020 and 22 February 2021.	LLM_ONLY	0.5	high	False	False		source_precedence:biological_agent	derived	"[{""cv_accession"": null, ""cv_name"": null, ""metadata"": {""source_field"": ""age""}, ""scope"": ""sample"", ""source"": ""biological_agent"", ""value"": ""$\\ge$18 years""}]"
38	PXD041681-Sample-38	assay_name	assay name	run 38	derived								legacy_derivation	derived	[]
38	PXD041681-Sample-38	technology_type	technology type	proteomic profiling by mass spectrometry	derived								legacy_derivation	derived	[]
38	PXD041681-Sample-38	label	comment[label]	label free sample	technical_agent				high	False	False		source_precedence:technical_agent	derived	"[{""cv_accession"": null, ""cv_name"": null, ""metadata"": {}, ""scope"": ""study"", ""source"": ""technical_agent"", ""value"": ""label-free""}]"
38	PXD041681-Sample-38	instrument	comment[instrument]	Orbitrap Fusion Lumos	technical_agent				high	False	False		source_precedence:technical_agent	derived	"[{""cv_accession"": null, ""cv_name"": null, ""metadata"": {}, ""scope"": ""study"", ""source"": ""technical_agent"", ""value"": ""Orbitrap Fusion Lumos""}]"
38	PXD041681-Sample-38	cleavage_agent	comment[cleavage agent details]	NT=Trypsin;AC=MS:1001251	derived								legacy_derivation	derived	[]
38	PXD041681-Sample-38	factor_value	factor value[experimental design]	patient group (ICU, NW, healthy controls)	experimental_design_agent	unfavorable clinical outcome HPPs from 19 ICU patients, 5 NW patients, and 16 healthy controls (Figure 1a) were studied	LLM_ONLY	0.5	high	False	False		source_precedence:experimental_design_agent	derived	"[{""cv_accession"": null, ""cv_name"": null, ""metadata"": {""source_field"": ""factor_value""}, ""scope"": ""study"", ""source"": ""experimental_design_agent"", ""value"": ""patient group (ICU, NW, healthy controls)""}]"
38	PXD041681-Sample-38	modification	comment[modification parameters]	NT=monohydroxylated residue;AC=MOD:00425;MT=?	pride	monohydroxylated residue							normalized_source_union	derived	"[{""fraction_modified"": null, ""raw_stem"": null, ""scope"": ""study"", ""source"": ""pride"", ""source_path"": ""pride_metadata.project.identifiedPTMStrings[0]"", ""source_value"": ""monohydroxylated residue""}]"
38	PXD041681-Sample-38	modification	comment[modification parameters]	NT=iodoacetamide derivatized residue;AC=MOD:00397;MT=?	pride	iodoacetamide derivatized residue							normalized_source_union	derived	"[{""fraction_modified"": null, ""raw_stem"": null, ""scope"": ""study"", ""source"": ""pride"", ""source_path"": ""pride_metadata.project.identifiedPTMStrings[1]"", ""source_value"": ""iodoacetamide derivatized residue""}]"
38	PXD041681-Sample-38	reduction_reagent	comment[reduction reagent]	dithiothreitol	derived								legacy_derivation	derived	[]
38	PXD041681-Sample-38	alkylation_reagent	comment[alkylation reagent]	iodoacetamide	derived								legacy_derivation	derived	[]
38	PXD041681-Sample-38	ms2_analyzer	comment[ms2 mass analyzer]	Orbitrap	technical_agent								source_precedence:technical_agent	derived	"[{""cv_accession"": null, ""cv_name"": null, ""metadata"": {}, ""scope"": ""study"", ""source"": ""technical_agent"", ""value"": ""Orbitrap""}]"
38	PXD041681-Sample-38	collision_energy	comment[collision energy]	28% NCE	derived								legacy_derivation	derived	[]
38	PXD041681-Sample-38	data_file	comment[data file]	FLI13817.raw	derived								legacy_derivation	derived	[]
38	PXD041681-Sample-38	sdrf_version	comment[sdrf version]	v1.1.0	derived								legacy_derivation	derived	[]
38	PXD041681-Sample-38	annotation_tool	comment[sdrf annotation tool]	HAMLET-agentic v2.2.5	derived								legacy_derivation	derived	[]
38	PXD041681-Sample-38	factor_disease	factor value[disease]	covid-19, healthy	derived								legacy_derivation	derived	[]
39	PXD041681-Sample-39	source_name	source name	PXD041681-Sample-39	derived								legacy_derivation	derived	[]
39	PXD041681-Sample-39	organism	characteristics[organism]	Homo sapiens	biological_agent	Platelets, the smallest cells in human blood, known for their role in primary hemostasis, are also able to interact with pathogens and play a crucial role in the immune response.	LLM_ONLY	0.5	high	False	False		source_precedence:biological_agent	derived	"[{""cv_accession"": null, ""cv_name"": null, ""metadata"": {""source_field"": ""species""}, ""scope"": ""sample"", ""source"": ""biological_agent"", ""value"": ""Homo sapiens""}]"
39	PXD041681-Sample-39	organism_part	characteristics[organism part]	blood	biological_agent	Platelets, the smallest cells in human blood, known for their role in primary hemostasis, are also able to interact with pathogens and play a crucial role in the immune response.	LLM_ONLY	0.5	high	False	False		source_precedence:biological_agent	derived	"[{""cv_accession"": null, ""cv_name"": null, ""metadata"": {""source_field"": ""tissue""}, ""scope"": ""sample"", ""source"": ""biological_agent"", ""value"": ""blood""}]"
39	PXD041681-Sample-39	disease	characteristics[disease]	covid-19, healthy	biological_agent	A comparative proteome analysis of highly purified platelets from critically diseased COVID-19 patients with different outcomes (survivors and non-survivors) and age- and sex-matched controls was performed.	LLM_ONLY	0.5	medium	False	False	COVID-19, healthy	source_precedence:biological_agent	derived	"[{""cv_accession"": null, ""cv_name"": null, ""metadata"": {""source_field"": ""disease_state""}, ""scope"": ""sample"", ""source"": ""biological_agent"", ""value"": ""COVID-19""}]"
39	PXD041681-Sample-39	cell_type	characteristics[cell type]	platelets	biological_agent	A comparative proteome analysis of highly purified platelets from critically diseased COVID-19 patients with different outcomes (survivors and non-survivors) and age- and sex-matched controls was performed.	LLM_ONLY	0.5	high	False	False		source_precedence:biological_agent	derived	"[{""cv_accession"": null, ""cv_name"": null, ""metadata"": {""source_field"": ""cell_type""}, ""scope"": ""sample"", ""source"": ""biological_agent"", ""value"": ""platelets""}]"
39	PXD041681-Sample-39	sex	characteristics[sex]	male	biological_agent	The patients all happened to be male.	LLM_ONLY	0.5	high	False	False		source_precedence:biological_agent	derived	"[{""cv_accession"": null, ""cv_name"": null, ""metadata"": {""source_field"": ""sex""}, ""scope"": ""sample"", ""source"": ""biological_agent"", ""value"": ""male""}]"
39	PXD041681-Sample-39	age	characteristics[age]	$\ge$18 years	biological_agent	Patients with a critical COVID-19 course, as well as healthy controls ($\ge$18 years of age), were enrolled in this study between 6 November 2020 and 22 February 2021.	LLM_ONLY	0.5	high	False	False		source_precedence:biological_agent	derived	"[{""cv_accession"": null, ""cv_name"": null, ""metadata"": {""source_field"": ""age""}, ""scope"": ""sample"", ""source"": ""biological_agent"", ""value"": ""$\\ge$18 years""}]"
39	PXD041681-Sample-39	assay_name	assay name	run 39	derived								legacy_derivation	derived	[]
39	PXD041681-Sample-39	technology_type	technology type	proteomic profiling by mass spectrometry	derived								legacy_derivation	derived	[]
39	PXD041681-Sample-39	label	comment[label]	label free sample	technical_agent				high	False	False		source_precedence:technical_agent	derived	"[{""cv_accession"": null, ""cv_name"": null, ""metadata"": {}, ""scope"": ""study"", ""source"": ""technical_agent"", ""value"": ""label-free""}]"
39	PXD041681-Sample-39	instrument	comment[instrument]	Orbitrap Fusion Lumos	technical_agent				high	False	False		source_precedence:technical_agent	derived	"[{""cv_accession"": null, ""cv_name"": null, ""metadata"": {}, ""scope"": ""study"", ""source"": ""technical_agent"", ""value"": ""Orbitrap Fusion Lumos""}]"
39	PXD041681-Sample-39	cleavage_agent	comment[cleavage agent details]	NT=Trypsin;AC=MS:1001251	derived								legacy_derivation	derived	[]
39	PXD041681-Sample-39	factor_value	factor value[experimental design]	patient group (ICU, NW, healthy controls)	experimental_design_agent	unfavorable clinical outcome HPPs from 19 ICU patients, 5 NW patients, and 16 healthy controls (Figure 1a) were studied	LLM_ONLY	0.5	high	False	False		source_precedence:experimental_design_agent	derived	"[{""cv_accession"": null, ""cv_name"": null, ""metadata"": {""source_field"": ""factor_value""}, ""scope"": ""study"", ""source"": ""experimental_design_agent"", ""value"": ""patient group (ICU, NW, healthy controls)""}]"
39	PXD041681-Sample-39	modification	comment[modification parameters]	NT=monohydroxylated residue;AC=MOD:00425;MT=?	pride	monohydroxylated residue							normalized_source_union	derived	"[{""fraction_modified"": null, ""raw_stem"": null, ""scope"": ""study"", ""source"": ""pride"", ""source_path"": ""pride_metadata.project.identifiedPTMStrings[0]"", ""source_value"": ""monohydroxylated residue""}]"
39	PXD041681-Sample-39	modification	comment[modification parameters]	NT=iodoacetamide derivatized residue;AC=MOD:00397;MT=?	pride	iodoacetamide derivatized residue							normalized_source_union	derived	"[{""fraction_modified"": null, ""raw_stem"": null, ""scope"": ""study"", ""source"": ""pride"", ""source_path"": ""pride_metadata.project.identifiedPTMStrings[1]"", ""source_value"": ""iodoacetamide derivatized residue""}]"
39	PXD041681-Sample-39	reduction_reagent	comment[reduction reagent]	dithiothreitol	derived								legacy_derivation	derived	[]
39	PXD041681-Sample-39	alkylation_reagent	comment[alkylation reagent]	iodoacetamide	derived								legacy_derivation	derived	[]
39	PXD041681-Sample-39	ms2_analyzer	comment[ms2 mass analyzer]	Orbitrap	technical_agent								source_precedence:technical_agent	derived	"[{""cv_accession"": null, ""cv_name"": null, ""metadata"": {}, ""scope"": ""study"", ""source"": ""technical_agent"", ""value"": ""Orbitrap""}]"
39	PXD041681-Sample-39	collision_energy	comment[collision energy]	28% NCE	derived								legacy_derivation	derived	[]
39	PXD041681-Sample-39	data_file	comment[data file]	FLI13763.raw	derived								legacy_derivation	derived	[]
39	PXD041681-Sample-39	sdrf_version	comment[sdrf version]	v1.1.0	derived								legacy_derivation	derived	[]
39	PXD041681-Sample-39	annotation_tool	comment[sdrf annotation tool]	HAMLET-agentic v2.2.5	derived								legacy_derivation	derived	[]
39	PXD041681-Sample-39	factor_disease	factor value[disease]	covid-19, healthy	derived								legacy_derivation	derived	[]
40	PXD041681-Sample-40	source_name	source name	PXD041681-Sample-40	derived								legacy_derivation	derived	[]
40	PXD041681-Sample-40	organism	characteristics[organism]	Homo sapiens	biological_agent	Platelets, the smallest cells in human blood, known for their role in primary hemostasis, are also able to interact with pathogens and play a crucial role in the immune response.	LLM_ONLY	0.5	high	False	False		source_precedence:biological_agent	derived	"[{""cv_accession"": null, ""cv_name"": null, ""metadata"": {""source_field"": ""species""}, ""scope"": ""sample"", ""source"": ""biological_agent"", ""value"": ""Homo sapiens""}]"
40	PXD041681-Sample-40	organism_part	characteristics[organism part]	blood	biological_agent	Platelets, the smallest cells in human blood, known for their role in primary hemostasis, are also able to interact with pathogens and play a crucial role in the immune response.	LLM_ONLY	0.5	high	False	False		source_precedence:biological_agent	derived	"[{""cv_accession"": null, ""cv_name"": null, ""metadata"": {""source_field"": ""tissue""}, ""scope"": ""sample"", ""source"": ""biological_agent"", ""value"": ""blood""}]"
40	PXD041681-Sample-40	disease	characteristics[disease]	covid-19, healthy	biological_agent	A comparative proteome analysis of highly purified platelets from critically diseased COVID-19 patients with different outcomes (survivors and non-survivors) and age- and sex-matched controls was performed.	LLM_ONLY	0.5	medium	False	False	COVID-19, healthy	source_precedence:biological_agent	derived	"[{""cv_accession"": null, ""cv_name"": null, ""metadata"": {""source_field"": ""disease_state""}, ""scope"": ""sample"", ""source"": ""biological_agent"", ""value"": ""COVID-19""}]"
40	PXD041681-Sample-40	cell_type	characteristics[cell type]	platelets	biological_agent	A comparative proteome analysis of highly purified platelets from critically diseased COVID-19 patients with different outcomes (survivors and non-survivors) and age- and sex-matched controls was performed.	LLM_ONLY	0.5	high	False	False		source_precedence:biological_agent	derived	"[{""cv_accession"": null, ""cv_name"": null, ""metadata"": {""source_field"": ""cell_type""}, ""scope"": ""sample"", ""source"": ""biological_agent"", ""value"": ""platelets""}]"
40	PXD041681-Sample-40	sex	characteristics[sex]	male	biological_agent	The patients all happened to be male.	LLM_ONLY	0.5	high	False	False		source_precedence:biological_agent	derived	"[{""cv_accession"": null, ""cv_name"": null, ""metadata"": {""source_field"": ""sex""}, ""scope"": ""sample"", ""source"": ""biological_agent"", ""value"": ""male""}]"
40	PXD041681-Sample-40	age	characteristics[age]	$\ge$18 years	biological_agent	Patients with a critical COVID-19 course, as well as healthy controls ($\ge$18 years of age), were enrolled in this study between 6 November 2020 and 22 February 2021.	LLM_ONLY	0.5	high	False	False		source_precedence:biological_agent	derived	"[{""cv_accession"": null, ""cv_name"": null, ""metadata"": {""source_field"": ""age""}, ""scope"": ""sample"", ""source"": ""biological_agent"", ""value"": ""$\\ge$18 years""}]"
40	PXD041681-Sample-40	assay_name	assay name	run 40	derived								legacy_derivation	derived	[]
40	PXD041681-Sample-40	technology_type	technology type	proteomic profiling by mass spectrometry	derived								legacy_derivation	derived	[]
40	PXD041681-Sample-40	label	comment[label]	label free sample	technical_agent				high	False	False		source_precedence:technical_agent	derived	"[{""cv_accession"": null, ""cv_name"": null, ""metadata"": {}, ""scope"": ""study"", ""source"": ""technical_agent"", ""value"": ""label-free""}]"
40	PXD041681-Sample-40	instrument	comment[instrument]	Orbitrap Fusion Lumos	technical_agent				high	False	False		source_precedence:technical_agent	derived	"[{""cv_accession"": null, ""cv_name"": null, ""metadata"": {}, ""scope"": ""study"", ""source"": ""technical_agent"", ""value"": ""Orbitrap Fusion Lumos""}]"
40	PXD041681-Sample-40	cleavage_agent	comment[cleavage agent details]	NT=Trypsin;AC=MS:1001251	derived								legacy_derivation	derived	[]
40	PXD041681-Sample-40	factor_value	factor value[experimental design]	patient group (ICU, NW, healthy controls)	experimental_design_agent	unfavorable clinical outcome HPPs from 19 ICU patients, 5 NW patients, and 16 healthy controls (Figure 1a) were studied	LLM_ONLY	0.5	high	False	False		source_precedence:experimental_design_agent	derived	"[{""cv_accession"": null, ""cv_name"": null, ""metadata"": {""source_field"": ""factor_value""}, ""scope"": ""study"", ""source"": ""experimental_design_agent"", ""value"": ""patient group (ICU, NW, healthy controls)""}]"
40	PXD041681-Sample-40	modification	comment[modification parameters]	NT=monohydroxylated residue;AC=MOD:00425;MT=?	pride	monohydroxylated residue							normalized_source_union	derived	"[{""fraction_modified"": null, ""raw_stem"": null, ""scope"": ""study"", ""source"": ""pride"", ""source_path"": ""pride_metadata.project.identifiedPTMStrings[0]"", ""source_value"": ""monohydroxylated residue""}]"
40	PXD041681-Sample-40	modification	comment[modification parameters]	NT=iodoacetamide derivatized residue;AC=MOD:00397;MT=?	pride	iodoacetamide derivatized residue							normalized_source_union	derived	"[{""fraction_modified"": null, ""raw_stem"": null, ""scope"": ""study"", ""source"": ""pride"", ""source_path"": ""pride_metadata.project.identifiedPTMStrings[1]"", ""source_value"": ""iodoacetamide derivatized residue""}]"
40	PXD041681-Sample-40	reduction_reagent	comment[reduction reagent]	dithiothreitol	derived								legacy_derivation	derived	[]
40	PXD041681-Sample-40	alkylation_reagent	comment[alkylation reagent]	iodoacetamide	derived								legacy_derivation	derived	[]
40	PXD041681-Sample-40	ms2_analyzer	comment[ms2 mass analyzer]	Orbitrap	technical_agent								source_precedence:technical_agent	derived	"[{""cv_accession"": null, ""cv_name"": null, ""metadata"": {}, ""scope"": ""study"", ""source"": ""technical_agent"", ""value"": ""Orbitrap""}]"
40	PXD041681-Sample-40	collision_energy	comment[collision energy]	28% NCE	derived								legacy_derivation	derived	[]
40	PXD041681-Sample-40	data_file	comment[data file]	FLI13753.raw	derived								legacy_derivation	derived	[]
40	PXD041681-Sample-40	sdrf_version	comment[sdrf version]	v1.1.0	derived								legacy_derivation	derived	[]
40	PXD041681-Sample-40	annotation_tool	comment[sdrf annotation tool]	HAMLET-agentic v2.2.5	derived								legacy_derivation	derived	[]
40	PXD041681-Sample-40	factor_disease	factor value[disease]	covid-19, healthy	derived								legacy_derivation	derived	[]
41	PXD041681-Sample-41	source_name	source name	PXD041681-Sample-41	derived								legacy_derivation	derived	[]
41	PXD041681-Sample-41	organism	characteristics[organism]	Homo sapiens	biological_agent	Platelets, the smallest cells in human blood, known for their role in primary hemostasis, are also able to interact with pathogens and play a crucial role in the immune response.	LLM_ONLY	0.5	high	False	False		source_precedence:biological_agent	derived	"[{""cv_accession"": null, ""cv_name"": null, ""metadata"": {""source_field"": ""species""}, ""scope"": ""sample"", ""source"": ""biological_agent"", ""value"": ""Homo sapiens""}]"
41	PXD041681-Sample-41	organism_part	characteristics[organism part]	blood	biological_agent	Platelets, the smallest cells in human blood, known for their role in primary hemostasis, are also able to interact with pathogens and play a crucial role in the immune response.	LLM_ONLY	0.5	high	False	False		source_precedence:biological_agent	derived	"[{""cv_accession"": null, ""cv_name"": null, ""metadata"": {""source_field"": ""tissue""}, ""scope"": ""sample"", ""source"": ""biological_agent"", ""value"": ""blood""}]"
41	PXD041681-Sample-41	disease	characteristics[disease]	covid-19, healthy	biological_agent	A comparative proteome analysis of highly purified platelets from critically diseased COVID-19 patients with different outcomes (survivors and non-survivors) and age- and sex-matched controls was performed.	LLM_ONLY	0.5	medium	False	False	COVID-19, healthy	source_precedence:biological_agent	derived	"[{""cv_accession"": null, ""cv_name"": null, ""metadata"": {""source_field"": ""disease_state""}, ""scope"": ""sample"", ""source"": ""biological_agent"", ""value"": ""COVID-19""}]"
41	PXD041681-Sample-41	cell_type	characteristics[cell type]	platelets	biological_agent	A comparative proteome analysis of highly purified platelets from critically diseased COVID-19 patients with different outcomes (survivors and non-survivors) and age- and sex-matched controls was performed.	LLM_ONLY	0.5	high	False	False		source_precedence:biological_agent	derived	"[{""cv_accession"": null, ""cv_name"": null, ""metadata"": {""source_field"": ""cell_type""}, ""scope"": ""sample"", ""source"": ""biological_agent"", ""value"": ""platelets""}]"
41	PXD041681-Sample-41	sex	characteristics[sex]	male	biological_agent	The patients all happened to be male.	LLM_ONLY	0.5	high	False	False		source_precedence:biological_agent	derived	"[{""cv_accession"": null, ""cv_name"": null, ""metadata"": {""source_field"": ""sex""}, ""scope"": ""sample"", ""source"": ""biological_agent"", ""value"": ""male""}]"
41	PXD041681-Sample-41	age	characteristics[age]	$\ge$18 years	biological_agent	Patients with a critical COVID-19 course, as well as healthy controls ($\ge$18 years of age), were enrolled in this study between 6 November 2020 and 22 February 2021.	LLM_ONLY	0.5	high	False	False		source_precedence:biological_agent	derived	"[{""cv_accession"": null, ""cv_name"": null, ""metadata"": {""source_field"": ""age""}, ""scope"": ""sample"", ""source"": ""biological_agent"", ""value"": ""$\\ge$18 years""}]"
41	PXD041681-Sample-41	assay_name	assay name	run 41	derived								legacy_derivation	derived	[]
41	PXD041681-Sample-41	technology_type	technology type	proteomic profiling by mass spectrometry	derived								legacy_derivation	derived	[]
41	PXD041681-Sample-41	label	comment[label]	label free sample	technical_agent				high	False	False		source_precedence:technical_agent	derived	"[{""cv_accession"": null, ""cv_name"": null, ""metadata"": {}, ""scope"": ""study"", ""source"": ""technical_agent"", ""value"": ""label-free""}]"
41	PXD041681-Sample-41	instrument	comment[instrument]	Orbitrap Fusion Lumos	technical_agent				high	False	False		source_precedence:technical_agent	derived	"[{""cv_accession"": null, ""cv_name"": null, ""metadata"": {}, ""scope"": ""study"", ""source"": ""technical_agent"", ""value"": ""Orbitrap Fusion Lumos""}]"
41	PXD041681-Sample-41	cleavage_agent	comment[cleavage agent details]	NT=Trypsin;AC=MS:1001251	derived								legacy_derivation	derived	[]
41	PXD041681-Sample-41	factor_value	factor value[experimental design]	patient group (ICU, NW, healthy controls)	experimental_design_agent	unfavorable clinical outcome HPPs from 19 ICU patients, 5 NW patients, and 16 healthy controls (Figure 1a) were studied	LLM_ONLY	0.5	high	False	False		source_precedence:experimental_design_agent	derived	"[{""cv_accession"": null, ""cv_name"": null, ""metadata"": {""source_field"": ""factor_value""}, ""scope"": ""study"", ""source"": ""experimental_design_agent"", ""value"": ""patient group (ICU, NW, healthy controls)""}]"
41	PXD041681-Sample-41	modification	comment[modification parameters]	NT=monohydroxylated residue;AC=MOD:00425;MT=?	pride	monohydroxylated residue							normalized_source_union	derived	"[{""fraction_modified"": null, ""raw_stem"": null, ""scope"": ""study"", ""source"": ""pride"", ""source_path"": ""pride_metadata.project.identifiedPTMStrings[0]"", ""source_value"": ""monohydroxylated residue""}]"
41	PXD041681-Sample-41	modification	comment[modification parameters]	NT=iodoacetamide derivatized residue;AC=MOD:00397;MT=?	pride	iodoacetamide derivatized residue							normalized_source_union	derived	"[{""fraction_modified"": null, ""raw_stem"": null, ""scope"": ""study"", ""source"": ""pride"", ""source_path"": ""pride_metadata.project.identifiedPTMStrings[1]"", ""source_value"": ""iodoacetamide derivatized residue""}]"
41	PXD041681-Sample-41	reduction_reagent	comment[reduction reagent]	dithiothreitol	derived								legacy_derivation	derived	[]
41	PXD041681-Sample-41	alkylation_reagent	comment[alkylation reagent]	iodoacetamide	derived								legacy_derivation	derived	[]
41	PXD041681-Sample-41	ms2_analyzer	comment[ms2 mass analyzer]	Orbitrap	technical_agent								source_precedence:technical_agent	derived	"[{""cv_accession"": null, ""cv_name"": null, ""metadata"": {}, ""scope"": ""study"", ""source"": ""technical_agent"", ""value"": ""Orbitrap""}]"
41	PXD041681-Sample-41	collision_energy	comment[collision energy]	28% NCE	derived								legacy_derivation	derived	[]
41	PXD041681-Sample-41	data_file	comment[data file]	FLI13813.raw	derived								legacy_derivation	derived	[]
41	PXD041681-Sample-41	sdrf_version	comment[sdrf version]	v1.1.0	derived								legacy_derivation	derived	[]
41	PXD041681-Sample-41	annotation_tool	comment[sdrf annotation tool]	HAMLET-agentic v2.2.5	derived								legacy_derivation	derived	[]
41	PXD041681-Sample-41	factor_disease	factor value[disease]	covid-19, healthy	derived								legacy_derivation	derived	[]
42	PXD041681-Sample-42	source_name	source name	PXD041681-Sample-42	derived								legacy_derivation	derived	[]
42	PXD041681-Sample-42	organism	characteristics[organism]	Homo sapiens	biological_agent	Platelets, the smallest cells in human blood, known for their role in primary hemostasis, are also able to interact with pathogens and play a crucial role in the immune response.	LLM_ONLY	0.5	high	False	False		source_precedence:biological_agent	derived	"[{""cv_accession"": null, ""cv_name"": null, ""metadata"": {""source_field"": ""species""}, ""scope"": ""sample"", ""source"": ""biological_agent"", ""value"": ""Homo sapiens""}]"
42	PXD041681-Sample-42	organism_part	characteristics[organism part]	blood	biological_agent	Platelets, the smallest cells in human blood, known for their role in primary hemostasis, are also able to interact with pathogens and play a crucial role in the immune response.	LLM_ONLY	0.5	high	False	False		source_precedence:biological_agent	derived	"[{""cv_accession"": null, ""cv_name"": null, ""metadata"": {""source_field"": ""tissue""}, ""scope"": ""sample"", ""source"": ""biological_agent"", ""value"": ""blood""}]"
42	PXD041681-Sample-42	disease	characteristics[disease]	covid-19, healthy	biological_agent	A comparative proteome analysis of highly purified platelets from critically diseased COVID-19 patients with different outcomes (survivors and non-survivors) and age- and sex-matched controls was performed.	LLM_ONLY	0.5	medium	False	False	COVID-19, healthy	source_precedence:biological_agent	derived	"[{""cv_accession"": null, ""cv_name"": null, ""metadata"": {""source_field"": ""disease_state""}, ""scope"": ""sample"", ""source"": ""biological_agent"", ""value"": ""COVID-19""}]"
42	PXD041681-Sample-42	cell_type	characteristics[cell type]	platelets	biological_agent	A comparative proteome analysis of highly purified platelets from critically diseased COVID-19 patients with different outcomes (survivors and non-survivors) and age- and sex-matched controls was performed.	LLM_ONLY	0.5	high	False	False		source_precedence:biological_agent	derived	"[{""cv_accession"": null, ""cv_name"": null, ""metadata"": {""source_field"": ""cell_type""}, ""scope"": ""sample"", ""source"": ""biological_agent"", ""value"": ""platelets""}]"
42	PXD041681-Sample-42	sex	characteristics[sex]	male	biological_agent	The patients all happened to be male.	LLM_ONLY	0.5	high	False	False		source_precedence:biological_agent	derived	"[{""cv_accession"": null, ""cv_name"": null, ""metadata"": {""source_field"": ""sex""}, ""scope"": ""sample"", ""source"": ""biological_agent"", ""value"": ""male""}]"
42	PXD041681-Sample-42	age	characteristics[age]	$\ge$18 years	biological_agent	Patients with a critical COVID-19 course, as well as healthy controls ($\ge$18 years of age), were enrolled in this study between 6 November 2020 and 22 February 2021.	LLM_ONLY	0.5	high	False	False		source_precedence:biological_agent	derived	"[{""cv_accession"": null, ""cv_name"": null, ""metadata"": {""source_field"": ""age""}, ""scope"": ""sample"", ""source"": ""biological_agent"", ""value"": ""$\\ge$18 years""}]"
42	PXD041681-Sample-42	assay_name	assay name	run 42	derived								legacy_derivation	derived	[]
42	PXD041681-Sample-42	technology_type	technology type	proteomic profiling by mass spectrometry	derived								legacy_derivation	derived	[]
42	PXD041681-Sample-42	label	comment[label]	label free sample	technical_agent				high	False	False		source_precedence:technical_agent	derived	"[{""cv_accession"": null, ""cv_name"": null, ""metadata"": {}, ""scope"": ""study"", ""source"": ""technical_agent"", ""value"": ""label-free""}]"
42	PXD041681-Sample-42	instrument	comment[instrument]	Orbitrap Fusion Lumos	technical_agent				high	False	False		source_precedence:technical_agent	derived	"[{""cv_accession"": null, ""cv_name"": null, ""metadata"": {}, ""scope"": ""study"", ""source"": ""technical_agent"", ""value"": ""Orbitrap Fusion Lumos""}]"
42	PXD041681-Sample-42	cleavage_agent	comment[cleavage agent details]	NT=Trypsin;AC=MS:1001251	derived								legacy_derivation	derived	[]
42	PXD041681-Sample-42	factor_value	factor value[experimental design]	patient group (ICU, NW, healthy controls)	experimental_design_agent	unfavorable clinical outcome HPPs from 19 ICU patients, 5 NW patients, and 16 healthy controls (Figure 1a) were studied	LLM_ONLY	0.5	high	False	False		source_precedence:experimental_design_agent	derived	"[{""cv_accession"": null, ""cv_name"": null, ""metadata"": {""source_field"": ""factor_value""}, ""scope"": ""study"", ""source"": ""experimental_design_agent"", ""value"": ""patient group (ICU, NW, healthy controls)""}]"
42	PXD041681-Sample-42	modification	comment[modification parameters]	NT=monohydroxylated residue;AC=MOD:00425;MT=?	pride	monohydroxylated residue							normalized_source_union	derived	"[{""fraction_modified"": null, ""raw_stem"": null, ""scope"": ""study"", ""source"": ""pride"", ""source_path"": ""pride_metadata.project.identifiedPTMStrings[0]"", ""source_value"": ""monohydroxylated residue""}]"
42	PXD041681-Sample-42	modification	comment[modification parameters]	NT=iodoacetamide derivatized residue;AC=MOD:00397;MT=?	pride	iodoacetamide derivatized residue							normalized_source_union	derived	"[{""fraction_modified"": null, ""raw_stem"": null, ""scope"": ""study"", ""source"": ""pride"", ""source_path"": ""pride_metadata.project.identifiedPTMStrings[1]"", ""source_value"": ""iodoacetamide derivatized residue""}]"
42	PXD041681-Sample-42	reduction_reagent	comment[reduction reagent]	dithiothreitol	derived								legacy_derivation	derived	[]
42	PXD041681-Sample-42	alkylation_reagent	comment[alkylation reagent]	iodoacetamide	derived								legacy_derivation	derived	[]
42	PXD041681-Sample-42	ms2_analyzer	comment[ms2 mass analyzer]	Orbitrap	technical_agent								source_precedence:technical_agent	derived	"[{""cv_accession"": null, ""cv_name"": null, ""metadata"": {}, ""scope"": ""study"", ""source"": ""technical_agent"", ""value"": ""Orbitrap""}]"
42	PXD041681-Sample-42	collision_energy	comment[collision energy]	28% NCE	derived								legacy_derivation	derived	[]
42	PXD041681-Sample-42	data_file	comment[data file]	FLI13791.raw	derived								legacy_derivation	derived	[]
42	PXD041681-Sample-42	sdrf_version	comment[sdrf version]	v1.1.0	derived								legacy_derivation	derived	[]
42	PXD041681-Sample-42	annotation_tool	comment[sdrf annotation tool]	HAMLET-agentic v2.2.5	derived								legacy_derivation	derived	[]
42	PXD041681-Sample-42	factor_disease	factor value[disease]	covid-19, healthy	derived								legacy_derivation	derived	[]
43	PXD041681-Sample-43	source_name	source name	PXD041681-Sample-43	derived								legacy_derivation	derived	[]
43	PXD041681-Sample-43	organism	characteristics[organism]	Homo sapiens	biological_agent	Platelets, the smallest cells in human blood, known for their role in primary hemostasis, are also able to interact with pathogens and play a crucial role in the immune response.	LLM_ONLY	0.5	high	False	False		source_precedence:biological_agent	derived	"[{""cv_accession"": null, ""cv_name"": null, ""metadata"": {""source_field"": ""species""}, ""scope"": ""sample"", ""source"": ""biological_agent"", ""value"": ""Homo sapiens""}]"
43	PXD041681-Sample-43	organism_part	characteristics[organism part]	blood	biological_agent	Platelets, the smallest cells in human blood, known for their role in primary hemostasis, are also able to interact with pathogens and play a crucial role in the immune response.	LLM_ONLY	0.5	high	False	False		source_precedence:biological_agent	derived	"[{""cv_accession"": null, ""cv_name"": null, ""metadata"": {""source_field"": ""tissue""}, ""scope"": ""sample"", ""source"": ""biological_agent"", ""value"": ""blood""}]"
43	PXD041681-Sample-43	disease	characteristics[disease]	covid-19, healthy	biological_agent	A comparative proteome analysis of highly purified platelets from critically diseased COVID-19 patients with different outcomes (survivors and non-survivors) and age- and sex-matched controls was performed.	LLM_ONLY	0.5	medium	False	False	COVID-19, healthy	source_precedence:biological_agent	derived	"[{""cv_accession"": null, ""cv_name"": null, ""metadata"": {""source_field"": ""disease_state""}, ""scope"": ""sample"", ""source"": ""biological_agent"", ""value"": ""COVID-19""}]"
43	PXD041681-Sample-43	cell_type	characteristics[cell type]	platelets	biological_agent	A comparative proteome analysis of highly purified platelets from critically diseased COVID-19 patients with different outcomes (survivors and non-survivors) and age- and sex-matched controls was performed.	LLM_ONLY	0.5	high	False	False		source_precedence:biological_agent	derived	"[{""cv_accession"": null, ""cv_name"": null, ""metadata"": {""source_field"": ""cell_type""}, ""scope"": ""sample"", ""source"": ""biological_agent"", ""value"": ""platelets""}]"
43	PXD041681-Sample-43	sex	characteristics[sex]	male	biological_agent	The patients all happened to be male.	LLM_ONLY	0.5	high	False	False		source_precedence:biological_agent	derived	"[{""cv_accession"": null, ""cv_name"": null, ""metadata"": {""source_field"": ""sex""}, ""scope"": ""sample"", ""source"": ""biological_agent"", ""value"": ""male""}]"
43	PXD041681-Sample-43	age	characteristics[age]	$\ge$18 years	biological_agent	Patients with a critical COVID-19 course, as well as healthy controls ($\ge$18 years of age), were enrolled in this study between 6 November 2020 and 22 February 2021.	LLM_ONLY	0.5	high	False	False		source_precedence:biological_agent	derived	"[{""cv_accession"": null, ""cv_name"": null, ""metadata"": {""source_field"": ""age""}, ""scope"": ""sample"", ""source"": ""biological_agent"", ""value"": ""$\\ge$18 years""}]"
43	PXD041681-Sample-43	assay_name	assay name	run 43	derived								legacy_derivation	derived	[]
43	PXD041681-Sample-43	technology_type	technology type	proteomic profiling by mass spectrometry	derived								legacy_derivation	derived	[]
43	PXD041681-Sample-43	label	comment[label]	label free sample	technical_agent				high	False	False		source_precedence:technical_agent	derived	"[{""cv_accession"": null, ""cv_name"": null, ""metadata"": {}, ""scope"": ""study"", ""source"": ""technical_agent"", ""value"": ""label-free""}]"
43	PXD041681-Sample-43	instrument	comment[instrument]	Orbitrap Fusion Lumos	technical_agent				high	False	False		source_precedence:technical_agent	derived	"[{""cv_accession"": null, ""cv_name"": null, ""metadata"": {}, ""scope"": ""study"", ""source"": ""technical_agent"", ""value"": ""Orbitrap Fusion Lumos""}]"
43	PXD041681-Sample-43	cleavage_agent	comment[cleavage agent details]	NT=Trypsin;AC=MS:1001251	derived								legacy_derivation	derived	[]
43	PXD041681-Sample-43	factor_value	factor value[experimental design]	patient group (ICU, NW, healthy controls)	experimental_design_agent	unfavorable clinical outcome HPPs from 19 ICU patients, 5 NW patients, and 16 healthy controls (Figure 1a) were studied	LLM_ONLY	0.5	high	False	False		source_precedence:experimental_design_agent	derived	"[{""cv_accession"": null, ""cv_name"": null, ""metadata"": {""source_field"": ""factor_value""}, ""scope"": ""study"", ""source"": ""experimental_design_agent"", ""value"": ""patient group (ICU, NW, healthy controls)""}]"
43	PXD041681-Sample-43	modification	comment[modification parameters]	NT=monohydroxylated residue;AC=MOD:00425;MT=?	pride	monohydroxylated residue							normalized_source_union	derived	"[{""fraction_modified"": null, ""raw_stem"": null, ""scope"": ""study"", ""source"": ""pride"", ""source_path"": ""pride_metadata.project.identifiedPTMStrings[0]"", ""source_value"": ""monohydroxylated residue""}]"
43	PXD041681-Sample-43	modification	comment[modification parameters]	NT=iodoacetamide derivatized residue;AC=MOD:00397;MT=?	pride	iodoacetamide derivatized residue							normalized_source_union	derived	"[{""fraction_modified"": null, ""raw_stem"": null, ""scope"": ""study"", ""source"": ""pride"", ""source_path"": ""pride_metadata.project.identifiedPTMStrings[1]"", ""source_value"": ""iodoacetamide derivatized residue""}]"
43	PXD041681-Sample-43	reduction_reagent	comment[reduction reagent]	dithiothreitol	derived								legacy_derivation	derived	[]
43	PXD041681-Sample-43	alkylation_reagent	comment[alkylation reagent]	iodoacetamide	derived								legacy_derivation	derived	[]
43	PXD041681-Sample-43	ms2_analyzer	comment[ms2 mass analyzer]	Orbitrap	technical_agent								source_precedence:technical_agent	derived	"[{""cv_accession"": null, ""cv_name"": null, ""metadata"": {}, ""scope"": ""study"", ""source"": ""technical_agent"", ""value"": ""Orbitrap""}]"
43	PXD041681-Sample-43	collision_energy	comment[collision energy]	28% NCE	derived								legacy_derivation	derived	[]
43	PXD041681-Sample-43	data_file	comment[data file]	FLI13769.raw	derived								legacy_derivation	derived	[]
43	PXD041681-Sample-43	sdrf_version	comment[sdrf version]	v1.1.0	derived								legacy_derivation	derived	[]
43	PXD041681-Sample-43	annotation_tool	comment[sdrf annotation tool]	HAMLET-agentic v2.2.5	derived								legacy_derivation	derived	[]
43	PXD041681-Sample-43	factor_disease	factor value[disease]	covid-19, healthy	derived								legacy_derivation	derived	[]
