source name	characteristics[organism]	characteristics[organism part]	characteristics[disease]	characteristics[biological replicate]	characteristics[sex]	characteristics[age]	assay name	technology type	comment[proteomics data acquisition method]	comment[label]	comment[instrument]	comment[cleavage agent details]	comment[fraction identifier]	comment[technical replicate]	comment[dissociation method]	factor value[experimental design]	comment[modification parameters]	comment[precursor mass tolerance]	comment[fragment mass tolerance]	comment[ms2 mass analyzer]	comment[data file]	comment[sdrf version]	comment[sdrf annotation tool]	factor value[disease]
PXD000368-Sample-1	Thymallus thymallus	embryos	normal	not available	not available	embryos	run 1	proteomic profiling by mass spectrometry	NT=data-dependent acquisition;AC=PRIDE:0000627	iTRAQ114	NT=LTQ Orbitrap Velos;AC=MS:1001742	not available	not available	not available	NT=beam-type collision-induced dissociation;AC=MS:1000422	temperature (6 °C, 10 °C), thermal origin (cold, warm)	NT=Representative mass and accurate mass for 116 & 117;AC=UNIMOD:214;MT=Variable;TA=C	3832.1 ppm	13 ppm	orbitrap	Reaction1_Fraction1_Technical1.raw	v1.1.0	HAMLET-agentic v2.1.0	normal
PXD000368-Sample-2	Thymallus thymallus	embryos	normal	not available	not available	embryos	run 1	proteomic profiling by mass spectrometry	NT=data-dependent acquisition;AC=PRIDE:0000627	iTRAQ115	NT=LTQ Orbitrap Velos;AC=MS:1001742	not available	not available	not available	NT=beam-type collision-induced dissociation;AC=MS:1000422	temperature (6 °C, 10 °C), thermal origin (cold, warm)	NT=Representative mass and accurate mass for 116 & 117;AC=UNIMOD:214;MT=Variable;TA=C	3832.1 ppm	13 ppm	orbitrap	Reaction1_Fraction1_Technical1.raw	v1.1.0	HAMLET-agentic v2.1.0	normal
PXD000368-Sample-3	Thymallus thymallus	embryos	normal	not available	not available	embryos	run 1	proteomic profiling by mass spectrometry	NT=data-dependent acquisition;AC=PRIDE:0000627	iTRAQ116	NT=LTQ Orbitrap Velos;AC=MS:1001742	not available	not available	not available	NT=beam-type collision-induced dissociation;AC=MS:1000422	temperature (6 °C, 10 °C), thermal origin (cold, warm)	NT=Representative mass and accurate mass for 116 & 117;AC=UNIMOD:214;MT=Variable;TA=C	3832.1 ppm	13 ppm	orbitrap	Reaction1_Fraction1_Technical1.raw	v1.1.0	HAMLET-agentic v2.1.0	normal
PXD000368-Sample-4	Thymallus thymallus	embryos	normal	not available	not available	embryos	run 1	proteomic profiling by mass spectrometry	NT=data-dependent acquisition;AC=PRIDE:0000627	iTRAQ117	NT=LTQ Orbitrap Velos;AC=MS:1001742	not available	not available	not available	NT=beam-type collision-induced dissociation;AC=MS:1000422	temperature (6 °C, 10 °C), thermal origin (cold, warm)	NT=Representative mass and accurate mass for 116 & 117;AC=UNIMOD:214;MT=Variable;TA=C	3832.1 ppm	13 ppm	orbitrap	Reaction1_Fraction1_Technical1.raw	v1.1.0	HAMLET-agentic v2.1.0	normal
PXD000368-Sample-5	Thymallus thymallus	embryos	normal	not available	not available	embryos	run 2	proteomic profiling by mass spectrometry	NT=data-dependent acquisition;AC=PRIDE:0000627	iTRAQ114	NT=LTQ Orbitrap Velos;AC=MS:1001742	not available	not available	not available	NT=beam-type collision-induced dissociation;AC=MS:1000422	temperature (6 °C, 10 °C), thermal origin (cold, warm)	NT=Representative mass and accurate mass for 116 & 117;AC=UNIMOD:214;MT=Variable;TA=C	3832.1 ppm	13 ppm	orbitrap	Reaction1_Fraction1_Technical2.raw	v1.1.0	HAMLET-agentic v2.1.0	normal
PXD000368-Sample-6	Thymallus thymallus	embryos	normal	not available	not available	embryos	run 2	proteomic profiling by mass spectrometry	NT=data-dependent acquisition;AC=PRIDE:0000627	iTRAQ115	NT=LTQ Orbitrap Velos;AC=MS:1001742	not available	not available	not available	NT=beam-type collision-induced dissociation;AC=MS:1000422	temperature (6 °C, 10 °C), thermal origin (cold, warm)	NT=Representative mass and accurate mass for 116 & 117;AC=UNIMOD:214;MT=Variable;TA=C	3832.1 ppm	13 ppm	orbitrap	Reaction1_Fraction1_Technical2.raw	v1.1.0	HAMLET-agentic v2.1.0	normal
PXD000368-Sample-7	Thymallus thymallus	embryos	normal	not available	not available	embryos	run 2	proteomic profiling by mass spectrometry	NT=data-dependent acquisition;AC=PRIDE:0000627	iTRAQ116	NT=LTQ Orbitrap Velos;AC=MS:1001742	not available	not available	not available	NT=beam-type collision-induced dissociation;AC=MS:1000422	temperature (6 °C, 10 °C), thermal origin (cold, warm)	NT=Representative mass and accurate mass for 116 & 117;AC=UNIMOD:214;MT=Variable;TA=C	3832.1 ppm	13 ppm	orbitrap	Reaction1_Fraction1_Technical2.raw	v1.1.0	HAMLET-agentic v2.1.0	normal
PXD000368-Sample-8	Thymallus thymallus	embryos	normal	not available	not available	embryos	run 2	proteomic profiling by mass spectrometry	NT=data-dependent acquisition;AC=PRIDE:0000627	iTRAQ117	NT=LTQ Orbitrap Velos;AC=MS:1001742	not available	not available	not available	NT=beam-type collision-induced dissociation;AC=MS:1000422	temperature (6 °C, 10 °C), thermal origin (cold, warm)	NT=Representative mass and accurate mass for 116 & 117;AC=UNIMOD:214;MT=Variable;TA=C	3832.1 ppm	13 ppm	orbitrap	Reaction1_Fraction1_Technical2.raw	v1.1.0	HAMLET-agentic v2.1.0	normal
PXD000368-Sample-9	Thymallus thymallus	embryos	normal	not available	not available	embryos	run 3	proteomic profiling by mass spectrometry	NT=data-dependent acquisition;AC=PRIDE:0000627	iTRAQ114	NT=LTQ Orbitrap Velos;AC=MS:1001742	not available	not available	not available	NT=beam-type collision-induced dissociation;AC=MS:1000422	temperature (6 °C, 10 °C), thermal origin (cold, warm)	NT=Representative mass and accurate mass for 116 & 117;AC=UNIMOD:214;MT=Variable;TA=C	3832.1 ppm	13 ppm	orbitrap	Reaction1_Fraction3_Technical1.raw	v1.1.0	HAMLET-agentic v2.1.0	normal
PXD000368-Sample-10	Thymallus thymallus	embryos	normal	not available	not available	embryos	run 3	proteomic profiling by mass spectrometry	NT=data-dependent acquisition;AC=PRIDE:0000627	iTRAQ115	NT=LTQ Orbitrap Velos;AC=MS:1001742	not available	not available	not available	NT=beam-type collision-induced dissociation;AC=MS:1000422	temperature (6 °C, 10 °C), thermal origin (cold, warm)	NT=Representative mass and accurate mass for 116 & 117;AC=UNIMOD:214;MT=Variable;TA=C	3832.1 ppm	13 ppm	orbitrap	Reaction1_Fraction3_Technical1.raw	v1.1.0	HAMLET-agentic v2.1.0	normal
PXD000368-Sample-11	Thymallus thymallus	embryos	normal	not available	not available	embryos	run 3	proteomic profiling by mass spectrometry	NT=data-dependent acquisition;AC=PRIDE:0000627	iTRAQ116	NT=LTQ Orbitrap Velos;AC=MS:1001742	not available	not available	not available	NT=beam-type collision-induced dissociation;AC=MS:1000422	temperature (6 °C, 10 °C), thermal origin (cold, warm)	NT=Representative mass and accurate mass for 116 & 117;AC=UNIMOD:214;MT=Variable;TA=C	3832.1 ppm	13 ppm	orbitrap	Reaction1_Fraction3_Technical1.raw	v1.1.0	HAMLET-agentic v2.1.0	normal
PXD000368-Sample-12	Thymallus thymallus	embryos	normal	not available	not available	embryos	run 3	proteomic profiling by mass spectrometry	NT=data-dependent acquisition;AC=PRIDE:0000627	iTRAQ117	NT=LTQ Orbitrap Velos;AC=MS:1001742	not available	not available	not available	NT=beam-type collision-induced dissociation;AC=MS:1000422	temperature (6 °C, 10 °C), thermal origin (cold, warm)	NT=Representative mass and accurate mass for 116 & 117;AC=UNIMOD:214;MT=Variable;TA=C	3832.1 ppm	13 ppm	orbitrap	Reaction1_Fraction3_Technical1.raw	v1.1.0	HAMLET-agentic v2.1.0	normal
PXD000368-Sample-13	Thymallus thymallus	embryos	normal	not available	not available	embryos	run 4	proteomic profiling by mass spectrometry	NT=data-dependent acquisition;AC=PRIDE:0000627	iTRAQ114	NT=LTQ Orbitrap Velos;AC=MS:1001742	not available	not available	not available	NT=beam-type collision-induced dissociation;AC=MS:1000422	temperature (6 °C, 10 °C), thermal origin (cold, warm)	NT=Representative mass and accurate mass for 116 & 117;AC=UNIMOD:214;MT=Variable;TA=C	3832.1 ppm	13 ppm	orbitrap	Reaction1_Fraction3_Technical2.raw	v1.1.0	HAMLET-agentic v2.1.0	normal
PXD000368-Sample-14	Thymallus thymallus	embryos	normal	not available	not available	embryos	run 4	proteomic profiling by mass spectrometry	NT=data-dependent acquisition;AC=PRIDE:0000627	iTRAQ115	NT=LTQ Orbitrap Velos;AC=MS:1001742	not available	not available	not available	NT=beam-type collision-induced dissociation;AC=MS:1000422	temperature (6 °C, 10 °C), thermal origin (cold, warm)	NT=Representative mass and accurate mass for 116 & 117;AC=UNIMOD:214;MT=Variable;TA=C	3832.1 ppm	13 ppm	orbitrap	Reaction1_Fraction3_Technical2.raw	v1.1.0	HAMLET-agentic v2.1.0	normal
PXD000368-Sample-15	Thymallus thymallus	embryos	normal	not available	not available	embryos	run 4	proteomic profiling by mass spectrometry	NT=data-dependent acquisition;AC=PRIDE:0000627	iTRAQ116	NT=LTQ Orbitrap Velos;AC=MS:1001742	not available	not available	not available	NT=beam-type collision-induced dissociation;AC=MS:1000422	temperature (6 °C, 10 °C), thermal origin (cold, warm)	NT=Representative mass and accurate mass for 116 & 117;AC=UNIMOD:214;MT=Variable;TA=C	3832.1 ppm	13 ppm	orbitrap	Reaction1_Fraction3_Technical2.raw	v1.1.0	HAMLET-agentic v2.1.0	normal
PXD000368-Sample-16	Thymallus thymallus	embryos	normal	not available	not available	embryos	run 4	proteomic profiling by mass spectrometry	NT=data-dependent acquisition;AC=PRIDE:0000627	iTRAQ117	NT=LTQ Orbitrap Velos;AC=MS:1001742	not available	not available	not available	NT=beam-type collision-induced dissociation;AC=MS:1000422	temperature (6 °C, 10 °C), thermal origin (cold, warm)	NT=Representative mass and accurate mass for 116 & 117;AC=UNIMOD:214;MT=Variable;TA=C	3832.1 ppm	13 ppm	orbitrap	Reaction1_Fraction3_Technical2.raw	v1.1.0	HAMLET-agentic v2.1.0	normal
PXD000368-Sample-17	Thymallus thymallus	embryos	normal	not available	not available	embryos	run 5	proteomic profiling by mass spectrometry	NT=data-dependent acquisition;AC=PRIDE:0000627	iTRAQ114	NT=LTQ Orbitrap Velos;AC=MS:1001742	not available	not available	not available	NT=beam-type collision-induced dissociation;AC=MS:1000422	temperature (6 °C, 10 °C), thermal origin (cold, warm)	NT=Representative mass and accurate mass for 116 & 117;AC=UNIMOD:214;MT=Variable;TA=C	3832.1 ppm	13 ppm	orbitrap	Reaction1_Fraction4_Technical1.raw	v1.1.0	HAMLET-agentic v2.1.0	normal
PXD000368-Sample-18	Thymallus thymallus	embryos	normal	not available	not available	embryos	run 5	proteomic profiling by mass spectrometry	NT=data-dependent acquisition;AC=PRIDE:0000627	iTRAQ115	NT=LTQ Orbitrap Velos;AC=MS:1001742	not available	not available	not available	NT=beam-type collision-induced dissociation;AC=MS:1000422	temperature (6 °C, 10 °C), thermal origin (cold, warm)	NT=Representative mass and accurate mass for 116 & 117;AC=UNIMOD:214;MT=Variable;TA=C	3832.1 ppm	13 ppm	orbitrap	Reaction1_Fraction4_Technical1.raw	v1.1.0	HAMLET-agentic v2.1.0	normal
PXD000368-Sample-19	Thymallus thymallus	embryos	normal	not available	not available	embryos	run 5	proteomic profiling by mass spectrometry	NT=data-dependent acquisition;AC=PRIDE:0000627	iTRAQ116	NT=LTQ Orbitrap Velos;AC=MS:1001742	not available	not available	not available	NT=beam-type collision-induced dissociation;AC=MS:1000422	temperature (6 °C, 10 °C), thermal origin (cold, warm)	NT=Representative mass and accurate mass for 116 & 117;AC=UNIMOD:214;MT=Variable;TA=C	3832.1 ppm	13 ppm	orbitrap	Reaction1_Fraction4_Technical1.raw	v1.1.0	HAMLET-agentic v2.1.0	normal
PXD000368-Sample-20	Thymallus thymallus	embryos	normal	not available	not available	embryos	run 5	proteomic profiling by mass spectrometry	NT=data-dependent acquisition;AC=PRIDE:0000627	iTRAQ117	NT=LTQ Orbitrap Velos;AC=MS:1001742	not available	not available	not available	NT=beam-type collision-induced dissociation;AC=MS:1000422	temperature (6 °C, 10 °C), thermal origin (cold, warm)	NT=Representative mass and accurate mass for 116 & 117;AC=UNIMOD:214;MT=Variable;TA=C	3832.1 ppm	13 ppm	orbitrap	Reaction1_Fraction4_Technical1.raw	v1.1.0	HAMLET-agentic v2.1.0	normal
PXD000368-Sample-21	Thymallus thymallus	embryos	normal	not available	not available	embryos	run 6	proteomic profiling by mass spectrometry	NT=data-dependent acquisition;AC=PRIDE:0000627	iTRAQ114	NT=LTQ Orbitrap Velos;AC=MS:1001742	not available	not available	not available	NT=beam-type collision-induced dissociation;AC=MS:1000422	temperature (6 °C, 10 °C), thermal origin (cold, warm)	NT=Representative mass and accurate mass for 116 & 117;AC=UNIMOD:214;MT=Variable;TA=C	3832.1 ppm	13 ppm	orbitrap	Reaction1_Fraction4_Technical2.raw	v1.1.0	HAMLET-agentic v2.1.0	normal
PXD000368-Sample-22	Thymallus thymallus	embryos	normal	not available	not available	embryos	run 6	proteomic profiling by mass spectrometry	NT=data-dependent acquisition;AC=PRIDE:0000627	iTRAQ115	NT=LTQ Orbitrap Velos;AC=MS:1001742	not available	not available	not available	NT=beam-type collision-induced dissociation;AC=MS:1000422	temperature (6 °C, 10 °C), thermal origin (cold, warm)	NT=Representative mass and accurate mass for 116 & 117;AC=UNIMOD:214;MT=Variable;TA=C	3832.1 ppm	13 ppm	orbitrap	Reaction1_Fraction4_Technical2.raw	v1.1.0	HAMLET-agentic v2.1.0	normal
PXD000368-Sample-23	Thymallus thymallus	embryos	normal	not available	not available	embryos	run 6	proteomic profiling by mass spectrometry	NT=data-dependent acquisition;AC=PRIDE:0000627	iTRAQ116	NT=LTQ Orbitrap Velos;AC=MS:1001742	not available	not available	not available	NT=beam-type collision-induced dissociation;AC=MS:1000422	temperature (6 °C, 10 °C), thermal origin (cold, warm)	NT=Representative mass and accurate mass for 116 & 117;AC=UNIMOD:214;MT=Variable;TA=C	3832.1 ppm	13 ppm	orbitrap	Reaction1_Fraction4_Technical2.raw	v1.1.0	HAMLET-agentic v2.1.0	normal
PXD000368-Sample-24	Thymallus thymallus	embryos	normal	not available	not available	embryos	run 6	proteomic profiling by mass spectrometry	NT=data-dependent acquisition;AC=PRIDE:0000627	iTRAQ117	NT=LTQ Orbitrap Velos;AC=MS:1001742	not available	not available	not available	NT=beam-type collision-induced dissociation;AC=MS:1000422	temperature (6 °C, 10 °C), thermal origin (cold, warm)	NT=Representative mass and accurate mass for 116 & 117;AC=UNIMOD:214;MT=Variable;TA=C	3832.1 ppm	13 ppm	orbitrap	Reaction1_Fraction4_Technical2.raw	v1.1.0	HAMLET-agentic v2.1.0	normal
PXD000368-Sample-25	Thymallus thymallus	embryos	normal	not available	not available	embryos	run 7	proteomic profiling by mass spectrometry	NT=data-dependent acquisition;AC=PRIDE:0000627	iTRAQ114	NT=LTQ Orbitrap Velos;AC=MS:1001742	not available	not available	not available	NT=beam-type collision-induced dissociation;AC=MS:1000422	temperature (6 °C, 10 °C), thermal origin (cold, warm)	NT=Representative mass and accurate mass for 116 & 117;AC=UNIMOD:214;MT=Variable;TA=C	3832.1 ppm	13 ppm	orbitrap	Reaction2_Fraction1_Technical2.raw	v1.1.0	HAMLET-agentic v2.1.0	normal
PXD000368-Sample-26	Thymallus thymallus	embryos	normal	not available	not available	embryos	run 7	proteomic profiling by mass spectrometry	NT=data-dependent acquisition;AC=PRIDE:0000627	iTRAQ115	NT=LTQ Orbitrap Velos;AC=MS:1001742	not available	not available	not available	NT=beam-type collision-induced dissociation;AC=MS:1000422	temperature (6 °C, 10 °C), thermal origin (cold, warm)	NT=Representative mass and accurate mass for 116 & 117;AC=UNIMOD:214;MT=Variable;TA=C	3832.1 ppm	13 ppm	orbitrap	Reaction2_Fraction1_Technical2.raw	v1.1.0	HAMLET-agentic v2.1.0	normal
PXD000368-Sample-27	Thymallus thymallus	embryos	normal	not available	not available	embryos	run 7	proteomic profiling by mass spectrometry	NT=data-dependent acquisition;AC=PRIDE:0000627	iTRAQ116	NT=LTQ Orbitrap Velos;AC=MS:1001742	not available	not available	not available	NT=beam-type collision-induced dissociation;AC=MS:1000422	temperature (6 °C, 10 °C), thermal origin (cold, warm)	NT=Representative mass and accurate mass for 116 & 117;AC=UNIMOD:214;MT=Variable;TA=C	3832.1 ppm	13 ppm	orbitrap	Reaction2_Fraction1_Technical2.raw	v1.1.0	HAMLET-agentic v2.1.0	normal
PXD000368-Sample-28	Thymallus thymallus	embryos	normal	not available	not available	embryos	run 7	proteomic profiling by mass spectrometry	NT=data-dependent acquisition;AC=PRIDE:0000627	iTRAQ117	NT=LTQ Orbitrap Velos;AC=MS:1001742	not available	not available	not available	NT=beam-type collision-induced dissociation;AC=MS:1000422	temperature (6 °C, 10 °C), thermal origin (cold, warm)	NT=Representative mass and accurate mass for 116 & 117;AC=UNIMOD:214;MT=Variable;TA=C	3832.1 ppm	13 ppm	orbitrap	Reaction2_Fraction1_Technical2.raw	v1.1.0	HAMLET-agentic v2.1.0	normal
PXD000368-Sample-29	Thymallus thymallus	embryos	normal	not available	not available	embryos	run 8	proteomic profiling by mass spectrometry	NT=data-dependent acquisition;AC=PRIDE:0000627	iTRAQ114	NT=LTQ Orbitrap Velos;AC=MS:1001742	not available	not available	not available	NT=beam-type collision-induced dissociation;AC=MS:1000422	temperature (6 °C, 10 °C), thermal origin (cold, warm)	NT=Representative mass and accurate mass for 116 & 117;AC=UNIMOD:214;MT=Variable;TA=C	3832.1 ppm	13 ppm	orbitrap	Reaction2_Fraction2_Technical1.raw	v1.1.0	HAMLET-agentic v2.1.0	normal
PXD000368-Sample-30	Thymallus thymallus	embryos	normal	not available	not available	embryos	run 8	proteomic profiling by mass spectrometry	NT=data-dependent acquisition;AC=PRIDE:0000627	iTRAQ115	NT=LTQ Orbitrap Velos;AC=MS:1001742	not available	not available	not available	NT=beam-type collision-induced dissociation;AC=MS:1000422	temperature (6 °C, 10 °C), thermal origin (cold, warm)	NT=Representative mass and accurate mass for 116 & 117;AC=UNIMOD:214;MT=Variable;TA=C	3832.1 ppm	13 ppm	orbitrap	Reaction2_Fraction2_Technical1.raw	v1.1.0	HAMLET-agentic v2.1.0	normal
PXD000368-Sample-31	Thymallus thymallus	embryos	normal	not available	not available	embryos	run 8	proteomic profiling by mass spectrometry	NT=data-dependent acquisition;AC=PRIDE:0000627	iTRAQ116	NT=LTQ Orbitrap Velos;AC=MS:1001742	not available	not available	not available	NT=beam-type collision-induced dissociation;AC=MS:1000422	temperature (6 °C, 10 °C), thermal origin (cold, warm)	NT=Representative mass and accurate mass for 116 & 117;AC=UNIMOD:214;MT=Variable;TA=C	3832.1 ppm	13 ppm	orbitrap	Reaction2_Fraction2_Technical1.raw	v1.1.0	HAMLET-agentic v2.1.0	normal
PXD000368-Sample-32	Thymallus thymallus	embryos	normal	not available	not available	embryos	run 8	proteomic profiling by mass spectrometry	NT=data-dependent acquisition;AC=PRIDE:0000627	iTRAQ117	NT=LTQ Orbitrap Velos;AC=MS:1001742	not available	not available	not available	NT=beam-type collision-induced dissociation;AC=MS:1000422	temperature (6 °C, 10 °C), thermal origin (cold, warm)	NT=Representative mass and accurate mass for 116 & 117;AC=UNIMOD:214;MT=Variable;TA=C	3832.1 ppm	13 ppm	orbitrap	Reaction2_Fraction2_Technical1.raw	v1.1.0	HAMLET-agentic v2.1.0	normal
PXD000368-Sample-33	Thymallus thymallus	embryos	normal	not available	not available	embryos	run 9	proteomic profiling by mass spectrometry	NT=data-dependent acquisition;AC=PRIDE:0000627	iTRAQ114	NT=LTQ Orbitrap Velos;AC=MS:1001742	not available	not available	not available	NT=beam-type collision-induced dissociation;AC=MS:1000422	temperature (6 °C, 10 °C), thermal origin (cold, warm)	NT=Representative mass and accurate mass for 116 & 117;AC=UNIMOD:214;MT=Variable;TA=C	3832.1 ppm	13 ppm	orbitrap	Reaction2_Fraction2_Technical2.raw	v1.1.0	HAMLET-agentic v2.1.0	normal
PXD000368-Sample-34	Thymallus thymallus	embryos	normal	not available	not available	embryos	run 9	proteomic profiling by mass spectrometry	NT=data-dependent acquisition;AC=PRIDE:0000627	iTRAQ115	NT=LTQ Orbitrap Velos;AC=MS:1001742	not available	not available	not available	NT=beam-type collision-induced dissociation;AC=MS:1000422	temperature (6 °C, 10 °C), thermal origin (cold, warm)	NT=Representative mass and accurate mass for 116 & 117;AC=UNIMOD:214;MT=Variable;TA=C	3832.1 ppm	13 ppm	orbitrap	Reaction2_Fraction2_Technical2.raw	v1.1.0	HAMLET-agentic v2.1.0	normal
PXD000368-Sample-35	Thymallus thymallus	embryos	normal	not available	not available	embryos	run 9	proteomic profiling by mass spectrometry	NT=data-dependent acquisition;AC=PRIDE:0000627	iTRAQ116	NT=LTQ Orbitrap Velos;AC=MS:1001742	not available	not available	not available	NT=beam-type collision-induced dissociation;AC=MS:1000422	temperature (6 °C, 10 °C), thermal origin (cold, warm)	NT=Representative mass and accurate mass for 116 & 117;AC=UNIMOD:214;MT=Variable;TA=C	3832.1 ppm	13 ppm	orbitrap	Reaction2_Fraction2_Technical2.raw	v1.1.0	HAMLET-agentic v2.1.0	normal
PXD000368-Sample-36	Thymallus thymallus	embryos	normal	not available	not available	embryos	run 9	proteomic profiling by mass spectrometry	NT=data-dependent acquisition;AC=PRIDE:0000627	iTRAQ117	NT=LTQ Orbitrap Velos;AC=MS:1001742	not available	not available	not available	NT=beam-type collision-induced dissociation;AC=MS:1000422	temperature (6 °C, 10 °C), thermal origin (cold, warm)	NT=Representative mass and accurate mass for 116 & 117;AC=UNIMOD:214;MT=Variable;TA=C	3832.1 ppm	13 ppm	orbitrap	Reaction2_Fraction2_Technical2.raw	v1.1.0	HAMLET-agentic v2.1.0	normal
PXD000368-Sample-37	Thymallus thymallus	embryos	normal	not available	not available	embryos	run 10	proteomic profiling by mass spectrometry	NT=data-dependent acquisition;AC=PRIDE:0000627	iTRAQ114	NT=LTQ Orbitrap Velos;AC=MS:1001742	not available	not available	not available	NT=beam-type collision-induced dissociation;AC=MS:1000422	temperature (6 °C, 10 °C), thermal origin (cold, warm)	NT=Representative mass and accurate mass for 116 & 117;AC=UNIMOD:214;MT=Variable;TA=C	3832.1 ppm	13 ppm	orbitrap	Reaction3_Fraction1_Technical1.raw	v1.1.0	HAMLET-agentic v2.1.0	normal
PXD000368-Sample-38	Thymallus thymallus	embryos	normal	not available	not available	embryos	run 10	proteomic profiling by mass spectrometry	NT=data-dependent acquisition;AC=PRIDE:0000627	iTRAQ115	NT=LTQ Orbitrap Velos;AC=MS:1001742	not available	not available	not available	NT=beam-type collision-induced dissociation;AC=MS:1000422	temperature (6 °C, 10 °C), thermal origin (cold, warm)	NT=Representative mass and accurate mass for 116 & 117;AC=UNIMOD:214;MT=Variable;TA=C	3832.1 ppm	13 ppm	orbitrap	Reaction3_Fraction1_Technical1.raw	v1.1.0	HAMLET-agentic v2.1.0	normal
PXD000368-Sample-39	Thymallus thymallus	embryos	normal	not available	not available	embryos	run 10	proteomic profiling by mass spectrometry	NT=data-dependent acquisition;AC=PRIDE:0000627	iTRAQ116	NT=LTQ Orbitrap Velos;AC=MS:1001742	not available	not available	not available	NT=beam-type collision-induced dissociation;AC=MS:1000422	temperature (6 °C, 10 °C), thermal origin (cold, warm)	NT=Representative mass and accurate mass for 116 & 117;AC=UNIMOD:214;MT=Variable;TA=C	3832.1 ppm	13 ppm	orbitrap	Reaction3_Fraction1_Technical1.raw	v1.1.0	HAMLET-agentic v2.1.0	normal
PXD000368-Sample-40	Thymallus thymallus	embryos	normal	not available	not available	embryos	run 10	proteomic profiling by mass spectrometry	NT=data-dependent acquisition;AC=PRIDE:0000627	iTRAQ117	NT=LTQ Orbitrap Velos;AC=MS:1001742	not available	not available	not available	NT=beam-type collision-induced dissociation;AC=MS:1000422	temperature (6 °C, 10 °C), thermal origin (cold, warm)	NT=Representative mass and accurate mass for 116 & 117;AC=UNIMOD:214;MT=Variable;TA=C	3832.1 ppm	13 ppm	orbitrap	Reaction3_Fraction1_Technical1.raw	v1.1.0	HAMLET-agentic v2.1.0	normal
PXD000368-Sample-41	Thymallus thymallus	embryos	normal	not available	not available	embryos	run 11	proteomic profiling by mass spectrometry	NT=data-dependent acquisition;AC=PRIDE:0000627	iTRAQ114	NT=LTQ Orbitrap Velos;AC=MS:1001742	not available	not available	not available	NT=beam-type collision-induced dissociation;AC=MS:1000422	temperature (6 °C, 10 °C), thermal origin (cold, warm)	NT=Representative mass and accurate mass for 116 & 117;AC=UNIMOD:214;MT=Variable;TA=C	3832.1 ppm	13 ppm	orbitrap	Reaction3_Fraction2_Technical1.raw	v1.1.0	HAMLET-agentic v2.1.0	normal
PXD000368-Sample-42	Thymallus thymallus	embryos	normal	not available	not available	embryos	run 11	proteomic profiling by mass spectrometry	NT=data-dependent acquisition;AC=PRIDE:0000627	iTRAQ115	NT=LTQ Orbitrap Velos;AC=MS:1001742	not available	not available	not available	NT=beam-type collision-induced dissociation;AC=MS:1000422	temperature (6 °C, 10 °C), thermal origin (cold, warm)	NT=Representative mass and accurate mass for 116 & 117;AC=UNIMOD:214;MT=Variable;TA=C	3832.1 ppm	13 ppm	orbitrap	Reaction3_Fraction2_Technical1.raw	v1.1.0	HAMLET-agentic v2.1.0	normal
PXD000368-Sample-43	Thymallus thymallus	embryos	normal	not available	not available	embryos	run 11	proteomic profiling by mass spectrometry	NT=data-dependent acquisition;AC=PRIDE:0000627	iTRAQ116	NT=LTQ Orbitrap Velos;AC=MS:1001742	not available	not available	not available	NT=beam-type collision-induced dissociation;AC=MS:1000422	temperature (6 °C, 10 °C), thermal origin (cold, warm)	NT=Representative mass and accurate mass for 116 & 117;AC=UNIMOD:214;MT=Variable;TA=C	3832.1 ppm	13 ppm	orbitrap	Reaction3_Fraction2_Technical1.raw	v1.1.0	HAMLET-agentic v2.1.0	normal
PXD000368-Sample-44	Thymallus thymallus	embryos	normal	not available	not available	embryos	run 11	proteomic profiling by mass spectrometry	NT=data-dependent acquisition;AC=PRIDE:0000627	iTRAQ117	NT=LTQ Orbitrap Velos;AC=MS:1001742	not available	not available	not available	NT=beam-type collision-induced dissociation;AC=MS:1000422	temperature (6 °C, 10 °C), thermal origin (cold, warm)	NT=Representative mass and accurate mass for 116 & 117;AC=UNIMOD:214;MT=Variable;TA=C	3832.1 ppm	13 ppm	orbitrap	Reaction3_Fraction2_Technical1.raw	v1.1.0	HAMLET-agentic v2.1.0	normal
PXD000368-Sample-45	Thymallus thymallus	embryos	normal	not available	not available	embryos	run 12	proteomic profiling by mass spectrometry	NT=data-dependent acquisition;AC=PRIDE:0000627	iTRAQ114	NT=LTQ Orbitrap Velos;AC=MS:1001742	not available	not available	not available	NT=beam-type collision-induced dissociation;AC=MS:1000422	temperature (6 °C, 10 °C), thermal origin (cold, warm)	NT=Representative mass and accurate mass for 116 & 117;AC=UNIMOD:214;MT=Variable;TA=C	3832.1 ppm	13 ppm	orbitrap	Reaction3_Fraction3_Technical2.raw	v1.1.0	HAMLET-agentic v2.1.0	normal
PXD000368-Sample-46	Thymallus thymallus	embryos	normal	not available	not available	embryos	run 12	proteomic profiling by mass spectrometry	NT=data-dependent acquisition;AC=PRIDE:0000627	iTRAQ115	NT=LTQ Orbitrap Velos;AC=MS:1001742	not available	not available	not available	NT=beam-type collision-induced dissociation;AC=MS:1000422	temperature (6 °C, 10 °C), thermal origin (cold, warm)	NT=Representative mass and accurate mass for 116 & 117;AC=UNIMOD:214;MT=Variable;TA=C	3832.1 ppm	13 ppm	orbitrap	Reaction3_Fraction3_Technical2.raw	v1.1.0	HAMLET-agentic v2.1.0	normal
PXD000368-Sample-47	Thymallus thymallus	embryos	normal	not available	not available	embryos	run 12	proteomic profiling by mass spectrometry	NT=data-dependent acquisition;AC=PRIDE:0000627	iTRAQ116	NT=LTQ Orbitrap Velos;AC=MS:1001742	not available	not available	not available	NT=beam-type collision-induced dissociation;AC=MS:1000422	temperature (6 °C, 10 °C), thermal origin (cold, warm)	NT=Representative mass and accurate mass for 116 & 117;AC=UNIMOD:214;MT=Variable;TA=C	3832.1 ppm	13 ppm	orbitrap	Reaction3_Fraction3_Technical2.raw	v1.1.0	HAMLET-agentic v2.1.0	normal
PXD000368-Sample-48	Thymallus thymallus	embryos	normal	not available	not available	embryos	run 12	proteomic profiling by mass spectrometry	NT=data-dependent acquisition;AC=PRIDE:0000627	iTRAQ117	NT=LTQ Orbitrap Velos;AC=MS:1001742	not available	not available	not available	NT=beam-type collision-induced dissociation;AC=MS:1000422	temperature (6 °C, 10 °C), thermal origin (cold, warm)	NT=Representative mass and accurate mass for 116 & 117;AC=UNIMOD:214;MT=Variable;TA=C	3832.1 ppm	13 ppm	orbitrap	Reaction3_Fraction3_Technical2.raw	v1.1.0	HAMLET-agentic v2.1.0	normal
PXD000368-Sample-49	Thymallus thymallus	embryos	normal	not available	not available	embryos	run 13	proteomic profiling by mass spectrometry	NT=data-dependent acquisition;AC=PRIDE:0000627	iTRAQ114	NT=LTQ Orbitrap Velos;AC=MS:1001742	not available	not available	not available	NT=beam-type collision-induced dissociation;AC=MS:1000422	temperature (6 °C, 10 °C), thermal origin (cold, warm)	NT=Representative mass and accurate mass for 116 & 117;AC=UNIMOD:214;MT=Variable;TA=C	3832.1 ppm	13 ppm	orbitrap	Reaction4_Fraction1_Technical1.raw	v1.1.0	HAMLET-agentic v2.1.0	normal
PXD000368-Sample-50	Thymallus thymallus	embryos	normal	not available	not available	embryos	run 13	proteomic profiling by mass spectrometry	NT=data-dependent acquisition;AC=PRIDE:0000627	iTRAQ115	NT=LTQ Orbitrap Velos;AC=MS:1001742	not available	not available	not available	NT=beam-type collision-induced dissociation;AC=MS:1000422	temperature (6 °C, 10 °C), thermal origin (cold, warm)	NT=Representative mass and accurate mass for 116 & 117;AC=UNIMOD:214;MT=Variable;TA=C	3832.1 ppm	13 ppm	orbitrap	Reaction4_Fraction1_Technical1.raw	v1.1.0	HAMLET-agentic v2.1.0	normal
PXD000368-Sample-51	Thymallus thymallus	embryos	normal	not available	not available	embryos	run 13	proteomic profiling by mass spectrometry	NT=data-dependent acquisition;AC=PRIDE:0000627	iTRAQ116	NT=LTQ Orbitrap Velos;AC=MS:1001742	not available	not available	not available	NT=beam-type collision-induced dissociation;AC=MS:1000422	temperature (6 °C, 10 °C), thermal origin (cold, warm)	NT=Representative mass and accurate mass for 116 & 117;AC=UNIMOD:214;MT=Variable;TA=C	3832.1 ppm	13 ppm	orbitrap	Reaction4_Fraction1_Technical1.raw	v1.1.0	HAMLET-agentic v2.1.0	normal
PXD000368-Sample-52	Thymallus thymallus	embryos	normal	not available	not available	embryos	run 13	proteomic profiling by mass spectrometry	NT=data-dependent acquisition;AC=PRIDE:0000627	iTRAQ117	NT=LTQ Orbitrap Velos;AC=MS:1001742	not available	not available	not available	NT=beam-type collision-induced dissociation;AC=MS:1000422	temperature (6 °C, 10 °C), thermal origin (cold, warm)	NT=Representative mass and accurate mass for 116 & 117;AC=UNIMOD:214;MT=Variable;TA=C	3832.1 ppm	13 ppm	orbitrap	Reaction4_Fraction1_Technical1.raw	v1.1.0	HAMLET-agentic v2.1.0	normal
PXD000368-Sample-53	Thymallus thymallus	embryos	normal	not available	not available	embryos	run 14	proteomic profiling by mass spectrometry	NT=data-dependent acquisition;AC=PRIDE:0000627	iTRAQ114	NT=LTQ Orbitrap Velos;AC=MS:1001742	not available	not available	not available	NT=beam-type collision-induced dissociation;AC=MS:1000422	temperature (6 °C, 10 °C), thermal origin (cold, warm)	NT=Representative mass and accurate mass for 116 & 117;AC=UNIMOD:214;MT=Variable;TA=C	3832.1 ppm	13 ppm	orbitrap	Reaction4_Fraction1_Technical2.raw	v1.1.0	HAMLET-agentic v2.1.0	normal
PXD000368-Sample-54	Thymallus thymallus	embryos	normal	not available	not available	embryos	run 14	proteomic profiling by mass spectrometry	NT=data-dependent acquisition;AC=PRIDE:0000627	iTRAQ115	NT=LTQ Orbitrap Velos;AC=MS:1001742	not available	not available	not available	NT=beam-type collision-induced dissociation;AC=MS:1000422	temperature (6 °C, 10 °C), thermal origin (cold, warm)	NT=Representative mass and accurate mass for 116 & 117;AC=UNIMOD:214;MT=Variable;TA=C	3832.1 ppm	13 ppm	orbitrap	Reaction4_Fraction1_Technical2.raw	v1.1.0	HAMLET-agentic v2.1.0	normal
PXD000368-Sample-55	Thymallus thymallus	embryos	normal	not available	not available	embryos	run 14	proteomic profiling by mass spectrometry	NT=data-dependent acquisition;AC=PRIDE:0000627	iTRAQ116	NT=LTQ Orbitrap Velos;AC=MS:1001742	not available	not available	not available	NT=beam-type collision-induced dissociation;AC=MS:1000422	temperature (6 °C, 10 °C), thermal origin (cold, warm)	NT=Representative mass and accurate mass for 116 & 117;AC=UNIMOD:214;MT=Variable;TA=C	3832.1 ppm	13 ppm	orbitrap	Reaction4_Fraction1_Technical2.raw	v1.1.0	HAMLET-agentic v2.1.0	normal
PXD000368-Sample-56	Thymallus thymallus	embryos	normal	not available	not available	embryos	run 14	proteomic profiling by mass spectrometry	NT=data-dependent acquisition;AC=PRIDE:0000627	iTRAQ117	NT=LTQ Orbitrap Velos;AC=MS:1001742	not available	not available	not available	NT=beam-type collision-induced dissociation;AC=MS:1000422	temperature (6 °C, 10 °C), thermal origin (cold, warm)	NT=Representative mass and accurate mass for 116 & 117;AC=UNIMOD:214;MT=Variable;TA=C	3832.1 ppm	13 ppm	orbitrap	Reaction4_Fraction1_Technical2.raw	v1.1.0	HAMLET-agentic v2.1.0	normal
PXD000368-Sample-57	Thymallus thymallus	embryos	normal	not available	not available	embryos	run 15	proteomic profiling by mass spectrometry	NT=data-dependent acquisition;AC=PRIDE:0000627	iTRAQ114	NT=LTQ Orbitrap Velos;AC=MS:1001742	not available	not available	not available	NT=beam-type collision-induced dissociation;AC=MS:1000422	temperature (6 °C, 10 °C), thermal origin (cold, warm)	NT=Representative mass and accurate mass for 116 & 117;AC=UNIMOD:214;MT=Variable;TA=C	3832.1 ppm	13 ppm	orbitrap	Reaction5_Fraction3_Technical1.raw	v1.1.0	HAMLET-agentic v2.1.0	normal
PXD000368-Sample-58	Thymallus thymallus	embryos	normal	not available	not available	embryos	run 15	proteomic profiling by mass spectrometry	NT=data-dependent acquisition;AC=PRIDE:0000627	iTRAQ115	NT=LTQ Orbitrap Velos;AC=MS:1001742	not available	not available	not available	NT=beam-type collision-induced dissociation;AC=MS:1000422	temperature (6 °C, 10 °C), thermal origin (cold, warm)	NT=Representative mass and accurate mass for 116 & 117;AC=UNIMOD:214;MT=Variable;TA=C	3832.1 ppm	13 ppm	orbitrap	Reaction5_Fraction3_Technical1.raw	v1.1.0	HAMLET-agentic v2.1.0	normal
PXD000368-Sample-59	Thymallus thymallus	embryos	normal	not available	not available	embryos	run 15	proteomic profiling by mass spectrometry	NT=data-dependent acquisition;AC=PRIDE:0000627	iTRAQ116	NT=LTQ Orbitrap Velos;AC=MS:1001742	not available	not available	not available	NT=beam-type collision-induced dissociation;AC=MS:1000422	temperature (6 °C, 10 °C), thermal origin (cold, warm)	NT=Representative mass and accurate mass for 116 & 117;AC=UNIMOD:214;MT=Variable;TA=C	3832.1 ppm	13 ppm	orbitrap	Reaction5_Fraction3_Technical1.raw	v1.1.0	HAMLET-agentic v2.1.0	normal
PXD000368-Sample-60	Thymallus thymallus	embryos	normal	not available	not available	embryos	run 15	proteomic profiling by mass spectrometry	NT=data-dependent acquisition;AC=PRIDE:0000627	iTRAQ117	NT=LTQ Orbitrap Velos;AC=MS:1001742	not available	not available	not available	NT=beam-type collision-induced dissociation;AC=MS:1000422	temperature (6 °C, 10 °C), thermal origin (cold, warm)	NT=Representative mass and accurate mass for 116 & 117;AC=UNIMOD:214;MT=Variable;TA=C	3832.1 ppm	13 ppm	orbitrap	Reaction5_Fraction3_Technical1.raw	v1.1.0	HAMLET-agentic v2.1.0	normal
PXD000368-Sample-61	Thymallus thymallus	embryos	normal	not available	not available	embryos	run 16	proteomic profiling by mass spectrometry	NT=data-dependent acquisition;AC=PRIDE:0000627	iTRAQ114	NT=LTQ Orbitrap Velos;AC=MS:1001742	not available	not available	not available	NT=beam-type collision-induced dissociation;AC=MS:1000422	temperature (6 °C, 10 °C), thermal origin (cold, warm)	NT=Representative mass and accurate mass for 116 & 117;AC=UNIMOD:214;MT=Variable;TA=C	3832.1 ppm	13 ppm	orbitrap	Reaction5_Fraction4_Technical2.raw	v1.1.0	HAMLET-agentic v2.1.0	normal
PXD000368-Sample-62	Thymallus thymallus	embryos	normal	not available	not available	embryos	run 16	proteomic profiling by mass spectrometry	NT=data-dependent acquisition;AC=PRIDE:0000627	iTRAQ115	NT=LTQ Orbitrap Velos;AC=MS:1001742	not available	not available	not available	NT=beam-type collision-induced dissociation;AC=MS:1000422	temperature (6 °C, 10 °C), thermal origin (cold, warm)	NT=Representative mass and accurate mass for 116 & 117;AC=UNIMOD:214;MT=Variable;TA=C	3832.1 ppm	13 ppm	orbitrap	Reaction5_Fraction4_Technical2.raw	v1.1.0	HAMLET-agentic v2.1.0	normal
PXD000368-Sample-63	Thymallus thymallus	embryos	normal	not available	not available	embryos	run 16	proteomic profiling by mass spectrometry	NT=data-dependent acquisition;AC=PRIDE:0000627	iTRAQ116	NT=LTQ Orbitrap Velos;AC=MS:1001742	not available	not available	not available	NT=beam-type collision-induced dissociation;AC=MS:1000422	temperature (6 °C, 10 °C), thermal origin (cold, warm)	NT=Representative mass and accurate mass for 116 & 117;AC=UNIMOD:214;MT=Variable;TA=C	3832.1 ppm	13 ppm	orbitrap	Reaction5_Fraction4_Technical2.raw	v1.1.0	HAMLET-agentic v2.1.0	normal
PXD000368-Sample-64	Thymallus thymallus	embryos	normal	not available	not available	embryos	run 16	proteomic profiling by mass spectrometry	NT=data-dependent acquisition;AC=PRIDE:0000627	iTRAQ117	NT=LTQ Orbitrap Velos;AC=MS:1001742	not available	not available	not available	NT=beam-type collision-induced dissociation;AC=MS:1000422	temperature (6 °C, 10 °C), thermal origin (cold, warm)	NT=Representative mass and accurate mass for 116 & 117;AC=UNIMOD:214;MT=Variable;TA=C	3832.1 ppm	13 ppm	orbitrap	Reaction5_Fraction4_Technical2.raw	v1.1.0	HAMLET-agentic v2.1.0	normal
PXD000368-Sample-65	Thymallus thymallus	embryos	normal	not available	not available	embryos	run 17	proteomic profiling by mass spectrometry	NT=data-dependent acquisition;AC=PRIDE:0000627	iTRAQ114	NT=LTQ Orbitrap Velos;AC=MS:1001742	not available	not available	not available	NT=beam-type collision-induced dissociation;AC=MS:1000422	temperature (6 °C, 10 °C), thermal origin (cold, warm)	NT=Representative mass and accurate mass for 116 & 117;AC=UNIMOD:214;MT=Variable;TA=C	3832.1 ppm	13 ppm	orbitrap	Reaction6_Fraction1_Technical1.raw	v1.1.0	HAMLET-agentic v2.1.0	normal
PXD000368-Sample-66	Thymallus thymallus	embryos	normal	not available	not available	embryos	run 17	proteomic profiling by mass spectrometry	NT=data-dependent acquisition;AC=PRIDE:0000627	iTRAQ115	NT=LTQ Orbitrap Velos;AC=MS:1001742	not available	not available	not available	NT=beam-type collision-induced dissociation;AC=MS:1000422	temperature (6 °C, 10 °C), thermal origin (cold, warm)	NT=Representative mass and accurate mass for 116 & 117;AC=UNIMOD:214;MT=Variable;TA=C	3832.1 ppm	13 ppm	orbitrap	Reaction6_Fraction1_Technical1.raw	v1.1.0	HAMLET-agentic v2.1.0	normal
PXD000368-Sample-67	Thymallus thymallus	embryos	normal	not available	not available	embryos	run 17	proteomic profiling by mass spectrometry	NT=data-dependent acquisition;AC=PRIDE:0000627	iTRAQ116	NT=LTQ Orbitrap Velos;AC=MS:1001742	not available	not available	not available	NT=beam-type collision-induced dissociation;AC=MS:1000422	temperature (6 °C, 10 °C), thermal origin (cold, warm)	NT=Representative mass and accurate mass for 116 & 117;AC=UNIMOD:214;MT=Variable;TA=C	3832.1 ppm	13 ppm	orbitrap	Reaction6_Fraction1_Technical1.raw	v1.1.0	HAMLET-agentic v2.1.0	normal
PXD000368-Sample-68	Thymallus thymallus	embryos	normal	not available	not available	embryos	run 17	proteomic profiling by mass spectrometry	NT=data-dependent acquisition;AC=PRIDE:0000627	iTRAQ117	NT=LTQ Orbitrap Velos;AC=MS:1001742	not available	not available	not available	NT=beam-type collision-induced dissociation;AC=MS:1000422	temperature (6 °C, 10 °C), thermal origin (cold, warm)	NT=Representative mass and accurate mass for 116 & 117;AC=UNIMOD:214;MT=Variable;TA=C	3832.1 ppm	13 ppm	orbitrap	Reaction6_Fraction1_Technical1.raw	v1.1.0	HAMLET-agentic v2.1.0	normal
PXD000368-Sample-69	Thymallus thymallus	embryos	normal	not available	not available	embryos	run 18	proteomic profiling by mass spectrometry	NT=data-dependent acquisition;AC=PRIDE:0000627	iTRAQ114	NT=LTQ Orbitrap Velos;AC=MS:1001742	not available	not available	not available	NT=beam-type collision-induced dissociation;AC=MS:1000422	temperature (6 °C, 10 °C), thermal origin (cold, warm)	NT=Representative mass and accurate mass for 116 & 117;AC=UNIMOD:214;MT=Variable;TA=C	3832.1 ppm	13 ppm	orbitrap	Reaction6_Fraction4_Technical1.raw	v1.1.0	HAMLET-agentic v2.1.0	normal
PXD000368-Sample-70	Thymallus thymallus	embryos	normal	not available	not available	embryos	run 18	proteomic profiling by mass spectrometry	NT=data-dependent acquisition;AC=PRIDE:0000627	iTRAQ115	NT=LTQ Orbitrap Velos;AC=MS:1001742	not available	not available	not available	NT=beam-type collision-induced dissociation;AC=MS:1000422	temperature (6 °C, 10 °C), thermal origin (cold, warm)	NT=Representative mass and accurate mass for 116 & 117;AC=UNIMOD:214;MT=Variable;TA=C	3832.1 ppm	13 ppm	orbitrap	Reaction6_Fraction4_Technical1.raw	v1.1.0	HAMLET-agentic v2.1.0	normal
PXD000368-Sample-71	Thymallus thymallus	embryos	normal	not available	not available	embryos	run 18	proteomic profiling by mass spectrometry	NT=data-dependent acquisition;AC=PRIDE:0000627	iTRAQ116	NT=LTQ Orbitrap Velos;AC=MS:1001742	not available	not available	not available	NT=beam-type collision-induced dissociation;AC=MS:1000422	temperature (6 °C, 10 °C), thermal origin (cold, warm)	NT=Representative mass and accurate mass for 116 & 117;AC=UNIMOD:214;MT=Variable;TA=C	3832.1 ppm	13 ppm	orbitrap	Reaction6_Fraction4_Technical1.raw	v1.1.0	HAMLET-agentic v2.1.0	normal
PXD000368-Sample-72	Thymallus thymallus	embryos	normal	not available	not available	embryos	run 18	proteomic profiling by mass spectrometry	NT=data-dependent acquisition;AC=PRIDE:0000627	iTRAQ117	NT=LTQ Orbitrap Velos;AC=MS:1001742	not available	not available	not available	NT=beam-type collision-induced dissociation;AC=MS:1000422	temperature (6 °C, 10 °C), thermal origin (cold, warm)	NT=Representative mass and accurate mass for 116 & 117;AC=UNIMOD:214;MT=Variable;TA=C	3832.1 ppm	13 ppm	orbitrap	Reaction6_Fraction4_Technical1.raw	v1.1.0	HAMLET-agentic v2.1.0	normal
PXD000368-Sample-73	Thymallus thymallus	embryos	normal	not available	not available	embryos	run 19	proteomic profiling by mass spectrometry	NT=data-dependent acquisition;AC=PRIDE:0000627	iTRAQ114	NT=LTQ Orbitrap Velos;AC=MS:1001742	not available	not available	not available	NT=beam-type collision-induced dissociation;AC=MS:1000422	temperature (6 °C, 10 °C), thermal origin (cold, warm)	NT=Representative mass and accurate mass for 116 & 117;AC=UNIMOD:214;MT=Variable;TA=C	3832.1 ppm	13 ppm	orbitrap	Reaction6_Fraction4_Technical2.raw	v1.1.0	HAMLET-agentic v2.1.0	normal
PXD000368-Sample-74	Thymallus thymallus	embryos	normal	not available	not available	embryos	run 19	proteomic profiling by mass spectrometry	NT=data-dependent acquisition;AC=PRIDE:0000627	iTRAQ115	NT=LTQ Orbitrap Velos;AC=MS:1001742	not available	not available	not available	NT=beam-type collision-induced dissociation;AC=MS:1000422	temperature (6 °C, 10 °C), thermal origin (cold, warm)	NT=Representative mass and accurate mass for 116 & 117;AC=UNIMOD:214;MT=Variable;TA=C	3832.1 ppm	13 ppm	orbitrap	Reaction6_Fraction4_Technical2.raw	v1.1.0	HAMLET-agentic v2.1.0	normal
PXD000368-Sample-75	Thymallus thymallus	embryos	normal	not available	not available	embryos	run 19	proteomic profiling by mass spectrometry	NT=data-dependent acquisition;AC=PRIDE:0000627	iTRAQ116	NT=LTQ Orbitrap Velos;AC=MS:1001742	not available	not available	not available	NT=beam-type collision-induced dissociation;AC=MS:1000422	temperature (6 °C, 10 °C), thermal origin (cold, warm)	NT=Representative mass and accurate mass for 116 & 117;AC=UNIMOD:214;MT=Variable;TA=C	3832.1 ppm	13 ppm	orbitrap	Reaction6_Fraction4_Technical2.raw	v1.1.0	HAMLET-agentic v2.1.0	normal
PXD000368-Sample-76	Thymallus thymallus	embryos	normal	not available	not available	embryos	run 19	proteomic profiling by mass spectrometry	NT=data-dependent acquisition;AC=PRIDE:0000627	iTRAQ117	NT=LTQ Orbitrap Velos;AC=MS:1001742	not available	not available	not available	NT=beam-type collision-induced dissociation;AC=MS:1000422	temperature (6 °C, 10 °C), thermal origin (cold, warm)	NT=Representative mass and accurate mass for 116 & 117;AC=UNIMOD:214;MT=Variable;TA=C	3832.1 ppm	13 ppm	orbitrap	Reaction6_Fraction4_Technical2.raw	v1.1.0	HAMLET-agentic v2.1.0	normal
PXD000368-Sample-77	Thymallus thymallus	embryos	normal	not available	not available	embryos	run 20	proteomic profiling by mass spectrometry	NT=data-dependent acquisition;AC=PRIDE:0000627	iTRAQ114	NT=LTQ Orbitrap Velos;AC=MS:1001742	not available	not available	not available	NT=beam-type collision-induced dissociation;AC=MS:1000422	temperature (6 °C, 10 °C), thermal origin (cold, warm)	NT=Representative mass and accurate mass for 116 & 117;AC=UNIMOD:214;MT=Variable;TA=C	3832.1 ppm	13 ppm	orbitrap	Reaction7_Fraction2_Technical1.raw	v1.1.0	HAMLET-agentic v2.1.0	normal
PXD000368-Sample-78	Thymallus thymallus	embryos	normal	not available	not available	embryos	run 20	proteomic profiling by mass spectrometry	NT=data-dependent acquisition;AC=PRIDE:0000627	iTRAQ115	NT=LTQ Orbitrap Velos;AC=MS:1001742	not available	not available	not available	NT=beam-type collision-induced dissociation;AC=MS:1000422	temperature (6 °C, 10 °C), thermal origin (cold, warm)	NT=Representative mass and accurate mass for 116 & 117;AC=UNIMOD:214;MT=Variable;TA=C	3832.1 ppm	13 ppm	orbitrap	Reaction7_Fraction2_Technical1.raw	v1.1.0	HAMLET-agentic v2.1.0	normal
PXD000368-Sample-79	Thymallus thymallus	embryos	normal	not available	not available	embryos	run 20	proteomic profiling by mass spectrometry	NT=data-dependent acquisition;AC=PRIDE:0000627	iTRAQ116	NT=LTQ Orbitrap Velos;AC=MS:1001742	not available	not available	not available	NT=beam-type collision-induced dissociation;AC=MS:1000422	temperature (6 °C, 10 °C), thermal origin (cold, warm)	NT=Representative mass and accurate mass for 116 & 117;AC=UNIMOD:214;MT=Variable;TA=C	3832.1 ppm	13 ppm	orbitrap	Reaction7_Fraction2_Technical1.raw	v1.1.0	HAMLET-agentic v2.1.0	normal
PXD000368-Sample-80	Thymallus thymallus	embryos	normal	not available	not available	embryos	run 20	proteomic profiling by mass spectrometry	NT=data-dependent acquisition;AC=PRIDE:0000627	iTRAQ117	NT=LTQ Orbitrap Velos;AC=MS:1001742	not available	not available	not available	NT=beam-type collision-induced dissociation;AC=MS:1000422	temperature (6 °C, 10 °C), thermal origin (cold, warm)	NT=Representative mass and accurate mass for 116 & 117;AC=UNIMOD:214;MT=Variable;TA=C	3832.1 ppm	13 ppm	orbitrap	Reaction7_Fraction2_Technical1.raw	v1.1.0	HAMLET-agentic v2.1.0	normal
PXD000368-Sample-81	Thymallus thymallus	embryos	normal	not available	not available	embryos	run 21	proteomic profiling by mass spectrometry	NT=data-dependent acquisition;AC=PRIDE:0000627	iTRAQ114	NT=LTQ Orbitrap Velos;AC=MS:1001742	not available	not available	not available	NT=beam-type collision-induced dissociation;AC=MS:1000422	temperature (6 °C, 10 °C), thermal origin (cold, warm)	NT=Representative mass and accurate mass for 116 & 117;AC=UNIMOD:214;MT=Variable;TA=C	3832.1 ppm	13 ppm	orbitrap	Reaction7_Fraction2_Technical2.raw	v1.1.0	HAMLET-agentic v2.1.0	normal
PXD000368-Sample-82	Thymallus thymallus	embryos	normal	not available	not available	embryos	run 21	proteomic profiling by mass spectrometry	NT=data-dependent acquisition;AC=PRIDE:0000627	iTRAQ115	NT=LTQ Orbitrap Velos;AC=MS:1001742	not available	not available	not available	NT=beam-type collision-induced dissociation;AC=MS:1000422	temperature (6 °C, 10 °C), thermal origin (cold, warm)	NT=Representative mass and accurate mass for 116 & 117;AC=UNIMOD:214;MT=Variable;TA=C	3832.1 ppm	13 ppm	orbitrap	Reaction7_Fraction2_Technical2.raw	v1.1.0	HAMLET-agentic v2.1.0	normal
PXD000368-Sample-83	Thymallus thymallus	embryos	normal	not available	not available	embryos	run 21	proteomic profiling by mass spectrometry	NT=data-dependent acquisition;AC=PRIDE:0000627	iTRAQ116	NT=LTQ Orbitrap Velos;AC=MS:1001742	not available	not available	not available	NT=beam-type collision-induced dissociation;AC=MS:1000422	temperature (6 °C, 10 °C), thermal origin (cold, warm)	NT=Representative mass and accurate mass for 116 & 117;AC=UNIMOD:214;MT=Variable;TA=C	3832.1 ppm	13 ppm	orbitrap	Reaction7_Fraction2_Technical2.raw	v1.1.0	HAMLET-agentic v2.1.0	normal
PXD000368-Sample-84	Thymallus thymallus	embryos	normal	not available	not available	embryos	run 21	proteomic profiling by mass spectrometry	NT=data-dependent acquisition;AC=PRIDE:0000627	iTRAQ117	NT=LTQ Orbitrap Velos;AC=MS:1001742	not available	not available	not available	NT=beam-type collision-induced dissociation;AC=MS:1000422	temperature (6 °C, 10 °C), thermal origin (cold, warm)	NT=Representative mass and accurate mass for 116 & 117;AC=UNIMOD:214;MT=Variable;TA=C	3832.1 ppm	13 ppm	orbitrap	Reaction7_Fraction2_Technical2.raw	v1.1.0	HAMLET-agentic v2.1.0	normal
PXD000368-Sample-85	Thymallus thymallus	embryos	normal	not available	not available	embryos	run 22	proteomic profiling by mass spectrometry	NT=data-dependent acquisition;AC=PRIDE:0000627	iTRAQ114	NT=LTQ Orbitrap Velos;AC=MS:1001742	not available	not available	not available	NT=beam-type collision-induced dissociation;AC=MS:1000422	temperature (6 °C, 10 °C), thermal origin (cold, warm)	NT=Representative mass and accurate mass for 116 & 117;AC=UNIMOD:214;MT=Variable;TA=C	3832.1 ppm	13 ppm	orbitrap	Reaction7_Fraction3_Technical2.raw	v1.1.0	HAMLET-agentic v2.1.0	normal
PXD000368-Sample-86	Thymallus thymallus	embryos	normal	not available	not available	embryos	run 22	proteomic profiling by mass spectrometry	NT=data-dependent acquisition;AC=PRIDE:0000627	iTRAQ115	NT=LTQ Orbitrap Velos;AC=MS:1001742	not available	not available	not available	NT=beam-type collision-induced dissociation;AC=MS:1000422	temperature (6 °C, 10 °C), thermal origin (cold, warm)	NT=Representative mass and accurate mass for 116 & 117;AC=UNIMOD:214;MT=Variable;TA=C	3832.1 ppm	13 ppm	orbitrap	Reaction7_Fraction3_Technical2.raw	v1.1.0	HAMLET-agentic v2.1.0	normal
PXD000368-Sample-87	Thymallus thymallus	embryos	normal	not available	not available	embryos	run 22	proteomic profiling by mass spectrometry	NT=data-dependent acquisition;AC=PRIDE:0000627	iTRAQ116	NT=LTQ Orbitrap Velos;AC=MS:1001742	not available	not available	not available	NT=beam-type collision-induced dissociation;AC=MS:1000422	temperature (6 °C, 10 °C), thermal origin (cold, warm)	NT=Representative mass and accurate mass for 116 & 117;AC=UNIMOD:214;MT=Variable;TA=C	3832.1 ppm	13 ppm	orbitrap	Reaction7_Fraction3_Technical2.raw	v1.1.0	HAMLET-agentic v2.1.0	normal
PXD000368-Sample-88	Thymallus thymallus	embryos	normal	not available	not available	embryos	run 22	proteomic profiling by mass spectrometry	NT=data-dependent acquisition;AC=PRIDE:0000627	iTRAQ117	NT=LTQ Orbitrap Velos;AC=MS:1001742	not available	not available	not available	NT=beam-type collision-induced dissociation;AC=MS:1000422	temperature (6 °C, 10 °C), thermal origin (cold, warm)	NT=Representative mass and accurate mass for 116 & 117;AC=UNIMOD:214;MT=Variable;TA=C	3832.1 ppm	13 ppm	orbitrap	Reaction7_Fraction3_Technical2.raw	v1.1.0	HAMLET-agentic v2.1.0	normal
PXD000368-Sample-89	Thymallus thymallus	embryos	normal	not available	not available	embryos	run 23	proteomic profiling by mass spectrometry	NT=data-dependent acquisition;AC=PRIDE:0000627	iTRAQ114	NT=LTQ Orbitrap Velos;AC=MS:1001742	not available	not available	not available	NT=beam-type collision-induced dissociation;AC=MS:1000422	temperature (6 °C, 10 °C), thermal origin (cold, warm)	NT=Representative mass and accurate mass for 116 & 117;AC=UNIMOD:214;MT=Variable;TA=C	3832.1 ppm	13 ppm	orbitrap	Reaction7_Fraction4_Technical2.raw	v1.1.0	HAMLET-agentic v2.1.0	normal
PXD000368-Sample-90	Thymallus thymallus	embryos	normal	not available	not available	embryos	run 23	proteomic profiling by mass spectrometry	NT=data-dependent acquisition;AC=PRIDE:0000627	iTRAQ115	NT=LTQ Orbitrap Velos;AC=MS:1001742	not available	not available	not available	NT=beam-type collision-induced dissociation;AC=MS:1000422	temperature (6 °C, 10 °C), thermal origin (cold, warm)	NT=Representative mass and accurate mass for 116 & 117;AC=UNIMOD:214;MT=Variable;TA=C	3832.1 ppm	13 ppm	orbitrap	Reaction7_Fraction4_Technical2.raw	v1.1.0	HAMLET-agentic v2.1.0	normal
PXD000368-Sample-91	Thymallus thymallus	embryos	normal	not available	not available	embryos	run 23	proteomic profiling by mass spectrometry	NT=data-dependent acquisition;AC=PRIDE:0000627	iTRAQ116	NT=LTQ Orbitrap Velos;AC=MS:1001742	not available	not available	not available	NT=beam-type collision-induced dissociation;AC=MS:1000422	temperature (6 °C, 10 °C), thermal origin (cold, warm)	NT=Representative mass and accurate mass for 116 & 117;AC=UNIMOD:214;MT=Variable;TA=C	3832.1 ppm	13 ppm	orbitrap	Reaction7_Fraction4_Technical2.raw	v1.1.0	HAMLET-agentic v2.1.0	normal
PXD000368-Sample-92	Thymallus thymallus	embryos	normal	not available	not available	embryos	run 23	proteomic profiling by mass spectrometry	NT=data-dependent acquisition;AC=PRIDE:0000627	iTRAQ117	NT=LTQ Orbitrap Velos;AC=MS:1001742	not available	not available	not available	NT=beam-type collision-induced dissociation;AC=MS:1000422	temperature (6 °C, 10 °C), thermal origin (cold, warm)	NT=Representative mass and accurate mass for 116 & 117;AC=UNIMOD:214;MT=Variable;TA=C	3832.1 ppm	13 ppm	orbitrap	Reaction7_Fraction4_Technical2.raw	v1.1.0	HAMLET-agentic v2.1.0	normal
PXD000368-Sample-93	Thymallus thymallus	embryos	normal	not available	not available	embryos	run 24	proteomic profiling by mass spectrometry	NT=data-dependent acquisition;AC=PRIDE:0000627	iTRAQ114	NT=LTQ Orbitrap Velos;AC=MS:1001742	not available	not available	not available	NT=beam-type collision-induced dissociation;AC=MS:1000422	temperature (6 °C, 10 °C), thermal origin (cold, warm)	NT=Representative mass and accurate mass for 116 & 117;AC=UNIMOD:214;MT=Variable;TA=C	3832.1 ppm	13 ppm	orbitrap	Reaction8_Fraction1_Technical2.raw	v1.1.0	HAMLET-agentic v2.1.0	normal
PXD000368-Sample-94	Thymallus thymallus	embryos	normal	not available	not available	embryos	run 24	proteomic profiling by mass spectrometry	NT=data-dependent acquisition;AC=PRIDE:0000627	iTRAQ115	NT=LTQ Orbitrap Velos;AC=MS:1001742	not available	not available	not available	NT=beam-type collision-induced dissociation;AC=MS:1000422	temperature (6 °C, 10 °C), thermal origin (cold, warm)	NT=Representative mass and accurate mass for 116 & 117;AC=UNIMOD:214;MT=Variable;TA=C	3832.1 ppm	13 ppm	orbitrap	Reaction8_Fraction1_Technical2.raw	v1.1.0	HAMLET-agentic v2.1.0	normal
PXD000368-Sample-95	Thymallus thymallus	embryos	normal	not available	not available	embryos	run 24	proteomic profiling by mass spectrometry	NT=data-dependent acquisition;AC=PRIDE:0000627	iTRAQ116	NT=LTQ Orbitrap Velos;AC=MS:1001742	not available	not available	not available	NT=beam-type collision-induced dissociation;AC=MS:1000422	temperature (6 °C, 10 °C), thermal origin (cold, warm)	NT=Representative mass and accurate mass for 116 & 117;AC=UNIMOD:214;MT=Variable;TA=C	3832.1 ppm	13 ppm	orbitrap	Reaction8_Fraction1_Technical2.raw	v1.1.0	HAMLET-agentic v2.1.0	normal
PXD000368-Sample-96	Thymallus thymallus	embryos	normal	not available	not available	embryos	run 24	proteomic profiling by mass spectrometry	NT=data-dependent acquisition;AC=PRIDE:0000627	iTRAQ117	NT=LTQ Orbitrap Velos;AC=MS:1001742	not available	not available	not available	NT=beam-type collision-induced dissociation;AC=MS:1000422	temperature (6 °C, 10 °C), thermal origin (cold, warm)	NT=Representative mass and accurate mass for 116 & 117;AC=UNIMOD:214;MT=Variable;TA=C	3832.1 ppm	13 ppm	orbitrap	Reaction8_Fraction1_Technical2.raw	v1.1.0	HAMLET-agentic v2.1.0	normal
PXD000368-Sample-97	Thymallus thymallus	embryos	normal	not available	not available	embryos	run 25	proteomic profiling by mass spectrometry	NT=data-dependent acquisition;AC=PRIDE:0000627	iTRAQ114	NT=LTQ Orbitrap Velos;AC=MS:1001742	not available	not available	not available	NT=beam-type collision-induced dissociation;AC=MS:1000422	temperature (6 °C, 10 °C), thermal origin (cold, warm)	NT=Representative mass and accurate mass for 116 & 117;AC=UNIMOD:214;MT=Variable;TA=C	3832.1 ppm	13 ppm	orbitrap	Reaction8_Fraction2_Technical2.raw	v1.1.0	HAMLET-agentic v2.1.0	normal
PXD000368-Sample-98	Thymallus thymallus	embryos	normal	not available	not available	embryos	run 25	proteomic profiling by mass spectrometry	NT=data-dependent acquisition;AC=PRIDE:0000627	iTRAQ115	NT=LTQ Orbitrap Velos;AC=MS:1001742	not available	not available	not available	NT=beam-type collision-induced dissociation;AC=MS:1000422	temperature (6 °C, 10 °C), thermal origin (cold, warm)	NT=Representative mass and accurate mass for 116 & 117;AC=UNIMOD:214;MT=Variable;TA=C	3832.1 ppm	13 ppm	orbitrap	Reaction8_Fraction2_Technical2.raw	v1.1.0	HAMLET-agentic v2.1.0	normal
PXD000368-Sample-99	Thymallus thymallus	embryos	normal	not available	not available	embryos	run 25	proteomic profiling by mass spectrometry	NT=data-dependent acquisition;AC=PRIDE:0000627	iTRAQ116	NT=LTQ Orbitrap Velos;AC=MS:1001742	not available	not available	not available	NT=beam-type collision-induced dissociation;AC=MS:1000422	temperature (6 °C, 10 °C), thermal origin (cold, warm)	NT=Representative mass and accurate mass for 116 & 117;AC=UNIMOD:214;MT=Variable;TA=C	3832.1 ppm	13 ppm	orbitrap	Reaction8_Fraction2_Technical2.raw	v1.1.0	HAMLET-agentic v2.1.0	normal
PXD000368-Sample-100	Thymallus thymallus	embryos	normal	not available	not available	embryos	run 25	proteomic profiling by mass spectrometry	NT=data-dependent acquisition;AC=PRIDE:0000627	iTRAQ117	NT=LTQ Orbitrap Velos;AC=MS:1001742	not available	not available	not available	NT=beam-type collision-induced dissociation;AC=MS:1000422	temperature (6 °C, 10 °C), thermal origin (cold, warm)	NT=Representative mass and accurate mass for 116 & 117;AC=UNIMOD:214;MT=Variable;TA=C	3832.1 ppm	13 ppm	orbitrap	Reaction8_Fraction2_Technical2.raw	v1.1.0	HAMLET-agentic v2.1.0	normal
PXD000368-Sample-101	Thymallus thymallus	embryos	normal	not available	not available	embryos	run 26	proteomic profiling by mass spectrometry	NT=data-dependent acquisition;AC=PRIDE:0000627	iTRAQ114	NT=LTQ Orbitrap Velos;AC=MS:1001742	not available	not available	not available	NT=beam-type collision-induced dissociation;AC=MS:1000422	temperature (6 °C, 10 °C), thermal origin (cold, warm)	NT=Representative mass and accurate mass for 116 & 117;AC=UNIMOD:214;MT=Variable;TA=C	3832.1 ppm	13 ppm	orbitrap	Reaction8_Fraction3_Technical1.raw	v1.1.0	HAMLET-agentic v2.1.0	normal
PXD000368-Sample-102	Thymallus thymallus	embryos	normal	not available	not available	embryos	run 26	proteomic profiling by mass spectrometry	NT=data-dependent acquisition;AC=PRIDE:0000627	iTRAQ115	NT=LTQ Orbitrap Velos;AC=MS:1001742	not available	not available	not available	NT=beam-type collision-induced dissociation;AC=MS:1000422	temperature (6 °C, 10 °C), thermal origin (cold, warm)	NT=Representative mass and accurate mass for 116 & 117;AC=UNIMOD:214;MT=Variable;TA=C	3832.1 ppm	13 ppm	orbitrap	Reaction8_Fraction3_Technical1.raw	v1.1.0	HAMLET-agentic v2.1.0	normal
PXD000368-Sample-103	Thymallus thymallus	embryos	normal	not available	not available	embryos	run 26	proteomic profiling by mass spectrometry	NT=data-dependent acquisition;AC=PRIDE:0000627	iTRAQ116	NT=LTQ Orbitrap Velos;AC=MS:1001742	not available	not available	not available	NT=beam-type collision-induced dissociation;AC=MS:1000422	temperature (6 °C, 10 °C), thermal origin (cold, warm)	NT=Representative mass and accurate mass for 116 & 117;AC=UNIMOD:214;MT=Variable;TA=C	3832.1 ppm	13 ppm	orbitrap	Reaction8_Fraction3_Technical1.raw	v1.1.0	HAMLET-agentic v2.1.0	normal
PXD000368-Sample-104	Thymallus thymallus	embryos	normal	not available	not available	embryos	run 26	proteomic profiling by mass spectrometry	NT=data-dependent acquisition;AC=PRIDE:0000627	iTRAQ117	NT=LTQ Orbitrap Velos;AC=MS:1001742	not available	not available	not available	NT=beam-type collision-induced dissociation;AC=MS:1000422	temperature (6 °C, 10 °C), thermal origin (cold, warm)	NT=Representative mass and accurate mass for 116 & 117;AC=UNIMOD:214;MT=Variable;TA=C	3832.1 ppm	13 ppm	orbitrap	Reaction8_Fraction3_Technical1.raw	v1.1.0	HAMLET-agentic v2.1.0	normal
PXD000368-Sample-105	Thymallus thymallus	embryos	normal	not available	not available	embryos	run 27	proteomic profiling by mass spectrometry	NT=data-dependent acquisition;AC=PRIDE:0000627	iTRAQ114	NT=LTQ Orbitrap Velos;AC=MS:1001742	not available	not available	not available	NT=beam-type collision-induced dissociation;AC=MS:1000422	temperature (6 °C, 10 °C), thermal origin (cold, warm)	NT=Representative mass and accurate mass for 116 & 117;AC=UNIMOD:214;MT=Variable;TA=C	3832.1 ppm	13 ppm	orbitrap	Reaction8_Fraction3_Technical2.raw	v1.1.0	HAMLET-agentic v2.1.0	normal
PXD000368-Sample-106	Thymallus thymallus	embryos	normal	not available	not available	embryos	run 27	proteomic profiling by mass spectrometry	NT=data-dependent acquisition;AC=PRIDE:0000627	iTRAQ115	NT=LTQ Orbitrap Velos;AC=MS:1001742	not available	not available	not available	NT=beam-type collision-induced dissociation;AC=MS:1000422	temperature (6 °C, 10 °C), thermal origin (cold, warm)	NT=Representative mass and accurate mass for 116 & 117;AC=UNIMOD:214;MT=Variable;TA=C	3832.1 ppm	13 ppm	orbitrap	Reaction8_Fraction3_Technical2.raw	v1.1.0	HAMLET-agentic v2.1.0	normal
PXD000368-Sample-107	Thymallus thymallus	embryos	normal	not available	not available	embryos	run 27	proteomic profiling by mass spectrometry	NT=data-dependent acquisition;AC=PRIDE:0000627	iTRAQ116	NT=LTQ Orbitrap Velos;AC=MS:1001742	not available	not available	not available	NT=beam-type collision-induced dissociation;AC=MS:1000422	temperature (6 °C, 10 °C), thermal origin (cold, warm)	NT=Representative mass and accurate mass for 116 & 117;AC=UNIMOD:214;MT=Variable;TA=C	3832.1 ppm	13 ppm	orbitrap	Reaction8_Fraction3_Technical2.raw	v1.1.0	HAMLET-agentic v2.1.0	normal
PXD000368-Sample-108	Thymallus thymallus	embryos	normal	not available	not available	embryos	run 27	proteomic profiling by mass spectrometry	NT=data-dependent acquisition;AC=PRIDE:0000627	iTRAQ117	NT=LTQ Orbitrap Velos;AC=MS:1001742	not available	not available	not available	NT=beam-type collision-induced dissociation;AC=MS:1000422	temperature (6 °C, 10 °C), thermal origin (cold, warm)	NT=Representative mass and accurate mass for 116 & 117;AC=UNIMOD:214;MT=Variable;TA=C	3832.1 ppm	13 ppm	orbitrap	Reaction8_Fraction3_Technical2.raw	v1.1.0	HAMLET-agentic v2.1.0	normal
PXD000368-Sample-109	Thymallus thymallus	embryos	normal	not available	not available	embryos	run 28	proteomic profiling by mass spectrometry	NT=data-dependent acquisition;AC=PRIDE:0000627	iTRAQ114	NT=LTQ Orbitrap Velos;AC=MS:1001742	not available	not available	not available	NT=beam-type collision-induced dissociation;AC=MS:1000422	temperature (6 °C, 10 °C), thermal origin (cold, warm)	NT=Representative mass and accurate mass for 116 & 117;AC=UNIMOD:214;MT=Variable;TA=C	3832.1 ppm	13 ppm	orbitrap	Reaction8_Fraction4_Technical1.raw	v1.1.0	HAMLET-agentic v2.1.0	normal
PXD000368-Sample-110	Thymallus thymallus	embryos	normal	not available	not available	embryos	run 28	proteomic profiling by mass spectrometry	NT=data-dependent acquisition;AC=PRIDE:0000627	iTRAQ115	NT=LTQ Orbitrap Velos;AC=MS:1001742	not available	not available	not available	NT=beam-type collision-induced dissociation;AC=MS:1000422	temperature (6 °C, 10 °C), thermal origin (cold, warm)	NT=Representative mass and accurate mass for 116 & 117;AC=UNIMOD:214;MT=Variable;TA=C	3832.1 ppm	13 ppm	orbitrap	Reaction8_Fraction4_Technical1.raw	v1.1.0	HAMLET-agentic v2.1.0	normal
PXD000368-Sample-111	Thymallus thymallus	embryos	normal	not available	not available	embryos	run 28	proteomic profiling by mass spectrometry	NT=data-dependent acquisition;AC=PRIDE:0000627	iTRAQ116	NT=LTQ Orbitrap Velos;AC=MS:1001742	not available	not available	not available	NT=beam-type collision-induced dissociation;AC=MS:1000422	temperature (6 °C, 10 °C), thermal origin (cold, warm)	NT=Representative mass and accurate mass for 116 & 117;AC=UNIMOD:214;MT=Variable;TA=C	3832.1 ppm	13 ppm	orbitrap	Reaction8_Fraction4_Technical1.raw	v1.1.0	HAMLET-agentic v2.1.0	normal
PXD000368-Sample-112	Thymallus thymallus	embryos	normal	not available	not available	embryos	run 28	proteomic profiling by mass spectrometry	NT=data-dependent acquisition;AC=PRIDE:0000627	iTRAQ117	NT=LTQ Orbitrap Velos;AC=MS:1001742	not available	not available	not available	NT=beam-type collision-induced dissociation;AC=MS:1000422	temperature (6 °C, 10 °C), thermal origin (cold, warm)	NT=Representative mass and accurate mass for 116 & 117;AC=UNIMOD:214;MT=Variable;TA=C	3832.1 ppm	13 ppm	orbitrap	Reaction8_Fraction4_Technical1.raw	v1.1.0	HAMLET-agentic v2.1.0	normal
PXD000368-Sample-113	Thymallus thymallus	embryos	normal	not available	not available	embryos	run 29	proteomic profiling by mass spectrometry	NT=data-dependent acquisition;AC=PRIDE:0000627	iTRAQ114	NT=LTQ Orbitrap Velos;AC=MS:1001742	not available	not available	not available	NT=beam-type collision-induced dissociation;AC=MS:1000422	temperature (6 °C, 10 °C), thermal origin (cold, warm)	NT=Representative mass and accurate mass for 116 & 117;AC=UNIMOD:214;MT=Variable;TA=C	3832.1 ppm	13 ppm	orbitrap	Six_protein_Test_Technical1.raw	v1.1.0	HAMLET-agentic v2.1.0	normal
PXD000368-Sample-114	Thymallus thymallus	embryos	normal	not available	not available	embryos	run 29	proteomic profiling by mass spectrometry	NT=data-dependent acquisition;AC=PRIDE:0000627	iTRAQ115	NT=LTQ Orbitrap Velos;AC=MS:1001742	not available	not available	not available	NT=beam-type collision-induced dissociation;AC=MS:1000422	temperature (6 °C, 10 °C), thermal origin (cold, warm)	NT=Representative mass and accurate mass for 116 & 117;AC=UNIMOD:214;MT=Variable;TA=C	3832.1 ppm	13 ppm	orbitrap	Six_protein_Test_Technical1.raw	v1.1.0	HAMLET-agentic v2.1.0	normal
PXD000368-Sample-115	Thymallus thymallus	embryos	normal	not available	not available	embryos	run 29	proteomic profiling by mass spectrometry	NT=data-dependent acquisition;AC=PRIDE:0000627	iTRAQ116	NT=LTQ Orbitrap Velos;AC=MS:1001742	not available	not available	not available	NT=beam-type collision-induced dissociation;AC=MS:1000422	temperature (6 °C, 10 °C), thermal origin (cold, warm)	NT=Representative mass and accurate mass for 116 & 117;AC=UNIMOD:214;MT=Variable;TA=C	3832.1 ppm	13 ppm	orbitrap	Six_protein_Test_Technical1.raw	v1.1.0	HAMLET-agentic v2.1.0	normal
PXD000368-Sample-116	Thymallus thymallus	embryos	normal	not available	not available	embryos	run 29	proteomic profiling by mass spectrometry	NT=data-dependent acquisition;AC=PRIDE:0000627	iTRAQ117	NT=LTQ Orbitrap Velos;AC=MS:1001742	not available	not available	not available	NT=beam-type collision-induced dissociation;AC=MS:1000422	temperature (6 °C, 10 °C), thermal origin (cold, warm)	NT=Representative mass and accurate mass for 116 & 117;AC=UNIMOD:214;MT=Variable;TA=C	3832.1 ppm	13 ppm	orbitrap	Six_protein_Test_Technical1.raw	v1.1.0	HAMLET-agentic v2.1.0	normal
PXD000368-Sample-117	Thymallus thymallus	embryos	normal	not available	not available	embryos	run 30	proteomic profiling by mass spectrometry	NT=data-dependent acquisition;AC=PRIDE:0000627	iTRAQ114	NT=LTQ Orbitrap Velos;AC=MS:1001742	not available	not available	not available	NT=beam-type collision-induced dissociation;AC=MS:1000422	temperature (6 °C, 10 °C), thermal origin (cold, warm)	NT=Representative mass and accurate mass for 116 & 117;AC=UNIMOD:214;MT=Variable;TA=C	3832.1 ppm	13 ppm	orbitrap	Six_protein_Test_Technical3.raw	v1.1.0	HAMLET-agentic v2.1.0	normal
PXD000368-Sample-118	Thymallus thymallus	embryos	normal	not available	not available	embryos	run 30	proteomic profiling by mass spectrometry	NT=data-dependent acquisition;AC=PRIDE:0000627	iTRAQ115	NT=LTQ Orbitrap Velos;AC=MS:1001742	not available	not available	not available	NT=beam-type collision-induced dissociation;AC=MS:1000422	temperature (6 °C, 10 °C), thermal origin (cold, warm)	NT=Representative mass and accurate mass for 116 & 117;AC=UNIMOD:214;MT=Variable;TA=C	3832.1 ppm	13 ppm	orbitrap	Six_protein_Test_Technical3.raw	v1.1.0	HAMLET-agentic v2.1.0	normal
PXD000368-Sample-119	Thymallus thymallus	embryos	normal	not available	not available	embryos	run 30	proteomic profiling by mass spectrometry	NT=data-dependent acquisition;AC=PRIDE:0000627	iTRAQ116	NT=LTQ Orbitrap Velos;AC=MS:1001742	not available	not available	not available	NT=beam-type collision-induced dissociation;AC=MS:1000422	temperature (6 °C, 10 °C), thermal origin (cold, warm)	NT=Representative mass and accurate mass for 116 & 117;AC=UNIMOD:214;MT=Variable;TA=C	3832.1 ppm	13 ppm	orbitrap	Six_protein_Test_Technical3.raw	v1.1.0	HAMLET-agentic v2.1.0	normal
PXD000368-Sample-120	Thymallus thymallus	embryos	normal	not available	not available	embryos	run 30	proteomic profiling by mass spectrometry	NT=data-dependent acquisition;AC=PRIDE:0000627	iTRAQ117	NT=LTQ Orbitrap Velos;AC=MS:1001742	not available	not available	not available	NT=beam-type collision-induced dissociation;AC=MS:1000422	temperature (6 °C, 10 °C), thermal origin (cold, warm)	NT=Representative mass and accurate mass for 116 & 117;AC=UNIMOD:214;MT=Variable;TA=C	3832.1 ppm	13 ppm	orbitrap	Six_protein_Test_Technical3.raw	v1.1.0	HAMLET-agentic v2.1.0	normal
PXD000368-Sample-121	Thymallus thymallus	embryos	normal	not available	not available	embryos	run 31	proteomic profiling by mass spectrometry	NT=data-dependent acquisition;AC=PRIDE:0000627	iTRAQ114	NT=LTQ Orbitrap Velos;AC=MS:1001742	not available	not available	not available	NT=beam-type collision-induced dissociation;AC=MS:1000422	temperature (6 °C, 10 °C), thermal origin (cold, warm)	not applicable	3832.1 ppm	13 ppm	orbitrap	Reaction4_Fraction4_Technical1.raw	v1.1.0	HAMLET-agentic v2.1.0	normal
PXD000368-Sample-122	Thymallus thymallus	embryos	normal	not available	not available	embryos	run 31	proteomic profiling by mass spectrometry	NT=data-dependent acquisition;AC=PRIDE:0000627	iTRAQ115	NT=LTQ Orbitrap Velos;AC=MS:1001742	not available	not available	not available	NT=beam-type collision-induced dissociation;AC=MS:1000422	temperature (6 °C, 10 °C), thermal origin (cold, warm)	not applicable	3832.1 ppm	13 ppm	orbitrap	Reaction4_Fraction4_Technical1.raw	v1.1.0	HAMLET-agentic v2.1.0	normal
PXD000368-Sample-123	Thymallus thymallus	embryos	normal	not available	not available	embryos	run 31	proteomic profiling by mass spectrometry	NT=data-dependent acquisition;AC=PRIDE:0000627	iTRAQ116	NT=LTQ Orbitrap Velos;AC=MS:1001742	not available	not available	not available	NT=beam-type collision-induced dissociation;AC=MS:1000422	temperature (6 °C, 10 °C), thermal origin (cold, warm)	not applicable	3832.1 ppm	13 ppm	orbitrap	Reaction4_Fraction4_Technical1.raw	v1.1.0	HAMLET-agentic v2.1.0	normal
PXD000368-Sample-124	Thymallus thymallus	embryos	normal	not available	not available	embryos	run 31	proteomic profiling by mass spectrometry	NT=data-dependent acquisition;AC=PRIDE:0000627	iTRAQ117	NT=LTQ Orbitrap Velos;AC=MS:1001742	not available	not available	not available	NT=beam-type collision-induced dissociation;AC=MS:1000422	temperature (6 °C, 10 °C), thermal origin (cold, warm)	not applicable	3832.1 ppm	13 ppm	orbitrap	Reaction4_Fraction4_Technical1.raw	v1.1.0	HAMLET-agentic v2.1.0	normal
PXD000368-Sample-125	Thymallus thymallus	embryos	normal	not available	not available	embryos	run 32	proteomic profiling by mass spectrometry	NT=data-dependent acquisition;AC=PRIDE:0000627	iTRAQ114	NT=LTQ Orbitrap Velos;AC=MS:1001742	not available	not available	not available	NT=beam-type collision-induced dissociation;AC=MS:1000422	temperature (6 °C, 10 °C), thermal origin (cold, warm)	not applicable	3832.1 ppm	13 ppm	orbitrap	Reaction2_Fraction4_Technical1.raw	v1.1.0	HAMLET-agentic v2.1.0	normal
PXD000368-Sample-126	Thymallus thymallus	embryos	normal	not available	not available	embryos	run 32	proteomic profiling by mass spectrometry	NT=data-dependent acquisition;AC=PRIDE:0000627	iTRAQ115	NT=LTQ Orbitrap Velos;AC=MS:1001742	not available	not available	not available	NT=beam-type collision-induced dissociation;AC=MS:1000422	temperature (6 °C, 10 °C), thermal origin (cold, warm)	not applicable	3832.1 ppm	13 ppm	orbitrap	Reaction2_Fraction4_Technical1.raw	v1.1.0	HAMLET-agentic v2.1.0	normal
PXD000368-Sample-127	Thymallus thymallus	embryos	normal	not available	not available	embryos	run 32	proteomic profiling by mass spectrometry	NT=data-dependent acquisition;AC=PRIDE:0000627	iTRAQ116	NT=LTQ Orbitrap Velos;AC=MS:1001742	not available	not available	not available	NT=beam-type collision-induced dissociation;AC=MS:1000422	temperature (6 °C, 10 °C), thermal origin (cold, warm)	not applicable	3832.1 ppm	13 ppm	orbitrap	Reaction2_Fraction4_Technical1.raw	v1.1.0	HAMLET-agentic v2.1.0	normal
PXD000368-Sample-128	Thymallus thymallus	embryos	normal	not available	not available	embryos	run 32	proteomic profiling by mass spectrometry	NT=data-dependent acquisition;AC=PRIDE:0000627	iTRAQ117	NT=LTQ Orbitrap Velos;AC=MS:1001742	not available	not available	not available	NT=beam-type collision-induced dissociation;AC=MS:1000422	temperature (6 °C, 10 °C), thermal origin (cold, warm)	not applicable	3832.1 ppm	13 ppm	orbitrap	Reaction2_Fraction4_Technical1.raw	v1.1.0	HAMLET-agentic v2.1.0	normal
PXD000368-Sample-129	Thymallus thymallus	embryos	normal	not available	not available	embryos	run 33	proteomic profiling by mass spectrometry	NT=data-dependent acquisition;AC=PRIDE:0000627	iTRAQ114	NT=LTQ Orbitrap Velos;AC=MS:1001742	not available	not available	not available	NT=beam-type collision-induced dissociation;AC=MS:1000422	temperature (6 °C, 10 °C), thermal origin (cold, warm)	not applicable	3832.1 ppm	13 ppm	orbitrap	Reaction8_Fraction1_Technical1.raw	v1.1.0	HAMLET-agentic v2.1.0	normal
PXD000368-Sample-130	Thymallus thymallus	embryos	normal	not available	not available	embryos	run 33	proteomic profiling by mass spectrometry	NT=data-dependent acquisition;AC=PRIDE:0000627	iTRAQ115	NT=LTQ Orbitrap Velos;AC=MS:1001742	not available	not available	not available	NT=beam-type collision-induced dissociation;AC=MS:1000422	temperature (6 °C, 10 °C), thermal origin (cold, warm)	not applicable	3832.1 ppm	13 ppm	orbitrap	Reaction8_Fraction1_Technical1.raw	v1.1.0	HAMLET-agentic v2.1.0	normal
PXD000368-Sample-131	Thymallus thymallus	embryos	normal	not available	not available	embryos	run 33	proteomic profiling by mass spectrometry	NT=data-dependent acquisition;AC=PRIDE:0000627	iTRAQ116	NT=LTQ Orbitrap Velos;AC=MS:1001742	not available	not available	not available	NT=beam-type collision-induced dissociation;AC=MS:1000422	temperature (6 °C, 10 °C), thermal origin (cold, warm)	not applicable	3832.1 ppm	13 ppm	orbitrap	Reaction8_Fraction1_Technical1.raw	v1.1.0	HAMLET-agentic v2.1.0	normal
PXD000368-Sample-132	Thymallus thymallus	embryos	normal	not available	not available	embryos	run 33	proteomic profiling by mass spectrometry	NT=data-dependent acquisition;AC=PRIDE:0000627	iTRAQ117	NT=LTQ Orbitrap Velos;AC=MS:1001742	not available	not available	not available	NT=beam-type collision-induced dissociation;AC=MS:1000422	temperature (6 °C, 10 °C), thermal origin (cold, warm)	not applicable	3832.1 ppm	13 ppm	orbitrap	Reaction8_Fraction1_Technical1.raw	v1.1.0	HAMLET-agentic v2.1.0	normal
PXD000368-Sample-133	Thymallus thymallus	embryos	normal	not available	not available	embryos	run 34	proteomic profiling by mass spectrometry	NT=data-dependent acquisition;AC=PRIDE:0000627	iTRAQ114	NT=LTQ Orbitrap Velos;AC=MS:1001742	not available	not available	not available	NT=beam-type collision-induced dissociation;AC=MS:1000422	temperature (6 °C, 10 °C), thermal origin (cold, warm)	not applicable	3832.1 ppm	13 ppm	orbitrap	Reaction5_Fraction2_Technical1.raw	v1.1.0	HAMLET-agentic v2.1.0	normal
PXD000368-Sample-134	Thymallus thymallus	embryos	normal	not available	not available	embryos	run 34	proteomic profiling by mass spectrometry	NT=data-dependent acquisition;AC=PRIDE:0000627	iTRAQ115	NT=LTQ Orbitrap Velos;AC=MS:1001742	not available	not available	not available	NT=beam-type collision-induced dissociation;AC=MS:1000422	temperature (6 °C, 10 °C), thermal origin (cold, warm)	not applicable	3832.1 ppm	13 ppm	orbitrap	Reaction5_Fraction2_Technical1.raw	v1.1.0	HAMLET-agentic v2.1.0	normal
PXD000368-Sample-135	Thymallus thymallus	embryos	normal	not available	not available	embryos	run 34	proteomic profiling by mass spectrometry	NT=data-dependent acquisition;AC=PRIDE:0000627	iTRAQ116	NT=LTQ Orbitrap Velos;AC=MS:1001742	not available	not available	not available	NT=beam-type collision-induced dissociation;AC=MS:1000422	temperature (6 °C, 10 °C), thermal origin (cold, warm)	not applicable	3832.1 ppm	13 ppm	orbitrap	Reaction5_Fraction2_Technical1.raw	v1.1.0	HAMLET-agentic v2.1.0	normal
PXD000368-Sample-136	Thymallus thymallus	embryos	normal	not available	not available	embryos	run 34	proteomic profiling by mass spectrometry	NT=data-dependent acquisition;AC=PRIDE:0000627	iTRAQ117	NT=LTQ Orbitrap Velos;AC=MS:1001742	not available	not available	not available	NT=beam-type collision-induced dissociation;AC=MS:1000422	temperature (6 °C, 10 °C), thermal origin (cold, warm)	not applicable	3832.1 ppm	13 ppm	orbitrap	Reaction5_Fraction2_Technical1.raw	v1.1.0	HAMLET-agentic v2.1.0	normal
PXD000368-Sample-137	Thymallus thymallus	embryos	normal	not available	not available	embryos	run 35	proteomic profiling by mass spectrometry	NT=data-dependent acquisition;AC=PRIDE:0000627	iTRAQ114	NT=LTQ Orbitrap Velos;AC=MS:1001742	not available	not available	not available	NT=beam-type collision-induced dissociation;AC=MS:1000422	temperature (6 °C, 10 °C), thermal origin (cold, warm)	not applicable	3832.1 ppm	13 ppm	orbitrap	Reaction2_Fraction1_Technical1.raw	v1.1.0	HAMLET-agentic v2.1.0	normal
PXD000368-Sample-138	Thymallus thymallus	embryos	normal	not available	not available	embryos	run 35	proteomic profiling by mass spectrometry	NT=data-dependent acquisition;AC=PRIDE:0000627	iTRAQ115	NT=LTQ Orbitrap Velos;AC=MS:1001742	not available	not available	not available	NT=beam-type collision-induced dissociation;AC=MS:1000422	temperature (6 °C, 10 °C), thermal origin (cold, warm)	not applicable	3832.1 ppm	13 ppm	orbitrap	Reaction2_Fraction1_Technical1.raw	v1.1.0	HAMLET-agentic v2.1.0	normal
PXD000368-Sample-139	Thymallus thymallus	embryos	normal	not available	not available	embryos	run 35	proteomic profiling by mass spectrometry	NT=data-dependent acquisition;AC=PRIDE:0000627	iTRAQ116	NT=LTQ Orbitrap Velos;AC=MS:1001742	not available	not available	not available	NT=beam-type collision-induced dissociation;AC=MS:1000422	temperature (6 °C, 10 °C), thermal origin (cold, warm)	not applicable	3832.1 ppm	13 ppm	orbitrap	Reaction2_Fraction1_Technical1.raw	v1.1.0	HAMLET-agentic v2.1.0	normal
PXD000368-Sample-140	Thymallus thymallus	embryos	normal	not available	not available	embryos	run 35	proteomic profiling by mass spectrometry	NT=data-dependent acquisition;AC=PRIDE:0000627	iTRAQ117	NT=LTQ Orbitrap Velos;AC=MS:1001742	not available	not available	not available	NT=beam-type collision-induced dissociation;AC=MS:1000422	temperature (6 °C, 10 °C), thermal origin (cold, warm)	not applicable	3832.1 ppm	13 ppm	orbitrap	Reaction2_Fraction1_Technical1.raw	v1.1.0	HAMLET-agentic v2.1.0	normal
PXD000368-Sample-141	Thymallus thymallus	embryos	normal	not available	not available	embryos	run 36	proteomic profiling by mass spectrometry	NT=data-dependent acquisition;AC=PRIDE:0000627	iTRAQ114	NT=LTQ Orbitrap Velos;AC=MS:1001742	not available	not available	not available	NT=beam-type collision-induced dissociation;AC=MS:1000422	temperature (6 °C, 10 °C), thermal origin (cold, warm)	not applicable	3832.1 ppm	13 ppm	orbitrap	Reaction3_Fraction1_Technical2.raw	v1.1.0	HAMLET-agentic v2.1.0	normal
PXD000368-Sample-142	Thymallus thymallus	embryos	normal	not available	not available	embryos	run 36	proteomic profiling by mass spectrometry	NT=data-dependent acquisition;AC=PRIDE:0000627	iTRAQ115	NT=LTQ Orbitrap Velos;AC=MS:1001742	not available	not available	not available	NT=beam-type collision-induced dissociation;AC=MS:1000422	temperature (6 °C, 10 °C), thermal origin (cold, warm)	not applicable	3832.1 ppm	13 ppm	orbitrap	Reaction3_Fraction1_Technical2.raw	v1.1.0	HAMLET-agentic v2.1.0	normal
PXD000368-Sample-143	Thymallus thymallus	embryos	normal	not available	not available	embryos	run 36	proteomic profiling by mass spectrometry	NT=data-dependent acquisition;AC=PRIDE:0000627	iTRAQ116	NT=LTQ Orbitrap Velos;AC=MS:1001742	not available	not available	not available	NT=beam-type collision-induced dissociation;AC=MS:1000422	temperature (6 °C, 10 °C), thermal origin (cold, warm)	not applicable	3832.1 ppm	13 ppm	orbitrap	Reaction3_Fraction1_Technical2.raw	v1.1.0	HAMLET-agentic v2.1.0	normal
PXD000368-Sample-144	Thymallus thymallus	embryos	normal	not available	not available	embryos	run 36	proteomic profiling by mass spectrometry	NT=data-dependent acquisition;AC=PRIDE:0000627	iTRAQ117	NT=LTQ Orbitrap Velos;AC=MS:1001742	not available	not available	not available	NT=beam-type collision-induced dissociation;AC=MS:1000422	temperature (6 °C, 10 °C), thermal origin (cold, warm)	not applicable	3832.1 ppm	13 ppm	orbitrap	Reaction3_Fraction1_Technical2.raw	v1.1.0	HAMLET-agentic v2.1.0	normal
PXD000368-Sample-145	Thymallus thymallus	embryos	normal	not available	not available	embryos	run 37	proteomic profiling by mass spectrometry	NT=data-dependent acquisition;AC=PRIDE:0000627	iTRAQ114	NT=LTQ Orbitrap Velos;AC=MS:1001742	not available	not available	not available	NT=beam-type collision-induced dissociation;AC=MS:1000422	temperature (6 °C, 10 °C), thermal origin (cold, warm)	not applicable	3832.1 ppm	13 ppm	orbitrap	Reaction2_Fraction4_Technical2.raw	v1.1.0	HAMLET-agentic v2.1.0	normal
PXD000368-Sample-146	Thymallus thymallus	embryos	normal	not available	not available	embryos	run 37	proteomic profiling by mass spectrometry	NT=data-dependent acquisition;AC=PRIDE:0000627	iTRAQ115	NT=LTQ Orbitrap Velos;AC=MS:1001742	not available	not available	not available	NT=beam-type collision-induced dissociation;AC=MS:1000422	temperature (6 °C, 10 °C), thermal origin (cold, warm)	not applicable	3832.1 ppm	13 ppm	orbitrap	Reaction2_Fraction4_Technical2.raw	v1.1.0	HAMLET-agentic v2.1.0	normal
PXD000368-Sample-147	Thymallus thymallus	embryos	normal	not available	not available	embryos	run 37	proteomic profiling by mass spectrometry	NT=data-dependent acquisition;AC=PRIDE:0000627	iTRAQ116	NT=LTQ Orbitrap Velos;AC=MS:1001742	not available	not available	not available	NT=beam-type collision-induced dissociation;AC=MS:1000422	temperature (6 °C, 10 °C), thermal origin (cold, warm)	not applicable	3832.1 ppm	13 ppm	orbitrap	Reaction2_Fraction4_Technical2.raw	v1.1.0	HAMLET-agentic v2.1.0	normal
PXD000368-Sample-148	Thymallus thymallus	embryos	normal	not available	not available	embryos	run 37	proteomic profiling by mass spectrometry	NT=data-dependent acquisition;AC=PRIDE:0000627	iTRAQ117	NT=LTQ Orbitrap Velos;AC=MS:1001742	not available	not available	not available	NT=beam-type collision-induced dissociation;AC=MS:1000422	temperature (6 °C, 10 °C), thermal origin (cold, warm)	not applicable	3832.1 ppm	13 ppm	orbitrap	Reaction2_Fraction4_Technical2.raw	v1.1.0	HAMLET-agentic v2.1.0	normal
PXD000368-Sample-149	Thymallus thymallus	embryos	normal	not available	not available	embryos	run 38	proteomic profiling by mass spectrometry	NT=data-dependent acquisition;AC=PRIDE:0000627	iTRAQ114	NT=LTQ Orbitrap Velos;AC=MS:1001742	not available	not available	not available	NT=beam-type collision-induced dissociation;AC=MS:1000422	temperature (6 °C, 10 °C), thermal origin (cold, warm)	not applicable	3832.1 ppm	13 ppm	orbitrap	Reaction4_Fraction2_Technical1.raw	v1.1.0	HAMLET-agentic v2.1.0	normal
PXD000368-Sample-150	Thymallus thymallus	embryos	normal	not available	not available	embryos	run 38	proteomic profiling by mass spectrometry	NT=data-dependent acquisition;AC=PRIDE:0000627	iTRAQ115	NT=LTQ Orbitrap Velos;AC=MS:1001742	not available	not available	not available	NT=beam-type collision-induced dissociation;AC=MS:1000422	temperature (6 °C, 10 °C), thermal origin (cold, warm)	not applicable	3832.1 ppm	13 ppm	orbitrap	Reaction4_Fraction2_Technical1.raw	v1.1.0	HAMLET-agentic v2.1.0	normal
PXD000368-Sample-151	Thymallus thymallus	embryos	normal	not available	not available	embryos	run 38	proteomic profiling by mass spectrometry	NT=data-dependent acquisition;AC=PRIDE:0000627	iTRAQ116	NT=LTQ Orbitrap Velos;AC=MS:1001742	not available	not available	not available	NT=beam-type collision-induced dissociation;AC=MS:1000422	temperature (6 °C, 10 °C), thermal origin (cold, warm)	not applicable	3832.1 ppm	13 ppm	orbitrap	Reaction4_Fraction2_Technical1.raw	v1.1.0	HAMLET-agentic v2.1.0	normal
PXD000368-Sample-152	Thymallus thymallus	embryos	normal	not available	not available	embryos	run 38	proteomic profiling by mass spectrometry	NT=data-dependent acquisition;AC=PRIDE:0000627	iTRAQ117	NT=LTQ Orbitrap Velos;AC=MS:1001742	not available	not available	not available	NT=beam-type collision-induced dissociation;AC=MS:1000422	temperature (6 °C, 10 °C), thermal origin (cold, warm)	not applicable	3832.1 ppm	13 ppm	orbitrap	Reaction4_Fraction2_Technical1.raw	v1.1.0	HAMLET-agentic v2.1.0	normal
PXD000368-Sample-153	Thymallus thymallus	embryos	normal	not available	not available	embryos	run 39	proteomic profiling by mass spectrometry	NT=data-dependent acquisition;AC=PRIDE:0000627	iTRAQ114	NT=LTQ Orbitrap Velos;AC=MS:1001742	not available	not available	not available	NT=beam-type collision-induced dissociation;AC=MS:1000422	temperature (6 °C, 10 °C), thermal origin (cold, warm)	not applicable	3832.1 ppm	13 ppm	orbitrap	Reaction7_Fraction3_Technical1.raw	v1.1.0	HAMLET-agentic v2.1.0	normal
PXD000368-Sample-154	Thymallus thymallus	embryos	normal	not available	not available	embryos	run 39	proteomic profiling by mass spectrometry	NT=data-dependent acquisition;AC=PRIDE:0000627	iTRAQ115	NT=LTQ Orbitrap Velos;AC=MS:1001742	not available	not available	not available	NT=beam-type collision-induced dissociation;AC=MS:1000422	temperature (6 °C, 10 °C), thermal origin (cold, warm)	not applicable	3832.1 ppm	13 ppm	orbitrap	Reaction7_Fraction3_Technical1.raw	v1.1.0	HAMLET-agentic v2.1.0	normal
PXD000368-Sample-155	Thymallus thymallus	embryos	normal	not available	not available	embryos	run 39	proteomic profiling by mass spectrometry	NT=data-dependent acquisition;AC=PRIDE:0000627	iTRAQ116	NT=LTQ Orbitrap Velos;AC=MS:1001742	not available	not available	not available	NT=beam-type collision-induced dissociation;AC=MS:1000422	temperature (6 °C, 10 °C), thermal origin (cold, warm)	not applicable	3832.1 ppm	13 ppm	orbitrap	Reaction7_Fraction3_Technical1.raw	v1.1.0	HAMLET-agentic v2.1.0	normal
PXD000368-Sample-156	Thymallus thymallus	embryos	normal	not available	not available	embryos	run 39	proteomic profiling by mass spectrometry	NT=data-dependent acquisition;AC=PRIDE:0000627	iTRAQ117	NT=LTQ Orbitrap Velos;AC=MS:1001742	not available	not available	not available	NT=beam-type collision-induced dissociation;AC=MS:1000422	temperature (6 °C, 10 °C), thermal origin (cold, warm)	not applicable	3832.1 ppm	13 ppm	orbitrap	Reaction7_Fraction3_Technical1.raw	v1.1.0	HAMLET-agentic v2.1.0	normal
PXD000368-Sample-157	Thymallus thymallus	embryos	normal	not available	not available	embryos	run 40	proteomic profiling by mass spectrometry	NT=data-dependent acquisition;AC=PRIDE:0000627	iTRAQ114	NT=LTQ Orbitrap Velos;AC=MS:1001742	not available	not available	not available	NT=beam-type collision-induced dissociation;AC=MS:1000422	temperature (6 °C, 10 °C), thermal origin (cold, warm)	not applicable	3832.1 ppm	13 ppm	orbitrap	Reaction2_Fraction3_Technical2.raw	v1.1.0	HAMLET-agentic v2.1.0	normal
PXD000368-Sample-158	Thymallus thymallus	embryos	normal	not available	not available	embryos	run 40	proteomic profiling by mass spectrometry	NT=data-dependent acquisition;AC=PRIDE:0000627	iTRAQ115	NT=LTQ Orbitrap Velos;AC=MS:1001742	not available	not available	not available	NT=beam-type collision-induced dissociation;AC=MS:1000422	temperature (6 °C, 10 °C), thermal origin (cold, warm)	not applicable	3832.1 ppm	13 ppm	orbitrap	Reaction2_Fraction3_Technical2.raw	v1.1.0	HAMLET-agentic v2.1.0	normal
PXD000368-Sample-159	Thymallus thymallus	embryos	normal	not available	not available	embryos	run 40	proteomic profiling by mass spectrometry	NT=data-dependent acquisition;AC=PRIDE:0000627	iTRAQ116	NT=LTQ Orbitrap Velos;AC=MS:1001742	not available	not available	not available	NT=beam-type collision-induced dissociation;AC=MS:1000422	temperature (6 °C, 10 °C), thermal origin (cold, warm)	not applicable	3832.1 ppm	13 ppm	orbitrap	Reaction2_Fraction3_Technical2.raw	v1.1.0	HAMLET-agentic v2.1.0	normal
PXD000368-Sample-160	Thymallus thymallus	embryos	normal	not available	not available	embryos	run 40	proteomic profiling by mass spectrometry	NT=data-dependent acquisition;AC=PRIDE:0000627	iTRAQ117	NT=LTQ Orbitrap Velos;AC=MS:1001742	not available	not available	not available	NT=beam-type collision-induced dissociation;AC=MS:1000422	temperature (6 °C, 10 °C), thermal origin (cold, warm)	not applicable	3832.1 ppm	13 ppm	orbitrap	Reaction2_Fraction3_Technical2.raw	v1.1.0	HAMLET-agentic v2.1.0	normal
PXD000368-Sample-161	Thymallus thymallus	embryos	normal	not available	not available	embryos	run 41	proteomic profiling by mass spectrometry	NT=data-dependent acquisition;AC=PRIDE:0000627	iTRAQ114	NT=LTQ Orbitrap Velos;AC=MS:1001742	not available	not available	not available	NT=beam-type collision-induced dissociation;AC=MS:1000422	temperature (6 °C, 10 °C), thermal origin (cold, warm)	not applicable	3832.1 ppm	13 ppm	orbitrap	Reaction6_Fraction2_Technical1.raw	v1.1.0	HAMLET-agentic v2.1.0	normal
PXD000368-Sample-162	Thymallus thymallus	embryos	normal	not available	not available	embryos	run 41	proteomic profiling by mass spectrometry	NT=data-dependent acquisition;AC=PRIDE:0000627	iTRAQ115	NT=LTQ Orbitrap Velos;AC=MS:1001742	not available	not available	not available	NT=beam-type collision-induced dissociation;AC=MS:1000422	temperature (6 °C, 10 °C), thermal origin (cold, warm)	not applicable	3832.1 ppm	13 ppm	orbitrap	Reaction6_Fraction2_Technical1.raw	v1.1.0	HAMLET-agentic v2.1.0	normal
PXD000368-Sample-163	Thymallus thymallus	embryos	normal	not available	not available	embryos	run 41	proteomic profiling by mass spectrometry	NT=data-dependent acquisition;AC=PRIDE:0000627	iTRAQ116	NT=LTQ Orbitrap Velos;AC=MS:1001742	not available	not available	not available	NT=beam-type collision-induced dissociation;AC=MS:1000422	temperature (6 °C, 10 °C), thermal origin (cold, warm)	not applicable	3832.1 ppm	13 ppm	orbitrap	Reaction6_Fraction2_Technical1.raw	v1.1.0	HAMLET-agentic v2.1.0	normal
PXD000368-Sample-164	Thymallus thymallus	embryos	normal	not available	not available	embryos	run 41	proteomic profiling by mass spectrometry	NT=data-dependent acquisition;AC=PRIDE:0000627	iTRAQ117	NT=LTQ Orbitrap Velos;AC=MS:1001742	not available	not available	not available	NT=beam-type collision-induced dissociation;AC=MS:1000422	temperature (6 °C, 10 °C), thermal origin (cold, warm)	not applicable	3832.1 ppm	13 ppm	orbitrap	Reaction6_Fraction2_Technical1.raw	v1.1.0	HAMLET-agentic v2.1.0	normal
PXD000368-Sample-165	Thymallus thymallus	embryos	normal	not available	not available	embryos	run 42	proteomic profiling by mass spectrometry	NT=data-dependent acquisition;AC=PRIDE:0000627	iTRAQ114	NT=LTQ Orbitrap Velos;AC=MS:1001742	not available	not available	not available	NT=beam-type collision-induced dissociation;AC=MS:1000422	temperature (6 °C, 10 °C), thermal origin (cold, warm)	not applicable	3832.1 ppm	13 ppm	orbitrap	Reaction6_Fraction3_Technical1.raw	v1.1.0	HAMLET-agentic v2.1.0	normal
PXD000368-Sample-166	Thymallus thymallus	embryos	normal	not available	not available	embryos	run 42	proteomic profiling by mass spectrometry	NT=data-dependent acquisition;AC=PRIDE:0000627	iTRAQ115	NT=LTQ Orbitrap Velos;AC=MS:1001742	not available	not available	not available	NT=beam-type collision-induced dissociation;AC=MS:1000422	temperature (6 °C, 10 °C), thermal origin (cold, warm)	not applicable	3832.1 ppm	13 ppm	orbitrap	Reaction6_Fraction3_Technical1.raw	v1.1.0	HAMLET-agentic v2.1.0	normal
PXD000368-Sample-167	Thymallus thymallus	embryos	normal	not available	not available	embryos	run 42	proteomic profiling by mass spectrometry	NT=data-dependent acquisition;AC=PRIDE:0000627	iTRAQ116	NT=LTQ Orbitrap Velos;AC=MS:1001742	not available	not available	not available	NT=beam-type collision-induced dissociation;AC=MS:1000422	temperature (6 °C, 10 °C), thermal origin (cold, warm)	not applicable	3832.1 ppm	13 ppm	orbitrap	Reaction6_Fraction3_Technical1.raw	v1.1.0	HAMLET-agentic v2.1.0	normal
PXD000368-Sample-168	Thymallus thymallus	embryos	normal	not available	not available	embryos	run 42	proteomic profiling by mass spectrometry	NT=data-dependent acquisition;AC=PRIDE:0000627	iTRAQ117	NT=LTQ Orbitrap Velos;AC=MS:1001742	not available	not available	not available	NT=beam-type collision-induced dissociation;AC=MS:1000422	temperature (6 °C, 10 °C), thermal origin (cold, warm)	not applicable	3832.1 ppm	13 ppm	orbitrap	Reaction6_Fraction3_Technical1.raw	v1.1.0	HAMLET-agentic v2.1.0	normal
PXD000368-Sample-169	Thymallus thymallus	embryos	normal	not available	not available	embryos	run 43	proteomic profiling by mass spectrometry	NT=data-dependent acquisition;AC=PRIDE:0000627	iTRAQ114	NT=LTQ Orbitrap Velos;AC=MS:1001742	not available	not available	not available	NT=beam-type collision-induced dissociation;AC=MS:1000422	temperature (6 °C, 10 °C), thermal origin (cold, warm)	not applicable	3832.1 ppm	13 ppm	orbitrap	Reaction4_Fraction3_Technical1.raw	v1.1.0	HAMLET-agentic v2.1.0	normal
PXD000368-Sample-170	Thymallus thymallus	embryos	normal	not available	not available	embryos	run 43	proteomic profiling by mass spectrometry	NT=data-dependent acquisition;AC=PRIDE:0000627	iTRAQ115	NT=LTQ Orbitrap Velos;AC=MS:1001742	not available	not available	not available	NT=beam-type collision-induced dissociation;AC=MS:1000422	temperature (6 °C, 10 °C), thermal origin (cold, warm)	not applicable	3832.1 ppm	13 ppm	orbitrap	Reaction4_Fraction3_Technical1.raw	v1.1.0	HAMLET-agentic v2.1.0	normal
PXD000368-Sample-171	Thymallus thymallus	embryos	normal	not available	not available	embryos	run 43	proteomic profiling by mass spectrometry	NT=data-dependent acquisition;AC=PRIDE:0000627	iTRAQ116	NT=LTQ Orbitrap Velos;AC=MS:1001742	not available	not available	not available	NT=beam-type collision-induced dissociation;AC=MS:1000422	temperature (6 °C, 10 °C), thermal origin (cold, warm)	not applicable	3832.1 ppm	13 ppm	orbitrap	Reaction4_Fraction3_Technical1.raw	v1.1.0	HAMLET-agentic v2.1.0	normal
PXD000368-Sample-172	Thymallus thymallus	embryos	normal	not available	not available	embryos	run 43	proteomic profiling by mass spectrometry	NT=data-dependent acquisition;AC=PRIDE:0000627	iTRAQ117	NT=LTQ Orbitrap Velos;AC=MS:1001742	not available	not available	not available	NT=beam-type collision-induced dissociation;AC=MS:1000422	temperature (6 °C, 10 °C), thermal origin (cold, warm)	not applicable	3832.1 ppm	13 ppm	orbitrap	Reaction4_Fraction3_Technical1.raw	v1.1.0	HAMLET-agentic v2.1.0	normal
PXD000368-Sample-173	Thymallus thymallus	embryos	normal	not available	not available	embryos	run 44	proteomic profiling by mass spectrometry	NT=data-dependent acquisition;AC=PRIDE:0000627	iTRAQ114	NT=LTQ Orbitrap Velos;AC=MS:1001742	not available	not available	not available	NT=beam-type collision-induced dissociation;AC=MS:1000422	temperature (6 °C, 10 °C), thermal origin (cold, warm)	not applicable	3832.1 ppm	13 ppm	orbitrap	Reaction4_Fraction2_Technical2.raw	v1.1.0	HAMLET-agentic v2.1.0	normal
PXD000368-Sample-174	Thymallus thymallus	embryos	normal	not available	not available	embryos	run 44	proteomic profiling by mass spectrometry	NT=data-dependent acquisition;AC=PRIDE:0000627	iTRAQ115	NT=LTQ Orbitrap Velos;AC=MS:1001742	not available	not available	not available	NT=beam-type collision-induced dissociation;AC=MS:1000422	temperature (6 °C, 10 °C), thermal origin (cold, warm)	not applicable	3832.1 ppm	13 ppm	orbitrap	Reaction4_Fraction2_Technical2.raw	v1.1.0	HAMLET-agentic v2.1.0	normal
PXD000368-Sample-175	Thymallus thymallus	embryos	normal	not available	not available	embryos	run 44	proteomic profiling by mass spectrometry	NT=data-dependent acquisition;AC=PRIDE:0000627	iTRAQ116	NT=LTQ Orbitrap Velos;AC=MS:1001742	not available	not available	not available	NT=beam-type collision-induced dissociation;AC=MS:1000422	temperature (6 °C, 10 °C), thermal origin (cold, warm)	not applicable	3832.1 ppm	13 ppm	orbitrap	Reaction4_Fraction2_Technical2.raw	v1.1.0	HAMLET-agentic v2.1.0	normal
PXD000368-Sample-176	Thymallus thymallus	embryos	normal	not available	not available	embryos	run 44	proteomic profiling by mass spectrometry	NT=data-dependent acquisition;AC=PRIDE:0000627	iTRAQ117	NT=LTQ Orbitrap Velos;AC=MS:1001742	not available	not available	not available	NT=beam-type collision-induced dissociation;AC=MS:1000422	temperature (6 °C, 10 °C), thermal origin (cold, warm)	not applicable	3832.1 ppm	13 ppm	orbitrap	Reaction4_Fraction2_Technical2.raw	v1.1.0	HAMLET-agentic v2.1.0	normal
PXD000368-Sample-177	Thymallus thymallus	embryos	normal	not available	not available	embryos	run 45	proteomic profiling by mass spectrometry	NT=data-dependent acquisition;AC=PRIDE:0000627	iTRAQ114	NT=LTQ Orbitrap Velos;AC=MS:1001742	not available	not available	not available	NT=beam-type collision-induced dissociation;AC=MS:1000422	temperature (6 °C, 10 °C), thermal origin (cold, warm)	not applicable	3832.1 ppm	13 ppm	orbitrap	Reaction7_Fraction1_Technical1.raw	v1.1.0	HAMLET-agentic v2.1.0	normal
PXD000368-Sample-178	Thymallus thymallus	embryos	normal	not available	not available	embryos	run 45	proteomic profiling by mass spectrometry	NT=data-dependent acquisition;AC=PRIDE:0000627	iTRAQ115	NT=LTQ Orbitrap Velos;AC=MS:1001742	not available	not available	not available	NT=beam-type collision-induced dissociation;AC=MS:1000422	temperature (6 °C, 10 °C), thermal origin (cold, warm)	not applicable	3832.1 ppm	13 ppm	orbitrap	Reaction7_Fraction1_Technical1.raw	v1.1.0	HAMLET-agentic v2.1.0	normal
PXD000368-Sample-179	Thymallus thymallus	embryos	normal	not available	not available	embryos	run 45	proteomic profiling by mass spectrometry	NT=data-dependent acquisition;AC=PRIDE:0000627	iTRAQ116	NT=LTQ Orbitrap Velos;AC=MS:1001742	not available	not available	not available	NT=beam-type collision-induced dissociation;AC=MS:1000422	temperature (6 °C, 10 °C), thermal origin (cold, warm)	not applicable	3832.1 ppm	13 ppm	orbitrap	Reaction7_Fraction1_Technical1.raw	v1.1.0	HAMLET-agentic v2.1.0	normal
PXD000368-Sample-180	Thymallus thymallus	embryos	normal	not available	not available	embryos	run 45	proteomic profiling by mass spectrometry	NT=data-dependent acquisition;AC=PRIDE:0000627	iTRAQ117	NT=LTQ Orbitrap Velos;AC=MS:1001742	not available	not available	not available	NT=beam-type collision-induced dissociation;AC=MS:1000422	temperature (6 °C, 10 °C), thermal origin (cold, warm)	not applicable	3832.1 ppm	13 ppm	orbitrap	Reaction7_Fraction1_Technical1.raw	v1.1.0	HAMLET-agentic v2.1.0	normal
PXD000368-Sample-181	Thymallus thymallus	embryos	normal	not available	not available	embryos	run 46	proteomic profiling by mass spectrometry	NT=data-dependent acquisition;AC=PRIDE:0000627	iTRAQ114	NT=LTQ Orbitrap Velos;AC=MS:1001742	not available	not available	not available	NT=beam-type collision-induced dissociation;AC=MS:1000422	temperature (6 °C, 10 °C), thermal origin (cold, warm)	not applicable	3832.1 ppm	13 ppm	orbitrap	Reaction5_Fraction1_Technical2.raw	v1.1.0	HAMLET-agentic v2.1.0	normal
PXD000368-Sample-182	Thymallus thymallus	embryos	normal	not available	not available	embryos	run 46	proteomic profiling by mass spectrometry	NT=data-dependent acquisition;AC=PRIDE:0000627	iTRAQ115	NT=LTQ Orbitrap Velos;AC=MS:1001742	not available	not available	not available	NT=beam-type collision-induced dissociation;AC=MS:1000422	temperature (6 °C, 10 °C), thermal origin (cold, warm)	not applicable	3832.1 ppm	13 ppm	orbitrap	Reaction5_Fraction1_Technical2.raw	v1.1.0	HAMLET-agentic v2.1.0	normal
PXD000368-Sample-183	Thymallus thymallus	embryos	normal	not available	not available	embryos	run 46	proteomic profiling by mass spectrometry	NT=data-dependent acquisition;AC=PRIDE:0000627	iTRAQ116	NT=LTQ Orbitrap Velos;AC=MS:1001742	not available	not available	not available	NT=beam-type collision-induced dissociation;AC=MS:1000422	temperature (6 °C, 10 °C), thermal origin (cold, warm)	not applicable	3832.1 ppm	13 ppm	orbitrap	Reaction5_Fraction1_Technical2.raw	v1.1.0	HAMLET-agentic v2.1.0	normal
PXD000368-Sample-184	Thymallus thymallus	embryos	normal	not available	not available	embryos	run 46	proteomic profiling by mass spectrometry	NT=data-dependent acquisition;AC=PRIDE:0000627	iTRAQ117	NT=LTQ Orbitrap Velos;AC=MS:1001742	not available	not available	not available	NT=beam-type collision-induced dissociation;AC=MS:1000422	temperature (6 °C, 10 °C), thermal origin (cold, warm)	not applicable	3832.1 ppm	13 ppm	orbitrap	Reaction5_Fraction1_Technical2.raw	v1.1.0	HAMLET-agentic v2.1.0	normal
PXD000368-Sample-185	Thymallus thymallus	embryos	normal	not available	not available	embryos	run 47	proteomic profiling by mass spectrometry	NT=data-dependent acquisition;AC=PRIDE:0000627	iTRAQ114	NT=LTQ Orbitrap Velos;AC=MS:1001742	not available	not available	not available	NT=beam-type collision-induced dissociation;AC=MS:1000422	temperature (6 °C, 10 °C), thermal origin (cold, warm)	not applicable	3832.1 ppm	13 ppm	orbitrap	Reaction6_Fraction3_Technical2.raw	v1.1.0	HAMLET-agentic v2.1.0	normal
PXD000368-Sample-186	Thymallus thymallus	embryos	normal	not available	not available	embryos	run 47	proteomic profiling by mass spectrometry	NT=data-dependent acquisition;AC=PRIDE:0000627	iTRAQ115	NT=LTQ Orbitrap Velos;AC=MS:1001742	not available	not available	not available	NT=beam-type collision-induced dissociation;AC=MS:1000422	temperature (6 °C, 10 °C), thermal origin (cold, warm)	not applicable	3832.1 ppm	13 ppm	orbitrap	Reaction6_Fraction3_Technical2.raw	v1.1.0	HAMLET-agentic v2.1.0	normal
PXD000368-Sample-187	Thymallus thymallus	embryos	normal	not available	not available	embryos	run 47	proteomic profiling by mass spectrometry	NT=data-dependent acquisition;AC=PRIDE:0000627	iTRAQ116	NT=LTQ Orbitrap Velos;AC=MS:1001742	not available	not available	not available	NT=beam-type collision-induced dissociation;AC=MS:1000422	temperature (6 °C, 10 °C), thermal origin (cold, warm)	not applicable	3832.1 ppm	13 ppm	orbitrap	Reaction6_Fraction3_Technical2.raw	v1.1.0	HAMLET-agentic v2.1.0	normal
PXD000368-Sample-188	Thymallus thymallus	embryos	normal	not available	not available	embryos	run 47	proteomic profiling by mass spectrometry	NT=data-dependent acquisition;AC=PRIDE:0000627	iTRAQ117	NT=LTQ Orbitrap Velos;AC=MS:1001742	not available	not available	not available	NT=beam-type collision-induced dissociation;AC=MS:1000422	temperature (6 °C, 10 °C), thermal origin (cold, warm)	not applicable	3832.1 ppm	13 ppm	orbitrap	Reaction6_Fraction3_Technical2.raw	v1.1.0	HAMLET-agentic v2.1.0	normal
PXD000368-Sample-189	Thymallus thymallus	embryos	normal	not available	not available	embryos	run 48	proteomic profiling by mass spectrometry	NT=data-dependent acquisition;AC=PRIDE:0000627	iTRAQ114	NT=LTQ Orbitrap Velos;AC=MS:1001742	not available	not available	not available	NT=beam-type collision-induced dissociation;AC=MS:1000422	temperature (6 °C, 10 °C), thermal origin (cold, warm)	not applicable	3832.1 ppm	13 ppm	orbitrap	Reaction8_Fraction2_Technical1.raw	v1.1.0	HAMLET-agentic v2.1.0	normal
PXD000368-Sample-190	Thymallus thymallus	embryos	normal	not available	not available	embryos	run 48	proteomic profiling by mass spectrometry	NT=data-dependent acquisition;AC=PRIDE:0000627	iTRAQ115	NT=LTQ Orbitrap Velos;AC=MS:1001742	not available	not available	not available	NT=beam-type collision-induced dissociation;AC=MS:1000422	temperature (6 °C, 10 °C), thermal origin (cold, warm)	not applicable	3832.1 ppm	13 ppm	orbitrap	Reaction8_Fraction2_Technical1.raw	v1.1.0	HAMLET-agentic v2.1.0	normal
PXD000368-Sample-191	Thymallus thymallus	embryos	normal	not available	not available	embryos	run 48	proteomic profiling by mass spectrometry	NT=data-dependent acquisition;AC=PRIDE:0000627	iTRAQ116	NT=LTQ Orbitrap Velos;AC=MS:1001742	not available	not available	not available	NT=beam-type collision-induced dissociation;AC=MS:1000422	temperature (6 °C, 10 °C), thermal origin (cold, warm)	not applicable	3832.1 ppm	13 ppm	orbitrap	Reaction8_Fraction2_Technical1.raw	v1.1.0	HAMLET-agentic v2.1.0	normal
PXD000368-Sample-192	Thymallus thymallus	embryos	normal	not available	not available	embryos	run 48	proteomic profiling by mass spectrometry	NT=data-dependent acquisition;AC=PRIDE:0000627	iTRAQ117	NT=LTQ Orbitrap Velos;AC=MS:1001742	not available	not available	not available	NT=beam-type collision-induced dissociation;AC=MS:1000422	temperature (6 °C, 10 °C), thermal origin (cold, warm)	not applicable	3832.1 ppm	13 ppm	orbitrap	Reaction8_Fraction2_Technical1.raw	v1.1.0	HAMLET-agentic v2.1.0	normal
PXD000368-Sample-193	Thymallus thymallus	embryos	normal	not available	not available	embryos	run 49	proteomic profiling by mass spectrometry	NT=data-dependent acquisition;AC=PRIDE:0000627	iTRAQ114	NT=LTQ Orbitrap Velos;AC=MS:1001742	not available	not available	not available	NT=beam-type collision-induced dissociation;AC=MS:1000422	temperature (6 °C, 10 °C), thermal origin (cold, warm)	not applicable	3832.1 ppm	13 ppm	orbitrap	Reaction5_Fraction1_Technical1.raw	v1.1.0	HAMLET-agentic v2.1.0	normal
PXD000368-Sample-194	Thymallus thymallus	embryos	normal	not available	not available	embryos	run 49	proteomic profiling by mass spectrometry	NT=data-dependent acquisition;AC=PRIDE:0000627	iTRAQ115	NT=LTQ Orbitrap Velos;AC=MS:1001742	not available	not available	not available	NT=beam-type collision-induced dissociation;AC=MS:1000422	temperature (6 °C, 10 °C), thermal origin (cold, warm)	not applicable	3832.1 ppm	13 ppm	orbitrap	Reaction5_Fraction1_Technical1.raw	v1.1.0	HAMLET-agentic v2.1.0	normal
PXD000368-Sample-195	Thymallus thymallus	embryos	normal	not available	not available	embryos	run 49	proteomic profiling by mass spectrometry	NT=data-dependent acquisition;AC=PRIDE:0000627	iTRAQ116	NT=LTQ Orbitrap Velos;AC=MS:1001742	not available	not available	not available	NT=beam-type collision-induced dissociation;AC=MS:1000422	temperature (6 °C, 10 °C), thermal origin (cold, warm)	not applicable	3832.1 ppm	13 ppm	orbitrap	Reaction5_Fraction1_Technical1.raw	v1.1.0	HAMLET-agentic v2.1.0	normal
PXD000368-Sample-196	Thymallus thymallus	embryos	normal	not available	not available	embryos	run 49	proteomic profiling by mass spectrometry	NT=data-dependent acquisition;AC=PRIDE:0000627	iTRAQ117	NT=LTQ Orbitrap Velos;AC=MS:1001742	not available	not available	not available	NT=beam-type collision-induced dissociation;AC=MS:1000422	temperature (6 °C, 10 °C), thermal origin (cold, warm)	not applicable	3832.1 ppm	13 ppm	orbitrap	Reaction5_Fraction1_Technical1.raw	v1.1.0	HAMLET-agentic v2.1.0	normal
PXD000368-Sample-197	Thymallus thymallus	embryos	normal	not available	not available	embryos	run 50	proteomic profiling by mass spectrometry	NT=data-dependent acquisition;AC=PRIDE:0000627	iTRAQ114	NT=LTQ Orbitrap Velos;AC=MS:1001742	not available	not available	not available	NT=beam-type collision-induced dissociation;AC=MS:1000422	temperature (6 °C, 10 °C), thermal origin (cold, warm)	not applicable	3832.1 ppm	13 ppm	orbitrap	Reaction5_Fraction3_Technical2.raw	v1.1.0	HAMLET-agentic v2.1.0	normal
PXD000368-Sample-198	Thymallus thymallus	embryos	normal	not available	not available	embryos	run 50	proteomic profiling by mass spectrometry	NT=data-dependent acquisition;AC=PRIDE:0000627	iTRAQ115	NT=LTQ Orbitrap Velos;AC=MS:1001742	not available	not available	not available	NT=beam-type collision-induced dissociation;AC=MS:1000422	temperature (6 °C, 10 °C), thermal origin (cold, warm)	not applicable	3832.1 ppm	13 ppm	orbitrap	Reaction5_Fraction3_Technical2.raw	v1.1.0	HAMLET-agentic v2.1.0	normal
PXD000368-Sample-199	Thymallus thymallus	embryos	normal	not available	not available	embryos	run 50	proteomic profiling by mass spectrometry	NT=data-dependent acquisition;AC=PRIDE:0000627	iTRAQ116	NT=LTQ Orbitrap Velos;AC=MS:1001742	not available	not available	not available	NT=beam-type collision-induced dissociation;AC=MS:1000422	temperature (6 °C, 10 °C), thermal origin (cold, warm)	not applicable	3832.1 ppm	13 ppm	orbitrap	Reaction5_Fraction3_Technical2.raw	v1.1.0	HAMLET-agentic v2.1.0	normal
PXD000368-Sample-200	Thymallus thymallus	embryos	normal	not available	not available	embryos	run 50	proteomic profiling by mass spectrometry	NT=data-dependent acquisition;AC=PRIDE:0000627	iTRAQ117	NT=LTQ Orbitrap Velos;AC=MS:1001742	not available	not available	not available	NT=beam-type collision-induced dissociation;AC=MS:1000422	temperature (6 °C, 10 °C), thermal origin (cold, warm)	not applicable	3832.1 ppm	13 ppm	orbitrap	Reaction5_Fraction3_Technical2.raw	v1.1.0	HAMLET-agentic v2.1.0	normal
PXD000368-Sample-201	Thymallus thymallus	embryos	normal	not available	not available	embryos	run 51	proteomic profiling by mass spectrometry	NT=data-dependent acquisition;AC=PRIDE:0000627	iTRAQ114	NT=LTQ Orbitrap Velos;AC=MS:1001742	not available	not available	not available	NT=beam-type collision-induced dissociation;AC=MS:1000422	temperature (6 °C, 10 °C), thermal origin (cold, warm)	not applicable	3832.1 ppm	13 ppm	orbitrap	Reaction2_Fraction3_Technical1.raw	v1.1.0	HAMLET-agentic v2.1.0	normal
PXD000368-Sample-202	Thymallus thymallus	embryos	normal	not available	not available	embryos	run 51	proteomic profiling by mass spectrometry	NT=data-dependent acquisition;AC=PRIDE:0000627	iTRAQ115	NT=LTQ Orbitrap Velos;AC=MS:1001742	not available	not available	not available	NT=beam-type collision-induced dissociation;AC=MS:1000422	temperature (6 °C, 10 °C), thermal origin (cold, warm)	not applicable	3832.1 ppm	13 ppm	orbitrap	Reaction2_Fraction3_Technical1.raw	v1.1.0	HAMLET-agentic v2.1.0	normal
PXD000368-Sample-203	Thymallus thymallus	embryos	normal	not available	not available	embryos	run 51	proteomic profiling by mass spectrometry	NT=data-dependent acquisition;AC=PRIDE:0000627	iTRAQ116	NT=LTQ Orbitrap Velos;AC=MS:1001742	not available	not available	not available	NT=beam-type collision-induced dissociation;AC=MS:1000422	temperature (6 °C, 10 °C), thermal origin (cold, warm)	not applicable	3832.1 ppm	13 ppm	orbitrap	Reaction2_Fraction3_Technical1.raw	v1.1.0	HAMLET-agentic v2.1.0	normal
PXD000368-Sample-204	Thymallus thymallus	embryos	normal	not available	not available	embryos	run 51	proteomic profiling by mass spectrometry	NT=data-dependent acquisition;AC=PRIDE:0000627	iTRAQ117	NT=LTQ Orbitrap Velos;AC=MS:1001742	not available	not available	not available	NT=beam-type collision-induced dissociation;AC=MS:1000422	temperature (6 °C, 10 °C), thermal origin (cold, warm)	not applicable	3832.1 ppm	13 ppm	orbitrap	Reaction2_Fraction3_Technical1.raw	v1.1.0	HAMLET-agentic v2.1.0	normal
PXD000368-Sample-205	Thymallus thymallus	embryos	normal	not available	not available	embryos	run 52	proteomic profiling by mass spectrometry	NT=data-dependent acquisition;AC=PRIDE:0000627	iTRAQ114	NT=LTQ Orbitrap Velos;AC=MS:1001742	not available	not available	not available	NT=beam-type collision-induced dissociation;AC=MS:1000422	temperature (6 °C, 10 °C), thermal origin (cold, warm)	not applicable	3832.1 ppm	13 ppm	orbitrap	Reaction3_Fraction4_Technical1.raw	v1.1.0	HAMLET-agentic v2.1.0	normal
PXD000368-Sample-206	Thymallus thymallus	embryos	normal	not available	not available	embryos	run 52	proteomic profiling by mass spectrometry	NT=data-dependent acquisition;AC=PRIDE:0000627	iTRAQ115	NT=LTQ Orbitrap Velos;AC=MS:1001742	not available	not available	not available	NT=beam-type collision-induced dissociation;AC=MS:1000422	temperature (6 °C, 10 °C), thermal origin (cold, warm)	not applicable	3832.1 ppm	13 ppm	orbitrap	Reaction3_Fraction4_Technical1.raw	v1.1.0	HAMLET-agentic v2.1.0	normal
PXD000368-Sample-207	Thymallus thymallus	embryos	normal	not available	not available	embryos	run 52	proteomic profiling by mass spectrometry	NT=data-dependent acquisition;AC=PRIDE:0000627	iTRAQ116	NT=LTQ Orbitrap Velos;AC=MS:1001742	not available	not available	not available	NT=beam-type collision-induced dissociation;AC=MS:1000422	temperature (6 °C, 10 °C), thermal origin (cold, warm)	not applicable	3832.1 ppm	13 ppm	orbitrap	Reaction3_Fraction4_Technical1.raw	v1.1.0	HAMLET-agentic v2.1.0	normal
PXD000368-Sample-208	Thymallus thymallus	embryos	normal	not available	not available	embryos	run 52	proteomic profiling by mass spectrometry	NT=data-dependent acquisition;AC=PRIDE:0000627	iTRAQ117	NT=LTQ Orbitrap Velos;AC=MS:1001742	not available	not available	not available	NT=beam-type collision-induced dissociation;AC=MS:1000422	temperature (6 °C, 10 °C), thermal origin (cold, warm)	not applicable	3832.1 ppm	13 ppm	orbitrap	Reaction3_Fraction4_Technical1.raw	v1.1.0	HAMLET-agentic v2.1.0	normal
PXD000368-Sample-209	Thymallus thymallus	embryos	normal	not available	not available	embryos	run 53	proteomic profiling by mass spectrometry	NT=data-dependent acquisition;AC=PRIDE:0000627	iTRAQ114	NT=LTQ Orbitrap Velos;AC=MS:1001742	not available	not available	not available	NT=beam-type collision-induced dissociation;AC=MS:1000422	temperature (6 °C, 10 °C), thermal origin (cold, warm)	not applicable	3832.1 ppm	13 ppm	orbitrap	Reaction3_Fraction2_Technical2.raw	v1.1.0	HAMLET-agentic v2.1.0	normal
PXD000368-Sample-210	Thymallus thymallus	embryos	normal	not available	not available	embryos	run 53	proteomic profiling by mass spectrometry	NT=data-dependent acquisition;AC=PRIDE:0000627	iTRAQ115	NT=LTQ Orbitrap Velos;AC=MS:1001742	not available	not available	not available	NT=beam-type collision-induced dissociation;AC=MS:1000422	temperature (6 °C, 10 °C), thermal origin (cold, warm)	not applicable	3832.1 ppm	13 ppm	orbitrap	Reaction3_Fraction2_Technical2.raw	v1.1.0	HAMLET-agentic v2.1.0	normal
PXD000368-Sample-211	Thymallus thymallus	embryos	normal	not available	not available	embryos	run 53	proteomic profiling by mass spectrometry	NT=data-dependent acquisition;AC=PRIDE:0000627	iTRAQ116	NT=LTQ Orbitrap Velos;AC=MS:1001742	not available	not available	not available	NT=beam-type collision-induced dissociation;AC=MS:1000422	temperature (6 °C, 10 °C), thermal origin (cold, warm)	not applicable	3832.1 ppm	13 ppm	orbitrap	Reaction3_Fraction2_Technical2.raw	v1.1.0	HAMLET-agentic v2.1.0	normal
PXD000368-Sample-212	Thymallus thymallus	embryos	normal	not available	not available	embryos	run 53	proteomic profiling by mass spectrometry	NT=data-dependent acquisition;AC=PRIDE:0000627	iTRAQ117	NT=LTQ Orbitrap Velos;AC=MS:1001742	not available	not available	not available	NT=beam-type collision-induced dissociation;AC=MS:1000422	temperature (6 °C, 10 °C), thermal origin (cold, warm)	not applicable	3832.1 ppm	13 ppm	orbitrap	Reaction3_Fraction2_Technical2.raw	v1.1.0	HAMLET-agentic v2.1.0	normal
PXD000368-Sample-213	Thymallus thymallus	embryos	normal	not available	not available	embryos	run 54	proteomic profiling by mass spectrometry	NT=data-dependent acquisition;AC=PRIDE:0000627	iTRAQ114	NT=LTQ Orbitrap Velos;AC=MS:1001742	not available	not available	not available	NT=beam-type collision-induced dissociation;AC=MS:1000422	temperature (6 °C, 10 °C), thermal origin (cold, warm)	not applicable	3832.1 ppm	13 ppm	orbitrap	Reaction3_Fraction4_Technical2.raw	v1.1.0	HAMLET-agentic v2.1.0	normal
PXD000368-Sample-214	Thymallus thymallus	embryos	normal	not available	not available	embryos	run 54	proteomic profiling by mass spectrometry	NT=data-dependent acquisition;AC=PRIDE:0000627	iTRAQ115	NT=LTQ Orbitrap Velos;AC=MS:1001742	not available	not available	not available	NT=beam-type collision-induced dissociation;AC=MS:1000422	temperature (6 °C, 10 °C), thermal origin (cold, warm)	not applicable	3832.1 ppm	13 ppm	orbitrap	Reaction3_Fraction4_Technical2.raw	v1.1.0	HAMLET-agentic v2.1.0	normal
PXD000368-Sample-215	Thymallus thymallus	embryos	normal	not available	not available	embryos	run 54	proteomic profiling by mass spectrometry	NT=data-dependent acquisition;AC=PRIDE:0000627	iTRAQ116	NT=LTQ Orbitrap Velos;AC=MS:1001742	not available	not available	not available	NT=beam-type collision-induced dissociation;AC=MS:1000422	temperature (6 °C, 10 °C), thermal origin (cold, warm)	not applicable	3832.1 ppm	13 ppm	orbitrap	Reaction3_Fraction4_Technical2.raw	v1.1.0	HAMLET-agentic v2.1.0	normal
PXD000368-Sample-216	Thymallus thymallus	embryos	normal	not available	not available	embryos	run 54	proteomic profiling by mass spectrometry	NT=data-dependent acquisition;AC=PRIDE:0000627	iTRAQ117	NT=LTQ Orbitrap Velos;AC=MS:1001742	not available	not available	not available	NT=beam-type collision-induced dissociation;AC=MS:1000422	temperature (6 °C, 10 °C), thermal origin (cold, warm)	not applicable	3832.1 ppm	13 ppm	orbitrap	Reaction3_Fraction4_Technical2.raw	v1.1.0	HAMLET-agentic v2.1.0	normal
PXD000368-Sample-217	Thymallus thymallus	embryos	normal	not available	not available	embryos	run 55	proteomic profiling by mass spectrometry	NT=data-dependent acquisition;AC=PRIDE:0000627	iTRAQ114	NT=LTQ Orbitrap Velos;AC=MS:1001742	not available	not available	not available	NT=beam-type collision-induced dissociation;AC=MS:1000422	temperature (6 °C, 10 °C), thermal origin (cold, warm)	not applicable	3832.1 ppm	13 ppm	orbitrap	Reaction5_Fraction4_Technical1.raw	v1.1.0	HAMLET-agentic v2.1.0	normal
PXD000368-Sample-218	Thymallus thymallus	embryos	normal	not available	not available	embryos	run 55	proteomic profiling by mass spectrometry	NT=data-dependent acquisition;AC=PRIDE:0000627	iTRAQ115	NT=LTQ Orbitrap Velos;AC=MS:1001742	not available	not available	not available	NT=beam-type collision-induced dissociation;AC=MS:1000422	temperature (6 °C, 10 °C), thermal origin (cold, warm)	not applicable	3832.1 ppm	13 ppm	orbitrap	Reaction5_Fraction4_Technical1.raw	v1.1.0	HAMLET-agentic v2.1.0	normal
PXD000368-Sample-219	Thymallus thymallus	embryos	normal	not available	not available	embryos	run 55	proteomic profiling by mass spectrometry	NT=data-dependent acquisition;AC=PRIDE:0000627	iTRAQ116	NT=LTQ Orbitrap Velos;AC=MS:1001742	not available	not available	not available	NT=beam-type collision-induced dissociation;AC=MS:1000422	temperature (6 °C, 10 °C), thermal origin (cold, warm)	not applicable	3832.1 ppm	13 ppm	orbitrap	Reaction5_Fraction4_Technical1.raw	v1.1.0	HAMLET-agentic v2.1.0	normal
PXD000368-Sample-220	Thymallus thymallus	embryos	normal	not available	not available	embryos	run 55	proteomic profiling by mass spectrometry	NT=data-dependent acquisition;AC=PRIDE:0000627	iTRAQ117	NT=LTQ Orbitrap Velos;AC=MS:1001742	not available	not available	not available	NT=beam-type collision-induced dissociation;AC=MS:1000422	temperature (6 °C, 10 °C), thermal origin (cold, warm)	not applicable	3832.1 ppm	13 ppm	orbitrap	Reaction5_Fraction4_Technical1.raw	v1.1.0	HAMLET-agentic v2.1.0	normal
PXD000368-Sample-221	Thymallus thymallus	embryos	normal	not available	not available	embryos	run 56	proteomic profiling by mass spectrometry	NT=data-dependent acquisition;AC=PRIDE:0000627	iTRAQ114	NT=LTQ Orbitrap Velos;AC=MS:1001742	not available	not available	not available	NT=beam-type collision-induced dissociation;AC=MS:1000422	temperature (6 °C, 10 °C), thermal origin (cold, warm)	not applicable	3832.1 ppm	13 ppm	orbitrap	Reaction7_Fraction1_Technical2.raw	v1.1.0	HAMLET-agentic v2.1.0	normal
PXD000368-Sample-222	Thymallus thymallus	embryos	normal	not available	not available	embryos	run 56	proteomic profiling by mass spectrometry	NT=data-dependent acquisition;AC=PRIDE:0000627	iTRAQ115	NT=LTQ Orbitrap Velos;AC=MS:1001742	not available	not available	not available	NT=beam-type collision-induced dissociation;AC=MS:1000422	temperature (6 °C, 10 °C), thermal origin (cold, warm)	not applicable	3832.1 ppm	13 ppm	orbitrap	Reaction7_Fraction1_Technical2.raw	v1.1.0	HAMLET-agentic v2.1.0	normal
PXD000368-Sample-223	Thymallus thymallus	embryos	normal	not available	not available	embryos	run 56	proteomic profiling by mass spectrometry	NT=data-dependent acquisition;AC=PRIDE:0000627	iTRAQ116	NT=LTQ Orbitrap Velos;AC=MS:1001742	not available	not available	not available	NT=beam-type collision-induced dissociation;AC=MS:1000422	temperature (6 °C, 10 °C), thermal origin (cold, warm)	not applicable	3832.1 ppm	13 ppm	orbitrap	Reaction7_Fraction1_Technical2.raw	v1.1.0	HAMLET-agentic v2.1.0	normal
PXD000368-Sample-224	Thymallus thymallus	embryos	normal	not available	not available	embryos	run 56	proteomic profiling by mass spectrometry	NT=data-dependent acquisition;AC=PRIDE:0000627	iTRAQ117	NT=LTQ Orbitrap Velos;AC=MS:1001742	not available	not available	not available	NT=beam-type collision-induced dissociation;AC=MS:1000422	temperature (6 °C, 10 °C), thermal origin (cold, warm)	not applicable	3832.1 ppm	13 ppm	orbitrap	Reaction7_Fraction1_Technical2.raw	v1.1.0	HAMLET-agentic v2.1.0	normal
PXD000368-Sample-225	Thymallus thymallus	embryos	normal	not available	not available	embryos	run 57	proteomic profiling by mass spectrometry	NT=data-dependent acquisition;AC=PRIDE:0000627	iTRAQ114	NT=LTQ Orbitrap Velos;AC=MS:1001742	not available	not available	not available	NT=beam-type collision-induced dissociation;AC=MS:1000422	temperature (6 °C, 10 °C), thermal origin (cold, warm)	not applicable	3832.1 ppm	13 ppm	orbitrap	Reaction4_Fraction4_Technical2.raw	v1.1.0	HAMLET-agentic v2.1.0	normal
PXD000368-Sample-226	Thymallus thymallus	embryos	normal	not available	not available	embryos	run 57	proteomic profiling by mass spectrometry	NT=data-dependent acquisition;AC=PRIDE:0000627	iTRAQ115	NT=LTQ Orbitrap Velos;AC=MS:1001742	not available	not available	not available	NT=beam-type collision-induced dissociation;AC=MS:1000422	temperature (6 °C, 10 °C), thermal origin (cold, warm)	not applicable	3832.1 ppm	13 ppm	orbitrap	Reaction4_Fraction4_Technical2.raw	v1.1.0	HAMLET-agentic v2.1.0	normal
PXD000368-Sample-227	Thymallus thymallus	embryos	normal	not available	not available	embryos	run 57	proteomic profiling by mass spectrometry	NT=data-dependent acquisition;AC=PRIDE:0000627	iTRAQ116	NT=LTQ Orbitrap Velos;AC=MS:1001742	not available	not available	not available	NT=beam-type collision-induced dissociation;AC=MS:1000422	temperature (6 °C, 10 °C), thermal origin (cold, warm)	not applicable	3832.1 ppm	13 ppm	orbitrap	Reaction4_Fraction4_Technical2.raw	v1.1.0	HAMLET-agentic v2.1.0	normal
PXD000368-Sample-228	Thymallus thymallus	embryos	normal	not available	not available	embryos	run 57	proteomic profiling by mass spectrometry	NT=data-dependent acquisition;AC=PRIDE:0000627	iTRAQ117	NT=LTQ Orbitrap Velos;AC=MS:1001742	not available	not available	not available	NT=beam-type collision-induced dissociation;AC=MS:1000422	temperature (6 °C, 10 °C), thermal origin (cold, warm)	not applicable	3832.1 ppm	13 ppm	orbitrap	Reaction4_Fraction4_Technical2.raw	v1.1.0	HAMLET-agentic v2.1.0	normal
PXD000368-Sample-229	Thymallus thymallus	embryos	normal	not available	not available	embryos	run 58	proteomic profiling by mass spectrometry	NT=data-dependent acquisition;AC=PRIDE:0000627	iTRAQ114	NT=LTQ Orbitrap Velos;AC=MS:1001742	not available	not available	not available	NT=beam-type collision-induced dissociation;AC=MS:1000422	temperature (6 °C, 10 °C), thermal origin (cold, warm)	not applicable	3832.1 ppm	13 ppm	orbitrap	Six_protein_Test_Technical2.raw	v1.1.0	HAMLET-agentic v2.1.0	normal
PXD000368-Sample-230	Thymallus thymallus	embryos	normal	not available	not available	embryos	run 58	proteomic profiling by mass spectrometry	NT=data-dependent acquisition;AC=PRIDE:0000627	iTRAQ115	NT=LTQ Orbitrap Velos;AC=MS:1001742	not available	not available	not available	NT=beam-type collision-induced dissociation;AC=MS:1000422	temperature (6 °C, 10 °C), thermal origin (cold, warm)	not applicable	3832.1 ppm	13 ppm	orbitrap	Six_protein_Test_Technical2.raw	v1.1.0	HAMLET-agentic v2.1.0	normal
PXD000368-Sample-231	Thymallus thymallus	embryos	normal	not available	not available	embryos	run 58	proteomic profiling by mass spectrometry	NT=data-dependent acquisition;AC=PRIDE:0000627	iTRAQ116	NT=LTQ Orbitrap Velos;AC=MS:1001742	not available	not available	not available	NT=beam-type collision-induced dissociation;AC=MS:1000422	temperature (6 °C, 10 °C), thermal origin (cold, warm)	not applicable	3832.1 ppm	13 ppm	orbitrap	Six_protein_Test_Technical2.raw	v1.1.0	HAMLET-agentic v2.1.0	normal
PXD000368-Sample-232	Thymallus thymallus	embryos	normal	not available	not available	embryos	run 58	proteomic profiling by mass spectrometry	NT=data-dependent acquisition;AC=PRIDE:0000627	iTRAQ117	NT=LTQ Orbitrap Velos;AC=MS:1001742	not available	not available	not available	NT=beam-type collision-induced dissociation;AC=MS:1000422	temperature (6 °C, 10 °C), thermal origin (cold, warm)	not applicable	3832.1 ppm	13 ppm	orbitrap	Six_protein_Test_Technical2.raw	v1.1.0	HAMLET-agentic v2.1.0	normal
PXD000368-Sample-233	Thymallus thymallus	embryos	normal	not available	not available	embryos	run 59	proteomic profiling by mass spectrometry	NT=data-dependent acquisition;AC=PRIDE:0000627	iTRAQ114	NT=LTQ Orbitrap Velos;AC=MS:1001742	not available	not available	not available	NT=beam-type collision-induced dissociation;AC=MS:1000422	temperature (6 °C, 10 °C), thermal origin (cold, warm)	not applicable	3832.1 ppm	13 ppm	orbitrap	Reaction5_Fraction2_Technical2.raw	v1.1.0	HAMLET-agentic v2.1.0	normal
PXD000368-Sample-234	Thymallus thymallus	embryos	normal	not available	not available	embryos	run 59	proteomic profiling by mass spectrometry	NT=data-dependent acquisition;AC=PRIDE:0000627	iTRAQ115	NT=LTQ Orbitrap Velos;AC=MS:1001742	not available	not available	not available	NT=beam-type collision-induced dissociation;AC=MS:1000422	temperature (6 °C, 10 °C), thermal origin (cold, warm)	not applicable	3832.1 ppm	13 ppm	orbitrap	Reaction5_Fraction2_Technical2.raw	v1.1.0	HAMLET-agentic v2.1.0	normal
PXD000368-Sample-235	Thymallus thymallus	embryos	normal	not available	not available	embryos	run 59	proteomic profiling by mass spectrometry	NT=data-dependent acquisition;AC=PRIDE:0000627	iTRAQ116	NT=LTQ Orbitrap Velos;AC=MS:1001742	not available	not available	not available	NT=beam-type collision-induced dissociation;AC=MS:1000422	temperature (6 °C, 10 °C), thermal origin (cold, warm)	not applicable	3832.1 ppm	13 ppm	orbitrap	Reaction5_Fraction2_Technical2.raw	v1.1.0	HAMLET-agentic v2.1.0	normal
PXD000368-Sample-236	Thymallus thymallus	embryos	normal	not available	not available	embryos	run 59	proteomic profiling by mass spectrometry	NT=data-dependent acquisition;AC=PRIDE:0000627	iTRAQ117	NT=LTQ Orbitrap Velos;AC=MS:1001742	not available	not available	not available	NT=beam-type collision-induced dissociation;AC=MS:1000422	temperature (6 °C, 10 °C), thermal origin (cold, warm)	not applicable	3832.1 ppm	13 ppm	orbitrap	Reaction5_Fraction2_Technical2.raw	v1.1.0	HAMLET-agentic v2.1.0	normal
PXD000368-Sample-237	Thymallus thymallus	embryos	normal	not available	not available	embryos	run 60	proteomic profiling by mass spectrometry	NT=data-dependent acquisition;AC=PRIDE:0000627	iTRAQ114	NT=LTQ Orbitrap Velos;AC=MS:1001742	not available	not available	not available	NT=beam-type collision-induced dissociation;AC=MS:1000422	temperature (6 °C, 10 °C), thermal origin (cold, warm)	not applicable	3832.1 ppm	13 ppm	orbitrap	Reaction6_Fraction1_Technical2.raw	v1.1.0	HAMLET-agentic v2.1.0	normal
PXD000368-Sample-238	Thymallus thymallus	embryos	normal	not available	not available	embryos	run 60	proteomic profiling by mass spectrometry	NT=data-dependent acquisition;AC=PRIDE:0000627	iTRAQ115	NT=LTQ Orbitrap Velos;AC=MS:1001742	not available	not available	not available	NT=beam-type collision-induced dissociation;AC=MS:1000422	temperature (6 °C, 10 °C), thermal origin (cold, warm)	not applicable	3832.1 ppm	13 ppm	orbitrap	Reaction6_Fraction1_Technical2.raw	v1.1.0	HAMLET-agentic v2.1.0	normal
PXD000368-Sample-239	Thymallus thymallus	embryos	normal	not available	not available	embryos	run 60	proteomic profiling by mass spectrometry	NT=data-dependent acquisition;AC=PRIDE:0000627	iTRAQ116	NT=LTQ Orbitrap Velos;AC=MS:1001742	not available	not available	not available	NT=beam-type collision-induced dissociation;AC=MS:1000422	temperature (6 °C, 10 °C), thermal origin (cold, warm)	not applicable	3832.1 ppm	13 ppm	orbitrap	Reaction6_Fraction1_Technical2.raw	v1.1.0	HAMLET-agentic v2.1.0	normal
PXD000368-Sample-240	Thymallus thymallus	embryos	normal	not available	not available	embryos	run 60	proteomic profiling by mass spectrometry	NT=data-dependent acquisition;AC=PRIDE:0000627	iTRAQ117	NT=LTQ Orbitrap Velos;AC=MS:1001742	not available	not available	not available	NT=beam-type collision-induced dissociation;AC=MS:1000422	temperature (6 °C, 10 °C), thermal origin (cold, warm)	not applicable	3832.1 ppm	13 ppm	orbitrap	Reaction6_Fraction1_Technical2.raw	v1.1.0	HAMLET-agentic v2.1.0	normal
PXD000368-Sample-241	Thymallus thymallus	embryos	normal	not available	not available	embryos	run 61	proteomic profiling by mass spectrometry	NT=data-dependent acquisition;AC=PRIDE:0000627	iTRAQ114	NT=LTQ Orbitrap Velos;AC=MS:1001742	not available	not available	not available	NT=beam-type collision-induced dissociation;AC=MS:1000422	temperature (6 °C, 10 °C), thermal origin (cold, warm)	not applicable	3832.1 ppm	13 ppm	orbitrap	Reaction3_Fraction3_Technical1.raw	v1.1.0	HAMLET-agentic v2.1.0	normal
PXD000368-Sample-242	Thymallus thymallus	embryos	normal	not available	not available	embryos	run 61	proteomic profiling by mass spectrometry	NT=data-dependent acquisition;AC=PRIDE:0000627	iTRAQ115	NT=LTQ Orbitrap Velos;AC=MS:1001742	not available	not available	not available	NT=beam-type collision-induced dissociation;AC=MS:1000422	temperature (6 °C, 10 °C), thermal origin (cold, warm)	not applicable	3832.1 ppm	13 ppm	orbitrap	Reaction3_Fraction3_Technical1.raw	v1.1.0	HAMLET-agentic v2.1.0	normal
PXD000368-Sample-243	Thymallus thymallus	embryos	normal	not available	not available	embryos	run 61	proteomic profiling by mass spectrometry	NT=data-dependent acquisition;AC=PRIDE:0000627	iTRAQ116	NT=LTQ Orbitrap Velos;AC=MS:1001742	not available	not available	not available	NT=beam-type collision-induced dissociation;AC=MS:1000422	temperature (6 °C, 10 °C), thermal origin (cold, warm)	not applicable	3832.1 ppm	13 ppm	orbitrap	Reaction3_Fraction3_Technical1.raw	v1.1.0	HAMLET-agentic v2.1.0	normal
PXD000368-Sample-244	Thymallus thymallus	embryos	normal	not available	not available	embryos	run 61	proteomic profiling by mass spectrometry	NT=data-dependent acquisition;AC=PRIDE:0000627	iTRAQ117	NT=LTQ Orbitrap Velos;AC=MS:1001742	not available	not available	not available	NT=beam-type collision-induced dissociation;AC=MS:1000422	temperature (6 °C, 10 °C), thermal origin (cold, warm)	not applicable	3832.1 ppm	13 ppm	orbitrap	Reaction3_Fraction3_Technical1.raw	v1.1.0	HAMLET-agentic v2.1.0	normal
PXD000368-Sample-245	Thymallus thymallus	embryos	normal	not available	not available	embryos	run 62	proteomic profiling by mass spectrometry	NT=data-dependent acquisition;AC=PRIDE:0000627	iTRAQ114	NT=LTQ Orbitrap Velos;AC=MS:1001742	not available	not available	not available	NT=beam-type collision-induced dissociation;AC=MS:1000422	temperature (6 °C, 10 °C), thermal origin (cold, warm)	not applicable	3832.1 ppm	13 ppm	orbitrap	Reaction6_Fraction2_Technical2.raw	v1.1.0	HAMLET-agentic v2.1.0	normal
PXD000368-Sample-246	Thymallus thymallus	embryos	normal	not available	not available	embryos	run 62	proteomic profiling by mass spectrometry	NT=data-dependent acquisition;AC=PRIDE:0000627	iTRAQ115	NT=LTQ Orbitrap Velos;AC=MS:1001742	not available	not available	not available	NT=beam-type collision-induced dissociation;AC=MS:1000422	temperature (6 °C, 10 °C), thermal origin (cold, warm)	not applicable	3832.1 ppm	13 ppm	orbitrap	Reaction6_Fraction2_Technical2.raw	v1.1.0	HAMLET-agentic v2.1.0	normal
PXD000368-Sample-247	Thymallus thymallus	embryos	normal	not available	not available	embryos	run 62	proteomic profiling by mass spectrometry	NT=data-dependent acquisition;AC=PRIDE:0000627	iTRAQ116	NT=LTQ Orbitrap Velos;AC=MS:1001742	not available	not available	not available	NT=beam-type collision-induced dissociation;AC=MS:1000422	temperature (6 °C, 10 °C), thermal origin (cold, warm)	not applicable	3832.1 ppm	13 ppm	orbitrap	Reaction6_Fraction2_Technical2.raw	v1.1.0	HAMLET-agentic v2.1.0	normal
PXD000368-Sample-248	Thymallus thymallus	embryos	normal	not available	not available	embryos	run 62	proteomic profiling by mass spectrometry	NT=data-dependent acquisition;AC=PRIDE:0000627	iTRAQ117	NT=LTQ Orbitrap Velos;AC=MS:1001742	not available	not available	not available	NT=beam-type collision-induced dissociation;AC=MS:1000422	temperature (6 °C, 10 °C), thermal origin (cold, warm)	not applicable	3832.1 ppm	13 ppm	orbitrap	Reaction6_Fraction2_Technical2.raw	v1.1.0	HAMLET-agentic v2.1.0	normal
PXD000368-Sample-249	Thymallus thymallus	embryos	normal	not available	not available	embryos	run 63	proteomic profiling by mass spectrometry	NT=data-dependent acquisition;AC=PRIDE:0000627	iTRAQ114	NT=LTQ Orbitrap Velos;AC=MS:1001742	not available	not available	not available	NT=beam-type collision-induced dissociation;AC=MS:1000422	temperature (6 °C, 10 °C), thermal origin (cold, warm)	not applicable	3832.1 ppm	13 ppm	orbitrap	Six_protein_Test_Technical4.raw	v1.1.0	HAMLET-agentic v2.1.0	normal
PXD000368-Sample-250	Thymallus thymallus	embryos	normal	not available	not available	embryos	run 63	proteomic profiling by mass spectrometry	NT=data-dependent acquisition;AC=PRIDE:0000627	iTRAQ115	NT=LTQ Orbitrap Velos;AC=MS:1001742	not available	not available	not available	NT=beam-type collision-induced dissociation;AC=MS:1000422	temperature (6 °C, 10 °C), thermal origin (cold, warm)	not applicable	3832.1 ppm	13 ppm	orbitrap	Six_protein_Test_Technical4.raw	v1.1.0	HAMLET-agentic v2.1.0	normal
PXD000368-Sample-251	Thymallus thymallus	embryos	normal	not available	not available	embryos	run 63	proteomic profiling by mass spectrometry	NT=data-dependent acquisition;AC=PRIDE:0000627	iTRAQ116	NT=LTQ Orbitrap Velos;AC=MS:1001742	not available	not available	not available	NT=beam-type collision-induced dissociation;AC=MS:1000422	temperature (6 °C, 10 °C), thermal origin (cold, warm)	not applicable	3832.1 ppm	13 ppm	orbitrap	Six_protein_Test_Technical4.raw	v1.1.0	HAMLET-agentic v2.1.0	normal
PXD000368-Sample-252	Thymallus thymallus	embryos	normal	not available	not available	embryos	run 63	proteomic profiling by mass spectrometry	NT=data-dependent acquisition;AC=PRIDE:0000627	iTRAQ117	NT=LTQ Orbitrap Velos;AC=MS:1001742	not available	not available	not available	NT=beam-type collision-induced dissociation;AC=MS:1000422	temperature (6 °C, 10 °C), thermal origin (cold, warm)	not applicable	3832.1 ppm	13 ppm	orbitrap	Six_protein_Test_Technical4.raw	v1.1.0	HAMLET-agentic v2.1.0	normal
PXD000368-Sample-253	Thymallus thymallus	embryos	normal	not available	not available	embryos	run 64	proteomic profiling by mass spectrometry	NT=data-dependent acquisition;AC=PRIDE:0000627	iTRAQ114	NT=LTQ Orbitrap Velos;AC=MS:1001742	not available	not available	not available	NT=beam-type collision-induced dissociation;AC=MS:1000422	temperature (6 °C, 10 °C), thermal origin (cold, warm)	not applicable	3832.1 ppm	13 ppm	orbitrap	Reaction1_Fraction2_Technical2.raw	v1.1.0	HAMLET-agentic v2.1.0	normal
PXD000368-Sample-254	Thymallus thymallus	embryos	normal	not available	not available	embryos	run 64	proteomic profiling by mass spectrometry	NT=data-dependent acquisition;AC=PRIDE:0000627	iTRAQ115	NT=LTQ Orbitrap Velos;AC=MS:1001742	not available	not available	not available	NT=beam-type collision-induced dissociation;AC=MS:1000422	temperature (6 °C, 10 °C), thermal origin (cold, warm)	not applicable	3832.1 ppm	13 ppm	orbitrap	Reaction1_Fraction2_Technical2.raw	v1.1.0	HAMLET-agentic v2.1.0	normal
PXD000368-Sample-255	Thymallus thymallus	embryos	normal	not available	not available	embryos	run 64	proteomic profiling by mass spectrometry	NT=data-dependent acquisition;AC=PRIDE:0000627	iTRAQ116	NT=LTQ Orbitrap Velos;AC=MS:1001742	not available	not available	not available	NT=beam-type collision-induced dissociation;AC=MS:1000422	temperature (6 °C, 10 °C), thermal origin (cold, warm)	not applicable	3832.1 ppm	13 ppm	orbitrap	Reaction1_Fraction2_Technical2.raw	v1.1.0	HAMLET-agentic v2.1.0	normal
PXD000368-Sample-256	Thymallus thymallus	embryos	normal	not available	not available	embryos	run 64	proteomic profiling by mass spectrometry	NT=data-dependent acquisition;AC=PRIDE:0000627	iTRAQ117	NT=LTQ Orbitrap Velos;AC=MS:1001742	not available	not available	not available	NT=beam-type collision-induced dissociation;AC=MS:1000422	temperature (6 °C, 10 °C), thermal origin (cold, warm)	not applicable	3832.1 ppm	13 ppm	orbitrap	Reaction1_Fraction2_Technical2.raw	v1.1.0	HAMLET-agentic v2.1.0	normal
PXD000368-Sample-257	Thymallus thymallus	embryos	normal	not available	not available	embryos	run 65	proteomic profiling by mass spectrometry	NT=data-dependent acquisition;AC=PRIDE:0000627	iTRAQ114	NT=LTQ Orbitrap Velos;AC=MS:1001742	not available	not available	not available	NT=beam-type collision-induced dissociation;AC=MS:1000422	temperature (6 °C, 10 °C), thermal origin (cold, warm)	not applicable	3832.1 ppm	13 ppm	orbitrap	Reaction4_Fraction3_Technical2.raw	v1.1.0	HAMLET-agentic v2.1.0	normal
PXD000368-Sample-258	Thymallus thymallus	embryos	normal	not available	not available	embryos	run 65	proteomic profiling by mass spectrometry	NT=data-dependent acquisition;AC=PRIDE:0000627	iTRAQ115	NT=LTQ Orbitrap Velos;AC=MS:1001742	not available	not available	not available	NT=beam-type collision-induced dissociation;AC=MS:1000422	temperature (6 °C, 10 °C), thermal origin (cold, warm)	not applicable	3832.1 ppm	13 ppm	orbitrap	Reaction4_Fraction3_Technical2.raw	v1.1.0	HAMLET-agentic v2.1.0	normal
PXD000368-Sample-259	Thymallus thymallus	embryos	normal	not available	not available	embryos	run 65	proteomic profiling by mass spectrometry	NT=data-dependent acquisition;AC=PRIDE:0000627	iTRAQ116	NT=LTQ Orbitrap Velos;AC=MS:1001742	not available	not available	not available	NT=beam-type collision-induced dissociation;AC=MS:1000422	temperature (6 °C, 10 °C), thermal origin (cold, warm)	not applicable	3832.1 ppm	13 ppm	orbitrap	Reaction4_Fraction3_Technical2.raw	v1.1.0	HAMLET-agentic v2.1.0	normal
PXD000368-Sample-260	Thymallus thymallus	embryos	normal	not available	not available	embryos	run 65	proteomic profiling by mass spectrometry	NT=data-dependent acquisition;AC=PRIDE:0000627	iTRAQ117	NT=LTQ Orbitrap Velos;AC=MS:1001742	not available	not available	not available	NT=beam-type collision-induced dissociation;AC=MS:1000422	temperature (6 °C, 10 °C), thermal origin (cold, warm)	not applicable	3832.1 ppm	13 ppm	orbitrap	Reaction4_Fraction3_Technical2.raw	v1.1.0	HAMLET-agentic v2.1.0	normal
PXD000368-Sample-261	Thymallus thymallus	embryos	normal	not available	not available	embryos	run 66	proteomic profiling by mass spectrometry	NT=data-dependent acquisition;AC=PRIDE:0000627	iTRAQ114	NT=LTQ Orbitrap Velos;AC=MS:1001742	not available	not available	not available	NT=beam-type collision-induced dissociation;AC=MS:1000422	temperature (6 °C, 10 °C), thermal origin (cold, warm)	not applicable	3832.1 ppm	13 ppm	orbitrap	Reaction8_Fraction4_Technical2.raw	v1.1.0	HAMLET-agentic v2.1.0	normal
PXD000368-Sample-262	Thymallus thymallus	embryos	normal	not available	not available	embryos	run 66	proteomic profiling by mass spectrometry	NT=data-dependent acquisition;AC=PRIDE:0000627	iTRAQ115	NT=LTQ Orbitrap Velos;AC=MS:1001742	not available	not available	not available	NT=beam-type collision-induced dissociation;AC=MS:1000422	temperature (6 °C, 10 °C), thermal origin (cold, warm)	not applicable	3832.1 ppm	13 ppm	orbitrap	Reaction8_Fraction4_Technical2.raw	v1.1.0	HAMLET-agentic v2.1.0	normal
PXD000368-Sample-263	Thymallus thymallus	embryos	normal	not available	not available	embryos	run 66	proteomic profiling by mass spectrometry	NT=data-dependent acquisition;AC=PRIDE:0000627	iTRAQ116	NT=LTQ Orbitrap Velos;AC=MS:1001742	not available	not available	not available	NT=beam-type collision-induced dissociation;AC=MS:1000422	temperature (6 °C, 10 °C), thermal origin (cold, warm)	not applicable	3832.1 ppm	13 ppm	orbitrap	Reaction8_Fraction4_Technical2.raw	v1.1.0	HAMLET-agentic v2.1.0	normal
PXD000368-Sample-264	Thymallus thymallus	embryos	normal	not available	not available	embryos	run 66	proteomic profiling by mass spectrometry	NT=data-dependent acquisition;AC=PRIDE:0000627	iTRAQ117	NT=LTQ Orbitrap Velos;AC=MS:1001742	not available	not available	not available	NT=beam-type collision-induced dissociation;AC=MS:1000422	temperature (6 °C, 10 °C), thermal origin (cold, warm)	not applicable	3832.1 ppm	13 ppm	orbitrap	Reaction8_Fraction4_Technical2.raw	v1.1.0	HAMLET-agentic v2.1.0	normal
PXD000368-Sample-265	Thymallus thymallus	embryos	normal	not available	not available	embryos	run 67	proteomic profiling by mass spectrometry	NT=data-dependent acquisition;AC=PRIDE:0000627	iTRAQ114	NT=LTQ Orbitrap Velos;AC=MS:1001742	not available	not available	not available	NT=beam-type collision-induced dissociation;AC=MS:1000422	temperature (6 °C, 10 °C), thermal origin (cold, warm)	not applicable	3832.1 ppm	13 ppm	orbitrap	Reaction7_Fraction4_Technical1.raw	v1.1.0	HAMLET-agentic v2.1.0	normal
PXD000368-Sample-266	Thymallus thymallus	embryos	normal	not available	not available	embryos	run 67	proteomic profiling by mass spectrometry	NT=data-dependent acquisition;AC=PRIDE:0000627	iTRAQ115	NT=LTQ Orbitrap Velos;AC=MS:1001742	not available	not available	not available	NT=beam-type collision-induced dissociation;AC=MS:1000422	temperature (6 °C, 10 °C), thermal origin (cold, warm)	not applicable	3832.1 ppm	13 ppm	orbitrap	Reaction7_Fraction4_Technical1.raw	v1.1.0	HAMLET-agentic v2.1.0	normal
PXD000368-Sample-267	Thymallus thymallus	embryos	normal	not available	not available	embryos	run 67	proteomic profiling by mass spectrometry	NT=data-dependent acquisition;AC=PRIDE:0000627	iTRAQ116	NT=LTQ Orbitrap Velos;AC=MS:1001742	not available	not available	not available	NT=beam-type collision-induced dissociation;AC=MS:1000422	temperature (6 °C, 10 °C), thermal origin (cold, warm)	not applicable	3832.1 ppm	13 ppm	orbitrap	Reaction7_Fraction4_Technical1.raw	v1.1.0	HAMLET-agentic v2.1.0	normal
PXD000368-Sample-268	Thymallus thymallus	embryos	normal	not available	not available	embryos	run 67	proteomic profiling by mass spectrometry	NT=data-dependent acquisition;AC=PRIDE:0000627	iTRAQ117	NT=LTQ Orbitrap Velos;AC=MS:1001742	not available	not available	not available	NT=beam-type collision-induced dissociation;AC=MS:1000422	temperature (6 °C, 10 °C), thermal origin (cold, warm)	not applicable	3832.1 ppm	13 ppm	orbitrap	Reaction7_Fraction4_Technical1.raw	v1.1.0	HAMLET-agentic v2.1.0	normal
PXD000368-Sample-269	Thymallus thymallus	embryos	normal	not available	not available	embryos	run 68	proteomic profiling by mass spectrometry	NT=data-dependent acquisition;AC=PRIDE:0000627	iTRAQ114	NT=LTQ Orbitrap Velos;AC=MS:1001742	not available	not available	not available	NT=beam-type collision-induced dissociation;AC=MS:1000422	temperature (6 °C, 10 °C), thermal origin (cold, warm)	not applicable	3832.1 ppm	13 ppm	orbitrap	Reaction1_Fraction2_Technical1.raw	v1.1.0	HAMLET-agentic v2.1.0	normal
PXD000368-Sample-270	Thymallus thymallus	embryos	normal	not available	not available	embryos	run 68	proteomic profiling by mass spectrometry	NT=data-dependent acquisition;AC=PRIDE:0000627	iTRAQ115	NT=LTQ Orbitrap Velos;AC=MS:1001742	not available	not available	not available	NT=beam-type collision-induced dissociation;AC=MS:1000422	temperature (6 °C, 10 °C), thermal origin (cold, warm)	not applicable	3832.1 ppm	13 ppm	orbitrap	Reaction1_Fraction2_Technical1.raw	v1.1.0	HAMLET-agentic v2.1.0	normal
PXD000368-Sample-271	Thymallus thymallus	embryos	normal	not available	not available	embryos	run 68	proteomic profiling by mass spectrometry	NT=data-dependent acquisition;AC=PRIDE:0000627	iTRAQ116	NT=LTQ Orbitrap Velos;AC=MS:1001742	not available	not available	not available	NT=beam-type collision-induced dissociation;AC=MS:1000422	temperature (6 °C, 10 °C), thermal origin (cold, warm)	not applicable	3832.1 ppm	13 ppm	orbitrap	Reaction1_Fraction2_Technical1.raw	v1.1.0	HAMLET-agentic v2.1.0	normal
PXD000368-Sample-272	Thymallus thymallus	embryos	normal	not available	not available	embryos	run 68	proteomic profiling by mass spectrometry	NT=data-dependent acquisition;AC=PRIDE:0000627	iTRAQ117	NT=LTQ Orbitrap Velos;AC=MS:1001742	not available	not available	not available	NT=beam-type collision-induced dissociation;AC=MS:1000422	temperature (6 °C, 10 °C), thermal origin (cold, warm)	not applicable	3832.1 ppm	13 ppm	orbitrap	Reaction1_Fraction2_Technical1.raw	v1.1.0	HAMLET-agentic v2.1.0	normal
