source name	characteristics[organism]	characteristics[organism part]	characteristics[disease]	characteristics[biological replicate]	characteristics[sex]	characteristics[age]	assay name	technology type	comment[proteomics data acquisition method]	comment[label]	comment[instrument]	comment[cleavage agent details]	comment[fraction identifier]	comment[technical replicate]	comment[dissociation method]	factor value[experimental design]	comment[modification parameters]	comment[precursor mass tolerance]	comment[fragment mass tolerance]	comment[ms2 mass analyzer]	comment[data file]	comment[sdrf version]	comment[sdrf annotation tool]	factor value[disease]
PXD000429-Sample-1	Aeromonas salmonicida	growth phase culture	furunculosis	not available	not available	not available	run 1	proteomic profiling by mass spectrometry	not available	label free sample	NT=LTQ Orbitrap XL;AC=MS:1000556	not available	not available	not available	NT=collision-induced dissociation;AC=MS:1000133	strain (wt, ΔascV mutant), growth phase (GP, SP), sample type (SN, pellet)	not available	6 ppm	0.5 Da	orbitrap	12Feb06_A2_PVB_i01.raw	v1.1.0	HAMLET-agentic v2.1.0	furunculosis
PXD000429-Sample-2	Aeromonas salmonicida	growth phase culture	furunculosis	not available	not available	not available	run 2	proteomic profiling by mass spectrometry	not available	label free sample	NT=LTQ Orbitrap XL;AC=MS:1000556	not available	not available	not available	NT=collision-induced dissociation;AC=MS:1000133	strain (wt, ΔascV mutant), growth phase (GP, SP), sample type (SN, pellet)	not available	6 ppm	0.5 Da	orbitrap	12Feb06_A4_PVB_i01.raw	v1.1.0	HAMLET-agentic v2.1.0	furunculosis
PXD000429-Sample-3	Aeromonas salmonicida	growth phase culture	furunculosis	not available	not available	not available	run 3	proteomic profiling by mass spectrometry	not available	label free sample	NT=LTQ Orbitrap XL;AC=MS:1000556	not available	not available	not available	not available	strain (wt, ΔascV mutant), growth phase (GP, SP), sample type (SN, pellet)	not available	6 ppm	0.5 Da	orbitrap	12Feb06_A5_PVB_i01.raw	v1.1.0	HAMLET-agentic v2.1.0	furunculosis
PXD000429-Sample-4	Aeromonas salmonicida	growth phase culture	furunculosis	not available	not available	not available	run 4	proteomic profiling by mass spectrometry	not available	label free sample	NT=LTQ Orbitrap XL;AC=MS:1000556	not available	not available	not available	NT=collision-induced dissociation;AC=MS:1000133	strain (wt, ΔascV mutant), growth phase (GP, SP), sample type (SN, pellet)	not available	6 ppm	0.5 Da	orbitrap	12Feb06_B5_PVB_i01.raw	v1.1.0	HAMLET-agentic v2.1.0	furunculosis
PXD000429-Sample-5	Aeromonas salmonicida	growth phase culture	furunculosis	not available	not available	not available	run 5	proteomic profiling by mass spectrometry	not available	label free sample	NT=LTQ Orbitrap XL;AC=MS:1000556	not available	not available	not available	NT=collision-induced dissociation;AC=MS:1000133	strain (wt, ΔascV mutant), growth phase (GP, SP), sample type (SN, pellet)	not available	6 ppm	0.5 Da	orbitrap	12Feb07_A20_PVB_i01.raw	v1.1.0	HAMLET-agentic v2.1.0	furunculosis
PXD000429-Sample-6	Aeromonas salmonicida	growth phase culture	furunculosis	not available	not available	not available	run 6	proteomic profiling by mass spectrometry	not available	label free sample	NT=LTQ Orbitrap XL;AC=MS:1000556	not available	not available	not available	not available	strain (wt, ΔascV mutant), growth phase (GP, SP), sample type (SN, pellet)	not available	6 ppm	0.5 Da	orbitrap	12Feb08_A17_PVB_i01.raw	v1.1.0	HAMLET-agentic v2.1.0	furunculosis
PXD000429-Sample-7	Aeromonas salmonicida	growth phase culture	furunculosis	not available	not available	not available	run 7	proteomic profiling by mass spectrometry	not available	label free sample	NT=LTQ Orbitrap XL;AC=MS:1000556	not available	not available	not available	not available	strain (wt, ΔascV mutant), growth phase (GP, SP), sample type (SN, pellet)	not available	6 ppm	0.5 Da	orbitrap	12Feb09_A6_PVB_i01.raw	v1.1.0	HAMLET-agentic v2.1.0	furunculosis
PXD000429-Sample-8	Aeromonas salmonicida	growth phase culture	furunculosis	not available	not available	not available	run 8	proteomic profiling by mass spectrometry	not available	label free sample	NT=LTQ Orbitrap XL;AC=MS:1000556	not available	not available	not available	not available	strain (wt, ΔascV mutant), growth phase (GP, SP), sample type (SN, pellet)	not available	6 ppm	0.5 Da	orbitrap	12Feb09_A7_PVB_i01.raw	v1.1.0	HAMLET-agentic v2.1.0	furunculosis
PXD000429-Sample-9	Aeromonas salmonicida	growth phase culture	furunculosis	not available	not available	not available	run 9	proteomic profiling by mass spectrometry	not available	label free sample	NT=LTQ Orbitrap XL;AC=MS:1000556	not available	not available	not available	not available	strain (wt, ΔascV mutant), growth phase (GP, SP), sample type (SN, pellet)	not available	6 ppm	0.5 Da	orbitrap	12Jul03_C1_30_PVB_i01.raw	v1.1.0	HAMLET-agentic v2.1.0	furunculosis
PXD000429-Sample-10	Aeromonas salmonicida	growth phase culture	furunculosis	not available	not available	not available	run 10	proteomic profiling by mass spectrometry	not available	label free sample	NT=LTQ Orbitrap XL;AC=MS:1000556	not available	not available	not available	not available	strain (wt, ΔascV mutant), growth phase (GP, SP), sample type (SN, pellet)	not available	6 ppm	0.5 Da	orbitrap	12Jul03_C1_31_PVB_i01.raw	v1.1.0	HAMLET-agentic v2.1.0	furunculosis
PXD000429-Sample-11	Aeromonas salmonicida	growth phase culture	furunculosis	not available	not available	not available	run 11	proteomic profiling by mass spectrometry	not available	label free sample	NT=LTQ Orbitrap XL;AC=MS:1000556	not available	not available	not available	not available	strain (wt, ΔascV mutant), growth phase (GP, SP), sample type (SN, pellet)	not available	6 ppm	0.5 Da	orbitrap	12Jul03_D1_25_PVB_i01.raw	v1.1.0	HAMLET-agentic v2.1.0	furunculosis
PXD000429-Sample-12	Aeromonas salmonicida	growth phase culture	furunculosis	not available	not available	not available	run 12	proteomic profiling by mass spectrometry	not available	label free sample	NT=LTQ Orbitrap XL;AC=MS:1000556	not available	not available	not available	not available	strain (wt, ΔascV mutant), growth phase (GP, SP), sample type (SN, pellet)	not available	6 ppm	0.5 Da	orbitrap	12Jun13_B2_9_PVB_i01.raw	v1.1.0	HAMLET-agentic v2.1.0	furunculosis
PXD000429-Sample-13	Aeromonas salmonicida	growth phase culture	furunculosis	not available	not available	not available	run 13	proteomic profiling by mass spectrometry	not available	label free sample	NT=LTQ Orbitrap XL;AC=MS:1000556	not available	not available	not available	NT=collision-induced dissociation;AC=MS:1000133	strain (wt, ΔascV mutant), growth phase (GP, SP), sample type (SN, pellet)	not available	6 ppm	0.5 Da	orbitrap	12Jun14_A2_20_PVB_i01.raw	v1.1.0	HAMLET-agentic v2.1.0	furunculosis
PXD000429-Sample-14	Aeromonas salmonicida	growth phase culture	furunculosis	not available	not available	not available	run 14	proteomic profiling by mass spectrometry	not available	label free sample	NT=LTQ Orbitrap XL;AC=MS:1000556	not available	not available	not available	not available	strain (wt, ΔascV mutant), growth phase (GP, SP), sample type (SN, pellet)	not available	6 ppm	0.5 Da	orbitrap	12Jun15_A2_27_PVB_i01.raw	v1.1.0	HAMLET-agentic v2.1.0	furunculosis
PXD000429-Sample-15	Aeromonas salmonicida	growth phase culture	furunculosis	not available	not available	not available	run 15	proteomic profiling by mass spectrometry	not available	label free sample	NT=LTQ Orbitrap XL;AC=MS:1000556	not available	not available	not available	NT=collision-induced dissociation;AC=MS:1000133	strain (wt, ΔascV mutant), growth phase (GP, SP), sample type (SN, pellet)	not available	6 ppm	0.5 Da	orbitrap	12Jun18_D2_1_PVB_i01.raw	v1.1.0	HAMLET-agentic v2.1.0	furunculosis
PXD000429-Sample-16	Aeromonas salmonicida	growth phase culture	furunculosis	not available	not available	not available	run 16	proteomic profiling by mass spectrometry	not available	label free sample	NT=LTQ Orbitrap XL;AC=MS:1000556	not available	not available	not available	NT=collision-induced dissociation;AC=MS:1000133	strain (wt, ΔascV mutant), growth phase (GP, SP), sample type (SN, pellet)	not available	6 ppm	0.5 Da	orbitrap	12Jun18_D2_3_PVB_i01.raw	v1.1.0	HAMLET-agentic v2.1.0	furunculosis
PXD000429-Sample-17	Aeromonas salmonicida	growth phase culture	furunculosis	not available	not available	not available	run 17	proteomic profiling by mass spectrometry	not available	label free sample	NT=LTQ Orbitrap XL;AC=MS:1000556	not available	not available	not available	NT=collision-induced dissociation;AC=MS:1000133	strain (wt, ΔascV mutant), growth phase (GP, SP), sample type (SN, pellet)	not available	6 ppm	0.5 Da	orbitrap	12Jun18_D2_4_PVB_i01.raw	v1.1.0	HAMLET-agentic v2.1.0	furunculosis
PXD000429-Sample-18	Aeromonas salmonicida	growth phase culture	furunculosis	not available	not available	not available	run 18	proteomic profiling by mass spectrometry	not available	label free sample	NT=LTQ Orbitrap XL;AC=MS:1000556	not available	not available	not available	NT=collision-induced dissociation;AC=MS:1000133	strain (wt, ΔascV mutant), growth phase (GP, SP), sample type (SN, pellet)	not available	6 ppm	0.5 Da	orbitrap	12Jun19_D2_9_PVB_i01.raw	v1.1.0	HAMLET-agentic v2.1.0	furunculosis
PXD000429-Sample-19	Aeromonas salmonicida	growth phase culture	furunculosis	not available	not available	not available	run 19	proteomic profiling by mass spectrometry	not available	label free sample	NT=LTQ Orbitrap XL;AC=MS:1000556	not available	not available	not available	not available	strain (wt, ΔascV mutant), growth phase (GP, SP), sample type (SN, pellet)	not available	6 ppm	0.5 Da	orbitrap	12Jun20_D2_20_PVB_i01.raw	v1.1.0	HAMLET-agentic v2.1.0	furunculosis
PXD000429-Sample-20	Aeromonas salmonicida	growth phase culture	furunculosis	not available	not available	not available	run 20	proteomic profiling by mass spectrometry	not available	label free sample	NT=LTQ Orbitrap XL;AC=MS:1000556	not available	not available	not available	not available	strain (wt, ΔascV mutant), growth phase (GP, SP), sample type (SN, pellet)	not available	6 ppm	0.5 Da	orbitrap	12Jun21_C2_25_PVB_i01.raw	v1.1.0	HAMLET-agentic v2.1.0	furunculosis
PXD000429-Sample-21	Aeromonas salmonicida	growth phase culture	furunculosis	not available	not available	not available	run 21	proteomic profiling by mass spectrometry	not available	label free sample	NT=LTQ Orbitrap XL;AC=MS:1000556	not available	not available	not available	NT=collision-induced dissociation;AC=MS:1000133	strain (wt, ΔascV mutant), growth phase (GP, SP), sample type (SN, pellet)	not available	6 ppm	0.5 Da	orbitrap	12Jun21_D2_26_PVB_i01.raw	v1.1.0	HAMLET-agentic v2.1.0	furunculosis
PXD000429-Sample-22	Aeromonas salmonicida	growth phase culture	furunculosis	not available	not available	not available	run 22	proteomic profiling by mass spectrometry	not available	label free sample	NT=LTQ Orbitrap XL;AC=MS:1000556	not available	not available	not available	not available	strain (wt, ΔascV mutant), growth phase (GP, SP), sample type (SN, pellet)	not available	6 ppm	0.5 Da	orbitrap	12Jun22_C1_6_PVB_i01.raw	v1.1.0	HAMLET-agentic v2.1.0	furunculosis
PXD000429-Sample-23	Aeromonas salmonicida	growth phase culture	furunculosis	not available	not available	not available	run 23	proteomic profiling by mass spectrometry	not available	label free sample	NT=LTQ Orbitrap XL;AC=MS:1000556	not available	not available	not available	NT=collision-induced dissociation;AC=MS:1000133	strain (wt, ΔascV mutant), growth phase (GP, SP), sample type (SN, pellet)	not available	6 ppm	0.5 Da	orbitrap	12Jun22_C1_7_PVB_i01.raw	v1.1.0	HAMLET-agentic v2.1.0	furunculosis
PXD000429-Sample-24	Aeromonas salmonicida	growth phase culture	furunculosis	not available	not available	not available	run 24	proteomic profiling by mass spectrometry	not available	label free sample	NT=LTQ Orbitrap XL;AC=MS:1000556	not available	not available	not available	NT=collision-induced dissociation;AC=MS:1000133	strain (wt, ΔascV mutant), growth phase (GP, SP), sample type (SN, pellet)	not available	6 ppm	0.5 Da	orbitrap	12Jun22_D1_5_PVB_i01.raw	v1.1.0	HAMLET-agentic v2.1.0	furunculosis
PXD000429-Sample-25	Aeromonas salmonicida	growth phase culture	furunculosis	not available	not available	not available	run 25	proteomic profiling by mass spectrometry	not available	label free sample	NT=LTQ Orbitrap XL;AC=MS:1000556	not available	not available	not available	NT=collision-induced dissociation;AC=MS:1000133	strain (wt, ΔascV mutant), growth phase (GP, SP), sample type (SN, pellet)	not available	6 ppm	0.5 Da	orbitrap	12Jun25_D1_12_PVB_i01.raw	v1.1.0	HAMLET-agentic v2.1.0	furunculosis
PXD000429-Sample-26	Aeromonas salmonicida	growth phase culture	furunculosis	not available	not available	not available	run 26	proteomic profiling by mass spectrometry	not available	label free sample	NT=LTQ Orbitrap XL;AC=MS:1000556	not available	not available	not available	not available	strain (wt, ΔascV mutant), growth phase (GP, SP), sample type (SN, pellet)	not available	6 ppm	0.5 Da	orbitrap	12Jun26_C1_17_PVB_i01.raw	v1.1.0	HAMLET-agentic v2.1.0	furunculosis
PXD000429-Sample-27	Aeromonas salmonicida	growth phase culture	furunculosis	not available	not available	not available	run 27	proteomic profiling by mass spectrometry	not available	label free sample	NT=LTQ Orbitrap XL;AC=MS:1000556	not available	not available	not available	NT=collision-induced dissociation;AC=MS:1000133	strain (wt, ΔascV mutant), growth phase (GP, SP), sample type (SN, pellet)	not available	6 ppm	0.5 Da	orbitrap	12Jun26_C1_23_PVB_i01.raw	v1.1.0	HAMLET-agentic v2.1.0	furunculosis
PXD000429-Sample-28	Aeromonas salmonicida	growth phase culture	furunculosis	not available	not available	not available	run 28	proteomic profiling by mass spectrometry	not available	label free sample	NT=LTQ Orbitrap XL;AC=MS:1000556	not available	not available	not available	not available	strain (wt, ΔascV mutant), growth phase (GP, SP), sample type (SN, pellet)	not available	6 ppm	0.5 Da	orbitrap	12Jun26_D1_20_PVB_i01.raw	v1.1.0	HAMLET-agentic v2.1.0	furunculosis
PXD000429-Sample-29	Aeromonas salmonicida	growth phase culture	furunculosis	not available	not available	not available	run 29	proteomic profiling by mass spectrometry	not available	label free sample	NT=LTQ Orbitrap XL;AC=MS:1000556	not available	not available	not available	NT=collision-induced dissociation;AC=MS:1000133	strain (wt, ΔascV mutant), growth phase (GP, SP), sample type (SN, pellet)	not available	6 ppm	0.5 Da	orbitrap	12Jun14_B2_17_PVB_i01.RAW	v1.1.0	HAMLET-agentic v2.1.0	furunculosis
PXD000429-Sample-30	Aeromonas salmonicida	growth phase culture	furunculosis	not available	not available	not available	run 30	proteomic profiling by mass spectrometry	not available	label free sample	NT=LTQ Orbitrap XL;AC=MS:1000556	not available	not available	not available	NT=collision-induced dissociation;AC=MS:1000133	strain (wt, ΔascV mutant), growth phase (GP, SP), sample type (SN, pellet)	not available	6 ppm	0.5 Da	orbitrap	12Jun20_D2_22_PVB_i01.RAW	v1.1.0	HAMLET-agentic v2.1.0	furunculosis
PXD000429-Sample-31	Aeromonas salmonicida	growth phase culture	furunculosis	not available	not available	not available	run 31	proteomic profiling by mass spectrometry	not available	label free sample	NT=LTQ Orbitrap XL;AC=MS:1000556	not available	not available	not available	NT=collision-induced dissociation;AC=MS:1000133	strain (wt, ΔascV mutant), growth phase (GP, SP), sample type (SN, pellet)	not available	6 ppm	0.5 Da	orbitrap	12Feb09_B8_PVB_i01.RAW	v1.1.0	HAMLET-agentic v2.1.0	furunculosis
PXD000429-Sample-32	Aeromonas salmonicida	growth phase culture	furunculosis	not available	not available	not available	run 32	proteomic profiling by mass spectrometry	not available	label free sample	NT=LTQ Orbitrap XL;AC=MS:1000556	not available	not available	not available	NT=collision-induced dissociation;AC=MS:1000133	strain (wt, ΔascV mutant), growth phase (GP, SP), sample type (SN, pellet)	not available	6 ppm	0.5 Da	orbitrap	12Jun15_A2_28_PVB_i01.RAW	v1.1.0	HAMLET-agentic v2.1.0	furunculosis
PXD000429-Sample-33	Aeromonas salmonicida	growth phase culture	furunculosis	not available	not available	not available	run 33	proteomic profiling by mass spectrometry	not available	label free sample	NT=LTQ Orbitrap XL;AC=MS:1000556	not available	not available	not available	NT=collision-induced dissociation;AC=MS:1000133	strain (wt, ΔascV mutant), growth phase (GP, SP), sample type (SN, pellet)	not available	6 ppm	0.5 Da	orbitrap	12Jun22_D1_3_PVB_i01.RAW	v1.1.0	HAMLET-agentic v2.1.0	furunculosis
PXD000429-Sample-34	Aeromonas salmonicida	growth phase culture	furunculosis	not available	not available	not available	run 34	proteomic profiling by mass spectrometry	not available	label free sample	NT=LTQ Orbitrap XL;AC=MS:1000556	not available	not available	not available	NT=collision-induced dissociation;AC=MS:1000133	strain (wt, ΔascV mutant), growth phase (GP, SP), sample type (SN, pellet)	not available	6 ppm	0.5 Da	orbitrap	12Jun20_C2_22_PVB_i01.RAW	v1.1.0	HAMLET-agentic v2.1.0	furunculosis
PXD000429-Sample-35	Aeromonas salmonicida	growth phase culture	furunculosis	not available	not available	not available	run 35	proteomic profiling by mass spectrometry	not available	label free sample	NT=LTQ Orbitrap XL;AC=MS:1000556	not available	not available	not available	NT=collision-induced dissociation;AC=MS:1000133	strain (wt, ΔascV mutant), growth phase (GP, SP), sample type (SN, pellet)	not available	6 ppm	0.5 Da	orbitrap	12Feb09_B9_PVB_i01.RAW	v1.1.0	HAMLET-agentic v2.1.0	furunculosis
PXD000429-Sample-36	Aeromonas salmonicida	growth phase culture	furunculosis	not available	not available	not available	run 36	proteomic profiling by mass spectrometry	not available	label free sample	NT=LTQ Orbitrap XL;AC=MS:1000556	not available	not available	not available	NT=collision-induced dissociation;AC=MS:1000133	strain (wt, ΔascV mutant), growth phase (GP, SP), sample type (SN, pellet)	not available	6 ppm	0.5 Da	orbitrap	12Jul04_D1_36_PVB_i01.RAW	v1.1.0	HAMLET-agentic v2.1.0	furunculosis
PXD000429-Sample-37	Aeromonas salmonicida	growth phase culture	furunculosis	not available	not available	not available	run 37	proteomic profiling by mass spectrometry	not available	label free sample	NT=LTQ Orbitrap XL;AC=MS:1000556	not available	not available	not available	NT=collision-induced dissociation;AC=MS:1000133	strain (wt, ΔascV mutant), growth phase (GP, SP), sample type (SN, pellet)	not available	6 ppm	0.5 Da	orbitrap	12Jun13_A2_10_PVB_i01.RAW	v1.1.0	HAMLET-agentic v2.1.0	furunculosis
PXD000429-Sample-38	Aeromonas salmonicida	growth phase culture	furunculosis	not available	not available	not available	run 38	proteomic profiling by mass spectrometry	not available	label free sample	NT=LTQ Orbitrap XL;AC=MS:1000556	not available	not available	not available	NT=collision-induced dissociation;AC=MS:1000133	strain (wt, ΔascV mutant), growth phase (GP, SP), sample type (SN, pellet)	not available	6 ppm	0.5 Da	orbitrap	12Jun20_D2_18_PVB_i01.RAW	v1.1.0	HAMLET-agentic v2.1.0	furunculosis
PXD000429-Sample-39	Aeromonas salmonicida	growth phase culture	furunculosis	not available	not available	not available	run 39	proteomic profiling by mass spectrometry	not available	label free sample	NT=LTQ Orbitrap XL;AC=MS:1000556	not available	not available	not available	NT=collision-induced dissociation;AC=MS:1000133	strain (wt, ΔascV mutant), growth phase (GP, SP), sample type (SN, pellet)	not available	6 ppm	0.5 Da	orbitrap	12Jun20_D2_21_PVB_i01.RAW	v1.1.0	HAMLET-agentic v2.1.0	furunculosis
PXD000429-Sample-40	Aeromonas salmonicida	growth phase culture	furunculosis	not available	not available	not available	run 40	proteomic profiling by mass spectrometry	not available	label free sample	NT=LTQ Orbitrap XL;AC=MS:1000556	not available	not available	not available	NT=collision-induced dissociation;AC=MS:1000133	strain (wt, ΔascV mutant), growth phase (GP, SP), sample type (SN, pellet)	not available	6 ppm	0.5 Da	orbitrap	12Jul03_D1_32_PVB_i01.RAW	v1.1.0	HAMLET-agentic v2.1.0	furunculosis
PXD000429-Sample-41	Aeromonas salmonicida	growth phase culture	furunculosis	not available	not available	not available	run 41	proteomic profiling by mass spectrometry	not available	label free sample	NT=LTQ Orbitrap XL;AC=MS:1000556	not available	not available	not available	NT=collision-induced dissociation;AC=MS:1000133	strain (wt, ΔascV mutant), growth phase (GP, SP), sample type (SN, pellet)	not available	6 ppm	0.5 Da	orbitrap	12Jul04_C1_36_PVB_i01.RAW	v1.1.0	HAMLET-agentic v2.1.0	furunculosis
PXD000429-Sample-42	Aeromonas salmonicida	growth phase culture	furunculosis	not available	not available	not available	run 42	proteomic profiling by mass spectrometry	not available	label free sample	NT=LTQ Orbitrap XL;AC=MS:1000556	not available	not available	not available	NT=collision-induced dissociation;AC=MS:1000133	strain (wt, ΔascV mutant), growth phase (GP, SP), sample type (SN, pellet)	not available	6 ppm	0.5 Da	orbitrap	12Jun21_C2_24_PVB_i01.RAW	v1.1.0	HAMLET-agentic v2.1.0	furunculosis
PXD000429-Sample-43	Aeromonas salmonicida	growth phase culture	furunculosis	not available	not available	not available	run 43	proteomic profiling by mass spectrometry	not available	label free sample	NT=LTQ Orbitrap XL;AC=MS:1000556	not available	not available	not available	NT=collision-induced dissociation;AC=MS:1000133	strain (wt, ΔascV mutant), growth phase (GP, SP), sample type (SN, pellet)	not available	6 ppm	0.5 Da	orbitrap	12Jun20_D2_23_PVB_i01.RAW	v1.1.0	HAMLET-agentic v2.1.0	furunculosis
PXD000429-Sample-44	Aeromonas salmonicida	growth phase culture	furunculosis	not available	not available	not available	run 44	proteomic profiling by mass spectrometry	not available	label free sample	NT=LTQ Orbitrap XL;AC=MS:1000556	not available	not available	not available	NT=collision-induced dissociation;AC=MS:1000133	strain (wt, ΔascV mutant), growth phase (GP, SP), sample type (SN, pellet)	not available	6 ppm	0.5 Da	orbitrap	12Jun19_D2_16_PVB_i01.RAW	v1.1.0	HAMLET-agentic v2.1.0	furunculosis
PXD000429-Sample-45	Aeromonas salmonicida	growth phase culture	furunculosis	not available	not available	not available	run 45	proteomic profiling by mass spectrometry	not available	label free sample	NT=LTQ Orbitrap XL;AC=MS:1000556	not available	not available	not available	NT=collision-induced dissociation;AC=MS:1000133	strain (wt, ΔascV mutant), growth phase (GP, SP), sample type (SN, pellet)	not available	6 ppm	0.5 Da	orbitrap	12Jun14_A2_21_PVB_i01.RAW	v1.1.0	HAMLET-agentic v2.1.0	furunculosis
PXD000429-Sample-46	Aeromonas salmonicida	growth phase culture	furunculosis	not available	not available	not available	run 46	proteomic profiling by mass spectrometry	not available	label free sample	NT=LTQ Orbitrap XL;AC=MS:1000556	not available	not available	not available	NT=collision-induced dissociation;AC=MS:1000133	strain (wt, ΔascV mutant), growth phase (GP, SP), sample type (SN, pellet)	not available	6 ppm	0.5 Da	orbitrap	12Feb07_B19_PVB_i01.RAW	v1.1.0	HAMLET-agentic v2.1.0	furunculosis
PXD000429-Sample-47	Aeromonas salmonicida	growth phase culture	furunculosis	not available	not available	not available	run 47	proteomic profiling by mass spectrometry	not available	label free sample	NT=LTQ Orbitrap XL;AC=MS:1000556	not available	not available	not available	NT=collision-induced dissociation;AC=MS:1000133	strain (wt, ΔascV mutant), growth phase (GP, SP), sample type (SN, pellet)	not available	6 ppm	0.5 Da	orbitrap	12Jun26_D1_18_PVB_i01.RAW	v1.1.0	HAMLET-agentic v2.1.0	furunculosis
PXD000429-Sample-48	Aeromonas salmonicida	growth phase culture	furunculosis	not available	not available	not available	run 48	proteomic profiling by mass spectrometry	not available	label free sample	NT=LTQ Orbitrap XL;AC=MS:1000556	not available	not available	not available	NT=collision-induced dissociation;AC=MS:1000133	strain (wt, ΔascV mutant), growth phase (GP, SP), sample type (SN, pellet)	not available	6 ppm	0.5 Da	orbitrap	12Jun12_A2_5_PVB_i01.RAW	v1.1.0	HAMLET-agentic v2.1.0	furunculosis
PXD000429-Sample-49	Aeromonas salmonicida	growth phase culture	furunculosis	not available	not available	not available	run 49	proteomic profiling by mass spectrometry	not available	label free sample	NT=LTQ Orbitrap XL;AC=MS:1000556	not available	not available	not available	NT=collision-induced dissociation;AC=MS:1000133	strain (wt, ΔascV mutant), growth phase (GP, SP), sample type (SN, pellet)	not available	6 ppm	0.5 Da	orbitrap	12Jul03_C1_32_PVB_i01.RAW	v1.1.0	HAMLET-agentic v2.1.0	furunculosis
PXD000429-Sample-50	Aeromonas salmonicida	growth phase culture	furunculosis	not available	not available	not available	run 50	proteomic profiling by mass spectrometry	not available	label free sample	NT=LTQ Orbitrap XL;AC=MS:1000556	not available	not available	not available	NT=collision-induced dissociation;AC=MS:1000133	strain (wt, ΔascV mutant), growth phase (GP, SP), sample type (SN, pellet)	not available	6 ppm	0.5 Da	orbitrap	12Jun15_B2_29_PVB_i01.RAW	v1.1.0	HAMLET-agentic v2.1.0	furunculosis
PXD000429-Sample-51	Aeromonas salmonicida	growth phase culture	furunculosis	not available	not available	not available	run 51	proteomic profiling by mass spectrometry	not available	label free sample	NT=LTQ Orbitrap XL;AC=MS:1000556	not available	not available	not available	NT=collision-induced dissociation;AC=MS:1000133	strain (wt, ΔascV mutant), growth phase (GP, SP), sample type (SN, pellet)	not available	6 ppm	0.5 Da	orbitrap	12Jun13_B2_8_PVB_i01.RAW	v1.1.0	HAMLET-agentic v2.1.0	furunculosis
PXD000429-Sample-52	Aeromonas salmonicida	growth phase culture	furunculosis	not available	not available	not available	run 52	proteomic profiling by mass spectrometry	not available	label free sample	NT=LTQ Orbitrap XL;AC=MS:1000556	not available	not available	not available	NT=collision-induced dissociation;AC=MS:1000133	strain (wt, ΔascV mutant), growth phase (GP, SP), sample type (SN, pellet)	not available	6 ppm	0.5 Da	orbitrap	12Jun21_C2_28_PVB_i01.RAW	v1.1.0	HAMLET-agentic v2.1.0	furunculosis
PXD000429-Sample-53	Aeromonas salmonicida	growth phase culture	furunculosis	not available	not available	not available	run 53	proteomic profiling by mass spectrometry	not available	label free sample	NT=LTQ Orbitrap XL;AC=MS:1000556	not available	not available	not available	NT=collision-induced dissociation;AC=MS:1000133	strain (wt, ΔascV mutant), growth phase (GP, SP), sample type (SN, pellet)	not available	6 ppm	0.5 Da	orbitrap	12Feb08_A12_PVB_i01.RAW	v1.1.0	HAMLET-agentic v2.1.0	furunculosis
PXD000429-Sample-54	Aeromonas salmonicida	growth phase culture	furunculosis	not available	not available	not available	run 54	proteomic profiling by mass spectrometry	not available	label free sample	NT=LTQ Orbitrap XL;AC=MS:1000556	not available	not available	not available	NT=collision-induced dissociation;AC=MS:1000133	strain (wt, ΔascV mutant), growth phase (GP, SP), sample type (SN, pellet)	not available	6 ppm	0.5 Da	orbitrap	12Feb08_B16_PVB_i01.RAW	v1.1.0	HAMLET-agentic v2.1.0	furunculosis
PXD000429-Sample-55	Aeromonas salmonicida	growth phase culture	furunculosis	not available	not available	not available	run 55	proteomic profiling by mass spectrometry	not available	label free sample	NT=LTQ Orbitrap XL;AC=MS:1000556	not available	not available	not available	NT=collision-induced dissociation;AC=MS:1000133	strain (wt, ΔascV mutant), growth phase (GP, SP), sample type (SN, pellet)	not available	6 ppm	0.5 Da	orbitrap	12Feb09_B6_PVB_i01.RAW	v1.1.0	HAMLET-agentic v2.1.0	furunculosis
PXD000429-Sample-56	Aeromonas salmonicida	growth phase culture	furunculosis	not available	not available	not available	run 56	proteomic profiling by mass spectrometry	not available	label free sample	NT=LTQ Orbitrap XL;AC=MS:1000556	not available	not available	not available	NT=collision-induced dissociation;AC=MS:1000133	strain (wt, ΔascV mutant), growth phase (GP, SP), sample type (SN, pellet)	not available	6 ppm	0.5 Da	orbitrap	12Jun20_C2_19_PVB_i01.RAW	v1.1.0	HAMLET-agentic v2.1.0	furunculosis
PXD000429-Sample-57	Aeromonas salmonicida	growth phase culture	furunculosis	not available	not available	not available	run 57	proteomic profiling by mass spectrometry	not available	label free sample	NT=LTQ Orbitrap XL;AC=MS:1000556	not available	not available	not available	NT=collision-induced dissociation;AC=MS:1000133	strain (wt, ΔascV mutant), growth phase (GP, SP), sample type (SN, pellet)	not available	6 ppm	0.5 Da	orbitrap	12Jun15_A2_25_PVB_i01.RAW	v1.1.0	HAMLET-agentic v2.1.0	furunculosis
PXD000429-Sample-58	Aeromonas salmonicida	growth phase culture	furunculosis	not available	not available	not available	run 58	proteomic profiling by mass spectrometry	not available	label free sample	NT=LTQ Orbitrap XL;AC=MS:1000556	not available	not available	not available	NT=collision-induced dissociation;AC=MS:1000133	strain (wt, ΔascV mutant), growth phase (GP, SP), sample type (SN, pellet)	not available	6 ppm	0.5 Da	orbitrap	12Jun14_A2_15_PVB_i01.RAW	v1.1.0	HAMLET-agentic v2.1.0	furunculosis
PXD000429-Sample-59	Aeromonas salmonicida	growth phase culture	furunculosis	not available	not available	not available	run 59	proteomic profiling by mass spectrometry	not available	label free sample	NT=LTQ Orbitrap XL;AC=MS:1000556	not available	not available	not available	NT=collision-induced dissociation;AC=MS:1000133	strain (wt, ΔascV mutant), growth phase (GP, SP), sample type (SN, pellet)	not available	6 ppm	0.5 Da	orbitrap	12Jun18_D2_2_PVB_i01.RAW	v1.1.0	HAMLET-agentic v2.1.0	furunculosis
PXD000429-Sample-60	Aeromonas salmonicida	growth phase culture	furunculosis	not available	not available	not available	run 60	proteomic profiling by mass spectrometry	not available	label free sample	NT=LTQ Orbitrap XL;AC=MS:1000556	not available	not available	not available	NT=collision-induced dissociation;AC=MS:1000133	strain (wt, ΔascV mutant), growth phase (GP, SP), sample type (SN, pellet)	not available	6 ppm	0.5 Da	orbitrap	12Feb07_B22_PVB_i01.RAW	v1.1.0	HAMLET-agentic v2.1.0	furunculosis
PXD000429-Sample-61	Aeromonas salmonicida	growth phase culture	furunculosis	not available	not available	not available	run 61	proteomic profiling by mass spectrometry	not available	label free sample	NT=LTQ Orbitrap XL;AC=MS:1000556	not available	not available	not available	NT=collision-induced dissociation;AC=MS:1000133	strain (wt, ΔascV mutant), growth phase (GP, SP), sample type (SN, pellet)	not available	6 ppm	0.5 Da	orbitrap	12Feb07_A19_PVB_i01.RAW	v1.1.0	HAMLET-agentic v2.1.0	furunculosis
PXD000429-Sample-62	Aeromonas salmonicida	growth phase culture	furunculosis	not available	not available	not available	run 62	proteomic profiling by mass spectrometry	not available	label free sample	NT=LTQ Orbitrap XL;AC=MS:1000556	not available	not available	not available	NT=collision-induced dissociation;AC=MS:1000133	strain (wt, ΔascV mutant), growth phase (GP, SP), sample type (SN, pellet)	not available	6 ppm	0.5 Da	orbitrap	12Jun26_D1_19_PVB_i01.RAW	v1.1.0	HAMLET-agentic v2.1.0	furunculosis
PXD000429-Sample-63	Aeromonas salmonicida	growth phase culture	furunculosis	not available	not available	not available	run 63	proteomic profiling by mass spectrometry	not available	label free sample	NT=LTQ Orbitrap XL;AC=MS:1000556	not available	not available	not available	NT=collision-induced dissociation;AC=MS:1000133	strain (wt, ΔascV mutant), growth phase (GP, SP), sample type (SN, pellet)	not available	6 ppm	0.5 Da	orbitrap	12Jun22_C1_5_PVB_i01.RAW	v1.1.0	HAMLET-agentic v2.1.0	furunculosis
PXD000429-Sample-64	Aeromonas salmonicida	growth phase culture	furunculosis	not available	not available	not available	run 64	proteomic profiling by mass spectrometry	not available	label free sample	NT=LTQ Orbitrap XL;AC=MS:1000556	not available	not available	not available	NT=collision-induced dissociation;AC=MS:1000133	strain (wt, ΔascV mutant), growth phase (GP, SP), sample type (SN, pellet)	not available	6 ppm	0.5 Da	orbitrap	12Feb06_B1_PVB_i01.RAW	v1.1.0	HAMLET-agentic v2.1.0	furunculosis
PXD000429-Sample-65	Aeromonas salmonicida	growth phase culture	furunculosis	not available	not available	not available	run 65	proteomic profiling by mass spectrometry	not available	label free sample	NT=LTQ Orbitrap XL;AC=MS:1000556	not available	not available	not available	NT=collision-induced dissociation;AC=MS:1000133	strain (wt, ΔascV mutant), growth phase (GP, SP), sample type (SN, pellet)	not available	6 ppm	0.5 Da	orbitrap	12Feb08_B18_PVB_i01.RAW	v1.1.0	HAMLET-agentic v2.1.0	furunculosis
PXD000429-Sample-66	Aeromonas salmonicida	growth phase culture	furunculosis	not available	not available	not available	run 66	proteomic profiling by mass spectrometry	not available	label free sample	NT=LTQ Orbitrap XL;AC=MS:1000556	not available	not available	not available	NT=collision-induced dissociation;AC=MS:1000133	strain (wt, ΔascV mutant), growth phase (GP, SP), sample type (SN, pellet)	not available	6 ppm	0.5 Da	orbitrap	12Jun22_C1_3_PVB_i01.RAW	v1.1.0	HAMLET-agentic v2.1.0	furunculosis
PXD000429-Sample-67	Aeromonas salmonicida	growth phase culture	furunculosis	not available	not available	not available	run 67	proteomic profiling by mass spectrometry	not available	label free sample	NT=LTQ Orbitrap XL;AC=MS:1000556	not available	not available	not available	NT=collision-induced dissociation;AC=MS:1000133	strain (wt, ΔascV mutant), growth phase (GP, SP), sample type (SN, pellet)	not available	6 ppm	0.5 Da	orbitrap	12Jun12_B2_5_PVB_i01.RAW	v1.1.0	HAMLET-agentic v2.1.0	furunculosis
PXD000429-Sample-68	Aeromonas salmonicida	growth phase culture	furunculosis	not available	not available	not available	run 68	proteomic profiling by mass spectrometry	not available	label free sample	NT=LTQ Orbitrap XL;AC=MS:1000556	not available	not available	not available	NT=collision-induced dissociation;AC=MS:1000133	strain (wt, ΔascV mutant), growth phase (GP, SP), sample type (SN, pellet)	not available	6 ppm	0.5 Da	orbitrap	12Jun25_D1_14_PVB_i01.RAW	v1.1.0	HAMLET-agentic v2.1.0	furunculosis
PXD000429-Sample-69	Aeromonas salmonicida	growth phase culture	furunculosis	not available	not available	not available	run 69	proteomic profiling by mass spectrometry	not available	label free sample	NT=LTQ Orbitrap XL;AC=MS:1000556	not available	not available	not available	NT=collision-induced dissociation;AC=MS:1000133	strain (wt, ΔascV mutant), growth phase (GP, SP), sample type (SN, pellet)	not available	6 ppm	0.5 Da	orbitrap	12Jun13_B2_12_PVB_i01.RAW	v1.1.0	HAMLET-agentic v2.1.0	furunculosis
PXD000429-Sample-70	Aeromonas salmonicida	growth phase culture	furunculosis	not available	not available	not available	run 70	proteomic profiling by mass spectrometry	not available	label free sample	NT=LTQ Orbitrap XL;AC=MS:1000556	not available	not available	not available	NT=collision-induced dissociation;AC=MS:1000133	strain (wt, ΔascV mutant), growth phase (GP, SP), sample type (SN, pellet)	not available	6 ppm	0.5 Da	orbitrap	12Jun25_D1_11_PVB_i01.RAW	v1.1.0	HAMLET-agentic v2.1.0	furunculosis
PXD000429-Sample-71	Aeromonas salmonicida	growth phase culture	furunculosis	not available	not available	not available	run 71	proteomic profiling by mass spectrometry	not available	label free sample	NT=LTQ Orbitrap XL;AC=MS:1000556	not available	not available	not available	NT=collision-induced dissociation;AC=MS:1000133	strain (wt, ΔascV mutant), growth phase (GP, SP), sample type (SN, pellet)	not available	6 ppm	0.5 Da	orbitrap	12Jul03_D1_29_PVB_i01.RAW	v1.1.0	HAMLET-agentic v2.1.0	furunculosis
PXD000429-Sample-72	Aeromonas salmonicida	growth phase culture	furunculosis	not available	not available	not available	run 72	proteomic profiling by mass spectrometry	not available	label free sample	NT=LTQ Orbitrap XL;AC=MS:1000556	not available	not available	not available	NT=collision-induced dissociation;AC=MS:1000133	strain (wt, ΔascV mutant), growth phase (GP, SP), sample type (SN, pellet)	not available	6 ppm	0.5 Da	orbitrap	12Jun12_B2_4_PVB_i01.RAW	v1.1.0	HAMLET-agentic v2.1.0	furunculosis
PXD000429-Sample-73	Aeromonas salmonicida	growth phase culture	furunculosis	not available	not available	not available	run 73	proteomic profiling by mass spectrometry	not available	label free sample	NT=LTQ Orbitrap XL;AC=MS:1000556	not available	not available	not available	NT=collision-induced dissociation;AC=MS:1000133	strain (wt, ΔascV mutant), growth phase (GP, SP), sample type (SN, pellet)	not available	6 ppm	0.5 Da	orbitrap	12Jun15_A2_24_PVB_i01.RAW	v1.1.0	HAMLET-agentic v2.1.0	furunculosis
PXD000429-Sample-74	Aeromonas salmonicida	growth phase culture	furunculosis	not available	not available	not available	run 74	proteomic profiling by mass spectrometry	not available	label free sample	NT=LTQ Orbitrap XL;AC=MS:1000556	not available	not available	not available	NT=collision-induced dissociation;AC=MS:1000133	strain (wt, ΔascV mutant), growth phase (GP, SP), sample type (SN, pellet)	not available	6 ppm	0.5 Da	orbitrap	12Jun15_A2_26_PVB_i01.RAW	v1.1.0	HAMLET-agentic v2.1.0	furunculosis
PXD000429-Sample-75	Aeromonas salmonicida	growth phase culture	furunculosis	not available	not available	not available	run 75	proteomic profiling by mass spectrometry	not available	label free sample	NT=LTQ Orbitrap XL;AC=MS:1000556	not available	not available	not available	NT=collision-induced dissociation;AC=MS:1000133	strain (wt, ΔascV mutant), growth phase (GP, SP), sample type (SN, pellet)	not available	6 ppm	0.5 Da	orbitrap	12Feb09_A11_PVB_i01.RAW	v1.1.0	HAMLET-agentic v2.1.0	furunculosis
PXD000429-Sample-76	Aeromonas salmonicida	growth phase culture	furunculosis	not available	not available	not available	run 76	proteomic profiling by mass spectrometry	not available	label free sample	NT=LTQ Orbitrap XL;AC=MS:1000556	not available	not available	not available	NT=collision-induced dissociation;AC=MS:1000133	strain (wt, ΔascV mutant), growth phase (GP, SP), sample type (SN, pellet)	not available	6 ppm	0.5 Da	orbitrap	12Jun14_B2_15_PVB_i01.RAW	v1.1.0	HAMLET-agentic v2.1.0	furunculosis
PXD000429-Sample-77	Aeromonas salmonicida	growth phase culture	furunculosis	not available	not available	not available	run 77	proteomic profiling by mass spectrometry	not available	label free sample	NT=LTQ Orbitrap XL;AC=MS:1000556	not available	not available	not available	NT=collision-induced dissociation;AC=MS:1000133	strain (wt, ΔascV mutant), growth phase (GP, SP), sample type (SN, pellet)	not available	6 ppm	0.5 Da	orbitrap	12Jun22_D1_8_PVB_i01.RAW	v1.1.0	HAMLET-agentic v2.1.0	furunculosis
PXD000429-Sample-78	Aeromonas salmonicida	growth phase culture	furunculosis	not available	not available	not available	run 78	proteomic profiling by mass spectrometry	not available	label free sample	NT=LTQ Orbitrap XL;AC=MS:1000556	not available	not available	not available	NT=collision-induced dissociation;AC=MS:1000133	strain (wt, ΔascV mutant), growth phase (GP, SP), sample type (SN, pellet)	not available	6 ppm	0.5 Da	orbitrap	12Jul03_D1_28_PVB_i01.RAW	v1.1.0	HAMLET-agentic v2.1.0	furunculosis
PXD000429-Sample-79	Aeromonas salmonicida	growth phase culture	furunculosis	not available	not available	not available	run 79	proteomic profiling by mass spectrometry	not available	label free sample	NT=LTQ Orbitrap XL;AC=MS:1000556	not available	not available	not available	NT=collision-induced dissociation;AC=MS:1000133	strain (wt, ΔascV mutant), growth phase (GP, SP), sample type (SN, pellet)	not available	6 ppm	0.5 Da	orbitrap	12Jun15_B2_28_PVB_i01.RAW	v1.1.0	HAMLET-agentic v2.1.0	furunculosis
PXD000429-Sample-80	Aeromonas salmonicida	growth phase culture	furunculosis	not available	not available	not available	run 80	proteomic profiling by mass spectrometry	not available	label free sample	NT=LTQ Orbitrap XL;AC=MS:1000556	not available	not available	not available	NT=collision-induced dissociation;AC=MS:1000133	strain (wt, ΔascV mutant), growth phase (GP, SP), sample type (SN, pellet)	not available	6 ppm	0.5 Da	orbitrap	12Jun25_C1_12_PVB_i01.RAW	v1.1.0	HAMLET-agentic v2.1.0	furunculosis
PXD000429-Sample-81	Aeromonas salmonicida	growth phase culture	furunculosis	not available	not available	not available	run 81	proteomic profiling by mass spectrometry	not available	label free sample	NT=LTQ Orbitrap XL;AC=MS:1000556	not available	not available	not available	NT=collision-induced dissociation;AC=MS:1000133	strain (wt, ΔascV mutant), growth phase (GP, SP), sample type (SN, pellet)	not available	6 ppm	0.5 Da	orbitrap	12Jul04_C1_33_PVB_i01.RAW	v1.1.0	HAMLET-agentic v2.1.0	furunculosis
PXD000429-Sample-82	Aeromonas salmonicida	growth phase culture	furunculosis	not available	not available	not available	run 82	proteomic profiling by mass spectrometry	not available	label free sample	NT=LTQ Orbitrap XL;AC=MS:1000556	not available	not available	not available	NT=collision-induced dissociation;AC=MS:1000133	strain (wt, ΔascV mutant), growth phase (GP, SP), sample type (SN, pellet)	not available	6 ppm	0.5 Da	orbitrap	12Feb07_A22_PVB_i01.RAW	v1.1.0	HAMLET-agentic v2.1.0	furunculosis
PXD000429-Sample-83	Aeromonas salmonicida	growth phase culture	furunculosis	not available	not available	not available	run 83	proteomic profiling by mass spectrometry	not available	label free sample	NT=LTQ Orbitrap XL;AC=MS:1000556	not available	not available	not available	NT=collision-induced dissociation;AC=MS:1000133	strain (wt, ΔascV mutant), growth phase (GP, SP), sample type (SN, pellet)	not available	6 ppm	0.5 Da	orbitrap	12Jun25_D1_9_PVB_i01.RAW	v1.1.0	HAMLET-agentic v2.1.0	furunculosis
PXD000429-Sample-84	Aeromonas salmonicida	growth phase culture	furunculosis	not available	not available	not available	run 84	proteomic profiling by mass spectrometry	not available	label free sample	NT=LTQ Orbitrap XL;AC=MS:1000556	not available	not available	not available	NT=collision-induced dissociation;AC=MS:1000133	strain (wt, ΔascV mutant), growth phase (GP, SP), sample type (SN, pellet)	not available	6 ppm	0.5 Da	orbitrap	12Jun19_C2_12_PVB_i01.RAW	v1.1.0	HAMLET-agentic v2.1.0	furunculosis
PXD000429-Sample-85	Aeromonas salmonicida	growth phase culture	furunculosis	not available	not available	not available	run 85	proteomic profiling by mass spectrometry	not available	label free sample	NT=LTQ Orbitrap XL;AC=MS:1000556	not available	not available	not available	NT=collision-induced dissociation;AC=MS:1000133	strain (wt, ΔascV mutant), growth phase (GP, SP), sample type (SN, pellet)	not available	6 ppm	0.5 Da	orbitrap	12Jun15_B2_24_PVB_i01.RAW	v1.1.0	HAMLET-agentic v2.1.0	furunculosis
PXD000429-Sample-86	Aeromonas salmonicida	growth phase culture	furunculosis	not available	not available	not available	run 86	proteomic profiling by mass spectrometry	not available	label free sample	NT=LTQ Orbitrap XL;AC=MS:1000556	not available	not available	not available	NT=collision-induced dissociation;AC=MS:1000133	strain (wt, ΔascV mutant), growth phase (GP, SP), sample type (SN, pellet)	not available	6 ppm	0.5 Da	orbitrap	12Jul03_C1_29_PVB_i01.RAW	v1.1.0	HAMLET-agentic v2.1.0	furunculosis
PXD000429-Sample-87	Aeromonas salmonicida	growth phase culture	furunculosis	not available	not available	not available	run 87	proteomic profiling by mass spectrometry	not available	label free sample	NT=LTQ Orbitrap XL;AC=MS:1000556	not available	not available	not available	NT=collision-induced dissociation;AC=MS:1000133	strain (wt, ΔascV mutant), growth phase (GP, SP), sample type (SN, pellet)	not available	6 ppm	0.5 Da	orbitrap	12Jun15_B2_22_PVB_i01.RAW	v1.1.0	HAMLET-agentic v2.1.0	furunculosis
PXD000429-Sample-88	Aeromonas salmonicida	growth phase culture	furunculosis	not available	not available	not available	run 88	proteomic profiling by mass spectrometry	not available	label free sample	NT=LTQ Orbitrap XL;AC=MS:1000556	not available	not available	not available	NT=collision-induced dissociation;AC=MS:1000133	strain (wt, ΔascV mutant), growth phase (GP, SP), sample type (SN, pellet)	not available	6 ppm	0.5 Da	orbitrap	12Jul04_D1_38_PVB_i01.RAW	v1.1.0	HAMLET-agentic v2.1.0	furunculosis
PXD000429-Sample-89	Aeromonas salmonicida	growth phase culture	furunculosis	not available	not available	not available	run 89	proteomic profiling by mass spectrometry	not available	label free sample	NT=LTQ Orbitrap XL;AC=MS:1000556	not available	not available	not available	NT=collision-induced dissociation;AC=MS:1000133	strain (wt, ΔascV mutant), growth phase (GP, SP), sample type (SN, pellet)	not available	6 ppm	0.5 Da	orbitrap	12Jun19_C2_9_PVB_i01.RAW	v1.1.0	HAMLET-agentic v2.1.0	furunculosis
PXD000429-Sample-90	Aeromonas salmonicida	growth phase culture	furunculosis	not available	not available	not available	run 90	proteomic profiling by mass spectrometry	not available	label free sample	NT=LTQ Orbitrap XL;AC=MS:1000556	not available	not available	not available	NT=collision-induced dissociation;AC=MS:1000133	strain (wt, ΔascV mutant), growth phase (GP, SP), sample type (SN, pellet)	not available	6 ppm	0.5 Da	orbitrap	12Feb08_A15_PVB_i01.RAW	v1.1.0	HAMLET-agentic v2.1.0	furunculosis
PXD000429-Sample-91	Aeromonas salmonicida	growth phase culture	furunculosis	not available	not available	not available	run 91	proteomic profiling by mass spectrometry	not available	label free sample	NT=LTQ Orbitrap XL;AC=MS:1000556	not available	not available	not available	NT=collision-induced dissociation;AC=MS:1000133	strain (wt, ΔascV mutant), growth phase (GP, SP), sample type (SN, pellet)	not available	6 ppm	0.5 Da	orbitrap	12Jun25_C1_9_PVB_i01.RAW	v1.1.0	HAMLET-agentic v2.1.0	furunculosis
PXD000429-Sample-92	Aeromonas salmonicida	growth phase culture	furunculosis	not available	not available	not available	run 92	proteomic profiling by mass spectrometry	not available	label free sample	NT=LTQ Orbitrap XL;AC=MS:1000556	not available	not available	not available	NT=collision-induced dissociation;AC=MS:1000133	strain (wt, ΔascV mutant), growth phase (GP, SP), sample type (SN, pellet)	not available	6 ppm	0.5 Da	orbitrap	12Jun19_D2_13_PVB_i01.RAW	v1.1.0	HAMLET-agentic v2.1.0	furunculosis
PXD000429-Sample-93	Aeromonas salmonicida	growth phase culture	furunculosis	not available	not available	not available	run 93	proteomic profiling by mass spectrometry	not available	label free sample	NT=LTQ Orbitrap XL;AC=MS:1000556	not available	not available	not available	NT=collision-induced dissociation;AC=MS:1000133	strain (wt, ΔascV mutant), growth phase (GP, SP), sample type (SN, pellet)	not available	6 ppm	0.5 Da	orbitrap	12Feb06_B2_PVB_i01.RAW	v1.1.0	HAMLET-agentic v2.1.0	furunculosis
PXD000429-Sample-94	Aeromonas salmonicida	growth phase culture	furunculosis	not available	not available	not available	run 94	proteomic profiling by mass spectrometry	not available	label free sample	NT=LTQ Orbitrap XL;AC=MS:1000556	not available	not available	not available	NT=collision-induced dissociation;AC=MS:1000133	strain (wt, ΔascV mutant), growth phase (GP, SP), sample type (SN, pellet)	not available	6 ppm	0.5 Da	orbitrap	12Jun19_D2_10_PVB_i01.RAW	v1.1.0	HAMLET-agentic v2.1.0	furunculosis
PXD000429-Sample-95	Aeromonas salmonicida	growth phase culture	furunculosis	not available	not available	not available	run 95	proteomic profiling by mass spectrometry	not available	label free sample	NT=LTQ Orbitrap XL;AC=MS:1000556	not available	not available	not available	NT=collision-induced dissociation;AC=MS:1000133	strain (wt, ΔascV mutant), growth phase (GP, SP), sample type (SN, pellet)	not available	6 ppm	0.5 Da	orbitrap	12Jul03_C1_28_PVB_i01.RAW	v1.1.0	HAMLET-agentic v2.1.0	furunculosis
PXD000429-Sample-96	Aeromonas salmonicida	growth phase culture	furunculosis	not available	not available	not available	run 96	proteomic profiling by mass spectrometry	not available	label free sample	NT=LTQ Orbitrap XL;AC=MS:1000556	not available	not available	not available	NT=collision-induced dissociation;AC=MS:1000133	strain (wt, ΔascV mutant), growth phase (GP, SP), sample type (SN, pellet)	not available	6 ppm	0.5 Da	orbitrap	12Jun19_C2_11_PVB_i01.RAW	v1.1.0	HAMLET-agentic v2.1.0	furunculosis
PXD000429-Sample-97	Aeromonas salmonicida	growth phase culture	furunculosis	not available	not available	not available	run 97	proteomic profiling by mass spectrometry	not available	label free sample	NT=LTQ Orbitrap XL;AC=MS:1000556	not available	not available	not available	NT=collision-induced dissociation;AC=MS:1000133	strain (wt, ΔascV mutant), growth phase (GP, SP), sample type (SN, pellet)	not available	6 ppm	0.5 Da	orbitrap	12Jun15_A2_22_PVB_i01.RAW	v1.1.0	HAMLET-agentic v2.1.0	furunculosis
PXD000429-Sample-98	Aeromonas salmonicida	growth phase culture	furunculosis	not available	not available	not available	run 98	proteomic profiling by mass spectrometry	not available	label free sample	NT=LTQ Orbitrap XL;AC=MS:1000556	not available	not available	not available	NT=collision-induced dissociation;AC=MS:1000133	strain (wt, ΔascV mutant), growth phase (GP, SP), sample type (SN, pellet)	not available	6 ppm	0.5 Da	orbitrap	12Feb08_A13_PVB_i01.RAW	v1.1.0	HAMLET-agentic v2.1.0	furunculosis
PXD000429-Sample-99	Aeromonas salmonicida	growth phase culture	furunculosis	not available	not available	not available	run 99	proteomic profiling by mass spectrometry	not available	label free sample	NT=LTQ Orbitrap XL;AC=MS:1000556	not available	not available	not available	NT=collision-induced dissociation;AC=MS:1000133	strain (wt, ΔascV mutant), growth phase (GP, SP), sample type (SN, pellet)	not available	6 ppm	0.5 Da	orbitrap	12Jun25_C1_14_PVB_i01.RAW	v1.1.0	HAMLET-agentic v2.1.0	furunculosis
PXD000429-Sample-100	Aeromonas salmonicida	growth phase culture	furunculosis	not available	not available	not available	run 100	proteomic profiling by mass spectrometry	not available	label free sample	NT=LTQ Orbitrap XL;AC=MS:1000556	not available	not available	not available	NT=collision-induced dissociation;AC=MS:1000133	strain (wt, ΔascV mutant), growth phase (GP, SP), sample type (SN, pellet)	not available	6 ppm	0.5 Da	orbitrap	12Jun26_C1_19_PVB_i01.RAW	v1.1.0	HAMLET-agentic v2.1.0	furunculosis
PXD000429-Sample-101	Aeromonas salmonicida	growth phase culture	furunculosis	not available	not available	not available	run 101	proteomic profiling by mass spectrometry	not available	label free sample	NT=LTQ Orbitrap XL;AC=MS:1000556	not available	not available	not available	NT=collision-induced dissociation;AC=MS:1000133	strain (wt, ΔascV mutant), growth phase (GP, SP), sample type (SN, pellet)	not available	6 ppm	0.5 Da	orbitrap	12Jun12_A2_2_PVB_i01.RAW	v1.1.0	HAMLET-agentic v2.1.0	furunculosis
PXD000429-Sample-102	Aeromonas salmonicida	growth phase culture	furunculosis	not available	not available	not available	run 102	proteomic profiling by mass spectrometry	not available	label free sample	NT=LTQ Orbitrap XL;AC=MS:1000556	not available	not available	not available	NT=collision-induced dissociation;AC=MS:1000133	strain (wt, ΔascV mutant), growth phase (GP, SP), sample type (SN, pellet)	not available	6 ppm	0.5 Da	orbitrap	12Jun14_A2_17_PVB_i01.RAW	v1.1.0	HAMLET-agentic v2.1.0	furunculosis
PXD000429-Sample-103	Aeromonas salmonicida	growth phase culture	furunculosis	not available	not available	not available	run 103	proteomic profiling by mass spectrometry	not available	label free sample	NT=LTQ Orbitrap XL;AC=MS:1000556	not available	not available	not available	NT=collision-induced dissociation;AC=MS:1000133	strain (wt, ΔascV mutant), growth phase (GP, SP), sample type (SN, pellet)	not available	6 ppm	0.5 Da	orbitrap	12Jun14_B2_13_PVB_i01.RAW	v1.1.0	HAMLET-agentic v2.1.0	furunculosis
PXD000429-Sample-104	Aeromonas salmonicida	growth phase culture	furunculosis	not available	not available	not available	run 104	proteomic profiling by mass spectrometry	not available	label free sample	NT=LTQ Orbitrap XL;AC=MS:1000556	not available	not available	not available	NT=collision-induced dissociation;AC=MS:1000133	strain (wt, ΔascV mutant), growth phase (GP, SP), sample type (SN, pellet)	not available	6 ppm	0.5 Da	orbitrap	12Jun22_D1_1_PVB_i01.RAW	v1.1.0	HAMLET-agentic v2.1.0	furunculosis
PXD000429-Sample-105	Aeromonas salmonicida	growth phase culture	furunculosis	not available	not available	not available	run 105	proteomic profiling by mass spectrometry	not available	label free sample	NT=LTQ Orbitrap XL;AC=MS:1000556	not available	not available	not available	NT=collision-induced dissociation;AC=MS:1000133	strain (wt, ΔascV mutant), growth phase (GP, SP), sample type (SN, pellet)	not available	6 ppm	0.5 Da	orbitrap	12Jul04_D1_33_PVB_i01.RAW	v1.1.0	HAMLET-agentic v2.1.0	furunculosis
PXD000429-Sample-106	Aeromonas salmonicida	growth phase culture	furunculosis	not available	not available	not available	run 106	proteomic profiling by mass spectrometry	not available	label free sample	NT=LTQ Orbitrap XL;AC=MS:1000556	not available	not available	not available	NT=collision-induced dissociation;AC=MS:1000133	strain (wt, ΔascV mutant), growth phase (GP, SP), sample type (SN, pellet)	not available	6 ppm	0.5 Da	orbitrap	12Feb07_A25_PVB_i01.RAW	v1.1.0	HAMLET-agentic v2.1.0	furunculosis
PXD000429-Sample-107	Aeromonas salmonicida	growth phase culture	furunculosis	not available	not available	not available	run 107	proteomic profiling by mass spectrometry	not available	label free sample	NT=LTQ Orbitrap XL;AC=MS:1000556	not available	not available	not available	NT=collision-induced dissociation;AC=MS:1000133	strain (wt, ΔascV mutant), growth phase (GP, SP), sample type (SN, pellet)	not available	6 ppm	0.5 Da	orbitrap	12Feb09_A9_PVB_i01.RAW	v1.1.0	HAMLET-agentic v2.1.0	furunculosis
PXD000429-Sample-108	Aeromonas salmonicida	growth phase culture	furunculosis	not available	not available	not available	run 108	proteomic profiling by mass spectrometry	not available	label free sample	NT=LTQ Orbitrap XL;AC=MS:1000556	not available	not available	not available	NT=collision-induced dissociation;AC=MS:1000133	strain (wt, ΔascV mutant), growth phase (GP, SP), sample type (SN, pellet)	not available	6 ppm	0.5 Da	orbitrap	12Jun13_A2_12_PVB_i01.RAW	v1.1.0	HAMLET-agentic v2.1.0	furunculosis
PXD000429-Sample-109	Aeromonas salmonicida	growth phase culture	furunculosis	not available	not available	not available	run 109	proteomic profiling by mass spectrometry	not available	label free sample	NT=LTQ Orbitrap XL;AC=MS:1000556	not available	not available	not available	NT=collision-induced dissociation;AC=MS:1000133	strain (wt, ΔascV mutant), growth phase (GP, SP), sample type (SN, pellet)	not available	6 ppm	0.5 Da	orbitrap	12Jun18_C2_1_PVB_i01.RAW	v1.1.0	HAMLET-agentic v2.1.0	furunculosis
PXD000429-Sample-110	Aeromonas salmonicida	growth phase culture	furunculosis	not available	not available	not available	run 110	proteomic profiling by mass spectrometry	not available	label free sample	NT=LTQ Orbitrap XL;AC=MS:1000556	not available	not available	not available	NT=collision-induced dissociation;AC=MS:1000133	strain (wt, ΔascV mutant), growth phase (GP, SP), sample type (SN, pellet)	not available	6 ppm	0.5 Da	orbitrap	12Feb06_B4_PVB_i01.RAW	v1.1.0	HAMLET-agentic v2.1.0	furunculosis
PXD000429-Sample-111	Aeromonas salmonicida	growth phase culture	furunculosis	not available	not available	not available	run 111	proteomic profiling by mass spectrometry	not available	label free sample	NT=LTQ Orbitrap XL;AC=MS:1000556	not available	not available	not available	NT=collision-induced dissociation;AC=MS:1000133	strain (wt, ΔascV mutant), growth phase (GP, SP), sample type (SN, pellet)	not available	6 ppm	0.5 Da	orbitrap	12Feb06_A3_PVB_i01.RAW	v1.1.0	HAMLET-agentic v2.1.0	furunculosis
PXD000429-Sample-112	Aeromonas salmonicida	growth phase culture	furunculosis	not available	not available	not available	run 112	proteomic profiling by mass spectrometry	not available	label free sample	NT=LTQ Orbitrap XL;AC=MS:1000556	not available	not available	not available	NT=collision-induced dissociation;AC=MS:1000133	strain (wt, ΔascV mutant), growth phase (GP, SP), sample type (SN, pellet)	not available	6 ppm	0.5 Da	orbitrap	12Jun21_D2_29_PVB_i01.RAW	v1.1.0	HAMLET-agentic v2.1.0	furunculosis
PXD000429-Sample-113	Aeromonas salmonicida	growth phase culture	furunculosis	not available	not available	not available	run 113	proteomic profiling by mass spectrometry	not available	label free sample	NT=LTQ Orbitrap XL;AC=MS:1000556	not available	not available	not available	NT=collision-induced dissociation;AC=MS:1000133	strain (wt, ΔascV mutant), growth phase (GP, SP), sample type (SN, pellet)	not available	6 ppm	0.5 Da	orbitrap	12Jun12_A2_1_PVB_i01.RAW	v1.1.0	HAMLET-agentic v2.1.0	furunculosis
PXD000429-Sample-114	Aeromonas salmonicida	growth phase culture	furunculosis	not available	not available	not available	run 114	proteomic profiling by mass spectrometry	not available	label free sample	NT=LTQ Orbitrap XL;AC=MS:1000556	not available	not available	not available	NT=collision-induced dissociation;AC=MS:1000133	strain (wt, ΔascV mutant), growth phase (GP, SP), sample type (SN, pellet)	not available	6 ppm	0.5 Da	orbitrap	12Jun14_A2_13_PVB_i01.RAW	v1.1.0	HAMLET-agentic v2.1.0	furunculosis
PXD000429-Sample-115	Aeromonas salmonicida	growth phase culture	furunculosis	not available	not available	not available	run 115	proteomic profiling by mass spectrometry	not available	label free sample	NT=LTQ Orbitrap XL;AC=MS:1000556	not available	not available	not available	NT=collision-induced dissociation;AC=MS:1000133	strain (wt, ΔascV mutant), growth phase (GP, SP), sample type (SN, pellet)	not available	6 ppm	0.5 Da	orbitrap	12Jun12_B2_1_PVB_i01.RAW	v1.1.0	HAMLET-agentic v2.1.0	furunculosis
PXD000429-Sample-116	Aeromonas salmonicida	growth phase culture	furunculosis	not available	not available	not available	run 116	proteomic profiling by mass spectrometry	not available	label free sample	NT=LTQ Orbitrap XL;AC=MS:1000556	not available	not available	not available	NT=collision-induced dissociation;AC=MS:1000133	strain (wt, ΔascV mutant), growth phase (GP, SP), sample type (SN, pellet)	not available	6 ppm	0.5 Da	orbitrap	12Jun26_C1_24_PVB_i01.RAW	v1.1.0	HAMLET-agentic v2.1.0	furunculosis
PXD000429-Sample-117	Aeromonas salmonicida	growth phase culture	furunculosis	not available	not available	not available	run 117	proteomic profiling by mass spectrometry	not available	label free sample	NT=LTQ Orbitrap XL;AC=MS:1000556	not available	not available	not available	NT=collision-induced dissociation;AC=MS:1000133	strain (wt, ΔascV mutant), growth phase (GP, SP), sample type (SN, pellet)	not available	6 ppm	0.5 Da	orbitrap	12Jun14_B2_19_PVB_i01.RAW	v1.1.0	HAMLET-agentic v2.1.0	furunculosis
PXD000429-Sample-118	Aeromonas salmonicida	growth phase culture	furunculosis	not available	not available	not available	run 118	proteomic profiling by mass spectrometry	not available	label free sample	NT=LTQ Orbitrap XL;AC=MS:1000556	not available	not available	not available	NT=collision-induced dissociation;AC=MS:1000133	strain (wt, ΔascV mutant), growth phase (GP, SP), sample type (SN, pellet)	not available	6 ppm	0.5 Da	orbitrap	12Jun22_C1_4_PVB_i01.RAW	v1.1.0	HAMLET-agentic v2.1.0	furunculosis
PXD000429-Sample-119	Aeromonas salmonicida	growth phase culture	furunculosis	not available	not available	not available	run 119	proteomic profiling by mass spectrometry	not available	label free sample	NT=LTQ Orbitrap XL;AC=MS:1000556	not available	not available	not available	NT=collision-induced dissociation;AC=MS:1000133	strain (wt, ΔascV mutant), growth phase (GP, SP), sample type (SN, pellet)	not available	6 ppm	0.5 Da	orbitrap	12Jul04_C1_35_PVB_i01.RAW	v1.1.0	HAMLET-agentic v2.1.0	furunculosis
PXD000429-Sample-120	Aeromonas salmonicida	growth phase culture	furunculosis	not available	not available	not available	run 120	proteomic profiling by mass spectrometry	not available	label free sample	NT=LTQ Orbitrap XL;AC=MS:1000556	not available	not available	not available	NT=collision-induced dissociation;AC=MS:1000133	strain (wt, ΔascV mutant), growth phase (GP, SP), sample type (SN, pellet)	not available	6 ppm	0.5 Da	orbitrap	12Jul03_D1_26_PVB_i01.RAW	v1.1.0	HAMLET-agentic v2.1.0	furunculosis
PXD000429-Sample-121	Aeromonas salmonicida	growth phase culture	furunculosis	not available	not available	not available	run 121	proteomic profiling by mass spectrometry	not available	label free sample	NT=LTQ Orbitrap XL;AC=MS:1000556	not available	not available	not available	NT=collision-induced dissociation;AC=MS:1000133	strain (wt, ΔascV mutant), growth phase (GP, SP), sample type (SN, pellet)	not available	6 ppm	0.5 Da	orbitrap	12Jun15_A2_29_PVB_i01.RAW	v1.1.0	HAMLET-agentic v2.1.0	furunculosis
PXD000429-Sample-122	Aeromonas salmonicida	growth phase culture	furunculosis	not available	not available	not available	run 122	proteomic profiling by mass spectrometry	not available	label free sample	NT=LTQ Orbitrap XL;AC=MS:1000556	not available	not available	not available	NT=collision-induced dissociation;AC=MS:1000133	strain (wt, ΔascV mutant), growth phase (GP, SP), sample type (SN, pellet)	not available	6 ppm	0.5 Da	orbitrap	12Jun22_D1_6_PVB_i01.RAW	v1.1.0	HAMLET-agentic v2.1.0	furunculosis
PXD000429-Sample-123	Aeromonas salmonicida	growth phase culture	furunculosis	not available	not available	not available	run 123	proteomic profiling by mass spectrometry	not available	label free sample	NT=LTQ Orbitrap XL;AC=MS:1000556	not available	not available	not available	NT=collision-induced dissociation;AC=MS:1000133	strain (wt, ΔascV mutant), growth phase (GP, SP), sample type (SN, pellet)	not available	6 ppm	0.5 Da	orbitrap	12Jun14_B2_16_PVB_i01.RAW	v1.1.0	HAMLET-agentic v2.1.0	furunculosis
PXD000429-Sample-124	Aeromonas salmonicida	growth phase culture	furunculosis	not available	not available	not available	run 124	proteomic profiling by mass spectrometry	not available	label free sample	NT=LTQ Orbitrap XL;AC=MS:1000556	not available	not available	not available	NT=collision-induced dissociation;AC=MS:1000133	strain (wt, ΔascV mutant), growth phase (GP, SP), sample type (SN, pellet)	not available	6 ppm	0.5 Da	orbitrap	12Jul04_C1_39_PVB_i01.RAW	v1.1.0	HAMLET-agentic v2.1.0	furunculosis
PXD000429-Sample-125	Aeromonas salmonicida	growth phase culture	furunculosis	not available	not available	not available	run 125	proteomic profiling by mass spectrometry	not available	label free sample	NT=LTQ Orbitrap XL;AC=MS:1000556	not available	not available	not available	NT=collision-induced dissociation;AC=MS:1000133	strain (wt, ΔascV mutant), growth phase (GP, SP), sample type (SN, pellet)	not available	6 ppm	0.5 Da	orbitrap	12Jun25_C1_10_PVB_i01.RAW	v1.1.0	HAMLET-agentic v2.1.0	furunculosis
PXD000429-Sample-126	Aeromonas salmonicida	growth phase culture	furunculosis	not available	not available	not available	run 126	proteomic profiling by mass spectrometry	not available	label free sample	NT=LTQ Orbitrap XL;AC=MS:1000556	not available	not available	not available	NT=collision-induced dissociation;AC=MS:1000133	strain (wt, ΔascV mutant), growth phase (GP, SP), sample type (SN, pellet)	not available	6 ppm	0.5 Da	orbitrap	12Feb06_A1_PVB_i01.RAW	v1.1.0	HAMLET-agentic v2.1.0	furunculosis
PXD000429-Sample-127	Aeromonas salmonicida	growth phase culture	furunculosis	not available	not available	not available	run 127	proteomic profiling by mass spectrometry	not available	label free sample	NT=LTQ Orbitrap XL;AC=MS:1000556	not available	not available	not available	NT=collision-induced dissociation;AC=MS:1000133	strain (wt, ΔascV mutant), growth phase (GP, SP), sample type (SN, pellet)	not available	6 ppm	0.5 Da	orbitrap	12Jun25_D1_13_PVB_i01.RAW	v1.1.0	HAMLET-agentic v2.1.0	furunculosis
PXD000429-Sample-128	Aeromonas salmonicida	growth phase culture	furunculosis	not available	not available	not available	run 128	proteomic profiling by mass spectrometry	not available	label free sample	NT=LTQ Orbitrap XL;AC=MS:1000556	not available	not available	not available	NT=collision-induced dissociation;AC=MS:1000133	strain (wt, ΔascV mutant), growth phase (GP, SP), sample type (SN, pellet)	not available	6 ppm	0.5 Da	orbitrap	12Jun26_C1_22_PVB_i01.RAW	v1.1.0	HAMLET-agentic v2.1.0	furunculosis
PXD000429-Sample-129	Aeromonas salmonicida	growth phase culture	furunculosis	not available	not available	not available	run 129	proteomic profiling by mass spectrometry	not available	label free sample	NT=LTQ Orbitrap XL;AC=MS:1000556	not available	not available	not available	NT=collision-induced dissociation;AC=MS:1000133	strain (wt, ΔascV mutant), growth phase (GP, SP), sample type (SN, pellet)	not available	6 ppm	0.5 Da	orbitrap	12Jun25_C1_13_PVB_i01.RAW	v1.1.0	HAMLET-agentic v2.1.0	furunculosis
PXD000429-Sample-130	Aeromonas salmonicida	growth phase culture	furunculosis	not available	not available	not available	run 130	proteomic profiling by mass spectrometry	not available	label free sample	NT=LTQ Orbitrap XL;AC=MS:1000556	not available	not available	not available	NT=collision-induced dissociation;AC=MS:1000133	strain (wt, ΔascV mutant), growth phase (GP, SP), sample type (SN, pellet)	not available	6 ppm	0.5 Da	orbitrap	12Jun14_B2_14_PVB_i01.RAW	v1.1.0	HAMLET-agentic v2.1.0	furunculosis
PXD000429-Sample-131	Aeromonas salmonicida	growth phase culture	furunculosis	not available	not available	not available	run 131	proteomic profiling by mass spectrometry	not available	label free sample	NT=LTQ Orbitrap XL;AC=MS:1000556	not available	not available	not available	NT=collision-induced dissociation;AC=MS:1000133	strain (wt, ΔascV mutant), growth phase (GP, SP), sample type (SN, pellet)	not available	6 ppm	0.5 Da	orbitrap	12Jun25_D1_16_PVB_i01.RAW	v1.1.0	HAMLET-agentic v2.1.0	furunculosis
PXD000429-Sample-132	Aeromonas salmonicida	growth phase culture	furunculosis	not available	not available	not available	run 132	proteomic profiling by mass spectrometry	not available	label free sample	NT=LTQ Orbitrap XL;AC=MS:1000556	not available	not available	not available	NT=collision-induced dissociation;AC=MS:1000133	strain (wt, ΔascV mutant), growth phase (GP, SP), sample type (SN, pellet)	not available	6 ppm	0.5 Da	orbitrap	12Jun19_C2_16_PVB_i01.RAW	v1.1.0	HAMLET-agentic v2.1.0	furunculosis
PXD000429-Sample-133	Aeromonas salmonicida	growth phase culture	furunculosis	not available	not available	not available	run 133	proteomic profiling by mass spectrometry	not available	label free sample	NT=LTQ Orbitrap XL;AC=MS:1000556	not available	not available	not available	NT=collision-induced dissociation;AC=MS:1000133	strain (wt, ΔascV mutant), growth phase (GP, SP), sample type (SN, pellet)	not available	6 ppm	0.5 Da	orbitrap	12Jun21_D2_28_PVB_i01.RAW	v1.1.0	HAMLET-agentic v2.1.0	furunculosis
PXD000429-Sample-134	Aeromonas salmonicida	growth phase culture	furunculosis	not available	not available	not available	run 134	proteomic profiling by mass spectrometry	not available	label free sample	NT=LTQ Orbitrap XL;AC=MS:1000556	not available	not available	not available	NT=collision-induced dissociation;AC=MS:1000133	strain (wt, ΔascV mutant), growth phase (GP, SP), sample type (SN, pellet)	not available	6 ppm	0.5 Da	orbitrap	12Feb09_B11_PVB_i01.RAW	v1.1.0	HAMLET-agentic v2.1.0	furunculosis
PXD000429-Sample-135	Aeromonas salmonicida	growth phase culture	furunculosis	not available	not available	not available	run 135	proteomic profiling by mass spectrometry	not available	label free sample	NT=LTQ Orbitrap XL;AC=MS:1000556	not available	not available	not available	NT=collision-induced dissociation;AC=MS:1000133	strain (wt, ΔascV mutant), growth phase (GP, SP), sample type (SN, pellet)	not available	6 ppm	0.5 Da	orbitrap	12Jun20_C2_23_PVB_i01.RAW	v1.1.0	HAMLET-agentic v2.1.0	furunculosis
PXD000429-Sample-136	Aeromonas salmonicida	growth phase culture	furunculosis	not available	not available	not available	run 136	proteomic profiling by mass spectrometry	not available	label free sample	NT=LTQ Orbitrap XL;AC=MS:1000556	not available	not available	not available	NT=collision-induced dissociation;AC=MS:1000133	strain (wt, ΔascV mutant), growth phase (GP, SP), sample type (SN, pellet)	not available	6 ppm	0.5 Da	orbitrap	12Jun15_B2_27_PVB_i01.RAW	v1.1.0	HAMLET-agentic v2.1.0	furunculosis
PXD000429-Sample-137	Aeromonas salmonicida	growth phase culture	furunculosis	not available	not available	not available	run 137	proteomic profiling by mass spectrometry	not available	label free sample	NT=LTQ Orbitrap XL;AC=MS:1000556	not available	not available	not available	NT=collision-induced dissociation;AC=MS:1000133	strain (wt, ΔascV mutant), growth phase (GP, SP), sample type (SN, pellet)	not available	6 ppm	0.5 Da	orbitrap	12Feb08_B13_PVB_i01.RAW	v1.1.0	HAMLET-agentic v2.1.0	furunculosis
PXD000429-Sample-138	Aeromonas salmonicida	growth phase culture	furunculosis	not available	not available	not available	run 138	proteomic profiling by mass spectrometry	not available	label free sample	NT=LTQ Orbitrap XL;AC=MS:1000556	not available	not available	not available	NT=collision-induced dissociation;AC=MS:1000133	strain (wt, ΔascV mutant), growth phase (GP, SP), sample type (SN, pellet)	not available	6 ppm	0.5 Da	orbitrap	12Jul04_C1_37_PVB_i01.RAW	v1.1.0	HAMLET-agentic v2.1.0	furunculosis
PXD000429-Sample-139	Aeromonas salmonicida	growth phase culture	furunculosis	not available	not available	not available	run 139	proteomic profiling by mass spectrometry	not available	label free sample	NT=LTQ Orbitrap XL;AC=MS:1000556	not available	not available	not available	NT=collision-induced dissociation;AC=MS:1000133	strain (wt, ΔascV mutant), growth phase (GP, SP), sample type (SN, pellet)	not available	6 ppm	0.5 Da	orbitrap	12Feb07_A23_PVB_i01.RAW	v1.1.0	HAMLET-agentic v2.1.0	furunculosis
PXD000429-Sample-140	Aeromonas salmonicida	growth phase culture	furunculosis	not available	not available	not available	run 140	proteomic profiling by mass spectrometry	not available	label free sample	NT=LTQ Orbitrap XL;AC=MS:1000556	not available	not available	not available	NT=collision-induced dissociation;AC=MS:1000133	strain (wt, ΔascV mutant), growth phase (GP, SP), sample type (SN, pellet)	not available	6 ppm	0.5 Da	orbitrap	12Jun14_B2_21_PVB_i01.RAW	v1.1.0	HAMLET-agentic v2.1.0	furunculosis
PXD000429-Sample-141	Aeromonas salmonicida	growth phase culture	furunculosis	not available	not available	not available	run 141	proteomic profiling by mass spectrometry	not available	label free sample	NT=LTQ Orbitrap XL;AC=MS:1000556	not available	not available	not available	NT=collision-induced dissociation;AC=MS:1000133	strain (wt, ΔascV mutant), growth phase (GP, SP), sample type (SN, pellet)	not available	6 ppm	0.5 Da	orbitrap	12Feb07_A21_PVB_i01.RAW	v1.1.0	HAMLET-agentic v2.1.0	furunculosis
PXD000429-Sample-142	Aeromonas salmonicida	growth phase culture	furunculosis	not available	not available	not available	run 142	proteomic profiling by mass spectrometry	not available	label free sample	NT=LTQ Orbitrap XL;AC=MS:1000556	not available	not available	not available	NT=collision-induced dissociation;AC=MS:1000133	strain (wt, ΔascV mutant), growth phase (GP, SP), sample type (SN, pellet)	not available	6 ppm	0.5 Da	orbitrap	12Jun19_C2_10_PVB_i01.RAW	v1.1.0	HAMLET-agentic v2.1.0	furunculosis
PXD000429-Sample-143	Aeromonas salmonicida	growth phase culture	furunculosis	not available	not available	not available	run 143	proteomic profiling by mass spectrometry	not available	label free sample	NT=LTQ Orbitrap XL;AC=MS:1000556	not available	not available	not available	NT=collision-induced dissociation;AC=MS:1000133	strain (wt, ΔascV mutant), growth phase (GP, SP), sample type (SN, pellet)	not available	6 ppm	0.5 Da	orbitrap	12Jun19_C2_14_PVB_i01.RAW	v1.1.0	HAMLET-agentic v2.1.0	furunculosis
PXD000429-Sample-144	Aeromonas salmonicida	growth phase culture	furunculosis	not available	not available	not available	run 144	proteomic profiling by mass spectrometry	not available	label free sample	NT=LTQ Orbitrap XL;AC=MS:1000556	not available	not available	not available	NT=collision-induced dissociation;AC=MS:1000133	strain (wt, ΔascV mutant), growth phase (GP, SP), sample type (SN, pellet)	not available	6 ppm	0.5 Da	orbitrap	12Jun13_A2_11_PVB_i01.RAW	v1.1.0	HAMLET-agentic v2.1.0	furunculosis
PXD000429-Sample-145	Aeromonas salmonicida	growth phase culture	furunculosis	not available	not available	not available	run 145	proteomic profiling by mass spectrometry	not available	label free sample	NT=LTQ Orbitrap XL;AC=MS:1000556	not available	not available	not available	NT=collision-induced dissociation;AC=MS:1000133	strain (wt, ΔascV mutant), growth phase (GP, SP), sample type (SN, pellet)	not available	6 ppm	0.5 Da	orbitrap	12Jun26_C1_21_PVB_i01.RAW	v1.1.0	HAMLET-agentic v2.1.0	furunculosis
PXD000429-Sample-146	Aeromonas salmonicida	growth phase culture	furunculosis	not available	not available	not available	run 146	proteomic profiling by mass spectrometry	not available	label free sample	NT=LTQ Orbitrap XL;AC=MS:1000556	not available	not available	not available	NT=collision-induced dissociation;AC=MS:1000133	strain (wt, ΔascV mutant), growth phase (GP, SP), sample type (SN, pellet)	not available	6 ppm	0.5 Da	orbitrap	12Jul03_C1_27_PVB_i01.RAW	v1.1.0	HAMLET-agentic v2.1.0	furunculosis
PXD000429-Sample-147	Aeromonas salmonicida	growth phase culture	furunculosis	not available	not available	not available	run 147	proteomic profiling by mass spectrometry	not available	label free sample	NT=LTQ Orbitrap XL;AC=MS:1000556	not available	not available	not available	NT=collision-induced dissociation;AC=MS:1000133	strain (wt, ΔascV mutant), growth phase (GP, SP), sample type (SN, pellet)	not available	6 ppm	0.5 Da	orbitrap	12Jun18_C2_8_PVB_i01.RAW	v1.1.0	HAMLET-agentic v2.1.0	furunculosis
PXD000429-Sample-148	Aeromonas salmonicida	growth phase culture	furunculosis	not available	not available	not available	run 148	proteomic profiling by mass spectrometry	not available	label free sample	NT=LTQ Orbitrap XL;AC=MS:1000556	not available	not available	not available	NT=collision-induced dissociation;AC=MS:1000133	strain (wt, ΔascV mutant), growth phase (GP, SP), sample type (SN, pellet)	not available	6 ppm	0.5 Da	orbitrap	12Jun25_C1_15_PVB_i01.RAW	v1.1.0	HAMLET-agentic v2.1.0	furunculosis
PXD000429-Sample-149	Aeromonas salmonicida	growth phase culture	furunculosis	not available	not available	not available	run 149	proteomic profiling by mass spectrometry	not available	label free sample	NT=LTQ Orbitrap XL;AC=MS:1000556	not available	not available	not available	NT=collision-induced dissociation;AC=MS:1000133	strain (wt, ΔascV mutant), growth phase (GP, SP), sample type (SN, pellet)	not available	6 ppm	0.5 Da	orbitrap	12Jun13_A2_8_PVB_i01.RAW	v1.1.0	HAMLET-agentic v2.1.0	furunculosis
PXD000429-Sample-150	Aeromonas salmonicida	growth phase culture	furunculosis	not available	not available	not available	run 150	proteomic profiling by mass spectrometry	not available	label free sample	NT=LTQ Orbitrap XL;AC=MS:1000556	not available	not available	not available	NT=collision-induced dissociation;AC=MS:1000133	strain (wt, ΔascV mutant), growth phase (GP, SP), sample type (SN, pellet)	not available	6 ppm	0.5 Da	orbitrap	12Jul03_D1_27_PVB_i01.RAW	v1.1.0	HAMLET-agentic v2.1.0	furunculosis
PXD000429-Sample-151	Aeromonas salmonicida	growth phase culture	furunculosis	not available	not available	not available	run 151	proteomic profiling by mass spectrometry	not available	label free sample	NT=LTQ Orbitrap XL;AC=MS:1000556	not available	not available	not available	NT=collision-induced dissociation;AC=MS:1000133	strain (wt, ΔascV mutant), growth phase (GP, SP), sample type (SN, pellet)	not available	6 ppm	0.5 Da	orbitrap	12Jun18_C2_3_PVB_i01.RAW	v1.1.0	HAMLET-agentic v2.1.0	furunculosis
PXD000429-Sample-152	Aeromonas salmonicida	growth phase culture	furunculosis	not available	not available	not available	run 152	proteomic profiling by mass spectrometry	not available	label free sample	NT=LTQ Orbitrap XL;AC=MS:1000556	not available	not available	not available	NT=collision-induced dissociation;AC=MS:1000133	strain (wt, ΔascV mutant), growth phase (GP, SP), sample type (SN, pellet)	not available	6 ppm	0.5 Da	orbitrap	12Jun12_B2_2_PVB_i01.RAW	v1.1.0	HAMLET-agentic v2.1.0	furunculosis
PXD000429-Sample-153	Aeromonas salmonicida	growth phase culture	furunculosis	not available	not available	not available	run 153	proteomic profiling by mass spectrometry	not available	label free sample	NT=LTQ Orbitrap XL;AC=MS:1000556	not available	not available	not available	NT=collision-induced dissociation;AC=MS:1000133	strain (wt, ΔascV mutant), growth phase (GP, SP), sample type (SN, pellet)	not available	6 ppm	0.5 Da	orbitrap	12Jun18_C2_7_PVB_i01.RAW	v1.1.0	HAMLET-agentic v2.1.0	furunculosis
PXD000429-Sample-154	Aeromonas salmonicida	growth phase culture	furunculosis	not available	not available	not available	run 154	proteomic profiling by mass spectrometry	not available	label free sample	NT=LTQ Orbitrap XL;AC=MS:1000556	not available	not available	not available	NT=collision-induced dissociation;AC=MS:1000133	strain (wt, ΔascV mutant), growth phase (GP, SP), sample type (SN, pellet)	not available	6 ppm	0.5 Da	orbitrap	12Jun18_D2_6_PVB_i01.RAW	v1.1.0	HAMLET-agentic v2.1.0	furunculosis
PXD000429-Sample-155	Aeromonas salmonicida	growth phase culture	furunculosis	not available	not available	not available	run 155	proteomic profiling by mass spectrometry	not available	label free sample	NT=LTQ Orbitrap XL;AC=MS:1000556	not available	not available	not available	NT=collision-induced dissociation;AC=MS:1000133	strain (wt, ΔascV mutant), growth phase (GP, SP), sample type (SN, pellet)	not available	6 ppm	0.5 Da	orbitrap	12Jun20_C2_21_PVB_i01.RAW	v1.1.0	HAMLET-agentic v2.1.0	furunculosis
PXD000429-Sample-156	Aeromonas salmonicida	growth phase culture	furunculosis	not available	not available	not available	run 156	proteomic profiling by mass spectrometry	not available	label free sample	NT=LTQ Orbitrap XL;AC=MS:1000556	not available	not available	not available	NT=collision-induced dissociation;AC=MS:1000133	strain (wt, ΔascV mutant), growth phase (GP, SP), sample type (SN, pellet)	not available	6 ppm	0.5 Da	orbitrap	12Jun21_C2_26_PVB_i01.RAW	v1.1.0	HAMLET-agentic v2.1.0	furunculosis
PXD000429-Sample-157	Aeromonas salmonicida	growth phase culture	furunculosis	not available	not available	not available	run 157	proteomic profiling by mass spectrometry	not available	label free sample	NT=LTQ Orbitrap XL;AC=MS:1000556	not available	not available	not available	NT=collision-induced dissociation;AC=MS:1000133	strain (wt, ΔascV mutant), growth phase (GP, SP), sample type (SN, pellet)	not available	6 ppm	0.5 Da	orbitrap	12Jun19_D2_14_PVB_i01.RAW	v1.1.0	HAMLET-agentic v2.1.0	furunculosis
PXD000429-Sample-158	Aeromonas salmonicida	growth phase culture	furunculosis	not available	not available	not available	run 158	proteomic profiling by mass spectrometry	not available	label free sample	NT=LTQ Orbitrap XL;AC=MS:1000556	not available	not available	not available	NT=collision-induced dissociation;AC=MS:1000133	strain (wt, ΔascV mutant), growth phase (GP, SP), sample type (SN, pellet)	not available	6 ppm	0.5 Da	orbitrap	12Feb08_B17_PVB_i01.RAW	v1.1.0	HAMLET-agentic v2.1.0	furunculosis
PXD000429-Sample-159	Aeromonas salmonicida	growth phase culture	furunculosis	not available	not available	not available	run 159	proteomic profiling by mass spectrometry	not available	label free sample	NT=LTQ Orbitrap XL;AC=MS:1000556	not available	not available	not available	NT=collision-induced dissociation;AC=MS:1000133	strain (wt, ΔascV mutant), growth phase (GP, SP), sample type (SN, pellet)	not available	6 ppm	0.5 Da	orbitrap	12Jun13_B2_6_PVB_i01.RAW	v1.1.0	HAMLET-agentic v2.1.0	furunculosis
PXD000429-Sample-160	Aeromonas salmonicida	growth phase culture	furunculosis	not available	not available	not available	run 160	proteomic profiling by mass spectrometry	not available	label free sample	NT=LTQ Orbitrap XL;AC=MS:1000556	not available	not available	not available	NT=collision-induced dissociation;AC=MS:1000133	strain (wt, ΔascV mutant), growth phase (GP, SP), sample type (SN, pellet)	not available	6 ppm	0.5 Da	orbitrap	12Feb07_B20_PVB_i01.RAW	v1.1.0	HAMLET-agentic v2.1.0	furunculosis
PXD000429-Sample-161	Aeromonas salmonicida	growth phase culture	furunculosis	not available	not available	not available	run 161	proteomic profiling by mass spectrometry	not available	label free sample	NT=LTQ Orbitrap XL;AC=MS:1000556	not available	not available	not available	NT=collision-induced dissociation;AC=MS:1000133	strain (wt, ΔascV mutant), growth phase (GP, SP), sample type (SN, pellet)	not available	6 ppm	0.5 Da	orbitrap	12Jun19_D2_15_PVB_i01.RAW	v1.1.0	HAMLET-agentic v2.1.0	furunculosis
PXD000429-Sample-162	Aeromonas salmonicida	growth phase culture	furunculosis	not available	not available	not available	run 162	proteomic profiling by mass spectrometry	not available	label free sample	NT=LTQ Orbitrap XL;AC=MS:1000556	not available	not available	not available	NT=collision-induced dissociation;AC=MS:1000133	strain (wt, ΔascV mutant), growth phase (GP, SP), sample type (SN, pellet)	not available	6 ppm	0.5 Da	orbitrap	12Jun21_D2_24_PVB_i01.RAW	v1.1.0	HAMLET-agentic v2.1.0	furunculosis
PXD000429-Sample-163	Aeromonas salmonicida	growth phase culture	furunculosis	not available	not available	not available	run 163	proteomic profiling by mass spectrometry	not available	label free sample	NT=LTQ Orbitrap XL;AC=MS:1000556	not available	not available	not available	NT=collision-induced dissociation;AC=MS:1000133	strain (wt, ΔascV mutant), growth phase (GP, SP), sample type (SN, pellet)	not available	6 ppm	0.5 Da	orbitrap	12Jun12_B2_3_PVB_i01.RAW	v1.1.0	HAMLET-agentic v2.1.0	furunculosis
PXD000429-Sample-164	Aeromonas salmonicida	growth phase culture	furunculosis	not available	not available	not available	run 164	proteomic profiling by mass spectrometry	not available	label free sample	NT=LTQ Orbitrap XL;AC=MS:1000556	not available	not available	not available	NT=collision-induced dissociation;AC=MS:1000133	strain (wt, ΔascV mutant), growth phase (GP, SP), sample type (SN, pellet)	not available	6 ppm	0.5 Da	orbitrap	12Feb06_B3_PVB_i01.RAW	v1.1.0	HAMLET-agentic v2.1.0	furunculosis
PXD000429-Sample-165	Aeromonas salmonicida	growth phase culture	furunculosis	not available	not available	not available	run 165	proteomic profiling by mass spectrometry	not available	label free sample	NT=LTQ Orbitrap XL;AC=MS:1000556	not available	not available	not available	NT=collision-induced dissociation;AC=MS:1000133	strain (wt, ΔascV mutant), growth phase (GP, SP), sample type (SN, pellet)	not available	6 ppm	0.5 Da	orbitrap	12Feb07_A24_PVB_i01.RAW	v1.1.0	HAMLET-agentic v2.1.0	furunculosis
PXD000429-Sample-166	Aeromonas salmonicida	growth phase culture	furunculosis	not available	not available	not available	run 166	proteomic profiling by mass spectrometry	not available	label free sample	NT=LTQ Orbitrap XL;AC=MS:1000556	not available	not available	not available	NT=collision-induced dissociation;AC=MS:1000133	strain (wt, ΔascV mutant), growth phase (GP, SP), sample type (SN, pellet)	not available	6 ppm	0.5 Da	orbitrap	12Jul04_C1_34_PVB_i01.RAW	v1.1.0	HAMLET-agentic v2.1.0	furunculosis
PXD000429-Sample-167	Aeromonas salmonicida	growth phase culture	furunculosis	not available	not available	not available	run 167	proteomic profiling by mass spectrometry	not available	label free sample	NT=LTQ Orbitrap XL;AC=MS:1000556	not available	not available	not available	NT=collision-induced dissociation;AC=MS:1000133	strain (wt, ΔascV mutant), growth phase (GP, SP), sample type (SN, pellet)	not available	6 ppm	0.5 Da	orbitrap	12Jun14_A2_19_PVB_i01.RAW	v1.1.0	HAMLET-agentic v2.1.0	furunculosis
PXD000429-Sample-168	Aeromonas salmonicida	growth phase culture	furunculosis	not available	not available	not available	run 168	proteomic profiling by mass spectrometry	not available	label free sample	NT=LTQ Orbitrap XL;AC=MS:1000556	not available	not available	not available	NT=collision-induced dissociation;AC=MS:1000133	strain (wt, ΔascV mutant), growth phase (GP, SP), sample type (SN, pellet)	not available	6 ppm	0.5 Da	orbitrap	12Jun18_C2_2_PVB_i01.RAW	v1.1.0	HAMLET-agentic v2.1.0	furunculosis
PXD000429-Sample-169	Aeromonas salmonicida	growth phase culture	furunculosis	not available	not available	not available	run 169	proteomic profiling by mass spectrometry	not available	label free sample	NT=LTQ Orbitrap XL;AC=MS:1000556	not available	not available	not available	NT=collision-induced dissociation;AC=MS:1000133	strain (wt, ΔascV mutant), growth phase (GP, SP), sample type (SN, pellet)	not available	6 ppm	0.5 Da	orbitrap	12Jun19_D2_12_PVB_i01.RAW	v1.1.0	HAMLET-agentic v2.1.0	furunculosis
PXD000429-Sample-170	Aeromonas salmonicida	growth phase culture	furunculosis	not available	not available	not available	run 170	proteomic profiling by mass spectrometry	not available	label free sample	NT=LTQ Orbitrap XL;AC=MS:1000556	not available	not available	not available	NT=collision-induced dissociation;AC=MS:1000133	strain (wt, ΔascV mutant), growth phase (GP, SP), sample type (SN, pellet)	not available	6 ppm	0.5 Da	orbitrap	12Jun21_D2_27_PVB_i01.RAW	v1.1.0	HAMLET-agentic v2.1.0	furunculosis
PXD000429-Sample-171	Aeromonas salmonicida	growth phase culture	furunculosis	not available	not available	not available	run 171	proteomic profiling by mass spectrometry	not available	label free sample	NT=LTQ Orbitrap XL;AC=MS:1000556	not available	not available	not available	NT=collision-induced dissociation;AC=MS:1000133	strain (wt, ΔascV mutant), growth phase (GP, SP), sample type (SN, pellet)	not available	6 ppm	0.5 Da	orbitrap	12Jun14_B2_20_PVB_i01.RAW	v1.1.0	HAMLET-agentic v2.1.0	furunculosis
PXD000429-Sample-172	Aeromonas salmonicida	growth phase culture	furunculosis	not available	not available	not available	run 172	proteomic profiling by mass spectrometry	not available	label free sample	NT=LTQ Orbitrap XL;AC=MS:1000556	not available	not available	not available	NT=collision-induced dissociation;AC=MS:1000133	strain (wt, ΔascV mutant), growth phase (GP, SP), sample type (SN, pellet)	not available	6 ppm	0.5 Da	orbitrap	12Jun25_C1_11_PVB_i01.RAW	v1.1.0	HAMLET-agentic v2.1.0	furunculosis
PXD000429-Sample-173	Aeromonas salmonicida	growth phase culture	furunculosis	not available	not available	not available	run 173	proteomic profiling by mass spectrometry	not available	label free sample	NT=LTQ Orbitrap XL;AC=MS:1000556	not available	not available	not available	NT=collision-induced dissociation;AC=MS:1000133	strain (wt, ΔascV mutant), growth phase (GP, SP), sample type (SN, pellet)	not available	6 ppm	0.5 Da	orbitrap	12Jun22_C1_1_PVB_i01.RAW	v1.1.0	HAMLET-agentic v2.1.0	furunculosis
PXD000429-Sample-174	Aeromonas salmonicida	growth phase culture	furunculosis	not available	not available	not available	run 174	proteomic profiling by mass spectrometry	not available	label free sample	NT=LTQ Orbitrap XL;AC=MS:1000556	not available	not available	not available	NT=collision-induced dissociation;AC=MS:1000133	strain (wt, ΔascV mutant), growth phase (GP, SP), sample type (SN, pellet)	not available	6 ppm	0.5 Da	orbitrap	12Jun18_C2_5_PVB_i01.RAW	v1.1.0	HAMLET-agentic v2.1.0	furunculosis
PXD000429-Sample-175	Aeromonas salmonicida	growth phase culture	furunculosis	not available	not available	not available	run 175	proteomic profiling by mass spectrometry	not available	label free sample	NT=LTQ Orbitrap XL;AC=MS:1000556	not available	not available	not available	NT=collision-induced dissociation;AC=MS:1000133	strain (wt, ΔascV mutant), growth phase (GP, SP), sample type (SN, pellet)	not available	6 ppm	0.5 Da	orbitrap	12Jun21_C2_29_PVB_i01.RAW	v1.1.0	HAMLET-agentic v2.1.0	furunculosis
PXD000429-Sample-176	Aeromonas salmonicida	growth phase culture	furunculosis	not available	not available	not available	run 176	proteomic profiling by mass spectrometry	not available	label free sample	NT=LTQ Orbitrap XL;AC=MS:1000556	not available	not available	not available	NT=collision-induced dissociation;AC=MS:1000133	strain (wt, ΔascV mutant), growth phase (GP, SP), sample type (SN, pellet)	not available	6 ppm	0.5 Da	orbitrap	12Jun18_D2_8_PVB_i01.RAW	v1.1.0	HAMLET-agentic v2.1.0	furunculosis
PXD000429-Sample-177	Aeromonas salmonicida	growth phase culture	furunculosis	not available	not available	not available	run 177	proteomic profiling by mass spectrometry	not available	label free sample	NT=LTQ Orbitrap XL;AC=MS:1000556	not available	not available	not available	NT=collision-induced dissociation;AC=MS:1000133	strain (wt, ΔascV mutant), growth phase (GP, SP), sample type (SN, pellet)	not available	6 ppm	0.5 Da	orbitrap	12Jun26_D1_22_PVB_i01.RAW	v1.1.0	HAMLET-agentic v2.1.0	furunculosis
PXD000429-Sample-178	Aeromonas salmonicida	growth phase culture	furunculosis	not available	not available	not available	run 178	proteomic profiling by mass spectrometry	not available	label free sample	NT=LTQ Orbitrap XL;AC=MS:1000556	not available	not available	not available	NT=collision-induced dissociation;AC=MS:1000133	strain (wt, ΔascV mutant), growth phase (GP, SP), sample type (SN, pellet)	not available	6 ppm	0.5 Da	orbitrap	12Jun18_D2_5_PVB_i01.RAW	v1.1.0	HAMLET-agentic v2.1.0	furunculosis
PXD000429-Sample-179	Aeromonas salmonicida	growth phase culture	furunculosis	not available	not available	not available	run 179	proteomic profiling by mass spectrometry	not available	label free sample	NT=LTQ Orbitrap XL;AC=MS:1000556	not available	not available	not available	NT=collision-induced dissociation;AC=MS:1000133	strain (wt, ΔascV mutant), growth phase (GP, SP), sample type (SN, pellet)	not available	6 ppm	0.5 Da	orbitrap	12Jun25_C1_16_PVB_i01.RAW	v1.1.0	HAMLET-agentic v2.1.0	furunculosis
PXD000429-Sample-180	Aeromonas salmonicida	growth phase culture	furunculosis	not available	not available	not available	run 180	proteomic profiling by mass spectrometry	not available	label free sample	NT=LTQ Orbitrap XL;AC=MS:1000556	not available	not available	not available	NT=collision-induced dissociation;AC=MS:1000133	strain (wt, ΔascV mutant), growth phase (GP, SP), sample type (SN, pellet)	not available	6 ppm	0.5 Da	orbitrap	12Feb09_B10_PVB_i01.RAW	v1.1.0	HAMLET-agentic v2.1.0	furunculosis
PXD000429-Sample-181	Aeromonas salmonicida	growth phase culture	furunculosis	not available	not available	not available	run 181	proteomic profiling by mass spectrometry	not available	label free sample	NT=LTQ Orbitrap XL;AC=MS:1000556	not available	not available	not available	NT=collision-induced dissociation;AC=MS:1000133	strain (wt, ΔascV mutant), growth phase (GP, SP), sample type (SN, pellet)	not available	6 ppm	0.5 Da	orbitrap	12Jul04_D1_37_PVB_i01.RAW	v1.1.0	HAMLET-agentic v2.1.0	furunculosis
PXD000429-Sample-182	Aeromonas salmonicida	growth phase culture	furunculosis	not available	not available	not available	run 182	proteomic profiling by mass spectrometry	not available	label free sample	NT=LTQ Orbitrap XL;AC=MS:1000556	not available	not available	not available	NT=collision-induced dissociation;AC=MS:1000133	strain (wt, ΔascV mutant), growth phase (GP, SP), sample type (SN, pellet)	not available	6 ppm	0.5 Da	orbitrap	12Jun22_C1_2_PVB_i01.RAW	v1.1.0	HAMLET-agentic v2.1.0	furunculosis
PXD000429-Sample-183	Aeromonas salmonicida	growth phase culture	furunculosis	not available	not available	not available	run 183	proteomic profiling by mass spectrometry	not available	label free sample	NT=LTQ Orbitrap XL;AC=MS:1000556	not available	not available	not available	NT=collision-induced dissociation;AC=MS:1000133	strain (wt, ΔascV mutant), growth phase (GP, SP), sample type (SN, pellet)	not available	6 ppm	0.5 Da	orbitrap	12Jun12_A2_4_PVB_i01.RAW	v1.1.0	HAMLET-agentic v2.1.0	furunculosis
PXD000429-Sample-184	Aeromonas salmonicida	growth phase culture	furunculosis	not available	not available	not available	run 184	proteomic profiling by mass spectrometry	not available	label free sample	NT=LTQ Orbitrap XL;AC=MS:1000556	not available	not available	not available	NT=collision-induced dissociation;AC=MS:1000133	strain (wt, ΔascV mutant), growth phase (GP, SP), sample type (SN, pellet)	not available	6 ppm	0.5 Da	orbitrap	12Jul03_D1_31_PVB_i01.RAW	v1.1.0	HAMLET-agentic v2.1.0	furunculosis
PXD000429-Sample-185	Aeromonas salmonicida	growth phase culture	furunculosis	not available	not available	not available	run 185	proteomic profiling by mass spectrometry	not available	label free sample	NT=LTQ Orbitrap XL;AC=MS:1000556	not available	not available	not available	NT=collision-induced dissociation;AC=MS:1000133	strain (wt, ΔascV mutant), growth phase (GP, SP), sample type (SN, pellet)	not available	6 ppm	0.5 Da	orbitrap	12Jun14_B2_18_PVB_i01.RAW	v1.1.0	HAMLET-agentic v2.1.0	furunculosis
PXD000429-Sample-186	Aeromonas salmonicida	growth phase culture	furunculosis	not available	not available	not available	run 186	proteomic profiling by mass spectrometry	not available	label free sample	NT=LTQ Orbitrap XL;AC=MS:1000556	not available	not available	not available	NT=collision-induced dissociation;AC=MS:1000133	strain (wt, ΔascV mutant), growth phase (GP, SP), sample type (SN, pellet)	not available	6 ppm	0.5 Da	orbitrap	12Jun15_B2_26_PVB_i01.RAW	v1.1.0	HAMLET-agentic v2.1.0	furunculosis
PXD000429-Sample-187	Aeromonas salmonicida	growth phase culture	furunculosis	not available	not available	not available	run 187	proteomic profiling by mass spectrometry	not available	label free sample	NT=LTQ Orbitrap XL;AC=MS:1000556	not available	not available	not available	NT=collision-induced dissociation;AC=MS:1000133	strain (wt, ΔascV mutant), growth phase (GP, SP), sample type (SN, pellet)	not available	6 ppm	0.5 Da	orbitrap	12Jun22_D1_4_PVB_i01.RAW	v1.1.0	HAMLET-agentic v2.1.0	furunculosis
PXD000429-Sample-188	Aeromonas salmonicida	growth phase culture	furunculosis	not available	not available	not available	run 188	proteomic profiling by mass spectrometry	not available	label free sample	NT=LTQ Orbitrap XL;AC=MS:1000556	not available	not available	not available	NT=collision-induced dissociation;AC=MS:1000133	strain (wt, ΔascV mutant), growth phase (GP, SP), sample type (SN, pellet)	not available	6 ppm	0.5 Da	orbitrap	12Jun26_D1_21_PVB_i01.RAW	v1.1.0	HAMLET-agentic v2.1.0	furunculosis
PXD000429-Sample-189	Aeromonas salmonicida	growth phase culture	furunculosis	not available	not available	not available	run 189	proteomic profiling by mass spectrometry	not available	label free sample	NT=LTQ Orbitrap XL;AC=MS:1000556	not available	not available	not available	NT=collision-induced dissociation;AC=MS:1000133	strain (wt, ΔascV mutant), growth phase (GP, SP), sample type (SN, pellet)	not available	6 ppm	0.5 Da	orbitrap	12Feb08_B15_PVB_i01.RAW	v1.1.0	HAMLET-agentic v2.1.0	furunculosis
PXD000429-Sample-190	Aeromonas salmonicida	growth phase culture	furunculosis	not available	not available	not available	run 190	proteomic profiling by mass spectrometry	not available	label free sample	NT=LTQ Orbitrap XL;AC=MS:1000556	not available	not available	not available	NT=collision-induced dissociation;AC=MS:1000133	strain (wt, ΔascV mutant), growth phase (GP, SP), sample type (SN, pellet)	not available	6 ppm	0.5 Da	orbitrap	12Feb08_A14_PVB_i01.RAW	v1.1.0	HAMLET-agentic v2.1.0	furunculosis
PXD000429-Sample-191	Aeromonas salmonicida	growth phase culture	furunculosis	not available	not available	not available	run 191	proteomic profiling by mass spectrometry	not available	label free sample	NT=LTQ Orbitrap XL;AC=MS:1000556	not available	not available	not available	NT=collision-induced dissociation;AC=MS:1000133	strain (wt, ΔascV mutant), growth phase (GP, SP), sample type (SN, pellet)	not available	6 ppm	0.5 Da	orbitrap	12Feb09_B7_PVB_i01.RAW	v1.1.0	HAMLET-agentic v2.1.0	furunculosis
PXD000429-Sample-192	Aeromonas salmonicida	growth phase culture	furunculosis	not available	not available	not available	run 192	proteomic profiling by mass spectrometry	not available	label free sample	NT=LTQ Orbitrap XL;AC=MS:1000556	not available	not available	not available	NT=collision-induced dissociation;AC=MS:1000133	strain (wt, ΔascV mutant), growth phase (GP, SP), sample type (SN, pellet)	not available	6 ppm	0.5 Da	orbitrap	12Jun13_B2_7_PVB_i01.RAW	v1.1.0	HAMLET-agentic v2.1.0	furunculosis
PXD000429-Sample-193	Aeromonas salmonicida	growth phase culture	furunculosis	not available	not available	not available	run 193	proteomic profiling by mass spectrometry	not available	label free sample	NT=LTQ Orbitrap XL;AC=MS:1000556	not available	not available	not available	NT=collision-induced dissociation;AC=MS:1000133	strain (wt, ΔascV mutant), growth phase (GP, SP), sample type (SN, pellet)	not available	6 ppm	0.5 Da	orbitrap	12Jun13_A2_7_PVB_i01.RAW	v1.1.0	HAMLET-agentic v2.1.0	furunculosis
PXD000429-Sample-194	Aeromonas salmonicida	growth phase culture	furunculosis	not available	not available	not available	run 194	proteomic profiling by mass spectrometry	not available	label free sample	NT=LTQ Orbitrap XL;AC=MS:1000556	not available	not available	not available	NT=collision-induced dissociation;AC=MS:1000133	strain (wt, ΔascV mutant), growth phase (GP, SP), sample type (SN, pellet)	not available	6 ppm	0.5 Da	orbitrap	12Jun26_C1_20_PVB_i01.RAW	v1.1.0	HAMLET-agentic v2.1.0	furunculosis
PXD000429-Sample-195	Aeromonas salmonicida	growth phase culture	furunculosis	not available	not available	not available	run 195	proteomic profiling by mass spectrometry	not available	label free sample	NT=LTQ Orbitrap XL;AC=MS:1000556	not available	not available	not available	NT=collision-induced dissociation;AC=MS:1000133	strain (wt, ΔascV mutant), growth phase (GP, SP), sample type (SN, pellet)	not available	6 ppm	0.5 Da	orbitrap	12Jun13_B2_10_PVB_i01.RAW	v1.1.0	HAMLET-agentic v2.1.0	furunculosis
PXD000429-Sample-196	Aeromonas salmonicida	growth phase culture	furunculosis	not available	not available	not available	run 196	proteomic profiling by mass spectrometry	not available	label free sample	NT=LTQ Orbitrap XL;AC=MS:1000556	not available	not available	not available	NT=collision-induced dissociation;AC=MS:1000133	strain (wt, ΔascV mutant), growth phase (GP, SP), sample type (SN, pellet)	not available	6 ppm	0.5 Da	orbitrap	12Jun22_C1_8_PVB_i01.RAW	v1.1.0	HAMLET-agentic v2.1.0	furunculosis
PXD000429-Sample-197	Aeromonas salmonicida	growth phase culture	furunculosis	not available	not available	not available	run 197	proteomic profiling by mass spectrometry	not available	label free sample	NT=LTQ Orbitrap XL;AC=MS:1000556	not available	not available	not available	NT=collision-induced dissociation;AC=MS:1000133	strain (wt, ΔascV mutant), growth phase (GP, SP), sample type (SN, pellet)	not available	6 ppm	0.5 Da	orbitrap	12Feb09_B12_PVB_i01.RAW	v1.1.0	HAMLET-agentic v2.1.0	furunculosis
PXD000429-Sample-198	Aeromonas salmonicida	growth phase culture	furunculosis	not available	not available	not available	run 198	proteomic profiling by mass spectrometry	not available	label free sample	NT=LTQ Orbitrap XL;AC=MS:1000556	not available	not available	not available	NT=collision-induced dissociation;AC=MS:1000133	strain (wt, ΔascV mutant), growth phase (GP, SP), sample type (SN, pellet)	not available	6 ppm	0.5 Da	orbitrap	12Jun26_C1_18_PVB_i01.RAW	v1.1.0	HAMLET-agentic v2.1.0	furunculosis
PXD000429-Sample-199	Aeromonas salmonicida	growth phase culture	furunculosis	not available	not available	not available	run 199	proteomic profiling by mass spectrometry	not available	label free sample	NT=LTQ Orbitrap XL;AC=MS:1000556	not available	not available	not available	NT=collision-induced dissociation;AC=MS:1000133	strain (wt, ΔascV mutant), growth phase (GP, SP), sample type (SN, pellet)	not available	6 ppm	0.5 Da	orbitrap	12Jun26_D1_23_PVB_i01.RAW	v1.1.0	HAMLET-agentic v2.1.0	furunculosis
PXD000429-Sample-200	Aeromonas salmonicida	growth phase culture	furunculosis	not available	not available	not available	run 200	proteomic profiling by mass spectrometry	not available	label free sample	NT=LTQ Orbitrap XL;AC=MS:1000556	not available	not available	not available	NT=collision-induced dissociation;AC=MS:1000133	strain (wt, ΔascV mutant), growth phase (GP, SP), sample type (SN, pellet)	not available	6 ppm	0.5 Da	orbitrap	12Jul03_C1_26_PVB_i01.RAW	v1.1.0	HAMLET-agentic v2.1.0	furunculosis
PXD000429-Sample-201	Aeromonas salmonicida	growth phase culture	furunculosis	not available	not available	not available	run 201	proteomic profiling by mass spectrometry	not available	label free sample	NT=LTQ Orbitrap XL;AC=MS:1000556	not available	not available	not available	NT=collision-induced dissociation;AC=MS:1000133	strain (wt, ΔascV mutant), growth phase (GP, SP), sample type (SN, pellet)	not available	6 ppm	0.5 Da	orbitrap	12Jul04_D1_39_PVB_i01.RAW	v1.1.0	HAMLET-agentic v2.1.0	furunculosis
PXD000429-Sample-202	Aeromonas salmonicida	growth phase culture	furunculosis	not available	not available	not available	run 202	proteomic profiling by mass spectrometry	not available	label free sample	NT=LTQ Orbitrap XL;AC=MS:1000556	not available	not available	not available	NT=collision-induced dissociation;AC=MS:1000133	strain (wt, ΔascV mutant), growth phase (GP, SP), sample type (SN, pellet)	not available	6 ppm	0.5 Da	orbitrap	12Feb08_B14_PVB_i01.RAW	v1.1.0	HAMLET-agentic v2.1.0	furunculosis
PXD000429-Sample-203	Aeromonas salmonicida	growth phase culture	furunculosis	not available	not available	not available	run 203	proteomic profiling by mass spectrometry	not available	label free sample	NT=LTQ Orbitrap XL;AC=MS:1000556	not available	not available	not available	NT=collision-induced dissociation;AC=MS:1000133	strain (wt, ΔascV mutant), growth phase (GP, SP), sample type (SN, pellet)	not available	6 ppm	0.5 Da	orbitrap	12Jun14_A2_14_PVB_i01.RAW	v1.1.0	HAMLET-agentic v2.1.0	furunculosis
PXD000429-Sample-204	Aeromonas salmonicida	growth phase culture	furunculosis	not available	not available	not available	run 204	proteomic profiling by mass spectrometry	not available	label free sample	NT=LTQ Orbitrap XL;AC=MS:1000556	not available	not available	not available	NT=collision-induced dissociation;AC=MS:1000133	strain (wt, ΔascV mutant), growth phase (GP, SP), sample type (SN, pellet)	not available	6 ppm	0.5 Da	orbitrap	12Jun21_D2_25_PVB_i01.RAW	v1.1.0	HAMLET-agentic v2.1.0	furunculosis
PXD000429-Sample-205	Aeromonas salmonicida	growth phase culture	furunculosis	not available	not available	not available	run 205	proteomic profiling by mass spectrometry	not available	label free sample	NT=LTQ Orbitrap XL;AC=MS:1000556	not available	not available	not available	NT=collision-induced dissociation;AC=MS:1000133	strain (wt, ΔascV mutant), growth phase (GP, SP), sample type (SN, pellet)	not available	6 ppm	0.5 Da	orbitrap	12Jul04_C1_38_PVB_i01.RAW	v1.1.0	HAMLET-agentic v2.1.0	furunculosis
PXD000429-Sample-206	Aeromonas salmonicida	growth phase culture	furunculosis	not available	not available	not available	run 206	proteomic profiling by mass spectrometry	not available	label free sample	NT=LTQ Orbitrap XL;AC=MS:1000556	not available	not available	not available	NT=collision-induced dissociation;AC=MS:1000133	strain (wt, ΔascV mutant), growth phase (GP, SP), sample type (SN, pellet)	not available	6 ppm	0.5 Da	orbitrap	12Jun20_C2_17_PVB_i01.RAW	v1.1.0	HAMLET-agentic v2.1.0	furunculosis
PXD000429-Sample-207	Aeromonas salmonicida	growth phase culture	furunculosis	not available	not available	not available	run 207	proteomic profiling by mass spectrometry	not available	label free sample	NT=LTQ Orbitrap XL;AC=MS:1000556	not available	not available	not available	NT=collision-induced dissociation;AC=MS:1000133	strain (wt, ΔascV mutant), growth phase (GP, SP), sample type (SN, pellet)	not available	6 ppm	0.5 Da	orbitrap	12Jul04_D1_35_PVB_i01.RAW	v1.1.0	HAMLET-agentic v2.1.0	furunculosis
PXD000429-Sample-208	Aeromonas salmonicida	growth phase culture	furunculosis	not available	not available	not available	run 208	proteomic profiling by mass spectrometry	not available	label free sample	NT=LTQ Orbitrap XL;AC=MS:1000556	not available	not available	not available	NT=collision-induced dissociation;AC=MS:1000133	strain (wt, ΔascV mutant), growth phase (GP, SP), sample type (SN, pellet)	not available	6 ppm	0.5 Da	orbitrap	12Feb08_A18_PVB_i01.RAW	v1.1.0	HAMLET-agentic v2.1.0	furunculosis
PXD000429-Sample-209	Aeromonas salmonicida	growth phase culture	furunculosis	not available	not available	not available	run 209	proteomic profiling by mass spectrometry	not available	label free sample	NT=LTQ Orbitrap XL;AC=MS:1000556	not available	not available	not available	NT=collision-induced dissociation;AC=MS:1000133	strain (wt, ΔascV mutant), growth phase (GP, SP), sample type (SN, pellet)	not available	6 ppm	0.5 Da	orbitrap	12Feb07_B23_PVB_i01.RAW	v1.1.0	HAMLET-agentic v2.1.0	furunculosis
PXD000429-Sample-210	Aeromonas salmonicida	growth phase culture	furunculosis	not available	not available	not available	run 210	proteomic profiling by mass spectrometry	not available	label free sample	NT=LTQ Orbitrap XL;AC=MS:1000556	not available	not available	not available	NT=collision-induced dissociation;AC=MS:1000133	strain (wt, ΔascV mutant), growth phase (GP, SP), sample type (SN, pellet)	not available	6 ppm	0.5 Da	orbitrap	12Jun20_D2_17_PVB_i01.RAW	v1.1.0	HAMLET-agentic v2.1.0	furunculosis
PXD000429-Sample-211	Aeromonas salmonicida	growth phase culture	furunculosis	not available	not available	not available	run 211	proteomic profiling by mass spectrometry	not available	label free sample	NT=LTQ Orbitrap XL;AC=MS:1000556	not available	not available	not available	NT=collision-induced dissociation;AC=MS:1000133	strain (wt, ΔascV mutant), growth phase (GP, SP), sample type (SN, pellet)	not available	6 ppm	0.5 Da	orbitrap	12Feb07_B21_PVB_i01.RAW	v1.1.0	HAMLET-agentic v2.1.0	furunculosis
PXD000429-Sample-212	Aeromonas salmonicida	growth phase culture	furunculosis	not available	not available	not available	run 212	proteomic profiling by mass spectrometry	not available	label free sample	NT=LTQ Orbitrap XL;AC=MS:1000556	not available	not available	not available	NT=collision-induced dissociation;AC=MS:1000133	strain (wt, ΔascV mutant), growth phase (GP, SP), sample type (SN, pellet)	not available	6 ppm	0.5 Da	orbitrap	12Jul03_C1_25_PVB_i01.RAW	v1.1.0	HAMLET-agentic v2.1.0	furunculosis
PXD000429-Sample-213	Aeromonas salmonicida	growth phase culture	furunculosis	not available	not available	not available	run 213	proteomic profiling by mass spectrometry	not available	label free sample	NT=LTQ Orbitrap XL;AC=MS:1000556	not available	not available	not available	NT=collision-induced dissociation;AC=MS:1000133	strain (wt, ΔascV mutant), growth phase (GP, SP), sample type (SN, pellet)	not available	6 ppm	0.5 Da	orbitrap	12Feb08_A16_PVB_i01.RAW	v1.1.0	HAMLET-agentic v2.1.0	furunculosis
PXD000429-Sample-214	Aeromonas salmonicida	growth phase culture	furunculosis	not available	not available	not available	run 214	proteomic profiling by mass spectrometry	not available	label free sample	NT=LTQ Orbitrap XL;AC=MS:1000556	not available	not available	not available	NT=collision-induced dissociation;AC=MS:1000133	strain (wt, ΔascV mutant), growth phase (GP, SP), sample type (SN, pellet)	not available	6 ppm	0.5 Da	orbitrap	12Jun13_A2_6_PVB_i01.RAW	v1.1.0	HAMLET-agentic v2.1.0	furunculosis
PXD000429-Sample-215	Aeromonas salmonicida	growth phase culture	furunculosis	not available	not available	not available	run 215	proteomic profiling by mass spectrometry	not available	label free sample	NT=LTQ Orbitrap XL;AC=MS:1000556	not available	not available	not available	NT=collision-induced dissociation;AC=MS:1000133	strain (wt, ΔascV mutant), growth phase (GP, SP), sample type (SN, pellet)	not available	6 ppm	0.5 Da	orbitrap	12Feb07_B24_PVB_i01.RAW	v1.1.0	HAMLET-agentic v2.1.0	furunculosis
PXD000429-Sample-216	Aeromonas salmonicida	growth phase culture	furunculosis	not available	not available	not available	run 216	proteomic profiling by mass spectrometry	not available	label free sample	NT=LTQ Orbitrap XL;AC=MS:1000556	not available	not available	not available	NT=collision-induced dissociation;AC=MS:1000133	strain (wt, ΔascV mutant), growth phase (GP, SP), sample type (SN, pellet)	not available	6 ppm	0.5 Da	orbitrap	12Jun25_D1_10_PVB_i01.RAW	v1.1.0	HAMLET-agentic v2.1.0	furunculosis
PXD000429-Sample-217	Aeromonas salmonicida	growth phase culture	furunculosis	not available	not available	not available	run 217	proteomic profiling by mass spectrometry	not available	label free sample	NT=LTQ Orbitrap XL;AC=MS:1000556	not available	not available	not available	NT=collision-induced dissociation;AC=MS:1000133	strain (wt, ΔascV mutant), growth phase (GP, SP), sample type (SN, pellet)	not available	6 ppm	0.5 Da	orbitrap	12Feb09_A8_PVB_i01.RAW	v1.1.0	HAMLET-agentic v2.1.0	furunculosis
PXD000429-Sample-218	Aeromonas salmonicida	growth phase culture	furunculosis	not available	not available	not available	run 218	proteomic profiling by mass spectrometry	not available	label free sample	NT=LTQ Orbitrap XL;AC=MS:1000556	not available	not available	not available	NT=collision-induced dissociation;AC=MS:1000133	strain (wt, ΔascV mutant), growth phase (GP, SP), sample type (SN, pellet)	not available	6 ppm	0.5 Da	orbitrap	12Jun26_D1_24_PVB_i01.RAW	v1.1.0	HAMLET-agentic v2.1.0	furunculosis
PXD000429-Sample-219	Aeromonas salmonicida	growth phase culture	furunculosis	not available	not available	not available	run 219	proteomic profiling by mass spectrometry	not available	label free sample	NT=LTQ Orbitrap XL;AC=MS:1000556	not available	not available	not available	NT=collision-induced dissociation;AC=MS:1000133	strain (wt, ΔascV mutant), growth phase (GP, SP), sample type (SN, pellet)	not available	6 ppm	0.5 Da	orbitrap	12Jun14_A2_16_PVB_i01.RAW	v1.1.0	HAMLET-agentic v2.1.0	furunculosis
PXD000429-Sample-220	Aeromonas salmonicida	growth phase culture	furunculosis	not available	not available	not available	run 220	proteomic profiling by mass spectrometry	not available	label free sample	NT=LTQ Orbitrap XL;AC=MS:1000556	not available	not available	not available	NT=collision-induced dissociation;AC=MS:1000133	strain (wt, ΔascV mutant), growth phase (GP, SP), sample type (SN, pellet)	not available	6 ppm	0.5 Da	orbitrap	12Jun20_C2_18_PVB_i01.RAW	v1.1.0	HAMLET-agentic v2.1.0	furunculosis
PXD000429-Sample-221	Aeromonas salmonicida	growth phase culture	furunculosis	not available	not available	not available	run 221	proteomic profiling by mass spectrometry	not available	label free sample	NT=LTQ Orbitrap XL;AC=MS:1000556	not available	not available	not available	NT=collision-induced dissociation;AC=MS:1000133	strain (wt, ΔascV mutant), growth phase (GP, SP), sample type (SN, pellet)	not available	6 ppm	0.5 Da	orbitrap	12Feb09_A10_PVB_i01.RAW	v1.1.0	HAMLET-agentic v2.1.0	furunculosis
PXD000429-Sample-222	Aeromonas salmonicida	growth phase culture	furunculosis	not available	not available	not available	run 222	proteomic profiling by mass spectrometry	not available	label free sample	NT=LTQ Orbitrap XL;AC=MS:1000556	not available	not available	not available	NT=collision-induced dissociation;AC=MS:1000133	strain (wt, ΔascV mutant), growth phase (GP, SP), sample type (SN, pellet)	not available	6 ppm	0.5 Da	orbitrap	12Jun13_B2_11_PVB_i01.RAW	v1.1.0	HAMLET-agentic v2.1.0	furunculosis
PXD000429-Sample-223	Aeromonas salmonicida	growth phase culture	furunculosis	not available	not available	not available	run 223	proteomic profiling by mass spectrometry	not available	label free sample	NT=LTQ Orbitrap XL;AC=MS:1000556	not available	not available	not available	NT=collision-induced dissociation;AC=MS:1000133	strain (wt, ΔascV mutant), growth phase (GP, SP), sample type (SN, pellet)	not available	6 ppm	0.5 Da	orbitrap	12Jun25_D1_15_PVB_i01.RAW	v1.1.0	HAMLET-agentic v2.1.0	furunculosis
PXD000429-Sample-224	Aeromonas salmonicida	growth phase culture	furunculosis	not available	not available	not available	run 224	proteomic profiling by mass spectrometry	not available	label free sample	NT=LTQ Orbitrap XL;AC=MS:1000556	not available	not available	not available	NT=collision-induced dissociation;AC=MS:1000133	strain (wt, ΔascV mutant), growth phase (GP, SP), sample type (SN, pellet)	not available	6 ppm	0.5 Da	orbitrap	12Jun19_C2_15_PVB_i01.RAW	v1.1.0	HAMLET-agentic v2.1.0	furunculosis
PXD000429-Sample-225	Aeromonas salmonicida	growth phase culture	furunculosis	not available	not available	not available	run 225	proteomic profiling by mass spectrometry	not available	label free sample	NT=LTQ Orbitrap XL;AC=MS:1000556	not available	not available	not available	NT=collision-induced dissociation;AC=MS:1000133	strain (wt, ΔascV mutant), growth phase (GP, SP), sample type (SN, pellet)	not available	6 ppm	0.5 Da	orbitrap	12Jun20_C2_20_PVB_i01.RAW	v1.1.0	HAMLET-agentic v2.1.0	furunculosis
PXD000429-Sample-226	Aeromonas salmonicida	growth phase culture	furunculosis	not available	not available	not available	run 226	proteomic profiling by mass spectrometry	not available	label free sample	NT=LTQ Orbitrap XL;AC=MS:1000556	not available	not available	not available	NT=collision-induced dissociation;AC=MS:1000133	strain (wt, ΔascV mutant), growth phase (GP, SP), sample type (SN, pellet)	not available	6 ppm	0.5 Da	orbitrap	12Jun18_D2_7_PVB_i01.RAW	v1.1.0	HAMLET-agentic v2.1.0	furunculosis
PXD000429-Sample-227	Aeromonas salmonicida	growth phase culture	furunculosis	not available	not available	not available	run 227	proteomic profiling by mass spectrometry	not available	label free sample	NT=LTQ Orbitrap XL;AC=MS:1000556	not available	not available	not available	NT=collision-induced dissociation;AC=MS:1000133	strain (wt, ΔascV mutant), growth phase (GP, SP), sample type (SN, pellet)	not available	6 ppm	0.5 Da	orbitrap	12Jun15_A2_23_PVB_i01.RAW	v1.1.0	HAMLET-agentic v2.1.0	furunculosis
PXD000429-Sample-228	Aeromonas salmonicida	growth phase culture	furunculosis	not available	not available	not available	run 228	proteomic profiling by mass spectrometry	not available	label free sample	NT=LTQ Orbitrap XL;AC=MS:1000556	not available	not available	not available	NT=collision-induced dissociation;AC=MS:1000133	strain (wt, ΔascV mutant), growth phase (GP, SP), sample type (SN, pellet)	not available	6 ppm	0.5 Da	orbitrap	12Jul03_D1_30_PVB_i01.RAW	v1.1.0	HAMLET-agentic v2.1.0	furunculosis
PXD000429-Sample-229	Aeromonas salmonicida	growth phase culture	furunculosis	not available	not available	not available	run 229	proteomic profiling by mass spectrometry	not available	label free sample	NT=LTQ Orbitrap XL;AC=MS:1000556	not available	not available	not available	NT=collision-induced dissociation;AC=MS:1000133	strain (wt, ΔascV mutant), growth phase (GP, SP), sample type (SN, pellet)	not available	6 ppm	0.5 Da	orbitrap	12Jun15_B2_25_PVB_i01.RAW	v1.1.0	HAMLET-agentic v2.1.0	furunculosis
PXD000429-Sample-230	Aeromonas salmonicida	growth phase culture	furunculosis	not available	not available	not available	run 230	proteomic profiling by mass spectrometry	not available	label free sample	NT=LTQ Orbitrap XL;AC=MS:1000556	not available	not available	not available	NT=collision-induced dissociation;AC=MS:1000133	strain (wt, ΔascV mutant), growth phase (GP, SP), sample type (SN, pellet)	not available	6 ppm	0.5 Da	orbitrap	12Jun21_C2_27_PVB_i01.RAW	v1.1.0	HAMLET-agentic v2.1.0	furunculosis
PXD000429-Sample-231	Aeromonas salmonicida	growth phase culture	furunculosis	not available	not available	not available	run 231	proteomic profiling by mass spectrometry	not available	label free sample	NT=LTQ Orbitrap XL;AC=MS:1000556	not available	not available	not available	NT=collision-induced dissociation;AC=MS:1000133	strain (wt, ΔascV mutant), growth phase (GP, SP), sample type (SN, pellet)	not available	6 ppm	0.5 Da	orbitrap	12Jun14_A2_18_PVB_i01.RAW	v1.1.0	HAMLET-agentic v2.1.0	furunculosis
PXD000429-Sample-232	Aeromonas salmonicida	growth phase culture	furunculosis	not available	not available	not available	run 232	proteomic profiling by mass spectrometry	not available	label free sample	NT=LTQ Orbitrap XL;AC=MS:1000556	not available	not available	not available	NT=collision-induced dissociation;AC=MS:1000133	strain (wt, ΔascV mutant), growth phase (GP, SP), sample type (SN, pellet)	not available	6 ppm	0.5 Da	orbitrap	12Jun13_A2_9_PVB_i01.RAW	v1.1.0	HAMLET-agentic v2.1.0	furunculosis
PXD000429-Sample-233	Aeromonas salmonicida	growth phase culture	furunculosis	not available	not available	not available	run 233	proteomic profiling by mass spectrometry	not available	label free sample	NT=LTQ Orbitrap XL;AC=MS:1000556	not available	not available	not available	NT=collision-induced dissociation;AC=MS:1000133	strain (wt, ΔascV mutant), growth phase (GP, SP), sample type (SN, pellet)	not available	6 ppm	0.5 Da	orbitrap	12Jun20_D2_19_PVB_i01.RAW	v1.1.0	HAMLET-agentic v2.1.0	furunculosis
PXD000429-Sample-234	Aeromonas salmonicida	growth phase culture	furunculosis	not available	not available	not available	run 234	proteomic profiling by mass spectrometry	not available	label free sample	NT=LTQ Orbitrap XL;AC=MS:1000556	not available	not available	not available	NT=collision-induced dissociation;AC=MS:1000133	strain (wt, ΔascV mutant), growth phase (GP, SP), sample type (SN, pellet)	not available	6 ppm	0.5 Da	orbitrap	12Jun26_C1_18_PVB_i02.RAW	v1.1.0	HAMLET-agentic v2.1.0	furunculosis
PXD000429-Sample-235	Aeromonas salmonicida	growth phase culture	furunculosis	not available	not available	not available	run 235	proteomic profiling by mass spectrometry	not available	label free sample	NT=LTQ Orbitrap XL;AC=MS:1000556	not available	not available	not available	NT=collision-induced dissociation;AC=MS:1000133	strain (wt, ΔascV mutant), growth phase (GP, SP), sample type (SN, pellet)	not available	6 ppm	0.5 Da	orbitrap	12Jun15_B2_23_PVB_i01.RAW	v1.1.0	HAMLET-agentic v2.1.0	furunculosis
PXD000429-Sample-236	Aeromonas salmonicida	growth phase culture	furunculosis	not available	not available	not available	run 236	proteomic profiling by mass spectrometry	not available	label free sample	NT=LTQ Orbitrap XL;AC=MS:1000556	not available	not available	not available	NT=collision-induced dissociation;AC=MS:1000133	strain (wt, ΔascV mutant), growth phase (GP, SP), sample type (SN, pellet)	not available	6 ppm	0.5 Da	orbitrap	12Feb07_B25_PVB_i01.RAW	v1.1.0	HAMLET-agentic v2.1.0	furunculosis
PXD000429-Sample-237	Aeromonas salmonicida	growth phase culture	furunculosis	not available	not available	not available	run 237	proteomic profiling by mass spectrometry	not available	label free sample	NT=LTQ Orbitrap XL;AC=MS:1000556	not available	not available	not available	NT=collision-induced dissociation;AC=MS:1000133	strain (wt, ΔascV mutant), growth phase (GP, SP), sample type (SN, pellet)	not available	6 ppm	0.5 Da	orbitrap	12Jun19_C2_13_PVB_i01.RAW	v1.1.0	HAMLET-agentic v2.1.0	furunculosis
PXD000429-Sample-238	Aeromonas salmonicida	growth phase culture	furunculosis	not available	not available	not available	run 238	proteomic profiling by mass spectrometry	not available	label free sample	NT=LTQ Orbitrap XL;AC=MS:1000556	not available	not available	not available	NT=collision-induced dissociation;AC=MS:1000133	strain (wt, ΔascV mutant), growth phase (GP, SP), sample type (SN, pellet)	not available	6 ppm	0.5 Da	orbitrap	12Jun12_A2_3_PVB_i01.RAW	v1.1.0	HAMLET-agentic v2.1.0	furunculosis
PXD000429-Sample-239	Aeromonas salmonicida	growth phase culture	furunculosis	not available	not available	not available	run 239	proteomic profiling by mass spectrometry	not available	label free sample	NT=LTQ Orbitrap XL;AC=MS:1000556	not available	not available	not available	NT=collision-induced dissociation;AC=MS:1000133	strain (wt, ΔascV mutant), growth phase (GP, SP), sample type (SN, pellet)	not available	6 ppm	0.5 Da	orbitrap	12Jun26_D1_17_PVB_i01.RAW	v1.1.0	HAMLET-agentic v2.1.0	furunculosis
PXD000429-Sample-240	Aeromonas salmonicida	growth phase culture	furunculosis	not available	not available	not available	run 240	proteomic profiling by mass spectrometry	not available	label free sample	NT=LTQ Orbitrap XL;AC=MS:1000556	not available	not available	not available	NT=collision-induced dissociation;AC=MS:1000133	strain (wt, ΔascV mutant), growth phase (GP, SP), sample type (SN, pellet)	not available	6 ppm	0.5 Da	orbitrap	12Jun19_D2_11_PVB_i01.RAW	v1.1.0	HAMLET-agentic v2.1.0	furunculosis
PXD000429-Sample-241	Aeromonas salmonicida	growth phase culture	furunculosis	not available	not available	not available	run 241	proteomic profiling by mass spectrometry	not available	label free sample	NT=LTQ Orbitrap XL;AC=MS:1000556	not available	not available	not available	NT=collision-induced dissociation;AC=MS:1000133	strain (wt, ΔascV mutant), growth phase (GP, SP), sample type (SN, pellet)	not available	6 ppm	0.5 Da	orbitrap	12Jun22_D1_2_PVB_i01.RAW	v1.1.0	HAMLET-agentic v2.1.0	furunculosis
PXD000429-Sample-242	Aeromonas salmonicida	growth phase culture	furunculosis	not available	not available	not available	run 242	proteomic profiling by mass spectrometry	not available	label free sample	NT=LTQ Orbitrap XL;AC=MS:1000556	not available	not available	not available	NT=collision-induced dissociation;AC=MS:1000133	strain (wt, ΔascV mutant), growth phase (GP, SP), sample type (SN, pellet)	not available	6 ppm	0.5 Da	orbitrap	12Jul04_D1_34_PVB_i01.RAW	v1.1.0	HAMLET-agentic v2.1.0	furunculosis
PXD000429-Sample-243	Aeromonas salmonicida	growth phase culture	furunculosis	not available	not available	not available	run 243	proteomic profiling by mass spectrometry	not available	label free sample	NT=LTQ Orbitrap XL;AC=MS:1000556	not available	not available	not available	NT=collision-induced dissociation;AC=MS:1000133	strain (wt, ΔascV mutant), growth phase (GP, SP), sample type (SN, pellet)	not available	6 ppm	0.5 Da	orbitrap	12Jun18_C2_6_PVB_i01.RAW	v1.1.0	HAMLET-agentic v2.1.0	furunculosis
PXD000429-Sample-244	Aeromonas salmonicida	growth phase culture	furunculosis	not available	not available	not available	run 244	proteomic profiling by mass spectrometry	not available	label free sample	NT=LTQ Orbitrap XL;AC=MS:1000556	not available	not available	not available	NT=collision-induced dissociation;AC=MS:1000133	strain (wt, ΔascV mutant), growth phase (GP, SP), sample type (SN, pellet)	not available	6 ppm	0.5 Da	orbitrap	12Jun22_D1_7_PVB_i01.RAW	v1.1.0	HAMLET-agentic v2.1.0	furunculosis
PXD000429-Sample-245	Aeromonas salmonicida	growth phase culture	furunculosis	not available	not available	not available	run 245	proteomic profiling by mass spectrometry	not available	label free sample	NT=LTQ Orbitrap XL;AC=MS:1000556	not available	not available	not available	NT=collision-induced dissociation;AC=MS:1000133	strain (wt, ΔascV mutant), growth phase (GP, SP), sample type (SN, pellet)	not available	6 ppm	0.5 Da	orbitrap	12Jun18_C2_4_PVB_i01.RAW	v1.1.0	HAMLET-agentic v2.1.0	furunculosis
