source name	characteristics[organism]	characteristics[organism part]	characteristics[disease]	characteristics[biological replicate]	characteristics[sex]	characteristics[age]	assay name	technology type	comment[proteomics data acquisition method]	comment[label]	comment[instrument]	comment[cleavage agent details]	comment[fraction identifier]	comment[technical replicate]	comment[dissociation method]	factor value[experimental design]	comment[modification parameters]	comment[precursor mass tolerance]	comment[fragment mass tolerance]	comment[ms2 mass analyzer]	comment[data file]	comment[sdrf version]	comment[sdrf annotation tool]	factor value[disease]
PXD006233-Sample-1	Homo sapiens	brain	ad + cvd, normal	12	not available	not available	run 1	proteomic profiling by mass spectrometry	NT=data-dependent acquisition;AC=PRIDE:0000627	label free sample	NT=Orbitrap Elite;AC=MS:1001910	NT=Trypsin;AC=MS:1001251	1	1	NT=beam-type collision-induced dissociation;AC=MS:1000422	diagnosis (AD + CVD, healthy age-matched control), fraction (soluble, particulate)	not available	7 ppm	17 ppm	orbitrap	BA21_C1_P_07.raw	v1.1.0	HAMLET-agentic v0.1.0	ad + cvd, normal
PXD006233-Sample-2	Homo sapiens	brain	ad + cvd, normal	12	not available	not available	run 2	proteomic profiling by mass spectrometry	NT=data-dependent acquisition;AC=PRIDE:0000627	label free sample	NT=Orbitrap Elite;AC=MS:1001910	NT=Trypsin;AC=MS:1001251	1	1	NT=beam-type collision-induced dissociation;AC=MS:1000422	diagnosis (AD + CVD, healthy age-matched control), fraction (soluble, particulate)	not available	7 ppm	17 ppm	orbitrap	BA21_C1_S_06.raw	v1.1.0	HAMLET-agentic v0.1.0	ad + cvd, normal
PXD006233-Sample-3	Homo sapiens	brain	ad + cvd, normal	12	not available	not available	run 3	proteomic profiling by mass spectrometry	NT=data-dependent acquisition;AC=PRIDE:0000627	label free sample	NT=Orbitrap Elite;AC=MS:1001910	NT=Trypsin;AC=MS:1001251	1	1	NT=beam-type collision-induced dissociation;AC=MS:1000422	diagnosis (AD + CVD, healthy age-matched control), fraction (soluble, particulate)	not available	7 ppm	17 ppm	orbitrap	BA21_C1_S_26.raw	v1.1.0	HAMLET-agentic v0.1.0	ad + cvd, normal
PXD006233-Sample-4	Homo sapiens	brain	ad + cvd, normal	12	not available	not available	run 4	proteomic profiling by mass spectrometry	NT=data-dependent acquisition;AC=PRIDE:0000627	label free sample	NT=Orbitrap Elite;AC=MS:1001910	NT=Trypsin;AC=MS:1001251	1	1	NT=beam-type collision-induced dissociation;AC=MS:1000422	diagnosis (AD + CVD, healthy age-matched control), fraction (soluble, particulate)	not available	7 ppm	17 ppm	orbitrap	BA21_C2_P_05.raw	v1.1.0	HAMLET-agentic v0.1.0	ad + cvd, normal
PXD006233-Sample-5	Homo sapiens	brain	ad + cvd, normal	12	not available	not available	run 5	proteomic profiling by mass spectrometry	NT=data-dependent acquisition;AC=PRIDE:0000627	label free sample	NT=Orbitrap Elite;AC=MS:1001910	NT=Trypsin;AC=MS:1001251	1	1	NT=beam-type collision-induced dissociation;AC=MS:1000422	diagnosis (AD + CVD, healthy age-matched control), fraction (soluble, particulate)	not available	7 ppm	17 ppm	orbitrap	BA21_C2_S_04.raw	v1.1.0	HAMLET-agentic v0.1.0	ad + cvd, normal
PXD006233-Sample-6	Homo sapiens	brain	ad + cvd, normal	12	not available	not available	run 6	proteomic profiling by mass spectrometry	NT=data-dependent acquisition;AC=PRIDE:0000627	label free sample	NT=Orbitrap Elite;AC=MS:1001910	NT=Trypsin;AC=MS:1001251	1	1	NT=beam-type collision-induced dissociation;AC=MS:1000422	diagnosis (AD + CVD, healthy age-matched control), fraction (soluble, particulate)	not available	7 ppm	17 ppm	orbitrap	BA21_C3_P_05.raw	v1.1.0	HAMLET-agentic v0.1.0	ad + cvd, normal
PXD006233-Sample-7	Homo sapiens	brain	ad + cvd, normal	12	not available	not available	run 7	proteomic profiling by mass spectrometry	NT=data-dependent acquisition;AC=PRIDE:0000627	label free sample	NT=Orbitrap Elite;AC=MS:1001910	NT=Trypsin;AC=MS:1001251	1	1	NT=beam-type collision-induced dissociation;AC=MS:1000422	diagnosis (AD + CVD, healthy age-matched control), fraction (soluble, particulate)	not available	7 ppm	17 ppm	orbitrap	BA21_C3_P_12.raw	v1.1.0	HAMLET-agentic v0.1.0	ad + cvd, normal
PXD006233-Sample-8	Homo sapiens	brain	ad + cvd, normal	12	not available	not available	run 8	proteomic profiling by mass spectrometry	NT=data-dependent acquisition;AC=PRIDE:0000627	label free sample	NT=Orbitrap Elite;AC=MS:1001910	NT=Trypsin;AC=MS:1001251	1	1	NT=beam-type collision-induced dissociation;AC=MS:1000422	diagnosis (AD + CVD, healthy age-matched control), fraction (soluble, particulate)	not available	7 ppm	17 ppm	orbitrap	BA21_C3_P_14.raw	v1.1.0	HAMLET-agentic v0.1.0	ad + cvd, normal
PXD006233-Sample-9	Homo sapiens	brain	ad + cvd, normal	12	not available	not available	run 9	proteomic profiling by mass spectrometry	NT=data-dependent acquisition;AC=PRIDE:0000627	label free sample	NT=Orbitrap Elite;AC=MS:1001910	NT=Trypsin;AC=MS:1001251	1	1	NT=beam-type collision-induced dissociation;AC=MS:1000422	diagnosis (AD + CVD, healthy age-matched control), fraction (soluble, particulate)	not available	7 ppm	17 ppm	orbitrap	BA21_C3_P_20.raw	v1.1.0	HAMLET-agentic v0.1.0	ad + cvd, normal
PXD006233-Sample-10	Homo sapiens	brain	ad + cvd, normal	12	not available	not available	run 10	proteomic profiling by mass spectrometry	NT=data-dependent acquisition;AC=PRIDE:0000627	label free sample	NT=Orbitrap Elite;AC=MS:1001910	NT=Trypsin;AC=MS:1001251	1	1	NT=beam-type collision-induced dissociation;AC=MS:1000422	diagnosis (AD + CVD, healthy age-matched control), fraction (soluble, particulate)	not available	7 ppm	17 ppm	orbitrap	BA21_C3_P_24.raw	v1.1.0	HAMLET-agentic v0.1.0	ad + cvd, normal
PXD006233-Sample-11	Homo sapiens	brain	ad + cvd, normal	12	not available	not available	run 11	proteomic profiling by mass spectrometry	NT=data-dependent acquisition;AC=PRIDE:0000627	label free sample	NT=Orbitrap Elite;AC=MS:1001910	NT=Trypsin;AC=MS:1001251	1	1	NT=beam-type collision-induced dissociation;AC=MS:1000422	diagnosis (AD + CVD, healthy age-matched control), fraction (soluble, particulate)	not available	7 ppm	17 ppm	orbitrap	BA21_C3_P_27.raw	v1.1.0	HAMLET-agentic v0.1.0	ad + cvd, normal
PXD006233-Sample-12	Homo sapiens	brain	ad + cvd, normal	12	not available	not available	run 12	proteomic profiling by mass spectrometry	NT=data-dependent acquisition;AC=PRIDE:0000627	label free sample	NT=Orbitrap Elite;AC=MS:1001910	NT=Trypsin;AC=MS:1001251	1	1	NT=beam-type collision-induced dissociation;AC=MS:1000422	diagnosis (AD + CVD, healthy age-matched control), fraction (soluble, particulate)	not available	7 ppm	17 ppm	orbitrap	BA21_C3_S_20.raw	v1.1.0	HAMLET-agentic v0.1.0	ad + cvd, normal
PXD006233-Sample-13	Homo sapiens	brain	ad + cvd, normal	12	not available	not available	run 13	proteomic profiling by mass spectrometry	NT=data-dependent acquisition;AC=PRIDE:0000627	label free sample	NT=Orbitrap Elite;AC=MS:1001910	NT=Trypsin;AC=MS:1001251	1	1	NT=beam-type collision-induced dissociation;AC=MS:1000422	diagnosis (AD + CVD, healthy age-matched control), fraction (soluble, particulate)	not available	7 ppm	17 ppm	orbitrap	BA21_D1_P_21.raw	v1.1.0	HAMLET-agentic v0.1.0	ad + cvd, normal
PXD006233-Sample-14	Homo sapiens	brain	ad + cvd, normal	12	not available	not available	run 14	proteomic profiling by mass spectrometry	NT=data-dependent acquisition;AC=PRIDE:0000627	label free sample	NT=Orbitrap Elite;AC=MS:1001910	NT=Trypsin;AC=MS:1001251	1	1	NT=beam-type collision-induced dissociation;AC=MS:1000422	diagnosis (AD + CVD, healthy age-matched control), fraction (soluble, particulate)	not available	7 ppm	17 ppm	orbitrap	BA21_D1_P_23.raw	v1.1.0	HAMLET-agentic v0.1.0	ad + cvd, normal
PXD006233-Sample-15	Homo sapiens	brain	ad + cvd, normal	12	not available	not available	run 15	proteomic profiling by mass spectrometry	NT=data-dependent acquisition;AC=PRIDE:0000627	label free sample	NT=Orbitrap Elite;AC=MS:1001910	NT=Trypsin;AC=MS:1001251	1	1	NT=beam-type collision-induced dissociation;AC=MS:1000422	diagnosis (AD + CVD, healthy age-matched control), fraction (soluble, particulate)	not available	7 ppm	17 ppm	orbitrap	BA21_D1_P_26.raw	v1.1.0	HAMLET-agentic v0.1.0	ad + cvd, normal
PXD006233-Sample-16	Homo sapiens	brain	ad + cvd, normal	12	not available	not available	run 16	proteomic profiling by mass spectrometry	NT=data-dependent acquisition;AC=PRIDE:0000627	label free sample	NT=Orbitrap Elite;AC=MS:1001910	NT=Trypsin;AC=MS:1001251	1	1	NT=beam-type collision-induced dissociation;AC=MS:1000422	diagnosis (AD + CVD, healthy age-matched control), fraction (soluble, particulate)	not available	7 ppm	17 ppm	orbitrap	BA21_D1_P_29.raw	v1.1.0	HAMLET-agentic v0.1.0	ad + cvd, normal
PXD006233-Sample-17	Homo sapiens	brain	ad + cvd, normal	12	not available	not available	run 17	proteomic profiling by mass spectrometry	NT=data-dependent acquisition;AC=PRIDE:0000627	label free sample	NT=Orbitrap Elite;AC=MS:1001910	NT=Trypsin;AC=MS:1001251	1	1	NT=beam-type collision-induced dissociation;AC=MS:1000422	diagnosis (AD + CVD, healthy age-matched control), fraction (soluble, particulate)	not available	7 ppm	17 ppm	orbitrap	BA21_D1_S_08.raw	v1.1.0	HAMLET-agentic v0.1.0	ad + cvd, normal
PXD006233-Sample-18	Homo sapiens	brain	ad + cvd, normal	12	not available	not available	run 18	proteomic profiling by mass spectrometry	NT=data-dependent acquisition;AC=PRIDE:0000627	label free sample	NT=Orbitrap Elite;AC=MS:1001910	NT=Trypsin;AC=MS:1001251	1	1	NT=beam-type collision-induced dissociation;AC=MS:1000422	diagnosis (AD + CVD, healthy age-matched control), fraction (soluble, particulate)	not available	7 ppm	17 ppm	orbitrap	BA21_D1_S_19.raw	v1.1.0	HAMLET-agentic v0.1.0	ad + cvd, normal
PXD006233-Sample-19	Homo sapiens	brain	ad + cvd, normal	12	not available	not available	run 19	proteomic profiling by mass spectrometry	NT=data-dependent acquisition;AC=PRIDE:0000627	label free sample	NT=Orbitrap Elite;AC=MS:1001910	NT=Trypsin;AC=MS:1001251	1	1	NT=beam-type collision-induced dissociation;AC=MS:1000422	diagnosis (AD + CVD, healthy age-matched control), fraction (soluble, particulate)	not available	7 ppm	17 ppm	orbitrap	BA21_D1_S_28.raw	v1.1.0	HAMLET-agentic v0.1.0	ad + cvd, normal
PXD006233-Sample-20	Homo sapiens	brain	ad + cvd, normal	12	not available	not available	run 20	proteomic profiling by mass spectrometry	NT=data-dependent acquisition;AC=PRIDE:0000627	label free sample	NT=Orbitrap Elite;AC=MS:1001910	NT=Trypsin;AC=MS:1001251	1	1	NT=beam-type collision-induced dissociation;AC=MS:1000422	diagnosis (AD + CVD, healthy age-matched control), fraction (soluble, particulate)	not available	7 ppm	17 ppm	orbitrap	BA21_D1_S_31.raw	v1.1.0	HAMLET-agentic v0.1.0	ad + cvd, normal
PXD006233-Sample-21	Homo sapiens	brain	ad + cvd, normal	12	not available	not available	run 21	proteomic profiling by mass spectrometry	NT=data-dependent acquisition;AC=PRIDE:0000627	label free sample	NT=Orbitrap Elite;AC=MS:1001910	NT=Trypsin;AC=MS:1001251	1	1	NT=beam-type collision-induced dissociation;AC=MS:1000422	diagnosis (AD + CVD, healthy age-matched control), fraction (soluble, particulate)	not available	7 ppm	17 ppm	orbitrap	BA21_D1_S_32.raw	v1.1.0	HAMLET-agentic v0.1.0	ad + cvd, normal
PXD006233-Sample-22	Homo sapiens	brain	ad + cvd, normal	12	not available	not available	run 22	proteomic profiling by mass spectrometry	NT=data-dependent acquisition;AC=PRIDE:0000627	label free sample	NT=Orbitrap Elite;AC=MS:1001910	NT=Trypsin;AC=MS:1001251	1	1	NT=beam-type collision-induced dissociation;AC=MS:1000422	diagnosis (AD + CVD, healthy age-matched control), fraction (soluble, particulate)	not available	7 ppm	17 ppm	orbitrap	BA21_D2_P_28.raw	v1.1.0	HAMLET-agentic v0.1.0	ad + cvd, normal
PXD006233-Sample-23	Homo sapiens	brain	ad + cvd, normal	12	not available	not available	run 23	proteomic profiling by mass spectrometry	NT=data-dependent acquisition;AC=PRIDE:0000627	label free sample	NT=Orbitrap Elite;AC=MS:1001910	NT=Trypsin;AC=MS:1001251	1	1	NT=beam-type collision-induced dissociation;AC=MS:1000422	diagnosis (AD + CVD, healthy age-matched control), fraction (soluble, particulate)	not available	7 ppm	17 ppm	orbitrap	BA21_D2_S_03.raw	v1.1.0	HAMLET-agentic v0.1.0	ad + cvd, normal
PXD006233-Sample-24	Homo sapiens	brain	ad + cvd, normal	12	not available	not available	run 24	proteomic profiling by mass spectrometry	NT=data-dependent acquisition;AC=PRIDE:0000627	label free sample	NT=Orbitrap Elite;AC=MS:1001910	NT=Trypsin;AC=MS:1001251	1	1	NT=beam-type collision-induced dissociation;AC=MS:1000422	diagnosis (AD + CVD, healthy age-matched control), fraction (soluble, particulate)	not available	7 ppm	17 ppm	orbitrap	BA21_D2_S_24.raw	v1.1.0	HAMLET-agentic v0.1.0	ad + cvd, normal
PXD006233-Sample-25	Homo sapiens	brain	ad + cvd, normal	12	not available	not available	run 25	proteomic profiling by mass spectrometry	NT=data-dependent acquisition;AC=PRIDE:0000627	label free sample	NT=Orbitrap Elite;AC=MS:1001910	NT=Trypsin;AC=MS:1001251	1	1	NT=beam-type collision-induced dissociation;AC=MS:1000422	diagnosis (AD + CVD, healthy age-matched control), fraction (soluble, particulate)	not available	7 ppm	17 ppm	orbitrap	BA21_D2_S_27.raw	v1.1.0	HAMLET-agentic v0.1.0	ad + cvd, normal
PXD006233-Sample-26	Homo sapiens	brain	ad + cvd, normal	12	not available	not available	run 26	proteomic profiling by mass spectrometry	NT=data-dependent acquisition;AC=PRIDE:0000627	label free sample	NT=Orbitrap Elite;AC=MS:1001910	NT=Trypsin;AC=MS:1001251	1	1	NT=beam-type collision-induced dissociation;AC=MS:1000422	diagnosis (AD + CVD, healthy age-matched control), fraction (soluble, particulate)	not available	7 ppm	17 ppm	orbitrap	BA21_D3_S_02.raw	v1.1.0	HAMLET-agentic v0.1.0	ad + cvd, normal
PXD006233-Sample-27	Homo sapiens	brain	ad + cvd, normal	12	not available	not available	run 27	proteomic profiling by mass spectrometry	NT=data-dependent acquisition;AC=PRIDE:0000627	label free sample	NT=Orbitrap Elite;AC=MS:1001910	NT=Trypsin;AC=MS:1001251	1	1	NT=beam-type collision-induced dissociation;AC=MS:1000422	diagnosis (AD + CVD, healthy age-matched control), fraction (soluble, particulate)	not available	7 ppm	17 ppm	orbitrap	BA21_D3_S_08.raw	v1.1.0	HAMLET-agentic v0.1.0	ad + cvd, normal
PXD006233-Sample-28	Homo sapiens	brain	ad + cvd, normal	12	not available	not available	run 28	proteomic profiling by mass spectrometry	NT=data-dependent acquisition;AC=PRIDE:0000627	label free sample	NT=Orbitrap Elite;AC=MS:1001910	NT=Trypsin;AC=MS:1001251	1	1	NT=beam-type collision-induced dissociation;AC=MS:1000422	diagnosis (AD + CVD, healthy age-matched control), fraction (soluble, particulate)	not available	7 ppm	17 ppm	orbitrap	BA21_D3_S_27.raw	v1.1.0	HAMLET-agentic v0.1.0	ad + cvd, normal
PXD006233-Sample-29	Homo sapiens	brain	ad + cvd, normal	12	not available	not available	run 29	proteomic profiling by mass spectrometry	NT=data-dependent acquisition;AC=PRIDE:0000627	label free sample	NT=Orbitrap Elite;AC=MS:1001910	NT=Trypsin;AC=MS:1001251	1	1	NT=beam-type collision-induced dissociation;AC=MS:1000422	diagnosis (AD + CVD, healthy age-matched control), fraction (soluble, particulate)	not available	7 ppm	17 ppm	orbitrap	BA21_D3_S_30.raw	v1.1.0	HAMLET-agentic v0.1.0	ad + cvd, normal
PXD006233-Sample-30	Homo sapiens	brain	ad + cvd, normal	12	not available	not available	run 30	proteomic profiling by mass spectrometry	NT=data-dependent acquisition;AC=PRIDE:0000627	label free sample	NT=Orbitrap Elite;AC=MS:1001910	NT=Trypsin;AC=MS:1001251	1	1	NT=beam-type collision-induced dissociation;AC=MS:1000422	diagnosis (AD + CVD, healthy age-matched control), fraction (soluble, particulate)	not available	7 ppm	17 ppm	orbitrap	BA21_D3_S_33.raw	v1.1.0	HAMLET-agentic v0.1.0	ad + cvd, normal
PXD006233-Sample-31	Homo sapiens	brain	ad + cvd, normal	12	not available	not available	run 31	proteomic profiling by mass spectrometry	NT=data-dependent acquisition;AC=PRIDE:0000627	label free sample	NT=Orbitrap Elite;AC=MS:1001910	NT=Trypsin;AC=MS:1001251	1	1	NT=beam-type collision-induced dissociation;AC=MS:1000422	diagnosis (AD + CVD, healthy age-matched control), fraction (soluble, particulate)	not available	7 ppm	17 ppm	orbitrap	BA21_D1_S_17.raw	v1.1.0	HAMLET-agentic v0.1.0	ad + cvd, normal
PXD006233-Sample-32	Homo sapiens	brain	ad + cvd, normal	12	not available	not available	run 32	proteomic profiling by mass spectrometry	NT=data-dependent acquisition;AC=PRIDE:0000627	label free sample	NT=Orbitrap Elite;AC=MS:1001910	NT=Trypsin;AC=MS:1001251	1	1	NT=beam-type collision-induced dissociation;AC=MS:1000422	diagnosis (AD + CVD, healthy age-matched control), fraction (soluble, particulate)	not available	7 ppm	17 ppm	orbitrap	BA21_C2_P_27.raw	v1.1.0	HAMLET-agentic v0.1.0	ad + cvd, normal
PXD006233-Sample-33	Homo sapiens	brain	ad + cvd, normal	12	not available	not available	run 33	proteomic profiling by mass spectrometry	NT=data-dependent acquisition;AC=PRIDE:0000627	label free sample	NT=Orbitrap Elite;AC=MS:1001910	NT=Trypsin;AC=MS:1001251	1	1	NT=beam-type collision-induced dissociation;AC=MS:1000422	diagnosis (AD + CVD, healthy age-matched control), fraction (soluble, particulate)	not available	7 ppm	17 ppm	orbitrap	BA21_C1_P_19.raw	v1.1.0	HAMLET-agentic v0.1.0	ad + cvd, normal
PXD006233-Sample-34	Homo sapiens	brain	ad + cvd, normal	12	not available	not available	run 34	proteomic profiling by mass spectrometry	NT=data-dependent acquisition;AC=PRIDE:0000627	label free sample	NT=Orbitrap Elite;AC=MS:1001910	NT=Trypsin;AC=MS:1001251	1	1	NT=beam-type collision-induced dissociation;AC=MS:1000422	diagnosis (AD + CVD, healthy age-matched control), fraction (soluble, particulate)	not available	7 ppm	17 ppm	orbitrap	BA21_C2_P_29.raw	v1.1.0	HAMLET-agentic v0.1.0	ad + cvd, normal
PXD006233-Sample-35	Homo sapiens	brain	ad + cvd, normal	12	not available	not available	run 35	proteomic profiling by mass spectrometry	NT=data-dependent acquisition;AC=PRIDE:0000627	label free sample	NT=Orbitrap Elite;AC=MS:1001910	NT=Trypsin;AC=MS:1001251	1	1	NT=beam-type collision-induced dissociation;AC=MS:1000422	diagnosis (AD + CVD, healthy age-matched control), fraction (soluble, particulate)	not available	7 ppm	17 ppm	orbitrap	BA21_D1_P_22.raw	v1.1.0	HAMLET-agentic v0.1.0	ad + cvd, normal
PXD006233-Sample-36	Homo sapiens	brain	ad + cvd, normal	12	not available	not available	run 36	proteomic profiling by mass spectrometry	NT=data-dependent acquisition;AC=PRIDE:0000627	label free sample	NT=Orbitrap Elite;AC=MS:1001910	NT=Trypsin;AC=MS:1001251	1	1	NT=beam-type collision-induced dissociation;AC=MS:1000422	diagnosis (AD + CVD, healthy age-matched control), fraction (soluble, particulate)	not available	7 ppm	17 ppm	orbitrap	BA21_D2_P_24.raw	v1.1.0	HAMLET-agentic v0.1.0	ad + cvd, normal
PXD006233-Sample-37	Homo sapiens	brain	ad + cvd, normal	12	not available	not available	run 37	proteomic profiling by mass spectrometry	NT=data-dependent acquisition;AC=PRIDE:0000627	label free sample	NT=Orbitrap Elite;AC=MS:1001910	NT=Trypsin;AC=MS:1001251	1	1	NT=beam-type collision-induced dissociation;AC=MS:1000422	diagnosis (AD + CVD, healthy age-matched control), fraction (soluble, particulate)	not available	7 ppm	17 ppm	orbitrap	BA21_D3_S_04.raw	v1.1.0	HAMLET-agentic v0.1.0	ad + cvd, normal
PXD006233-Sample-38	Homo sapiens	brain	ad + cvd, normal	12	not available	not available	run 38	proteomic profiling by mass spectrometry	NT=data-dependent acquisition;AC=PRIDE:0000627	label free sample	NT=Orbitrap Elite;AC=MS:1001910	NT=Trypsin;AC=MS:1001251	1	1	NT=beam-type collision-induced dissociation;AC=MS:1000422	diagnosis (AD + CVD, healthy age-matched control), fraction (soluble, particulate)	not available	7 ppm	17 ppm	orbitrap	BA21_C2_S_28.raw	v1.1.0	HAMLET-agentic v0.1.0	ad + cvd, normal
PXD006233-Sample-39	Homo sapiens	brain	ad + cvd, normal	12	not available	not available	run 39	proteomic profiling by mass spectrometry	NT=data-dependent acquisition;AC=PRIDE:0000627	label free sample	NT=Orbitrap Elite;AC=MS:1001910	NT=Trypsin;AC=MS:1001251	1	1	NT=beam-type collision-induced dissociation;AC=MS:1000422	diagnosis (AD + CVD, healthy age-matched control), fraction (soluble, particulate)	not available	7 ppm	17 ppm	orbitrap	BA21_C2_P_02.raw	v1.1.0	HAMLET-agentic v0.1.0	ad + cvd, normal
PXD006233-Sample-40	Homo sapiens	brain	ad + cvd, normal	12	not available	not available	run 40	proteomic profiling by mass spectrometry	NT=data-dependent acquisition;AC=PRIDE:0000627	label free sample	NT=Orbitrap Elite;AC=MS:1001910	NT=Trypsin;AC=MS:1001251	1	1	NT=beam-type collision-induced dissociation;AC=MS:1000422	diagnosis (AD + CVD, healthy age-matched control), fraction (soluble, particulate)	not available	7 ppm	17 ppm	orbitrap	BA21_C3_S_03.raw	v1.1.0	HAMLET-agentic v0.1.0	ad + cvd, normal
PXD006233-Sample-41	Homo sapiens	brain	ad + cvd, normal	12	not available	not available	run 41	proteomic profiling by mass spectrometry	NT=data-dependent acquisition;AC=PRIDE:0000627	label free sample	NT=Orbitrap Elite;AC=MS:1001910	NT=Trypsin;AC=MS:1001251	1	1	NT=beam-type collision-induced dissociation;AC=MS:1000422	diagnosis (AD + CVD, healthy age-matched control), fraction (soluble, particulate)	not available	7 ppm	17 ppm	orbitrap	BA21_C1_P_11.raw	v1.1.0	HAMLET-agentic v0.1.0	ad + cvd, normal
PXD006233-Sample-42	Homo sapiens	brain	ad + cvd, normal	12	not available	not available	run 42	proteomic profiling by mass spectrometry	NT=data-dependent acquisition;AC=PRIDE:0000627	label free sample	NT=Orbitrap Elite;AC=MS:1001910	NT=Trypsin;AC=MS:1001251	1	1	NT=beam-type collision-induced dissociation;AC=MS:1000422	diagnosis (AD + CVD, healthy age-matched control), fraction (soluble, particulate)	not available	7 ppm	17 ppm	orbitrap	BA21_D1_S_03.raw	v1.1.0	HAMLET-agentic v0.1.0	ad + cvd, normal
PXD006233-Sample-43	Homo sapiens	brain	ad + cvd, normal	12	not available	not available	run 43	proteomic profiling by mass spectrometry	NT=data-dependent acquisition;AC=PRIDE:0000627	label free sample	NT=Orbitrap Elite;AC=MS:1001910	NT=Trypsin;AC=MS:1001251	1	1	NT=beam-type collision-induced dissociation;AC=MS:1000422	diagnosis (AD + CVD, healthy age-matched control), fraction (soluble, particulate)	not available	7 ppm	17 ppm	orbitrap	BA21_C3_S_10.raw	v1.1.0	HAMLET-agentic v0.1.0	ad + cvd, normal
PXD006233-Sample-44	Homo sapiens	brain	ad + cvd, normal	12	not available	not available	run 44	proteomic profiling by mass spectrometry	NT=data-dependent acquisition;AC=PRIDE:0000627	label free sample	NT=Orbitrap Elite;AC=MS:1001910	NT=Trypsin;AC=MS:1001251	1	1	NT=beam-type collision-induced dissociation;AC=MS:1000422	diagnosis (AD + CVD, healthy age-matched control), fraction (soluble, particulate)	not available	7 ppm	17 ppm	orbitrap	BA21_C3_S_08.raw	v1.1.0	HAMLET-agentic v0.1.0	ad + cvd, normal
PXD006233-Sample-45	Homo sapiens	brain	ad + cvd, normal	12	not available	not available	run 45	proteomic profiling by mass spectrometry	NT=data-dependent acquisition;AC=PRIDE:0000627	label free sample	NT=Orbitrap Elite;AC=MS:1001910	NT=Trypsin;AC=MS:1001251	1	1	NT=beam-type collision-induced dissociation;AC=MS:1000422	diagnosis (AD + CVD, healthy age-matched control), fraction (soluble, particulate)	not available	7 ppm	17 ppm	orbitrap	BA21_C2_P_01.raw	v1.1.0	HAMLET-agentic v0.1.0	ad + cvd, normal
PXD006233-Sample-46	Homo sapiens	brain	ad + cvd, normal	12	not available	not available	run 46	proteomic profiling by mass spectrometry	NT=data-dependent acquisition;AC=PRIDE:0000627	label free sample	NT=Orbitrap Elite;AC=MS:1001910	NT=Trypsin;AC=MS:1001251	1	1	NT=beam-type collision-induced dissociation;AC=MS:1000422	diagnosis (AD + CVD, healthy age-matched control), fraction (soluble, particulate)	not available	7 ppm	17 ppm	orbitrap	BA21_D3_S_32.raw	v1.1.0	HAMLET-agentic v0.1.0	ad + cvd, normal
PXD006233-Sample-47	Homo sapiens	brain	ad + cvd, normal	12	not available	not available	run 47	proteomic profiling by mass spectrometry	NT=data-dependent acquisition;AC=PRIDE:0000627	label free sample	NT=Orbitrap Elite;AC=MS:1001910	NT=Trypsin;AC=MS:1001251	1	1	NT=beam-type collision-induced dissociation;AC=MS:1000422	diagnosis (AD + CVD, healthy age-matched control), fraction (soluble, particulate)	not available	7 ppm	17 ppm	orbitrap	BA21_D1_S_15.raw	v1.1.0	HAMLET-agentic v0.1.0	ad + cvd, normal
PXD006233-Sample-48	Homo sapiens	brain	ad + cvd, normal	12	not available	not available	run 48	proteomic profiling by mass spectrometry	NT=data-dependent acquisition;AC=PRIDE:0000627	label free sample	NT=Orbitrap Elite;AC=MS:1001910	NT=Trypsin;AC=MS:1001251	1	1	NT=beam-type collision-induced dissociation;AC=MS:1000422	diagnosis (AD + CVD, healthy age-matched control), fraction (soluble, particulate)	not available	7 ppm	17 ppm	orbitrap	BA21_C2_S_18.raw	v1.1.0	HAMLET-agentic v0.1.0	ad + cvd, normal
PXD006233-Sample-49	Homo sapiens	brain	ad + cvd, normal	12	not available	not available	run 49	proteomic profiling by mass spectrometry	NT=data-dependent acquisition;AC=PRIDE:0000627	label free sample	NT=Orbitrap Elite;AC=MS:1001910	NT=Trypsin;AC=MS:1001251	1	1	NT=beam-type collision-induced dissociation;AC=MS:1000422	diagnosis (AD + CVD, healthy age-matched control), fraction (soluble, particulate)	not available	7 ppm	17 ppm	orbitrap	BA21_C3_P_17.raw	v1.1.0	HAMLET-agentic v0.1.0	ad + cvd, normal
PXD006233-Sample-50	Homo sapiens	brain	ad + cvd, normal	12	not available	not available	run 50	proteomic profiling by mass spectrometry	NT=data-dependent acquisition;AC=PRIDE:0000627	label free sample	NT=Orbitrap Elite;AC=MS:1001910	NT=Trypsin;AC=MS:1001251	1	1	NT=beam-type collision-induced dissociation;AC=MS:1000422	diagnosis (AD + CVD, healthy age-matched control), fraction (soluble, particulate)	not available	7 ppm	17 ppm	orbitrap	BA21_D2_S_28.raw	v1.1.0	HAMLET-agentic v0.1.0	ad + cvd, normal
PXD006233-Sample-51	Homo sapiens	brain	ad + cvd, normal	12	not available	not available	run 51	proteomic profiling by mass spectrometry	NT=data-dependent acquisition;AC=PRIDE:0000627	label free sample	NT=Orbitrap Elite;AC=MS:1001910	NT=Trypsin;AC=MS:1001251	1	1	NT=beam-type collision-induced dissociation;AC=MS:1000422	diagnosis (AD + CVD, healthy age-matched control), fraction (soluble, particulate)	not available	7 ppm	17 ppm	orbitrap	BA21_D3_P_14.raw	v1.1.0	HAMLET-agentic v0.1.0	ad + cvd, normal
PXD006233-Sample-52	Homo sapiens	brain	ad + cvd, normal	12	not available	not available	run 52	proteomic profiling by mass spectrometry	NT=data-dependent acquisition;AC=PRIDE:0000627	label free sample	NT=Orbitrap Elite;AC=MS:1001910	NT=Trypsin;AC=MS:1001251	1	1	NT=beam-type collision-induced dissociation;AC=MS:1000422	diagnosis (AD + CVD, healthy age-matched control), fraction (soluble, particulate)	not available	7 ppm	17 ppm	orbitrap	BA21_D3_S_05.raw	v1.1.0	HAMLET-agentic v0.1.0	ad + cvd, normal
PXD006233-Sample-53	Homo sapiens	brain	ad + cvd, normal	12	not available	not available	run 53	proteomic profiling by mass spectrometry	NT=data-dependent acquisition;AC=PRIDE:0000627	label free sample	NT=Orbitrap Elite;AC=MS:1001910	NT=Trypsin;AC=MS:1001251	1	1	NT=beam-type collision-induced dissociation;AC=MS:1000422	diagnosis (AD + CVD, healthy age-matched control), fraction (soluble, particulate)	not available	7 ppm	17 ppm	orbitrap	BA21_C2_P_08.raw	v1.1.0	HAMLET-agentic v0.1.0	ad + cvd, normal
PXD006233-Sample-54	Homo sapiens	brain	ad + cvd, normal	12	not available	not available	run 54	proteomic profiling by mass spectrometry	NT=data-dependent acquisition;AC=PRIDE:0000627	label free sample	NT=Orbitrap Elite;AC=MS:1001910	NT=Trypsin;AC=MS:1001251	1	1	NT=beam-type collision-induced dissociation;AC=MS:1000422	diagnosis (AD + CVD, healthy age-matched control), fraction (soluble, particulate)	not available	7 ppm	17 ppm	orbitrap	BA21_C3_P_32.raw	v1.1.0	HAMLET-agentic v0.1.0	ad + cvd, normal
PXD006233-Sample-55	Homo sapiens	brain	ad + cvd, normal	12	not available	not available	run 55	proteomic profiling by mass spectrometry	NT=data-dependent acquisition;AC=PRIDE:0000627	label free sample	NT=Orbitrap Elite;AC=MS:1001910	NT=Trypsin;AC=MS:1001251	1	1	NT=beam-type collision-induced dissociation;AC=MS:1000422	diagnosis (AD + CVD, healthy age-matched control), fraction (soluble, particulate)	not available	7 ppm	17 ppm	orbitrap	BA21_C1_S_13.raw	v1.1.0	HAMLET-agentic v0.1.0	ad + cvd, normal
PXD006233-Sample-56	Homo sapiens	brain	ad + cvd, normal	12	not available	not available	run 56	proteomic profiling by mass spectrometry	NT=data-dependent acquisition;AC=PRIDE:0000627	label free sample	NT=Orbitrap Elite;AC=MS:1001910	NT=Trypsin;AC=MS:1001251	1	1	NT=beam-type collision-induced dissociation;AC=MS:1000422	diagnosis (AD + CVD, healthy age-matched control), fraction (soluble, particulate)	not available	7 ppm	17 ppm	orbitrap	BA21_D2_P_13.raw	v1.1.0	HAMLET-agentic v0.1.0	ad + cvd, normal
PXD006233-Sample-57	Homo sapiens	brain	ad + cvd, normal	12	not available	not available	run 57	proteomic profiling by mass spectrometry	NT=data-dependent acquisition;AC=PRIDE:0000627	label free sample	NT=Orbitrap Elite;AC=MS:1001910	NT=Trypsin;AC=MS:1001251	1	1	NT=beam-type collision-induced dissociation;AC=MS:1000422	diagnosis (AD + CVD, healthy age-matched control), fraction (soluble, particulate)	not available	7 ppm	17 ppm	orbitrap	BA21_C1_S_02.raw	v1.1.0	HAMLET-agentic v0.1.0	ad + cvd, normal
PXD006233-Sample-58	Homo sapiens	brain	ad + cvd, normal	12	not available	not available	run 58	proteomic profiling by mass spectrometry	NT=data-dependent acquisition;AC=PRIDE:0000627	label free sample	NT=Orbitrap Elite;AC=MS:1001910	NT=Trypsin;AC=MS:1001251	1	1	NT=beam-type collision-induced dissociation;AC=MS:1000422	diagnosis (AD + CVD, healthy age-matched control), fraction (soluble, particulate)	not available	7 ppm	17 ppm	orbitrap	BA21_D2_P_03.raw	v1.1.0	HAMLET-agentic v0.1.0	ad + cvd, normal
PXD006233-Sample-59	Homo sapiens	brain	ad + cvd, normal	12	not available	not available	run 59	proteomic profiling by mass spectrometry	NT=data-dependent acquisition;AC=PRIDE:0000627	label free sample	NT=Orbitrap Elite;AC=MS:1001910	NT=Trypsin;AC=MS:1001251	1	1	NT=beam-type collision-induced dissociation;AC=MS:1000422	diagnosis (AD + CVD, healthy age-matched control), fraction (soluble, particulate)	not available	7 ppm	17 ppm	orbitrap	BA21_D3_P_19.raw	v1.1.0	HAMLET-agentic v0.1.0	ad + cvd, normal
PXD006233-Sample-60	Homo sapiens	brain	ad + cvd, normal	12	not available	not available	run 60	proteomic profiling by mass spectrometry	NT=data-dependent acquisition;AC=PRIDE:0000627	label free sample	NT=Orbitrap Elite;AC=MS:1001910	NT=Trypsin;AC=MS:1001251	1	1	NT=beam-type collision-induced dissociation;AC=MS:1000422	diagnosis (AD + CVD, healthy age-matched control), fraction (soluble, particulate)	not available	7 ppm	17 ppm	orbitrap	BA21_D3_S_16.raw	v1.1.0	HAMLET-agentic v0.1.0	ad + cvd, normal
PXD006233-Sample-61	Homo sapiens	brain	ad + cvd, normal	12	not available	not available	run 61	proteomic profiling by mass spectrometry	NT=data-dependent acquisition;AC=PRIDE:0000627	label free sample	NT=Orbitrap Elite;AC=MS:1001910	NT=Trypsin;AC=MS:1001251	1	1	NT=beam-type collision-induced dissociation;AC=MS:1000422	diagnosis (AD + CVD, healthy age-matched control), fraction (soluble, particulate)	not available	7 ppm	17 ppm	orbitrap	BA21_C1_P_01.raw	v1.1.0	HAMLET-agentic v0.1.0	ad + cvd, normal
PXD006233-Sample-62	Homo sapiens	brain	ad + cvd, normal	12	not available	not available	run 62	proteomic profiling by mass spectrometry	NT=data-dependent acquisition;AC=PRIDE:0000627	label free sample	NT=Orbitrap Elite;AC=MS:1001910	NT=Trypsin;AC=MS:1001251	1	1	NT=beam-type collision-induced dissociation;AC=MS:1000422	diagnosis (AD + CVD, healthy age-matched control), fraction (soluble, particulate)	not available	7 ppm	17 ppm	orbitrap	BA21_C1_P_03.raw	v1.1.0	HAMLET-agentic v0.1.0	ad + cvd, normal
PXD006233-Sample-63	Homo sapiens	brain	ad + cvd, normal	12	not available	not available	run 63	proteomic profiling by mass spectrometry	NT=data-dependent acquisition;AC=PRIDE:0000627	label free sample	NT=Orbitrap Elite;AC=MS:1001910	NT=Trypsin;AC=MS:1001251	1	1	NT=beam-type collision-induced dissociation;AC=MS:1000422	diagnosis (AD + CVD, healthy age-matched control), fraction (soluble, particulate)	not available	7 ppm	17 ppm	orbitrap	BA21_C2_P_26.raw	v1.1.0	HAMLET-agentic v0.1.0	ad + cvd, normal
PXD006233-Sample-64	Homo sapiens	brain	ad + cvd, normal	12	not available	not available	run 64	proteomic profiling by mass spectrometry	NT=data-dependent acquisition;AC=PRIDE:0000627	label free sample	NT=Orbitrap Elite;AC=MS:1001910	NT=Trypsin;AC=MS:1001251	1	1	NT=beam-type collision-induced dissociation;AC=MS:1000422	diagnosis (AD + CVD, healthy age-matched control), fraction (soluble, particulate)	not available	7 ppm	17 ppm	orbitrap	BA21_C1_S_45.raw	v1.1.0	HAMLET-agentic v0.1.0	ad + cvd, normal
PXD006233-Sample-65	Homo sapiens	brain	ad + cvd, normal	12	not available	not available	run 65	proteomic profiling by mass spectrometry	NT=data-dependent acquisition;AC=PRIDE:0000627	label free sample	NT=Orbitrap Elite;AC=MS:1001910	NT=Trypsin;AC=MS:1001251	1	1	NT=beam-type collision-induced dissociation;AC=MS:1000422	diagnosis (AD + CVD, healthy age-matched control), fraction (soluble, particulate)	not available	7 ppm	17 ppm	orbitrap	BA21_D1_S_25.raw	v1.1.0	HAMLET-agentic v0.1.0	ad + cvd, normal
PXD006233-Sample-66	Homo sapiens	brain	ad + cvd, normal	12	not available	not available	run 66	proteomic profiling by mass spectrometry	NT=data-dependent acquisition;AC=PRIDE:0000627	label free sample	NT=Orbitrap Elite;AC=MS:1001910	NT=Trypsin;AC=MS:1001251	1	1	NT=beam-type collision-induced dissociation;AC=MS:1000422	diagnosis (AD + CVD, healthy age-matched control), fraction (soluble, particulate)	not available	7 ppm	17 ppm	orbitrap	BA21_D3_S_06.raw	v1.1.0	HAMLET-agentic v0.1.0	ad + cvd, normal
PXD006233-Sample-67	Homo sapiens	brain	ad + cvd, normal	12	not available	not available	run 67	proteomic profiling by mass spectrometry	NT=data-dependent acquisition;AC=PRIDE:0000627	label free sample	NT=Orbitrap Elite;AC=MS:1001910	NT=Trypsin;AC=MS:1001251	1	1	NT=beam-type collision-induced dissociation;AC=MS:1000422	diagnosis (AD + CVD, healthy age-matched control), fraction (soluble, particulate)	not available	7 ppm	17 ppm	orbitrap	BA21_D1_S_14.raw	v1.1.0	HAMLET-agentic v0.1.0	ad + cvd, normal
PXD006233-Sample-68	Homo sapiens	brain	ad + cvd, normal	12	not available	not available	run 68	proteomic profiling by mass spectrometry	NT=data-dependent acquisition;AC=PRIDE:0000627	label free sample	NT=Orbitrap Elite;AC=MS:1001910	NT=Trypsin;AC=MS:1001251	1	1	NT=beam-type collision-induced dissociation;AC=MS:1000422	diagnosis (AD + CVD, healthy age-matched control), fraction (soluble, particulate)	not available	7 ppm	17 ppm	orbitrap	BA21_D3_S_10.raw	v1.1.0	HAMLET-agentic v0.1.0	ad + cvd, normal
PXD006233-Sample-69	Homo sapiens	brain	ad + cvd, normal	12	not available	not available	run 69	proteomic profiling by mass spectrometry	NT=data-dependent acquisition;AC=PRIDE:0000627	label free sample	NT=Orbitrap Elite;AC=MS:1001910	NT=Trypsin;AC=MS:1001251	1	1	NT=beam-type collision-induced dissociation;AC=MS:1000422	diagnosis (AD + CVD, healthy age-matched control), fraction (soluble, particulate)	not available	7 ppm	17 ppm	orbitrap	BA21_C3_P_28.raw	v1.1.0	HAMLET-agentic v0.1.0	ad + cvd, normal
PXD006233-Sample-70	Homo sapiens	brain	ad + cvd, normal	12	not available	not available	run 70	proteomic profiling by mass spectrometry	NT=data-dependent acquisition;AC=PRIDE:0000627	label free sample	NT=Orbitrap Elite;AC=MS:1001910	NT=Trypsin;AC=MS:1001251	1	1	NT=beam-type collision-induced dissociation;AC=MS:1000422	diagnosis (AD + CVD, healthy age-matched control), fraction (soluble, particulate)	not available	7 ppm	17 ppm	orbitrap	BA21_D1_S_30.raw	v1.1.0	HAMLET-agentic v0.1.0	ad + cvd, normal
PXD006233-Sample-71	Homo sapiens	brain	ad + cvd, normal	12	not available	not available	run 71	proteomic profiling by mass spectrometry	NT=data-dependent acquisition;AC=PRIDE:0000627	label free sample	NT=Orbitrap Elite;AC=MS:1001910	NT=Trypsin;AC=MS:1001251	1	1	NT=beam-type collision-induced dissociation;AC=MS:1000422	diagnosis (AD + CVD, healthy age-matched control), fraction (soluble, particulate)	not available	7 ppm	17 ppm	orbitrap	BA21_C1_S_37.raw	v1.1.0	HAMLET-agentic v0.1.0	ad + cvd, normal
PXD006233-Sample-72	Homo sapiens	brain	ad + cvd, normal	12	not available	not available	run 72	proteomic profiling by mass spectrometry	NT=data-dependent acquisition;AC=PRIDE:0000627	label free sample	NT=Orbitrap Elite;AC=MS:1001910	NT=Trypsin;AC=MS:1001251	1	1	NT=beam-type collision-induced dissociation;AC=MS:1000422	diagnosis (AD + CVD, healthy age-matched control), fraction (soluble, particulate)	not available	7 ppm	17 ppm	orbitrap	BA21_D3_P_10.raw	v1.1.0	HAMLET-agentic v0.1.0	ad + cvd, normal
PXD006233-Sample-73	Homo sapiens	brain	ad + cvd, normal	12	not available	not available	run 73	proteomic profiling by mass spectrometry	NT=data-dependent acquisition;AC=PRIDE:0000627	label free sample	NT=Orbitrap Elite;AC=MS:1001910	NT=Trypsin;AC=MS:1001251	1	1	NT=beam-type collision-induced dissociation;AC=MS:1000422	diagnosis (AD + CVD, healthy age-matched control), fraction (soluble, particulate)	not available	7 ppm	17 ppm	orbitrap	BA21_C1_S_36.raw	v1.1.0	HAMLET-agentic v0.1.0	ad + cvd, normal
PXD006233-Sample-74	Homo sapiens	brain	ad + cvd, normal	12	not available	not available	run 74	proteomic profiling by mass spectrometry	NT=data-dependent acquisition;AC=PRIDE:0000627	label free sample	NT=Orbitrap Elite;AC=MS:1001910	NT=Trypsin;AC=MS:1001251	1	1	NT=beam-type collision-induced dissociation;AC=MS:1000422	diagnosis (AD + CVD, healthy age-matched control), fraction (soluble, particulate)	not available	7 ppm	17 ppm	orbitrap	BA21_D3_P_02.raw	v1.1.0	HAMLET-agentic v0.1.0	ad + cvd, normal
PXD006233-Sample-75	Homo sapiens	brain	ad + cvd, normal	12	not available	not available	run 75	proteomic profiling by mass spectrometry	NT=data-dependent acquisition;AC=PRIDE:0000627	label free sample	NT=Orbitrap Elite;AC=MS:1001910	NT=Trypsin;AC=MS:1001251	1	1	NT=beam-type collision-induced dissociation;AC=MS:1000422	diagnosis (AD + CVD, healthy age-matched control), fraction (soluble, particulate)	not available	7 ppm	17 ppm	orbitrap	BA21_C3_P_21.raw	v1.1.0	HAMLET-agentic v0.1.0	ad + cvd, normal
PXD006233-Sample-76	Homo sapiens	brain	ad + cvd, normal	12	not available	not available	run 76	proteomic profiling by mass spectrometry	NT=data-dependent acquisition;AC=PRIDE:0000627	label free sample	NT=Orbitrap Elite;AC=MS:1001910	NT=Trypsin;AC=MS:1001251	1	1	NT=beam-type collision-induced dissociation;AC=MS:1000422	diagnosis (AD + CVD, healthy age-matched control), fraction (soluble, particulate)	not available	7 ppm	17 ppm	orbitrap	BA21_C3_S_02.raw	v1.1.0	HAMLET-agentic v0.1.0	ad + cvd, normal
PXD006233-Sample-77	Homo sapiens	brain	ad + cvd, normal	12	not available	not available	run 77	proteomic profiling by mass spectrometry	NT=data-dependent acquisition;AC=PRIDE:0000627	label free sample	NT=Orbitrap Elite;AC=MS:1001910	NT=Trypsin;AC=MS:1001251	1	1	NT=beam-type collision-induced dissociation;AC=MS:1000422	diagnosis (AD + CVD, healthy age-matched control), fraction (soluble, particulate)	not available	7 ppm	17 ppm	orbitrap	BA21_C2_S_22.raw	v1.1.0	HAMLET-agentic v0.1.0	ad + cvd, normal
PXD006233-Sample-78	Homo sapiens	brain	ad + cvd, normal	12	not available	not available	run 78	proteomic profiling by mass spectrometry	NT=data-dependent acquisition;AC=PRIDE:0000627	label free sample	NT=Orbitrap Elite;AC=MS:1001910	NT=Trypsin;AC=MS:1001251	1	1	NT=beam-type collision-induced dissociation;AC=MS:1000422	diagnosis (AD + CVD, healthy age-matched control), fraction (soluble, particulate)	not available	7 ppm	17 ppm	orbitrap	BA21_C2_P_03.raw	v1.1.0	HAMLET-agentic v0.1.0	ad + cvd, normal
PXD006233-Sample-79	Homo sapiens	brain	ad + cvd, normal	12	not available	not available	run 79	proteomic profiling by mass spectrometry	NT=data-dependent acquisition;AC=PRIDE:0000627	label free sample	NT=Orbitrap Elite;AC=MS:1001910	NT=Trypsin;AC=MS:1001251	1	1	NT=beam-type collision-induced dissociation;AC=MS:1000422	diagnosis (AD + CVD, healthy age-matched control), fraction (soluble, particulate)	not available	7 ppm	17 ppm	orbitrap	BA21_C2_P_25.raw	v1.1.0	HAMLET-agentic v0.1.0	ad + cvd, normal
PXD006233-Sample-80	Homo sapiens	brain	ad + cvd, normal	12	not available	not available	run 80	proteomic profiling by mass spectrometry	NT=data-dependent acquisition;AC=PRIDE:0000627	label free sample	NT=Orbitrap Elite;AC=MS:1001910	NT=Trypsin;AC=MS:1001251	1	1	NT=beam-type collision-induced dissociation;AC=MS:1000422	diagnosis (AD + CVD, healthy age-matched control), fraction (soluble, particulate)	not available	7 ppm	17 ppm	orbitrap	BA21_D2_S_16.raw	v1.1.0	HAMLET-agentic v0.1.0	ad + cvd, normal
PXD006233-Sample-81	Homo sapiens	brain	ad + cvd, normal	12	not available	not available	run 81	proteomic profiling by mass spectrometry	NT=data-dependent acquisition;AC=PRIDE:0000627	label free sample	NT=Orbitrap Elite;AC=MS:1001910	NT=Trypsin;AC=MS:1001251	1	1	NT=beam-type collision-induced dissociation;AC=MS:1000422	diagnosis (AD + CVD, healthy age-matched control), fraction (soluble, particulate)	not available	7 ppm	17 ppm	orbitrap	BA21_C1_P_06.raw	v1.1.0	HAMLET-agentic v0.1.0	ad + cvd, normal
PXD006233-Sample-82	Homo sapiens	brain	ad + cvd, normal	12	not available	not available	run 82	proteomic profiling by mass spectrometry	NT=data-dependent acquisition;AC=PRIDE:0000627	label free sample	NT=Orbitrap Elite;AC=MS:1001910	NT=Trypsin;AC=MS:1001251	1	1	NT=beam-type collision-induced dissociation;AC=MS:1000422	diagnosis (AD + CVD, healthy age-matched control), fraction (soluble, particulate)	not available	7 ppm	17 ppm	orbitrap	BA21_C3_P_25.raw	v1.1.0	HAMLET-agentic v0.1.0	ad + cvd, normal
PXD006233-Sample-83	Homo sapiens	brain	ad + cvd, normal	12	not available	not available	run 83	proteomic profiling by mass spectrometry	NT=data-dependent acquisition;AC=PRIDE:0000627	label free sample	NT=Orbitrap Elite;AC=MS:1001910	NT=Trypsin;AC=MS:1001251	1	1	NT=beam-type collision-induced dissociation;AC=MS:1000422	diagnosis (AD + CVD, healthy age-matched control), fraction (soluble, particulate)	not available	7 ppm	17 ppm	orbitrap	BA21_D1_P_24.raw	v1.1.0	HAMLET-agentic v0.1.0	ad + cvd, normal
PXD006233-Sample-84	Homo sapiens	brain	ad + cvd, normal	12	not available	not available	run 84	proteomic profiling by mass spectrometry	NT=data-dependent acquisition;AC=PRIDE:0000627	label free sample	NT=Orbitrap Elite;AC=MS:1001910	NT=Trypsin;AC=MS:1001251	1	1	NT=beam-type collision-induced dissociation;AC=MS:1000422	diagnosis (AD + CVD, healthy age-matched control), fraction (soluble, particulate)	not available	7 ppm	17 ppm	orbitrap	BA21_D2_P_22.raw	v1.1.0	HAMLET-agentic v0.1.0	ad + cvd, normal
PXD006233-Sample-85	Homo sapiens	brain	ad + cvd, normal	12	not available	not available	run 85	proteomic profiling by mass spectrometry	NT=data-dependent acquisition;AC=PRIDE:0000627	label free sample	NT=Orbitrap Elite;AC=MS:1001910	NT=Trypsin;AC=MS:1001251	1	1	NT=beam-type collision-induced dissociation;AC=MS:1000422	diagnosis (AD + CVD, healthy age-matched control), fraction (soluble, particulate)	not available	7 ppm	17 ppm	orbitrap	BA21_C2_P_14.raw	v1.1.0	HAMLET-agentic v0.1.0	ad + cvd, normal
PXD006233-Sample-86	Homo sapiens	brain	ad + cvd, normal	12	not available	not available	run 86	proteomic profiling by mass spectrometry	NT=data-dependent acquisition;AC=PRIDE:0000627	label free sample	NT=Orbitrap Elite;AC=MS:1001910	NT=Trypsin;AC=MS:1001251	1	1	NT=beam-type collision-induced dissociation;AC=MS:1000422	diagnosis (AD + CVD, healthy age-matched control), fraction (soluble, particulate)	not available	7 ppm	17 ppm	orbitrap	BA21_D3_S_09.raw	v1.1.0	HAMLET-agentic v0.1.0	ad + cvd, normal
PXD006233-Sample-87	Homo sapiens	brain	ad + cvd, normal	12	not available	not available	run 87	proteomic profiling by mass spectrometry	NT=data-dependent acquisition;AC=PRIDE:0000627	label free sample	NT=Orbitrap Elite;AC=MS:1001910	NT=Trypsin;AC=MS:1001251	1	1	NT=beam-type collision-induced dissociation;AC=MS:1000422	diagnosis (AD + CVD, healthy age-matched control), fraction (soluble, particulate)	not available	7 ppm	17 ppm	orbitrap	BA21_C3_S_11.raw	v1.1.0	HAMLET-agentic v0.1.0	ad + cvd, normal
PXD006233-Sample-88	Homo sapiens	brain	ad + cvd, normal	12	not available	not available	run 88	proteomic profiling by mass spectrometry	NT=data-dependent acquisition;AC=PRIDE:0000627	label free sample	NT=Orbitrap Elite;AC=MS:1001910	NT=Trypsin;AC=MS:1001251	1	1	NT=beam-type collision-induced dissociation;AC=MS:1000422	diagnosis (AD + CVD, healthy age-matched control), fraction (soluble, particulate)	not available	7 ppm	17 ppm	orbitrap	BA21_D2_P_18.raw	v1.1.0	HAMLET-agentic v0.1.0	ad + cvd, normal
PXD006233-Sample-89	Homo sapiens	brain	ad + cvd, normal	12	not available	not available	run 89	proteomic profiling by mass spectrometry	NT=data-dependent acquisition;AC=PRIDE:0000627	label free sample	NT=Orbitrap Elite;AC=MS:1001910	NT=Trypsin;AC=MS:1001251	1	1	NT=beam-type collision-induced dissociation;AC=MS:1000422	diagnosis (AD + CVD, healthy age-matched control), fraction (soluble, particulate)	not available	7 ppm	17 ppm	orbitrap	BA21_D2_P_29.raw	v1.1.0	HAMLET-agentic v0.1.0	ad + cvd, normal
PXD006233-Sample-90	Homo sapiens	brain	ad + cvd, normal	12	not available	not available	run 90	proteomic profiling by mass spectrometry	NT=data-dependent acquisition;AC=PRIDE:0000627	label free sample	NT=Orbitrap Elite;AC=MS:1001910	NT=Trypsin;AC=MS:1001251	1	1	NT=beam-type collision-induced dissociation;AC=MS:1000422	diagnosis (AD + CVD, healthy age-matched control), fraction (soluble, particulate)	not available	7 ppm	17 ppm	orbitrap	BA21_D1_S_07.raw	v1.1.0	HAMLET-agentic v0.1.0	ad + cvd, normal
PXD006233-Sample-91	Homo sapiens	brain	ad + cvd, normal	12	not available	not available	run 91	proteomic profiling by mass spectrometry	NT=data-dependent acquisition;AC=PRIDE:0000627	label free sample	NT=Orbitrap Elite;AC=MS:1001910	NT=Trypsin;AC=MS:1001251	1	1	NT=beam-type collision-induced dissociation;AC=MS:1000422	diagnosis (AD + CVD, healthy age-matched control), fraction (soluble, particulate)	not available	7 ppm	17 ppm	orbitrap	BA21_D3_P_23.raw	v1.1.0	HAMLET-agentic v0.1.0	ad + cvd, normal
PXD006233-Sample-92	Homo sapiens	brain	ad + cvd, normal	12	not available	not available	run 92	proteomic profiling by mass spectrometry	NT=data-dependent acquisition;AC=PRIDE:0000627	label free sample	NT=Orbitrap Elite;AC=MS:1001910	NT=Trypsin;AC=MS:1001251	1	1	NT=beam-type collision-induced dissociation;AC=MS:1000422	diagnosis (AD + CVD, healthy age-matched control), fraction (soluble, particulate)	not available	7 ppm	17 ppm	orbitrap	BA21_C2_P_23.raw	v1.1.0	HAMLET-agentic v0.1.0	ad + cvd, normal
PXD006233-Sample-93	Homo sapiens	brain	ad + cvd, normal	12	not available	not available	run 93	proteomic profiling by mass spectrometry	NT=data-dependent acquisition;AC=PRIDE:0000627	label free sample	NT=Orbitrap Elite;AC=MS:1001910	NT=Trypsin;AC=MS:1001251	1	1	NT=beam-type collision-induced dissociation;AC=MS:1000422	diagnosis (AD + CVD, healthy age-matched control), fraction (soluble, particulate)	not available	7 ppm	17 ppm	orbitrap	BA21_C1_S_20.raw	v1.1.0	HAMLET-agentic v0.1.0	ad + cvd, normal
PXD006233-Sample-94	Homo sapiens	brain	ad + cvd, normal	12	not available	not available	run 94	proteomic profiling by mass spectrometry	NT=data-dependent acquisition;AC=PRIDE:0000627	label free sample	NT=Orbitrap Elite;AC=MS:1001910	NT=Trypsin;AC=MS:1001251	1	1	NT=beam-type collision-induced dissociation;AC=MS:1000422	diagnosis (AD + CVD, healthy age-matched control), fraction (soluble, particulate)	not available	7 ppm	17 ppm	orbitrap	BA21_C2_P_24.raw	v1.1.0	HAMLET-agentic v0.1.0	ad + cvd, normal
PXD006233-Sample-95	Homo sapiens	brain	ad + cvd, normal	12	not available	not available	run 95	proteomic profiling by mass spectrometry	NT=data-dependent acquisition;AC=PRIDE:0000627	label free sample	NT=Orbitrap Elite;AC=MS:1001910	NT=Trypsin;AC=MS:1001251	1	1	NT=beam-type collision-induced dissociation;AC=MS:1000422	diagnosis (AD + CVD, healthy age-matched control), fraction (soluble, particulate)	not available	7 ppm	17 ppm	orbitrap	BA21_D2_P_17.raw	v1.1.0	HAMLET-agentic v0.1.0	ad + cvd, normal
PXD006233-Sample-96	Homo sapiens	brain	ad + cvd, normal	12	not available	not available	run 96	proteomic profiling by mass spectrometry	NT=data-dependent acquisition;AC=PRIDE:0000627	label free sample	NT=Orbitrap Elite;AC=MS:1001910	NT=Trypsin;AC=MS:1001251	1	1	NT=beam-type collision-induced dissociation;AC=MS:1000422	diagnosis (AD + CVD, healthy age-matched control), fraction (soluble, particulate)	not available	7 ppm	17 ppm	orbitrap	BA21_C1_S_32.raw	v1.1.0	HAMLET-agentic v0.1.0	ad + cvd, normal
PXD006233-Sample-97	Homo sapiens	brain	ad + cvd, normal	12	not available	not available	run 97	proteomic profiling by mass spectrometry	NT=data-dependent acquisition;AC=PRIDE:0000627	label free sample	NT=Orbitrap Elite;AC=MS:1001910	NT=Trypsin;AC=MS:1001251	1	1	NT=beam-type collision-induced dissociation;AC=MS:1000422	diagnosis (AD + CVD, healthy age-matched control), fraction (soluble, particulate)	not available	7 ppm	17 ppm	orbitrap	BA21_C1_S_34.raw	v1.1.0	HAMLET-agentic v0.1.0	ad + cvd, normal
PXD006233-Sample-98	Homo sapiens	brain	ad + cvd, normal	12	not available	not available	run 98	proteomic profiling by mass spectrometry	NT=data-dependent acquisition;AC=PRIDE:0000627	label free sample	NT=Orbitrap Elite;AC=MS:1001910	NT=Trypsin;AC=MS:1001251	1	1	NT=beam-type collision-induced dissociation;AC=MS:1000422	diagnosis (AD + CVD, healthy age-matched control), fraction (soluble, particulate)	not available	7 ppm	17 ppm	orbitrap	BA21_C2_S_01.raw	v1.1.0	HAMLET-agentic v0.1.0	ad + cvd, normal
PXD006233-Sample-99	Homo sapiens	brain	ad + cvd, normal	12	not available	not available	run 99	proteomic profiling by mass spectrometry	NT=data-dependent acquisition;AC=PRIDE:0000627	label free sample	NT=Orbitrap Elite;AC=MS:1001910	NT=Trypsin;AC=MS:1001251	1	1	NT=beam-type collision-induced dissociation;AC=MS:1000422	diagnosis (AD + CVD, healthy age-matched control), fraction (soluble, particulate)	not available	7 ppm	17 ppm	orbitrap	BA21_C2_S_27.raw	v1.1.0	HAMLET-agentic v0.1.0	ad + cvd, normal
PXD006233-Sample-100	Homo sapiens	brain	ad + cvd, normal	12	not available	not available	run 100	proteomic profiling by mass spectrometry	NT=data-dependent acquisition;AC=PRIDE:0000627	label free sample	NT=Orbitrap Elite;AC=MS:1001910	NT=Trypsin;AC=MS:1001251	1	1	NT=beam-type collision-induced dissociation;AC=MS:1000422	diagnosis (AD + CVD, healthy age-matched control), fraction (soluble, particulate)	not available	7 ppm	17 ppm	orbitrap	BA21_D3_P_13.raw	v1.1.0	HAMLET-agentic v0.1.0	ad + cvd, normal
PXD006233-Sample-101	Homo sapiens	brain	ad + cvd, normal	12	not available	not available	run 101	proteomic profiling by mass spectrometry	NT=data-dependent acquisition;AC=PRIDE:0000627	label free sample	NT=Orbitrap Elite;AC=MS:1001910	NT=Trypsin;AC=MS:1001251	1	1	NT=beam-type collision-induced dissociation;AC=MS:1000422	diagnosis (AD + CVD, healthy age-matched control), fraction (soluble, particulate)	not available	7 ppm	17 ppm	orbitrap	BA21_C1_P_16.raw	v1.1.0	HAMLET-agentic v0.1.0	ad + cvd, normal
PXD006233-Sample-102	Homo sapiens	brain	ad + cvd, normal	12	not available	not available	run 102	proteomic profiling by mass spectrometry	NT=data-dependent acquisition;AC=PRIDE:0000627	label free sample	NT=Orbitrap Elite;AC=MS:1001910	NT=Trypsin;AC=MS:1001251	1	1	NT=beam-type collision-induced dissociation;AC=MS:1000422	diagnosis (AD + CVD, healthy age-matched control), fraction (soluble, particulate)	not available	7 ppm	17 ppm	orbitrap	BA21_C1_P_18.raw	v1.1.0	HAMLET-agentic v0.1.0	ad + cvd, normal
PXD006233-Sample-103	Homo sapiens	brain	ad + cvd, normal	12	not available	not available	run 103	proteomic profiling by mass spectrometry	NT=data-dependent acquisition;AC=PRIDE:0000627	label free sample	NT=Orbitrap Elite;AC=MS:1001910	NT=Trypsin;AC=MS:1001251	1	1	NT=beam-type collision-induced dissociation;AC=MS:1000422	diagnosis (AD + CVD, healthy age-matched control), fraction (soluble, particulate)	not available	7 ppm	17 ppm	orbitrap	BA21_C1_P_20.raw	v1.1.0	HAMLET-agentic v0.1.0	ad + cvd, normal
PXD006233-Sample-104	Homo sapiens	brain	ad + cvd, normal	12	not available	not available	run 104	proteomic profiling by mass spectrometry	NT=data-dependent acquisition;AC=PRIDE:0000627	label free sample	NT=Orbitrap Elite;AC=MS:1001910	NT=Trypsin;AC=MS:1001251	1	1	NT=beam-type collision-induced dissociation;AC=MS:1000422	diagnosis (AD + CVD, healthy age-matched control), fraction (soluble, particulate)	not available	7 ppm	17 ppm	orbitrap	BA21_D1_P_04.raw	v1.1.0	HAMLET-agentic v0.1.0	ad + cvd, normal
PXD006233-Sample-105	Homo sapiens	brain	ad + cvd, normal	12	not available	not available	run 105	proteomic profiling by mass spectrometry	NT=data-dependent acquisition;AC=PRIDE:0000627	label free sample	NT=Orbitrap Elite;AC=MS:1001910	NT=Trypsin;AC=MS:1001251	1	1	NT=beam-type collision-induced dissociation;AC=MS:1000422	diagnosis (AD + CVD, healthy age-matched control), fraction (soluble, particulate)	not available	7 ppm	17 ppm	orbitrap	BA21_D2_S_20.raw	v1.1.0	HAMLET-agentic v0.1.0	ad + cvd, normal
PXD006233-Sample-106	Homo sapiens	brain	ad + cvd, normal	12	not available	not available	run 106	proteomic profiling by mass spectrometry	NT=data-dependent acquisition;AC=PRIDE:0000627	label free sample	NT=Orbitrap Elite;AC=MS:1001910	NT=Trypsin;AC=MS:1001251	1	1	NT=beam-type collision-induced dissociation;AC=MS:1000422	diagnosis (AD + CVD, healthy age-matched control), fraction (soluble, particulate)	not available	7 ppm	17 ppm	orbitrap	BA21_C1_S_17.raw	v1.1.0	HAMLET-agentic v0.1.0	ad + cvd, normal
PXD006233-Sample-107	Homo sapiens	brain	ad + cvd, normal	12	not available	not available	run 107	proteomic profiling by mass spectrometry	NT=data-dependent acquisition;AC=PRIDE:0000627	label free sample	NT=Orbitrap Elite;AC=MS:1001910	NT=Trypsin;AC=MS:1001251	1	1	NT=beam-type collision-induced dissociation;AC=MS:1000422	diagnosis (AD + CVD, healthy age-matched control), fraction (soluble, particulate)	not available	7 ppm	17 ppm	orbitrap	BA21_C2_S_17.raw	v1.1.0	HAMLET-agentic v0.1.0	ad + cvd, normal
PXD006233-Sample-108	Homo sapiens	brain	ad + cvd, normal	12	not available	not available	run 108	proteomic profiling by mass spectrometry	NT=data-dependent acquisition;AC=PRIDE:0000627	label free sample	NT=Orbitrap Elite;AC=MS:1001910	NT=Trypsin;AC=MS:1001251	1	1	NT=beam-type collision-induced dissociation;AC=MS:1000422	diagnosis (AD + CVD, healthy age-matched control), fraction (soluble, particulate)	not available	7 ppm	17 ppm	orbitrap	BA21_D1_P_16.raw	v1.1.0	HAMLET-agentic v0.1.0	ad + cvd, normal
PXD006233-Sample-109	Homo sapiens	brain	ad + cvd, normal	12	not available	not available	run 109	proteomic profiling by mass spectrometry	NT=data-dependent acquisition;AC=PRIDE:0000627	label free sample	NT=Orbitrap Elite;AC=MS:1001910	NT=Trypsin;AC=MS:1001251	1	1	NT=beam-type collision-induced dissociation;AC=MS:1000422	diagnosis (AD + CVD, healthy age-matched control), fraction (soluble, particulate)	not available	7 ppm	17 ppm	orbitrap	BA21_C2_P_17.raw	v1.1.0	HAMLET-agentic v0.1.0	ad + cvd, normal
PXD006233-Sample-110	Homo sapiens	brain	ad + cvd, normal	12	not available	not available	run 110	proteomic profiling by mass spectrometry	NT=data-dependent acquisition;AC=PRIDE:0000627	label free sample	NT=Orbitrap Elite;AC=MS:1001910	NT=Trypsin;AC=MS:1001251	1	1	NT=beam-type collision-induced dissociation;AC=MS:1000422	diagnosis (AD + CVD, healthy age-matched control), fraction (soluble, particulate)	not available	7 ppm	17 ppm	orbitrap	BA21_C2_P_18.raw	v1.1.0	HAMLET-agentic v0.1.0	ad + cvd, normal
PXD006233-Sample-111	Homo sapiens	brain	ad + cvd, normal	12	not available	not available	run 111	proteomic profiling by mass spectrometry	NT=data-dependent acquisition;AC=PRIDE:0000627	label free sample	NT=Orbitrap Elite;AC=MS:1001910	NT=Trypsin;AC=MS:1001251	1	1	NT=beam-type collision-induced dissociation;AC=MS:1000422	diagnosis (AD + CVD, healthy age-matched control), fraction (soluble, particulate)	not available	7 ppm	17 ppm	orbitrap	BA21_C2_S_15.raw	v1.1.0	HAMLET-agentic v0.1.0	ad + cvd, normal
PXD006233-Sample-112	Homo sapiens	brain	ad + cvd, normal	12	not available	not available	run 112	proteomic profiling by mass spectrometry	NT=data-dependent acquisition;AC=PRIDE:0000627	label free sample	NT=Orbitrap Elite;AC=MS:1001910	NT=Trypsin;AC=MS:1001251	1	1	NT=beam-type collision-induced dissociation;AC=MS:1000422	diagnosis (AD + CVD, healthy age-matched control), fraction (soluble, particulate)	not available	7 ppm	17 ppm	orbitrap	BA21_D1_P_14.raw	v1.1.0	HAMLET-agentic v0.1.0	ad + cvd, normal
PXD006233-Sample-113	Homo sapiens	brain	ad + cvd, normal	12	not available	not available	run 113	proteomic profiling by mass spectrometry	NT=data-dependent acquisition;AC=PRIDE:0000627	label free sample	NT=Orbitrap Elite;AC=MS:1001910	NT=Trypsin;AC=MS:1001251	1	1	NT=beam-type collision-induced dissociation;AC=MS:1000422	diagnosis (AD + CVD, healthy age-matched control), fraction (soluble, particulate)	not available	7 ppm	17 ppm	orbitrap	BA21_D1_P_33.raw	v1.1.0	HAMLET-agentic v0.1.0	ad + cvd, normal
PXD006233-Sample-114	Homo sapiens	brain	ad + cvd, normal	12	not available	not available	run 114	proteomic profiling by mass spectrometry	NT=data-dependent acquisition;AC=PRIDE:0000627	label free sample	NT=Orbitrap Elite;AC=MS:1001910	NT=Trypsin;AC=MS:1001251	1	1	NT=beam-type collision-induced dissociation;AC=MS:1000422	diagnosis (AD + CVD, healthy age-matched control), fraction (soluble, particulate)	not available	7 ppm	17 ppm	orbitrap	BA21_D1_S_21.raw	v1.1.0	HAMLET-agentic v0.1.0	ad + cvd, normal
PXD006233-Sample-115	Homo sapiens	brain	ad + cvd, normal	12	not available	not available	run 115	proteomic profiling by mass spectrometry	NT=data-dependent acquisition;AC=PRIDE:0000627	label free sample	NT=Orbitrap Elite;AC=MS:1001910	NT=Trypsin;AC=MS:1001251	1	1	NT=beam-type collision-induced dissociation;AC=MS:1000422	diagnosis (AD + CVD, healthy age-matched control), fraction (soluble, particulate)	not available	7 ppm	17 ppm	orbitrap	BA21_C1_P_23.raw	v1.1.0	HAMLET-agentic v0.1.0	ad + cvd, normal
PXD006233-Sample-116	Homo sapiens	brain	ad + cvd, normal	12	not available	not available	run 116	proteomic profiling by mass spectrometry	NT=data-dependent acquisition;AC=PRIDE:0000627	label free sample	NT=Orbitrap Elite;AC=MS:1001910	NT=Trypsin;AC=MS:1001251	1	1	NT=beam-type collision-induced dissociation;AC=MS:1000422	diagnosis (AD + CVD, healthy age-matched control), fraction (soluble, particulate)	not available	7 ppm	17 ppm	orbitrap	BA21_C2_S_14.raw	v1.1.0	HAMLET-agentic v0.1.0	ad + cvd, normal
PXD006233-Sample-117	Homo sapiens	brain	ad + cvd, normal	12	not available	not available	run 117	proteomic profiling by mass spectrometry	NT=data-dependent acquisition;AC=PRIDE:0000627	label free sample	NT=Orbitrap Elite;AC=MS:1001910	NT=Trypsin;AC=MS:1001251	1	1	NT=beam-type collision-induced dissociation;AC=MS:1000422	diagnosis (AD + CVD, healthy age-matched control), fraction (soluble, particulate)	not available	7 ppm	17 ppm	orbitrap	BA21_C3_P_09.raw	v1.1.0	HAMLET-agentic v0.1.0	ad + cvd, normal
PXD006233-Sample-118	Homo sapiens	brain	ad + cvd, normal	12	not available	not available	run 118	proteomic profiling by mass spectrometry	NT=data-dependent acquisition;AC=PRIDE:0000627	label free sample	NT=Orbitrap Elite;AC=MS:1001910	NT=Trypsin;AC=MS:1001251	1	1	NT=beam-type collision-induced dissociation;AC=MS:1000422	diagnosis (AD + CVD, healthy age-matched control), fraction (soluble, particulate)	not available	7 ppm	17 ppm	orbitrap	BA21_C1_S_44.raw	v1.1.0	HAMLET-agentic v0.1.0	ad + cvd, normal
PXD006233-Sample-119	Homo sapiens	brain	ad + cvd, normal	12	not available	not available	run 119	proteomic profiling by mass spectrometry	NT=data-dependent acquisition;AC=PRIDE:0000627	label free sample	NT=Orbitrap Elite;AC=MS:1001910	NT=Trypsin;AC=MS:1001251	1	1	NT=beam-type collision-induced dissociation;AC=MS:1000422	diagnosis (AD + CVD, healthy age-matched control), fraction (soluble, particulate)	not available	7 ppm	17 ppm	orbitrap	BA21_D2_S_12.raw	v1.1.0	HAMLET-agentic v0.1.0	ad + cvd, normal
PXD006233-Sample-120	Homo sapiens	brain	ad + cvd, normal	12	not available	not available	run 120	proteomic profiling by mass spectrometry	NT=data-dependent acquisition;AC=PRIDE:0000627	label free sample	NT=Orbitrap Elite;AC=MS:1001910	NT=Trypsin;AC=MS:1001251	1	1	NT=beam-type collision-induced dissociation;AC=MS:1000422	diagnosis (AD + CVD, healthy age-matched control), fraction (soluble, particulate)	not available	7 ppm	17 ppm	orbitrap	BA21_D2_P_23.raw	v1.1.0	HAMLET-agentic v0.1.0	ad + cvd, normal
PXD006233-Sample-121	Homo sapiens	brain	ad + cvd, normal	12	not available	not available	run 121	proteomic profiling by mass spectrometry	NT=data-dependent acquisition;AC=PRIDE:0000627	label free sample	NT=Orbitrap Elite;AC=MS:1001910	NT=Trypsin;AC=MS:1001251	1	1	NT=beam-type collision-induced dissociation;AC=MS:1000422	diagnosis (AD + CVD, healthy age-matched control), fraction (soluble, particulate)	not available	7 ppm	17 ppm	orbitrap	BA21_C2_P_22.raw	v1.1.0	HAMLET-agentic v0.1.0	ad + cvd, normal
PXD006233-Sample-122	Homo sapiens	brain	ad + cvd, normal	12	not available	not available	run 122	proteomic profiling by mass spectrometry	NT=data-dependent acquisition;AC=PRIDE:0000627	label free sample	NT=Orbitrap Elite;AC=MS:1001910	NT=Trypsin;AC=MS:1001251	1	1	NT=beam-type collision-induced dissociation;AC=MS:1000422	diagnosis (AD + CVD, healthy age-matched control), fraction (soluble, particulate)	not available	7 ppm	17 ppm	orbitrap	BA21_C3_P_01.raw	v1.1.0	HAMLET-agentic v0.1.0	ad + cvd, normal
PXD006233-Sample-123	Homo sapiens	brain	ad + cvd, normal	12	not available	not available	run 123	proteomic profiling by mass spectrometry	NT=data-dependent acquisition;AC=PRIDE:0000627	label free sample	NT=Orbitrap Elite;AC=MS:1001910	NT=Trypsin;AC=MS:1001251	1	1	NT=beam-type collision-induced dissociation;AC=MS:1000422	diagnosis (AD + CVD, healthy age-matched control), fraction (soluble, particulate)	not available	7 ppm	17 ppm	orbitrap	BA21_D3_S_22.raw	v1.1.0	HAMLET-agentic v0.1.0	ad + cvd, normal
PXD006233-Sample-124	Homo sapiens	brain	ad + cvd, normal	12	not available	not available	run 124	proteomic profiling by mass spectrometry	NT=data-dependent acquisition;AC=PRIDE:0000627	label free sample	NT=Orbitrap Elite;AC=MS:1001910	NT=Trypsin;AC=MS:1001251	1	1	NT=beam-type collision-induced dissociation;AC=MS:1000422	diagnosis (AD + CVD, healthy age-matched control), fraction (soluble, particulate)	not available	7 ppm	17 ppm	orbitrap	BA21_D1_P_05.raw	v1.1.0	HAMLET-agentic v0.1.0	ad + cvd, normal
PXD006233-Sample-125	Homo sapiens	brain	ad + cvd, normal	12	not available	not available	run 125	proteomic profiling by mass spectrometry	NT=data-dependent acquisition;AC=PRIDE:0000627	label free sample	NT=Orbitrap Elite;AC=MS:1001910	NT=Trypsin;AC=MS:1001251	1	1	NT=beam-type collision-induced dissociation;AC=MS:1000422	diagnosis (AD + CVD, healthy age-matched control), fraction (soluble, particulate)	not available	7 ppm	17 ppm	orbitrap	BA21_D2_S_23.raw	v1.1.0	HAMLET-agentic v0.1.0	ad + cvd, normal
PXD006233-Sample-126	Homo sapiens	brain	ad + cvd, normal	12	not available	not available	run 126	proteomic profiling by mass spectrometry	NT=data-dependent acquisition;AC=PRIDE:0000627	label free sample	NT=Orbitrap Elite;AC=MS:1001910	NT=Trypsin;AC=MS:1001251	1	1	NT=beam-type collision-induced dissociation;AC=MS:1000422	diagnosis (AD + CVD, healthy age-matched control), fraction (soluble, particulate)	not available	7 ppm	17 ppm	orbitrap	BA21_C1_S_16.raw	v1.1.0	HAMLET-agentic v0.1.0	ad + cvd, normal
PXD006233-Sample-127	Homo sapiens	brain	ad + cvd, normal	12	not available	not available	run 127	proteomic profiling by mass spectrometry	NT=data-dependent acquisition;AC=PRIDE:0000627	label free sample	NT=Orbitrap Elite;AC=MS:1001910	NT=Trypsin;AC=MS:1001251	1	1	NT=beam-type collision-induced dissociation;AC=MS:1000422	diagnosis (AD + CVD, healthy age-matched control), fraction (soluble, particulate)	not available	7 ppm	17 ppm	orbitrap	BA21_C1_S_22.raw	v1.1.0	HAMLET-agentic v0.1.0	ad + cvd, normal
PXD006233-Sample-128	Homo sapiens	brain	ad + cvd, normal	12	not available	not available	run 128	proteomic profiling by mass spectrometry	NT=data-dependent acquisition;AC=PRIDE:0000627	label free sample	NT=Orbitrap Elite;AC=MS:1001910	NT=Trypsin;AC=MS:1001251	1	1	NT=beam-type collision-induced dissociation;AC=MS:1000422	diagnosis (AD + CVD, healthy age-matched control), fraction (soluble, particulate)	not available	7 ppm	17 ppm	orbitrap	BA21_C3_P_16.raw	v1.1.0	HAMLET-agentic v0.1.0	ad + cvd, normal
PXD006233-Sample-129	Homo sapiens	brain	ad + cvd, normal	12	not available	not available	run 129	proteomic profiling by mass spectrometry	NT=data-dependent acquisition;AC=PRIDE:0000627	label free sample	NT=Orbitrap Elite;AC=MS:1001910	NT=Trypsin;AC=MS:1001251	1	1	NT=beam-type collision-induced dissociation;AC=MS:1000422	diagnosis (AD + CVD, healthy age-matched control), fraction (soluble, particulate)	not available	7 ppm	17 ppm	orbitrap	BA21_C3_S_17.raw	v1.1.0	HAMLET-agentic v0.1.0	ad + cvd, normal
PXD006233-Sample-130	Homo sapiens	brain	ad + cvd, normal	12	not available	not available	run 130	proteomic profiling by mass spectrometry	NT=data-dependent acquisition;AC=PRIDE:0000627	label free sample	NT=Orbitrap Elite;AC=MS:1001910	NT=Trypsin;AC=MS:1001251	1	1	NT=beam-type collision-induced dissociation;AC=MS:1000422	diagnosis (AD + CVD, healthy age-matched control), fraction (soluble, particulate)	not available	7 ppm	17 ppm	orbitrap	BA21_C3_P_06.raw	v1.1.0	HAMLET-agentic v0.1.0	ad + cvd, normal
PXD006233-Sample-131	Homo sapiens	brain	ad + cvd, normal	12	not available	not available	run 131	proteomic profiling by mass spectrometry	NT=data-dependent acquisition;AC=PRIDE:0000627	label free sample	NT=Orbitrap Elite;AC=MS:1001910	NT=Trypsin;AC=MS:1001251	1	1	NT=beam-type collision-induced dissociation;AC=MS:1000422	diagnosis (AD + CVD, healthy age-matched control), fraction (soluble, particulate)	not available	7 ppm	17 ppm	orbitrap	BA21_C1_P_04.raw	v1.1.0	HAMLET-agentic v0.1.0	ad + cvd, normal
PXD006233-Sample-132	Homo sapiens	brain	ad + cvd, normal	12	not available	not available	run 132	proteomic profiling by mass spectrometry	NT=data-dependent acquisition;AC=PRIDE:0000627	label free sample	NT=Orbitrap Elite;AC=MS:1001910	NT=Trypsin;AC=MS:1001251	1	1	NT=beam-type collision-induced dissociation;AC=MS:1000422	diagnosis (AD + CVD, healthy age-matched control), fraction (soluble, particulate)	not available	7 ppm	17 ppm	orbitrap	BA21_D3_P_11.raw	v1.1.0	HAMLET-agentic v0.1.0	ad + cvd, normal
PXD006233-Sample-133	Homo sapiens	brain	ad + cvd, normal	12	not available	not available	run 133	proteomic profiling by mass spectrometry	NT=data-dependent acquisition;AC=PRIDE:0000627	label free sample	NT=Orbitrap Elite;AC=MS:1001910	NT=Trypsin;AC=MS:1001251	1	1	NT=beam-type collision-induced dissociation;AC=MS:1000422	diagnosis (AD + CVD, healthy age-matched control), fraction (soluble, particulate)	not available	7 ppm	17 ppm	orbitrap	BA21_D3_S_25.raw	v1.1.0	HAMLET-agentic v0.1.0	ad + cvd, normal
PXD006233-Sample-134	Homo sapiens	brain	ad + cvd, normal	12	not available	not available	run 134	proteomic profiling by mass spectrometry	NT=data-dependent acquisition;AC=PRIDE:0000627	label free sample	NT=Orbitrap Elite;AC=MS:1001910	NT=Trypsin;AC=MS:1001251	1	1	NT=beam-type collision-induced dissociation;AC=MS:1000422	diagnosis (AD + CVD, healthy age-matched control), fraction (soluble, particulate)	not available	7 ppm	17 ppm	orbitrap	BA21_C2_S_31.raw	v1.1.0	HAMLET-agentic v0.1.0	ad + cvd, normal
PXD006233-Sample-135	Homo sapiens	brain	ad + cvd, normal	12	not available	not available	run 135	proteomic profiling by mass spectrometry	NT=data-dependent acquisition;AC=PRIDE:0000627	label free sample	NT=Orbitrap Elite;AC=MS:1001910	NT=Trypsin;AC=MS:1001251	1	1	NT=beam-type collision-induced dissociation;AC=MS:1000422	diagnosis (AD + CVD, healthy age-matched control), fraction (soluble, particulate)	not available	7 ppm	17 ppm	orbitrap	BA21_D2_S_30.raw	v1.1.0	HAMLET-agentic v0.1.0	ad + cvd, normal
PXD006233-Sample-136	Homo sapiens	brain	ad + cvd, normal	12	not available	not available	run 136	proteomic profiling by mass spectrometry	NT=data-dependent acquisition;AC=PRIDE:0000627	label free sample	NT=Orbitrap Elite;AC=MS:1001910	NT=Trypsin;AC=MS:1001251	1	1	NT=beam-type collision-induced dissociation;AC=MS:1000422	diagnosis (AD + CVD, healthy age-matched control), fraction (soluble, particulate)	not available	7 ppm	17 ppm	orbitrap	BA21_D3_S_18.raw	v1.1.0	HAMLET-agentic v0.1.0	ad + cvd, normal
PXD006233-Sample-137	Homo sapiens	brain	ad + cvd, normal	12	not available	not available	run 137	proteomic profiling by mass spectrometry	NT=data-dependent acquisition;AC=PRIDE:0000627	label free sample	NT=Orbitrap Elite;AC=MS:1001910	NT=Trypsin;AC=MS:1001251	1	1	NT=beam-type collision-induced dissociation;AC=MS:1000422	diagnosis (AD + CVD, healthy age-matched control), fraction (soluble, particulate)	not available	7 ppm	17 ppm	orbitrap	BA21_C1_S_24.raw	v1.1.0	HAMLET-agentic v0.1.0	ad + cvd, normal
PXD006233-Sample-138	Homo sapiens	brain	ad + cvd, normal	12	not available	not available	run 138	proteomic profiling by mass spectrometry	NT=data-dependent acquisition;AC=PRIDE:0000627	label free sample	NT=Orbitrap Elite;AC=MS:1001910	NT=Trypsin;AC=MS:1001251	1	1	NT=beam-type collision-induced dissociation;AC=MS:1000422	diagnosis (AD + CVD, healthy age-matched control), fraction (soluble, particulate)	not available	7 ppm	17 ppm	orbitrap	BA21_C1_S_21.raw	v1.1.0	HAMLET-agentic v0.1.0	ad + cvd, normal
PXD006233-Sample-139	Homo sapiens	brain	ad + cvd, normal	12	not available	not available	run 139	proteomic profiling by mass spectrometry	NT=data-dependent acquisition;AC=PRIDE:0000627	label free sample	NT=Orbitrap Elite;AC=MS:1001910	NT=Trypsin;AC=MS:1001251	1	1	NT=beam-type collision-induced dissociation;AC=MS:1000422	diagnosis (AD + CVD, healthy age-matched control), fraction (soluble, particulate)	not available	7 ppm	17 ppm	orbitrap	BA21_D1_S_26.raw	v1.1.0	HAMLET-agentic v0.1.0	ad + cvd, normal
PXD006233-Sample-140	Homo sapiens	brain	ad + cvd, normal	12	not available	not available	run 140	proteomic profiling by mass spectrometry	NT=data-dependent acquisition;AC=PRIDE:0000627	label free sample	NT=Orbitrap Elite;AC=MS:1001910	NT=Trypsin;AC=MS:1001251	1	1	NT=beam-type collision-induced dissociation;AC=MS:1000422	diagnosis (AD + CVD, healthy age-matched control), fraction (soluble, particulate)	not available	7 ppm	17 ppm	orbitrap	BA21_D1_S_29.raw	v1.1.0	HAMLET-agentic v0.1.0	ad + cvd, normal
PXD006233-Sample-141	Homo sapiens	brain	ad + cvd, normal	12	not available	not available	run 141	proteomic profiling by mass spectrometry	NT=data-dependent acquisition;AC=PRIDE:0000627	label free sample	NT=Orbitrap Elite;AC=MS:1001910	NT=Trypsin;AC=MS:1001251	1	1	NT=beam-type collision-induced dissociation;AC=MS:1000422	diagnosis (AD + CVD, healthy age-matched control), fraction (soluble, particulate)	not available	7 ppm	17 ppm	orbitrap	BA21_D3_P_12.raw	v1.1.0	HAMLET-agentic v0.1.0	ad + cvd, normal
PXD006233-Sample-142	Homo sapiens	brain	ad + cvd, normal	12	not available	not available	run 142	proteomic profiling by mass spectrometry	NT=data-dependent acquisition;AC=PRIDE:0000627	label free sample	NT=Orbitrap Elite;AC=MS:1001910	NT=Trypsin;AC=MS:1001251	1	1	NT=beam-type collision-induced dissociation;AC=MS:1000422	diagnosis (AD + CVD, healthy age-matched control), fraction (soluble, particulate)	not available	7 ppm	17 ppm	orbitrap	BA21_D3_P_03.raw	v1.1.0	HAMLET-agentic v0.1.0	ad + cvd, normal
PXD006233-Sample-143	Homo sapiens	brain	ad + cvd, normal	12	not available	not available	run 143	proteomic profiling by mass spectrometry	NT=data-dependent acquisition;AC=PRIDE:0000627	label free sample	NT=Orbitrap Elite;AC=MS:1001910	NT=Trypsin;AC=MS:1001251	1	1	NT=beam-type collision-induced dissociation;AC=MS:1000422	diagnosis (AD + CVD, healthy age-matched control), fraction (soluble, particulate)	not available	7 ppm	17 ppm	orbitrap	BA21_D3_S_19.raw	v1.1.0	HAMLET-agentic v0.1.0	ad + cvd, normal
PXD006233-Sample-144	Homo sapiens	brain	ad + cvd, normal	12	not available	not available	run 144	proteomic profiling by mass spectrometry	NT=data-dependent acquisition;AC=PRIDE:0000627	label free sample	NT=Orbitrap Elite;AC=MS:1001910	NT=Trypsin;AC=MS:1001251	1	1	NT=beam-type collision-induced dissociation;AC=MS:1000422	diagnosis (AD + CVD, healthy age-matched control), fraction (soluble, particulate)	not available	7 ppm	17 ppm	orbitrap	BA21_C3_P_02.raw	v1.1.0	HAMLET-agentic v0.1.0	ad + cvd, normal
PXD006233-Sample-145	Homo sapiens	brain	ad + cvd, normal	12	not available	not available	run 145	proteomic profiling by mass spectrometry	NT=data-dependent acquisition;AC=PRIDE:0000627	label free sample	NT=Orbitrap Elite;AC=MS:1001910	NT=Trypsin;AC=MS:1001251	1	1	NT=beam-type collision-induced dissociation;AC=MS:1000422	diagnosis (AD + CVD, healthy age-matched control), fraction (soluble, particulate)	not available	7 ppm	17 ppm	orbitrap	BA21_D2_S_08.raw	v1.1.0	HAMLET-agentic v0.1.0	ad + cvd, normal
PXD006233-Sample-146	Homo sapiens	brain	ad + cvd, normal	12	not available	not available	run 146	proteomic profiling by mass spectrometry	NT=data-dependent acquisition;AC=PRIDE:0000627	label free sample	NT=Orbitrap Elite;AC=MS:1001910	NT=Trypsin;AC=MS:1001251	1	1	NT=beam-type collision-induced dissociation;AC=MS:1000422	diagnosis (AD + CVD, healthy age-matched control), fraction (soluble, particulate)	not available	7 ppm	17 ppm	orbitrap	BA21_C2_P_28.raw	v1.1.0	HAMLET-agentic v0.1.0	ad + cvd, normal
PXD006233-Sample-147	Homo sapiens	brain	ad + cvd, normal	12	not available	not available	run 147	proteomic profiling by mass spectrometry	NT=data-dependent acquisition;AC=PRIDE:0000627	label free sample	NT=Orbitrap Elite;AC=MS:1001910	NT=Trypsin;AC=MS:1001251	1	1	NT=beam-type collision-induced dissociation;AC=MS:1000422	diagnosis (AD + CVD, healthy age-matched control), fraction (soluble, particulate)	not available	7 ppm	17 ppm	orbitrap	BA21_D1_S_13.raw	v1.1.0	HAMLET-agentic v0.1.0	ad + cvd, normal
PXD006233-Sample-148	Homo sapiens	brain	ad + cvd, normal	12	not available	not available	run 148	proteomic profiling by mass spectrometry	NT=data-dependent acquisition;AC=PRIDE:0000627	label free sample	NT=Orbitrap Elite;AC=MS:1001910	NT=Trypsin;AC=MS:1001251	1	1	NT=beam-type collision-induced dissociation;AC=MS:1000422	diagnosis (AD + CVD, healthy age-matched control), fraction (soluble, particulate)	not available	7 ppm	17 ppm	orbitrap	BA21_C1_S_01.raw	v1.1.0	HAMLET-agentic v0.1.0	ad + cvd, normal
PXD006233-Sample-149	Homo sapiens	brain	ad + cvd, normal	12	not available	not available	run 149	proteomic profiling by mass spectrometry	NT=data-dependent acquisition;AC=PRIDE:0000627	label free sample	NT=Orbitrap Elite;AC=MS:1001910	NT=Trypsin;AC=MS:1001251	1	1	NT=beam-type collision-induced dissociation;AC=MS:1000422	diagnosis (AD + CVD, healthy age-matched control), fraction (soluble, particulate)	not available	7 ppm	17 ppm	orbitrap	BA21_C1_P_05.raw	v1.1.0	HAMLET-agentic v0.1.0	ad + cvd, normal
PXD006233-Sample-150	Homo sapiens	brain	ad + cvd, normal	12	not available	not available	run 150	proteomic profiling by mass spectrometry	NT=data-dependent acquisition;AC=PRIDE:0000627	label free sample	NT=Orbitrap Elite;AC=MS:1001910	NT=Trypsin;AC=MS:1001251	1	1	NT=beam-type collision-induced dissociation;AC=MS:1000422	diagnosis (AD + CVD, healthy age-matched control), fraction (soluble, particulate)	not available	7 ppm	17 ppm	orbitrap	BA21_C2_S_06.raw	v1.1.0	HAMLET-agentic v0.1.0	ad + cvd, normal
PXD006233-Sample-151	Homo sapiens	brain	ad + cvd, normal	12	not available	not available	run 151	proteomic profiling by mass spectrometry	NT=data-dependent acquisition;AC=PRIDE:0000627	label free sample	NT=Orbitrap Elite;AC=MS:1001910	NT=Trypsin;AC=MS:1001251	1	1	NT=beam-type collision-induced dissociation;AC=MS:1000422	diagnosis (AD + CVD, healthy age-matched control), fraction (soluble, particulate)	not available	7 ppm	17 ppm	orbitrap	BA21_D3_S_13.raw	v1.1.0	HAMLET-agentic v0.1.0	ad + cvd, normal
PXD006233-Sample-152	Homo sapiens	brain	ad + cvd, normal	12	not available	not available	run 152	proteomic profiling by mass spectrometry	NT=data-dependent acquisition;AC=PRIDE:0000627	label free sample	NT=Orbitrap Elite;AC=MS:1001910	NT=Trypsin;AC=MS:1001251	1	1	NT=beam-type collision-induced dissociation;AC=MS:1000422	diagnosis (AD + CVD, healthy age-matched control), fraction (soluble, particulate)	not available	7 ppm	17 ppm	orbitrap	BA21_C1_S_11.raw	v1.1.0	HAMLET-agentic v0.1.0	ad + cvd, normal
PXD006233-Sample-153	Homo sapiens	brain	ad + cvd, normal	12	not available	not available	run 153	proteomic profiling by mass spectrometry	NT=data-dependent acquisition;AC=PRIDE:0000627	label free sample	NT=Orbitrap Elite;AC=MS:1001910	NT=Trypsin;AC=MS:1001251	1	1	NT=beam-type collision-induced dissociation;AC=MS:1000422	diagnosis (AD + CVD, healthy age-matched control), fraction (soluble, particulate)	not available	7 ppm	17 ppm	orbitrap	BA21_C2_S_21.raw	v1.1.0	HAMLET-agentic v0.1.0	ad + cvd, normal
PXD006233-Sample-154	Homo sapiens	brain	ad + cvd, normal	12	not available	not available	run 154	proteomic profiling by mass spectrometry	NT=data-dependent acquisition;AC=PRIDE:0000627	label free sample	NT=Orbitrap Elite;AC=MS:1001910	NT=Trypsin;AC=MS:1001251	1	1	NT=beam-type collision-induced dissociation;AC=MS:1000422	diagnosis (AD + CVD, healthy age-matched control), fraction (soluble, particulate)	not available	7 ppm	17 ppm	orbitrap	BA21_D1_S_09.raw	v1.1.0	HAMLET-agentic v0.1.0	ad + cvd, normal
PXD006233-Sample-155	Homo sapiens	brain	ad + cvd, normal	12	not available	not available	run 155	proteomic profiling by mass spectrometry	NT=data-dependent acquisition;AC=PRIDE:0000627	label free sample	NT=Orbitrap Elite;AC=MS:1001910	NT=Trypsin;AC=MS:1001251	1	1	NT=beam-type collision-induced dissociation;AC=MS:1000422	diagnosis (AD + CVD, healthy age-matched control), fraction (soluble, particulate)	not available	7 ppm	17 ppm	orbitrap	BA21_C2_P_09.raw	v1.1.0	HAMLET-agentic v0.1.0	ad + cvd, normal
PXD006233-Sample-156	Homo sapiens	brain	ad + cvd, normal	12	not available	not available	run 156	proteomic profiling by mass spectrometry	NT=data-dependent acquisition;AC=PRIDE:0000627	label free sample	NT=Orbitrap Elite;AC=MS:1001910	NT=Trypsin;AC=MS:1001251	1	1	NT=beam-type collision-induced dissociation;AC=MS:1000422	diagnosis (AD + CVD, healthy age-matched control), fraction (soluble, particulate)	not available	7 ppm	17 ppm	orbitrap	BA21_D2_S_09.raw	v1.1.0	HAMLET-agentic v0.1.0	ad + cvd, normal
PXD006233-Sample-157	Homo sapiens	brain	ad + cvd, normal	12	not available	not available	run 157	proteomic profiling by mass spectrometry	NT=data-dependent acquisition;AC=PRIDE:0000627	label free sample	NT=Orbitrap Elite;AC=MS:1001910	NT=Trypsin;AC=MS:1001251	1	1	NT=beam-type collision-induced dissociation;AC=MS:1000422	diagnosis (AD + CVD, healthy age-matched control), fraction (soluble, particulate)	not available	7 ppm	17 ppm	orbitrap	BA21_C3_P_08.raw	v1.1.0	HAMLET-agentic v0.1.0	ad + cvd, normal
PXD006233-Sample-158	Homo sapiens	brain	ad + cvd, normal	12	not available	not available	run 158	proteomic profiling by mass spectrometry	NT=data-dependent acquisition;AC=PRIDE:0000627	label free sample	NT=Orbitrap Elite;AC=MS:1001910	NT=Trypsin;AC=MS:1001251	1	1	NT=beam-type collision-induced dissociation;AC=MS:1000422	diagnosis (AD + CVD, healthy age-matched control), fraction (soluble, particulate)	not available	7 ppm	17 ppm	orbitrap	BA21_C1_S_38.raw	v1.1.0	HAMLET-agentic v0.1.0	ad + cvd, normal
PXD006233-Sample-159	Homo sapiens	brain	ad + cvd, normal	12	not available	not available	run 159	proteomic profiling by mass spectrometry	NT=data-dependent acquisition;AC=PRIDE:0000627	label free sample	NT=Orbitrap Elite;AC=MS:1001910	NT=Trypsin;AC=MS:1001251	1	1	NT=beam-type collision-induced dissociation;AC=MS:1000422	diagnosis (AD + CVD, healthy age-matched control), fraction (soluble, particulate)	not available	7 ppm	17 ppm	orbitrap	BA21_D1_S_01.raw	v1.1.0	HAMLET-agentic v0.1.0	ad + cvd, normal
PXD006233-Sample-160	Homo sapiens	brain	ad + cvd, normal	12	not available	not available	run 160	proteomic profiling by mass spectrometry	NT=data-dependent acquisition;AC=PRIDE:0000627	label free sample	NT=Orbitrap Elite;AC=MS:1001910	NT=Trypsin;AC=MS:1001251	1	1	NT=beam-type collision-induced dissociation;AC=MS:1000422	diagnosis (AD + CVD, healthy age-matched control), fraction (soluble, particulate)	not available	7 ppm	17 ppm	orbitrap	BA21_C1_S_19.raw	v1.1.0	HAMLET-agentic v0.1.0	ad + cvd, normal
PXD006233-Sample-161	Homo sapiens	brain	ad + cvd, normal	12	not available	not available	run 161	proteomic profiling by mass spectrometry	NT=data-dependent acquisition;AC=PRIDE:0000627	label free sample	NT=Orbitrap Elite;AC=MS:1001910	NT=Trypsin;AC=MS:1001251	1	1	NT=beam-type collision-induced dissociation;AC=MS:1000422	diagnosis (AD + CVD, healthy age-matched control), fraction (soluble, particulate)	not available	7 ppm	17 ppm	orbitrap	BA21_C1_P_17.raw	v1.1.0	HAMLET-agentic v0.1.0	ad + cvd, normal
PXD006233-Sample-162	Homo sapiens	brain	ad + cvd, normal	12	not available	not available	run 162	proteomic profiling by mass spectrometry	NT=data-dependent acquisition;AC=PRIDE:0000627	label free sample	NT=Orbitrap Elite;AC=MS:1001910	NT=Trypsin;AC=MS:1001251	1	1	NT=beam-type collision-induced dissociation;AC=MS:1000422	diagnosis (AD + CVD, healthy age-matched control), fraction (soluble, particulate)	not available	7 ppm	17 ppm	orbitrap	BA21_D3_S_29.raw	v1.1.0	HAMLET-agentic v0.1.0	ad + cvd, normal
PXD006233-Sample-163	Homo sapiens	brain	ad + cvd, normal	12	not available	not available	run 163	proteomic profiling by mass spectrometry	NT=data-dependent acquisition;AC=PRIDE:0000627	label free sample	NT=Orbitrap Elite;AC=MS:1001910	NT=Trypsin;AC=MS:1001251	1	1	NT=beam-type collision-induced dissociation;AC=MS:1000422	diagnosis (AD + CVD, healthy age-matched control), fraction (soluble, particulate)	not available	7 ppm	17 ppm	orbitrap	BA21_C2_P_04.raw	v1.1.0	HAMLET-agentic v0.1.0	ad + cvd, normal
PXD006233-Sample-164	Homo sapiens	brain	ad + cvd, normal	12	not available	not available	run 164	proteomic profiling by mass spectrometry	NT=data-dependent acquisition;AC=PRIDE:0000627	label free sample	NT=Orbitrap Elite;AC=MS:1001910	NT=Trypsin;AC=MS:1001251	1	1	NT=beam-type collision-induced dissociation;AC=MS:1000422	diagnosis (AD + CVD, healthy age-matched control), fraction (soluble, particulate)	not available	7 ppm	17 ppm	orbitrap	BA21_C1_S_41.raw	v1.1.0	HAMLET-agentic v0.1.0	ad + cvd, normal
PXD006233-Sample-165	Homo sapiens	brain	ad + cvd, normal	12	not available	not available	run 165	proteomic profiling by mass spectrometry	NT=data-dependent acquisition;AC=PRIDE:0000627	label free sample	NT=Orbitrap Elite;AC=MS:1001910	NT=Trypsin;AC=MS:1001251	1	1	NT=beam-type collision-induced dissociation;AC=MS:1000422	diagnosis (AD + CVD, healthy age-matched control), fraction (soluble, particulate)	not available	7 ppm	17 ppm	orbitrap	BA21_C3_S_01.raw	v1.1.0	HAMLET-agentic v0.1.0	ad + cvd, normal
PXD006233-Sample-166	Homo sapiens	brain	ad + cvd, normal	12	not available	not available	run 166	proteomic profiling by mass spectrometry	NT=data-dependent acquisition;AC=PRIDE:0000627	label free sample	NT=Orbitrap Elite;AC=MS:1001910	NT=Trypsin;AC=MS:1001251	1	1	NT=beam-type collision-induced dissociation;AC=MS:1000422	diagnosis (AD + CVD, healthy age-matched control), fraction (soluble, particulate)	not available	7 ppm	17 ppm	orbitrap	BA21_D2_P_01.raw	v1.1.0	HAMLET-agentic v0.1.0	ad + cvd, normal
PXD006233-Sample-167	Homo sapiens	brain	ad + cvd, normal	12	not available	not available	run 167	proteomic profiling by mass spectrometry	NT=data-dependent acquisition;AC=PRIDE:0000627	label free sample	NT=Orbitrap Elite;AC=MS:1001910	NT=Trypsin;AC=MS:1001251	1	1	NT=beam-type collision-induced dissociation;AC=MS:1000422	diagnosis (AD + CVD, healthy age-matched control), fraction (soluble, particulate)	not available	7 ppm	17 ppm	orbitrap	BA21_C3_P_30.raw	v1.1.0	HAMLET-agentic v0.1.0	ad + cvd, normal
PXD006233-Sample-168	Homo sapiens	brain	ad + cvd, normal	12	not available	not available	run 168	proteomic profiling by mass spectrometry	NT=data-dependent acquisition;AC=PRIDE:0000627	label free sample	NT=Orbitrap Elite;AC=MS:1001910	NT=Trypsin;AC=MS:1001251	1	1	NT=beam-type collision-induced dissociation;AC=MS:1000422	diagnosis (AD + CVD, healthy age-matched control), fraction (soluble, particulate)	not available	7 ppm	17 ppm	orbitrap	BA21_D1_P_09.raw	v1.1.0	HAMLET-agentic v0.1.0	ad + cvd, normal
PXD006233-Sample-169	Homo sapiens	brain	ad + cvd, normal	12	not available	not available	run 169	proteomic profiling by mass spectrometry	NT=data-dependent acquisition;AC=PRIDE:0000627	label free sample	NT=Orbitrap Elite;AC=MS:1001910	NT=Trypsin;AC=MS:1001251	1	1	NT=beam-type collision-induced dissociation;AC=MS:1000422	diagnosis (AD + CVD, healthy age-matched control), fraction (soluble, particulate)	not available	7 ppm	17 ppm	orbitrap	BA21_D2_S_22.raw	v1.1.0	HAMLET-agentic v0.1.0	ad + cvd, normal
PXD006233-Sample-170	Homo sapiens	brain	ad + cvd, normal	12	not available	not available	run 170	proteomic profiling by mass spectrometry	NT=data-dependent acquisition;AC=PRIDE:0000627	label free sample	NT=Orbitrap Elite;AC=MS:1001910	NT=Trypsin;AC=MS:1001251	1	1	NT=beam-type collision-induced dissociation;AC=MS:1000422	diagnosis (AD + CVD, healthy age-matched control), fraction (soluble, particulate)	not available	7 ppm	17 ppm	orbitrap	BA21_C1_S_43.raw	v1.1.0	HAMLET-agentic v0.1.0	ad + cvd, normal
PXD006233-Sample-171	Homo sapiens	brain	ad + cvd, normal	12	not available	not available	run 171	proteomic profiling by mass spectrometry	NT=data-dependent acquisition;AC=PRIDE:0000627	label free sample	NT=Orbitrap Elite;AC=MS:1001910	NT=Trypsin;AC=MS:1001251	1	1	NT=beam-type collision-induced dissociation;AC=MS:1000422	diagnosis (AD + CVD, healthy age-matched control), fraction (soluble, particulate)	not available	7 ppm	17 ppm	orbitrap	BA21_D1_P_11.raw	v1.1.0	HAMLET-agentic v0.1.0	ad + cvd, normal
PXD006233-Sample-172	Homo sapiens	brain	ad + cvd, normal	12	not available	not available	run 172	proteomic profiling by mass spectrometry	NT=data-dependent acquisition;AC=PRIDE:0000627	label free sample	NT=Orbitrap Elite;AC=MS:1001910	NT=Trypsin;AC=MS:1001251	1	1	NT=beam-type collision-induced dissociation;AC=MS:1000422	diagnosis (AD + CVD, healthy age-matched control), fraction (soluble, particulate)	not available	7 ppm	17 ppm	orbitrap	BA21_D2_P_08.raw	v1.1.0	HAMLET-agentic v0.1.0	ad + cvd, normal
PXD006233-Sample-173	Homo sapiens	brain	ad + cvd, normal	12	not available	not available	run 173	proteomic profiling by mass spectrometry	NT=data-dependent acquisition;AC=PRIDE:0000627	label free sample	NT=Orbitrap Elite;AC=MS:1001910	NT=Trypsin;AC=MS:1001251	1	1	NT=beam-type collision-induced dissociation;AC=MS:1000422	diagnosis (AD + CVD, healthy age-matched control), fraction (soluble, particulate)	not available	7 ppm	17 ppm	orbitrap	BA21_D2_P_06.raw	v1.1.0	HAMLET-agentic v0.1.0	ad + cvd, normal
PXD006233-Sample-174	Homo sapiens	brain	ad + cvd, normal	12	not available	not available	run 174	proteomic profiling by mass spectrometry	NT=data-dependent acquisition;AC=PRIDE:0000627	label free sample	NT=Orbitrap Elite;AC=MS:1001910	NT=Trypsin;AC=MS:1001251	1	1	NT=beam-type collision-induced dissociation;AC=MS:1000422	diagnosis (AD + CVD, healthy age-matched control), fraction (soluble, particulate)	not available	7 ppm	17 ppm	orbitrap	BA21_D3_S_12.raw	v1.1.0	HAMLET-agentic v0.1.0	ad + cvd, normal
PXD006233-Sample-175	Homo sapiens	brain	ad + cvd, normal	12	not available	not available	run 175	proteomic profiling by mass spectrometry	NT=data-dependent acquisition;AC=PRIDE:0000627	label free sample	NT=Orbitrap Elite;AC=MS:1001910	NT=Trypsin;AC=MS:1001251	1	1	NT=beam-type collision-induced dissociation;AC=MS:1000422	diagnosis (AD + CVD, healthy age-matched control), fraction (soluble, particulate)	not available	7 ppm	17 ppm	orbitrap	BA21_C1_S_29.raw	v1.1.0	HAMLET-agentic v0.1.0	ad + cvd, normal
PXD006233-Sample-176	Homo sapiens	brain	ad + cvd, normal	12	not available	not available	run 176	proteomic profiling by mass spectrometry	NT=data-dependent acquisition;AC=PRIDE:0000627	label free sample	NT=Orbitrap Elite;AC=MS:1001910	NT=Trypsin;AC=MS:1001251	1	1	NT=beam-type collision-induced dissociation;AC=MS:1000422	diagnosis (AD + CVD, healthy age-matched control), fraction (soluble, particulate)	not available	7 ppm	17 ppm	orbitrap	BA21_D1_S_27.raw	v1.1.0	HAMLET-agentic v0.1.0	ad + cvd, normal
PXD006233-Sample-177	Homo sapiens	brain	ad + cvd, normal	12	not available	not available	run 177	proteomic profiling by mass spectrometry	NT=data-dependent acquisition;AC=PRIDE:0000627	label free sample	NT=Orbitrap Elite;AC=MS:1001910	NT=Trypsin;AC=MS:1001251	1	1	NT=beam-type collision-induced dissociation;AC=MS:1000422	diagnosis (AD + CVD, healthy age-matched control), fraction (soluble, particulate)	not available	7 ppm	17 ppm	orbitrap	BA21_D3_S_31.raw	v1.1.0	HAMLET-agentic v0.1.0	ad + cvd, normal
PXD006233-Sample-178	Homo sapiens	brain	ad + cvd, normal	12	not available	not available	run 178	proteomic profiling by mass spectrometry	NT=data-dependent acquisition;AC=PRIDE:0000627	label free sample	NT=Orbitrap Elite;AC=MS:1001910	NT=Trypsin;AC=MS:1001251	1	1	NT=beam-type collision-induced dissociation;AC=MS:1000422	diagnosis (AD + CVD, healthy age-matched control), fraction (soluble, particulate)	not available	7 ppm	17 ppm	orbitrap	BA21_D2_P_25.raw	v1.1.0	HAMLET-agentic v0.1.0	ad + cvd, normal
PXD006233-Sample-179	Homo sapiens	brain	ad + cvd, normal	12	not available	not available	run 179	proteomic profiling by mass spectrometry	NT=data-dependent acquisition;AC=PRIDE:0000627	label free sample	NT=Orbitrap Elite;AC=MS:1001910	NT=Trypsin;AC=MS:1001251	1	1	NT=beam-type collision-induced dissociation;AC=MS:1000422	diagnosis (AD + CVD, healthy age-matched control), fraction (soluble, particulate)	not available	7 ppm	17 ppm	orbitrap	BA21_D1_S_04.raw	v1.1.0	HAMLET-agentic v0.1.0	ad + cvd, normal
PXD006233-Sample-180	Homo sapiens	brain	ad + cvd, normal	12	not available	not available	run 180	proteomic profiling by mass spectrometry	NT=data-dependent acquisition;AC=PRIDE:0000627	label free sample	NT=Orbitrap Elite;AC=MS:1001910	NT=Trypsin;AC=MS:1001251	1	1	NT=beam-type collision-induced dissociation;AC=MS:1000422	diagnosis (AD + CVD, healthy age-matched control), fraction (soluble, particulate)	not available	7 ppm	17 ppm	orbitrap	BA21_C2_S_16.raw	v1.1.0	HAMLET-agentic v0.1.0	ad + cvd, normal
PXD006233-Sample-181	Homo sapiens	brain	ad + cvd, normal	12	not available	not available	run 181	proteomic profiling by mass spectrometry	NT=data-dependent acquisition;AC=PRIDE:0000627	label free sample	NT=Orbitrap Elite;AC=MS:1001910	NT=Trypsin;AC=MS:1001251	1	1	NT=beam-type collision-induced dissociation;AC=MS:1000422	diagnosis (AD + CVD, healthy age-matched control), fraction (soluble, particulate)	not available	7 ppm	17 ppm	orbitrap	BA21_C2_S_08.raw	v1.1.0	HAMLET-agentic v0.1.0	ad + cvd, normal
PXD006233-Sample-182	Homo sapiens	brain	ad + cvd, normal	12	not available	not available	run 182	proteomic profiling by mass spectrometry	NT=data-dependent acquisition;AC=PRIDE:0000627	label free sample	NT=Orbitrap Elite;AC=MS:1001910	NT=Trypsin;AC=MS:1001251	1	1	NT=beam-type collision-induced dissociation;AC=MS:1000422	diagnosis (AD + CVD, healthy age-matched control), fraction (soluble, particulate)	not available	7 ppm	17 ppm	orbitrap	BA21_C3_S_09.raw	v1.1.0	HAMLET-agentic v0.1.0	ad + cvd, normal
PXD006233-Sample-183	Homo sapiens	brain	ad + cvd, normal	12	not available	not available	run 183	proteomic profiling by mass spectrometry	NT=data-dependent acquisition;AC=PRIDE:0000627	label free sample	NT=Orbitrap Elite;AC=MS:1001910	NT=Trypsin;AC=MS:1001251	1	1	NT=beam-type collision-induced dissociation;AC=MS:1000422	diagnosis (AD + CVD, healthy age-matched control), fraction (soluble, particulate)	not available	7 ppm	17 ppm	orbitrap	BA21_C3_S_13.raw	v1.1.0	HAMLET-agentic v0.1.0	ad + cvd, normal
PXD006233-Sample-184	Homo sapiens	brain	ad + cvd, normal	12	not available	not available	run 184	proteomic profiling by mass spectrometry	NT=data-dependent acquisition;AC=PRIDE:0000627	label free sample	NT=Orbitrap Elite;AC=MS:1001910	NT=Trypsin;AC=MS:1001251	1	1	NT=beam-type collision-induced dissociation;AC=MS:1000422	diagnosis (AD + CVD, healthy age-matched control), fraction (soluble, particulate)	not available	7 ppm	17 ppm	orbitrap	BA21_D1_S_10.raw	v1.1.0	HAMLET-agentic v0.1.0	ad + cvd, normal
PXD006233-Sample-185	Homo sapiens	brain	ad + cvd, normal	12	not available	not available	run 185	proteomic profiling by mass spectrometry	NT=data-dependent acquisition;AC=PRIDE:0000627	label free sample	NT=Orbitrap Elite;AC=MS:1001910	NT=Trypsin;AC=MS:1001251	1	1	NT=beam-type collision-induced dissociation;AC=MS:1000422	diagnosis (AD + CVD, healthy age-matched control), fraction (soluble, particulate)	not available	7 ppm	17 ppm	orbitrap	BA21_D2_S_31.raw	v1.1.0	HAMLET-agentic v0.1.0	ad + cvd, normal
PXD006233-Sample-186	Homo sapiens	brain	ad + cvd, normal	12	not available	not available	run 186	proteomic profiling by mass spectrometry	NT=data-dependent acquisition;AC=PRIDE:0000627	label free sample	NT=Orbitrap Elite;AC=MS:1001910	NT=Trypsin;AC=MS:1001251	1	1	NT=beam-type collision-induced dissociation;AC=MS:1000422	diagnosis (AD + CVD, healthy age-matched control), fraction (soluble, particulate)	not available	7 ppm	17 ppm	orbitrap	BA21_D3_S_23.raw	v1.1.0	HAMLET-agentic v0.1.0	ad + cvd, normal
PXD006233-Sample-187	Homo sapiens	brain	ad + cvd, normal	12	not available	not available	run 187	proteomic profiling by mass spectrometry	NT=data-dependent acquisition;AC=PRIDE:0000627	label free sample	NT=Orbitrap Elite;AC=MS:1001910	NT=Trypsin;AC=MS:1001251	1	1	NT=beam-type collision-induced dissociation;AC=MS:1000422	diagnosis (AD + CVD, healthy age-matched control), fraction (soluble, particulate)	not available	7 ppm	17 ppm	orbitrap	BA21_D2_S_02.raw	v1.1.0	HAMLET-agentic v0.1.0	ad + cvd, normal
PXD006233-Sample-188	Homo sapiens	brain	ad + cvd, normal	12	not available	not available	run 188	proteomic profiling by mass spectrometry	NT=data-dependent acquisition;AC=PRIDE:0000627	label free sample	NT=Orbitrap Elite;AC=MS:1001910	NT=Trypsin;AC=MS:1001251	1	1	NT=beam-type collision-induced dissociation;AC=MS:1000422	diagnosis (AD + CVD, healthy age-matched control), fraction (soluble, particulate)	not available	7 ppm	17 ppm	orbitrap	BA21_C3_P_29.raw	v1.1.0	HAMLET-agentic v0.1.0	ad + cvd, normal
PXD006233-Sample-189	Homo sapiens	brain	ad + cvd, normal	12	not available	not available	run 189	proteomic profiling by mass spectrometry	NT=data-dependent acquisition;AC=PRIDE:0000627	label free sample	NT=Orbitrap Elite;AC=MS:1001910	NT=Trypsin;AC=MS:1001251	1	1	NT=beam-type collision-induced dissociation;AC=MS:1000422	diagnosis (AD + CVD, healthy age-matched control), fraction (soluble, particulate)	not available	7 ppm	17 ppm	orbitrap	BA21_C2_P_16.raw	v1.1.0	HAMLET-agentic v0.1.0	ad + cvd, normal
PXD006233-Sample-190	Homo sapiens	brain	ad + cvd, normal	12	not available	not available	run 190	proteomic profiling by mass spectrometry	NT=data-dependent acquisition;AC=PRIDE:0000627	label free sample	NT=Orbitrap Elite;AC=MS:1001910	NT=Trypsin;AC=MS:1001251	1	1	NT=beam-type collision-induced dissociation;AC=MS:1000422	diagnosis (AD + CVD, healthy age-matched control), fraction (soluble, particulate)	not available	7 ppm	17 ppm	orbitrap	BA21_C1_P_22.raw	v1.1.0	HAMLET-agentic v0.1.0	ad + cvd, normal
PXD006233-Sample-191	Homo sapiens	brain	ad + cvd, normal	12	not available	not available	run 191	proteomic profiling by mass spectrometry	NT=data-dependent acquisition;AC=PRIDE:0000627	label free sample	NT=Orbitrap Elite;AC=MS:1001910	NT=Trypsin;AC=MS:1001251	1	1	NT=beam-type collision-induced dissociation;AC=MS:1000422	diagnosis (AD + CVD, healthy age-matched control), fraction (soluble, particulate)	not available	7 ppm	17 ppm	orbitrap	BA21_D1_S_23.raw	v1.1.0	HAMLET-agentic v0.1.0	ad + cvd, normal
PXD006233-Sample-192	Homo sapiens	brain	ad + cvd, normal	12	not available	not available	run 192	proteomic profiling by mass spectrometry	NT=data-dependent acquisition;AC=PRIDE:0000627	label free sample	NT=Orbitrap Elite;AC=MS:1001910	NT=Trypsin;AC=MS:1001251	1	1	NT=beam-type collision-induced dissociation;AC=MS:1000422	diagnosis (AD + CVD, healthy age-matched control), fraction (soluble, particulate)	not available	7 ppm	17 ppm	orbitrap	BA21_D1_P_30.raw	v1.1.0	HAMLET-agentic v0.1.0	ad + cvd, normal
PXD006233-Sample-193	Homo sapiens	brain	ad + cvd, normal	12	not available	not available	run 193	proteomic profiling by mass spectrometry	NT=data-dependent acquisition;AC=PRIDE:0000627	label free sample	NT=Orbitrap Elite;AC=MS:1001910	NT=Trypsin;AC=MS:1001251	1	1	NT=beam-type collision-induced dissociation;AC=MS:1000422	diagnosis (AD + CVD, healthy age-matched control), fraction (soluble, particulate)	not available	7 ppm	17 ppm	orbitrap	BA21_D1_S_20.raw	v1.1.0	HAMLET-agentic v0.1.0	ad + cvd, normal
PXD006233-Sample-194	Homo sapiens	brain	ad + cvd, normal	12	not available	not available	run 194	proteomic profiling by mass spectrometry	NT=data-dependent acquisition;AC=PRIDE:0000627	label free sample	NT=Orbitrap Elite;AC=MS:1001910	NT=Trypsin;AC=MS:1001251	1	1	NT=beam-type collision-induced dissociation;AC=MS:1000422	diagnosis (AD + CVD, healthy age-matched control), fraction (soluble, particulate)	not available	7 ppm	17 ppm	orbitrap	BA21_D1_S_24.raw	v1.1.0	HAMLET-agentic v0.1.0	ad + cvd, normal
PXD006233-Sample-195	Homo sapiens	brain	ad + cvd, normal	12	not available	not available	run 195	proteomic profiling by mass spectrometry	NT=data-dependent acquisition;AC=PRIDE:0000627	label free sample	NT=Orbitrap Elite;AC=MS:1001910	NT=Trypsin;AC=MS:1001251	1	1	NT=beam-type collision-induced dissociation;AC=MS:1000422	diagnosis (AD + CVD, healthy age-matched control), fraction (soluble, particulate)	not available	7 ppm	17 ppm	orbitrap	BA21_D2_S_07.raw	v1.1.0	HAMLET-agentic v0.1.0	ad + cvd, normal
PXD006233-Sample-196	Homo sapiens	brain	ad + cvd, normal	12	not available	not available	run 196	proteomic profiling by mass spectrometry	NT=data-dependent acquisition;AC=PRIDE:0000627	label free sample	NT=Orbitrap Elite;AC=MS:1001910	NT=Trypsin;AC=MS:1001251	1	1	NT=beam-type collision-induced dissociation;AC=MS:1000422	diagnosis (AD + CVD, healthy age-matched control), fraction (soluble, particulate)	not available	7 ppm	17 ppm	orbitrap	BA21_C1_P_27.raw	v1.1.0	HAMLET-agentic v0.1.0	ad + cvd, normal
PXD006233-Sample-197	Homo sapiens	brain	ad + cvd, normal	12	not available	not available	run 197	proteomic profiling by mass spectrometry	NT=data-dependent acquisition;AC=PRIDE:0000627	label free sample	NT=Orbitrap Elite;AC=MS:1001910	NT=Trypsin;AC=MS:1001251	1	1	NT=beam-type collision-induced dissociation;AC=MS:1000422	diagnosis (AD + CVD, healthy age-matched control), fraction (soluble, particulate)	not available	7 ppm	17 ppm	orbitrap	BA21_C2_S_25.raw	v1.1.0	HAMLET-agentic v0.1.0	ad + cvd, normal
PXD006233-Sample-198	Homo sapiens	brain	ad + cvd, normal	12	not available	not available	run 198	proteomic profiling by mass spectrometry	NT=data-dependent acquisition;AC=PRIDE:0000627	label free sample	NT=Orbitrap Elite;AC=MS:1001910	NT=Trypsin;AC=MS:1001251	1	1	NT=beam-type collision-induced dissociation;AC=MS:1000422	diagnosis (AD + CVD, healthy age-matched control), fraction (soluble, particulate)	not available	7 ppm	17 ppm	orbitrap	BA21_D3_P_07.raw	v1.1.0	HAMLET-agentic v0.1.0	ad + cvd, normal
PXD006233-Sample-199	Homo sapiens	brain	ad + cvd, normal	12	not available	not available	run 199	proteomic profiling by mass spectrometry	NT=data-dependent acquisition;AC=PRIDE:0000627	label free sample	NT=Orbitrap Elite;AC=MS:1001910	NT=Trypsin;AC=MS:1001251	1	1	NT=beam-type collision-induced dissociation;AC=MS:1000422	diagnosis (AD + CVD, healthy age-matched control), fraction (soluble, particulate)	not available	7 ppm	17 ppm	orbitrap	BA21_D2_S_13.raw	v1.1.0	HAMLET-agentic v0.1.0	ad + cvd, normal
PXD006233-Sample-200	Homo sapiens	brain	ad + cvd, normal	12	not available	not available	run 200	proteomic profiling by mass spectrometry	NT=data-dependent acquisition;AC=PRIDE:0000627	label free sample	NT=Orbitrap Elite;AC=MS:1001910	NT=Trypsin;AC=MS:1001251	1	1	NT=beam-type collision-induced dissociation;AC=MS:1000422	diagnosis (AD + CVD, healthy age-matched control), fraction (soluble, particulate)	not available	7 ppm	17 ppm	orbitrap	BA21_C3_P_19.raw	v1.1.0	HAMLET-agentic v0.1.0	ad + cvd, normal
PXD006233-Sample-201	Homo sapiens	brain	ad + cvd, normal	12	not available	not available	run 201	proteomic profiling by mass spectrometry	NT=data-dependent acquisition;AC=PRIDE:0000627	label free sample	NT=Orbitrap Elite;AC=MS:1001910	NT=Trypsin;AC=MS:1001251	1	1	NT=beam-type collision-induced dissociation;AC=MS:1000422	diagnosis (AD + CVD, healthy age-matched control), fraction (soluble, particulate)	not available	7 ppm	17 ppm	orbitrap	BA21_C3_P_26.raw	v1.1.0	HAMLET-agentic v0.1.0	ad + cvd, normal
PXD006233-Sample-202	Homo sapiens	brain	ad + cvd, normal	12	not available	not available	run 202	proteomic profiling by mass spectrometry	NT=data-dependent acquisition;AC=PRIDE:0000627	label free sample	NT=Orbitrap Elite;AC=MS:1001910	NT=Trypsin;AC=MS:1001251	1	1	NT=beam-type collision-induced dissociation;AC=MS:1000422	diagnosis (AD + CVD, healthy age-matched control), fraction (soluble, particulate)	not available	7 ppm	17 ppm	orbitrap	BA21_C1_P_29.raw	v1.1.0	HAMLET-agentic v0.1.0	ad + cvd, normal
PXD006233-Sample-203	Homo sapiens	brain	ad + cvd, normal	12	not available	not available	run 203	proteomic profiling by mass spectrometry	NT=data-dependent acquisition;AC=PRIDE:0000627	label free sample	NT=Orbitrap Elite;AC=MS:1001910	NT=Trypsin;AC=MS:1001251	1	1	NT=beam-type collision-induced dissociation;AC=MS:1000422	diagnosis (AD + CVD, healthy age-matched control), fraction (soluble, particulate)	not available	7 ppm	17 ppm	orbitrap	BA21_D1_P_02.raw	v1.1.0	HAMLET-agentic v0.1.0	ad + cvd, normal
PXD006233-Sample-204	Homo sapiens	brain	ad + cvd, normal	12	not available	not available	run 204	proteomic profiling by mass spectrometry	NT=data-dependent acquisition;AC=PRIDE:0000627	label free sample	NT=Orbitrap Elite;AC=MS:1001910	NT=Trypsin;AC=MS:1001251	1	1	NT=beam-type collision-induced dissociation;AC=MS:1000422	diagnosis (AD + CVD, healthy age-matched control), fraction (soluble, particulate)	not available	7 ppm	17 ppm	orbitrap	BA21_C2_S_23.raw	v1.1.0	HAMLET-agentic v0.1.0	ad + cvd, normal
PXD006233-Sample-205	Homo sapiens	brain	ad + cvd, normal	12	not available	not available	run 205	proteomic profiling by mass spectrometry	NT=data-dependent acquisition;AC=PRIDE:0000627	label free sample	NT=Orbitrap Elite;AC=MS:1001910	NT=Trypsin;AC=MS:1001251	1	1	NT=beam-type collision-induced dissociation;AC=MS:1000422	diagnosis (AD + CVD, healthy age-matched control), fraction (soluble, particulate)	not available	7 ppm	17 ppm	orbitrap	BA21_C1_S_15.raw	v1.1.0	HAMLET-agentic v0.1.0	ad + cvd, normal
PXD006233-Sample-206	Homo sapiens	brain	ad + cvd, normal	12	not available	not available	run 206	proteomic profiling by mass spectrometry	NT=data-dependent acquisition;AC=PRIDE:0000627	label free sample	NT=Orbitrap Elite;AC=MS:1001910	NT=Trypsin;AC=MS:1001251	1	1	NT=beam-type collision-induced dissociation;AC=MS:1000422	diagnosis (AD + CVD, healthy age-matched control), fraction (soluble, particulate)	not available	7 ppm	17 ppm	orbitrap	BA21_C3_P_07.raw	v1.1.0	HAMLET-agentic v0.1.0	ad + cvd, normal
PXD006233-Sample-207	Homo sapiens	brain	ad + cvd, normal	12	not available	not available	run 207	proteomic profiling by mass spectrometry	NT=data-dependent acquisition;AC=PRIDE:0000627	label free sample	NT=Orbitrap Elite;AC=MS:1001910	NT=Trypsin;AC=MS:1001251	1	1	NT=beam-type collision-induced dissociation;AC=MS:1000422	diagnosis (AD + CVD, healthy age-matched control), fraction (soluble, particulate)	not available	7 ppm	17 ppm	orbitrap	BA21_D2_P_02.raw	v1.1.0	HAMLET-agentic v0.1.0	ad + cvd, normal
PXD006233-Sample-208	Homo sapiens	brain	ad + cvd, normal	12	not available	not available	run 208	proteomic profiling by mass spectrometry	NT=data-dependent acquisition;AC=PRIDE:0000627	label free sample	NT=Orbitrap Elite;AC=MS:1001910	NT=Trypsin;AC=MS:1001251	1	1	NT=beam-type collision-induced dissociation;AC=MS:1000422	diagnosis (AD + CVD, healthy age-matched control), fraction (soluble, particulate)	not available	7 ppm	17 ppm	orbitrap	BA21_D2_S_11.raw	v1.1.0	HAMLET-agentic v0.1.0	ad + cvd, normal
PXD006233-Sample-209	Homo sapiens	brain	ad + cvd, normal	12	not available	not available	run 209	proteomic profiling by mass spectrometry	NT=data-dependent acquisition;AC=PRIDE:0000627	label free sample	NT=Orbitrap Elite;AC=MS:1001910	NT=Trypsin;AC=MS:1001251	1	1	NT=beam-type collision-induced dissociation;AC=MS:1000422	diagnosis (AD + CVD, healthy age-matched control), fraction (soluble, particulate)	not available	7 ppm	17 ppm	orbitrap	BA21_D1_P_18.raw	v1.1.0	HAMLET-agentic v0.1.0	ad + cvd, normal
PXD006233-Sample-210	Homo sapiens	brain	ad + cvd, normal	12	not available	not available	run 210	proteomic profiling by mass spectrometry	NT=data-dependent acquisition;AC=PRIDE:0000627	label free sample	NT=Orbitrap Elite;AC=MS:1001910	NT=Trypsin;AC=MS:1001251	1	1	NT=beam-type collision-induced dissociation;AC=MS:1000422	diagnosis (AD + CVD, healthy age-matched control), fraction (soluble, particulate)	not available	7 ppm	17 ppm	orbitrap	BA21_C2_P_30.raw	v1.1.0	HAMLET-agentic v0.1.0	ad + cvd, normal
PXD006233-Sample-211	Homo sapiens	brain	ad + cvd, normal	12	not available	not available	run 211	proteomic profiling by mass spectrometry	NT=data-dependent acquisition;AC=PRIDE:0000627	label free sample	NT=Orbitrap Elite;AC=MS:1001910	NT=Trypsin;AC=MS:1001251	1	1	NT=beam-type collision-induced dissociation;AC=MS:1000422	diagnosis (AD + CVD, healthy age-matched control), fraction (soluble, particulate)	not available	7 ppm	17 ppm	orbitrap	BA21_C3_S_05.raw	v1.1.0	HAMLET-agentic v0.1.0	ad + cvd, normal
PXD006233-Sample-212	Homo sapiens	brain	ad + cvd, normal	12	not available	not available	run 212	proteomic profiling by mass spectrometry	NT=data-dependent acquisition;AC=PRIDE:0000627	label free sample	NT=Orbitrap Elite;AC=MS:1001910	NT=Trypsin;AC=MS:1001251	1	1	NT=beam-type collision-induced dissociation;AC=MS:1000422	diagnosis (AD + CVD, healthy age-matched control), fraction (soluble, particulate)	not available	7 ppm	17 ppm	orbitrap	BA21_D2_S_01.raw	v1.1.0	HAMLET-agentic v0.1.0	ad + cvd, normal
PXD006233-Sample-213	Homo sapiens	brain	ad + cvd, normal	12	not available	not available	run 213	proteomic profiling by mass spectrometry	NT=data-dependent acquisition;AC=PRIDE:0000627	label free sample	NT=Orbitrap Elite;AC=MS:1001910	NT=Trypsin;AC=MS:1001251	1	1	NT=beam-type collision-induced dissociation;AC=MS:1000422	diagnosis (AD + CVD, healthy age-matched control), fraction (soluble, particulate)	not available	7 ppm	17 ppm	orbitrap	BA21_D2_P_21.raw	v1.1.0	HAMLET-agentic v0.1.0	ad + cvd, normal
PXD006233-Sample-214	Homo sapiens	brain	ad + cvd, normal	12	not available	not available	run 214	proteomic profiling by mass spectrometry	NT=data-dependent acquisition;AC=PRIDE:0000627	label free sample	NT=Orbitrap Elite;AC=MS:1001910	NT=Trypsin;AC=MS:1001251	1	1	NT=beam-type collision-induced dissociation;AC=MS:1000422	diagnosis (AD + CVD, healthy age-matched control), fraction (soluble, particulate)	not available	7 ppm	17 ppm	orbitrap	BA21_D1_P_01.raw	v1.1.0	HAMLET-agentic v0.1.0	ad + cvd, normal
PXD006233-Sample-215	Homo sapiens	brain	ad + cvd, normal	12	not available	not available	run 215	proteomic profiling by mass spectrometry	NT=data-dependent acquisition;AC=PRIDE:0000627	label free sample	NT=Orbitrap Elite;AC=MS:1001910	NT=Trypsin;AC=MS:1001251	1	1	NT=beam-type collision-induced dissociation;AC=MS:1000422	diagnosis (AD + CVD, healthy age-matched control), fraction (soluble, particulate)	not available	7 ppm	17 ppm	orbitrap	BA21_C1_P_26.raw	v1.1.0	HAMLET-agentic v0.1.0	ad + cvd, normal
PXD006233-Sample-216	Homo sapiens	brain	ad + cvd, normal	12	not available	not available	run 216	proteomic profiling by mass spectrometry	NT=data-dependent acquisition;AC=PRIDE:0000627	label free sample	NT=Orbitrap Elite;AC=MS:1001910	NT=Trypsin;AC=MS:1001251	1	1	NT=beam-type collision-induced dissociation;AC=MS:1000422	diagnosis (AD + CVD, healthy age-matched control), fraction (soluble, particulate)	not available	7 ppm	17 ppm	orbitrap	BA21_C1_S_31.raw	v1.1.0	HAMLET-agentic v0.1.0	ad + cvd, normal
PXD006233-Sample-217	Homo sapiens	brain	ad + cvd, normal	12	not available	not available	run 217	proteomic profiling by mass spectrometry	NT=data-dependent acquisition;AC=PRIDE:0000627	label free sample	NT=Orbitrap Elite;AC=MS:1001910	NT=Trypsin;AC=MS:1001251	1	1	NT=beam-type collision-induced dissociation;AC=MS:1000422	diagnosis (AD + CVD, healthy age-matched control), fraction (soluble, particulate)	not available	7 ppm	17 ppm	orbitrap	BA21_C1_S_09.raw	v1.1.0	HAMLET-agentic v0.1.0	ad + cvd, normal
PXD006233-Sample-218	Homo sapiens	brain	ad + cvd, normal	12	not available	not available	run 218	proteomic profiling by mass spectrometry	NT=data-dependent acquisition;AC=PRIDE:0000627	label free sample	NT=Orbitrap Elite;AC=MS:1001910	NT=Trypsin;AC=MS:1001251	1	1	NT=beam-type collision-induced dissociation;AC=MS:1000422	diagnosis (AD + CVD, healthy age-matched control), fraction (soluble, particulate)	not available	7 ppm	17 ppm	orbitrap	BA21_C2_S_05.raw	v1.1.0	HAMLET-agentic v0.1.0	ad + cvd, normal
PXD006233-Sample-219	Homo sapiens	brain	ad + cvd, normal	12	not available	not available	run 219	proteomic profiling by mass spectrometry	NT=data-dependent acquisition;AC=PRIDE:0000627	label free sample	NT=Orbitrap Elite;AC=MS:1001910	NT=Trypsin;AC=MS:1001251	1	1	NT=beam-type collision-induced dissociation;AC=MS:1000422	diagnosis (AD + CVD, healthy age-matched control), fraction (soluble, particulate)	not available	7 ppm	17 ppm	orbitrap	BA21_C2_P_06.raw	v1.1.0	HAMLET-agentic v0.1.0	ad + cvd, normal
PXD006233-Sample-220	Homo sapiens	brain	ad + cvd, normal	12	not available	not available	run 220	proteomic profiling by mass spectrometry	NT=data-dependent acquisition;AC=PRIDE:0000627	label free sample	NT=Orbitrap Elite;AC=MS:1001910	NT=Trypsin;AC=MS:1001251	1	1	NT=beam-type collision-induced dissociation;AC=MS:1000422	diagnosis (AD + CVD, healthy age-matched control), fraction (soluble, particulate)	not available	7 ppm	17 ppm	orbitrap	BA21_D2_P_12.raw	v1.1.0	HAMLET-agentic v0.1.0	ad + cvd, normal
PXD006233-Sample-221	Homo sapiens	brain	ad + cvd, normal	12	not available	not available	run 221	proteomic profiling by mass spectrometry	NT=data-dependent acquisition;AC=PRIDE:0000627	label free sample	NT=Orbitrap Elite;AC=MS:1001910	NT=Trypsin;AC=MS:1001251	1	1	NT=beam-type collision-induced dissociation;AC=MS:1000422	diagnosis (AD + CVD, healthy age-matched control), fraction (soluble, particulate)	not available	7 ppm	17 ppm	orbitrap	BA21_D2_S_15.raw	v1.1.0	HAMLET-agentic v0.1.0	ad + cvd, normal
PXD006233-Sample-222	Homo sapiens	brain	ad + cvd, normal	12	not available	not available	run 222	proteomic profiling by mass spectrometry	NT=data-dependent acquisition;AC=PRIDE:0000627	label free sample	NT=Orbitrap Elite;AC=MS:1001910	NT=Trypsin;AC=MS:1001251	1	1	NT=beam-type collision-induced dissociation;AC=MS:1000422	diagnosis (AD + CVD, healthy age-matched control), fraction (soluble, particulate)	not available	7 ppm	17 ppm	orbitrap	BA21_C2_S_10.raw	v1.1.0	HAMLET-agentic v0.1.0	ad + cvd, normal
PXD006233-Sample-223	Homo sapiens	brain	ad + cvd, normal	12	not available	not available	run 223	proteomic profiling by mass spectrometry	NT=data-dependent acquisition;AC=PRIDE:0000627	label free sample	NT=Orbitrap Elite;AC=MS:1001910	NT=Trypsin;AC=MS:1001251	1	1	NT=beam-type collision-induced dissociation;AC=MS:1000422	diagnosis (AD + CVD, healthy age-matched control), fraction (soluble, particulate)	not available	7 ppm	17 ppm	orbitrap	BA21_D1_S_18.raw	v1.1.0	HAMLET-agentic v0.1.0	ad + cvd, normal
PXD006233-Sample-224	Homo sapiens	brain	ad + cvd, normal	12	not available	not available	run 224	proteomic profiling by mass spectrometry	NT=data-dependent acquisition;AC=PRIDE:0000627	label free sample	NT=Orbitrap Elite;AC=MS:1001910	NT=Trypsin;AC=MS:1001251	1	1	NT=beam-type collision-induced dissociation;AC=MS:1000422	diagnosis (AD + CVD, healthy age-matched control), fraction (soluble, particulate)	not available	7 ppm	17 ppm	orbitrap	BA21_C1_P_31.raw	v1.1.0	HAMLET-agentic v0.1.0	ad + cvd, normal
PXD006233-Sample-225	Homo sapiens	brain	ad + cvd, normal	12	not available	not available	run 225	proteomic profiling by mass spectrometry	NT=data-dependent acquisition;AC=PRIDE:0000627	label free sample	NT=Orbitrap Elite;AC=MS:1001910	NT=Trypsin;AC=MS:1001251	1	1	NT=beam-type collision-induced dissociation;AC=MS:1000422	diagnosis (AD + CVD, healthy age-matched control), fraction (soluble, particulate)	not available	7 ppm	17 ppm	orbitrap	BA21_D3_P_05.raw	v1.1.0	HAMLET-agentic v0.1.0	ad + cvd, normal
PXD006233-Sample-226	Homo sapiens	brain	ad + cvd, normal	12	not available	not available	run 226	proteomic profiling by mass spectrometry	NT=data-dependent acquisition;AC=PRIDE:0000627	label free sample	NT=Orbitrap Elite;AC=MS:1001910	NT=Trypsin;AC=MS:1001251	1	1	NT=beam-type collision-induced dissociation;AC=MS:1000422	diagnosis (AD + CVD, healthy age-matched control), fraction (soluble, particulate)	not available	7 ppm	17 ppm	orbitrap	BA21_D3_P_18.raw	v1.1.0	HAMLET-agentic v0.1.0	ad + cvd, normal
PXD006233-Sample-227	Homo sapiens	brain	ad + cvd, normal	12	not available	not available	run 227	proteomic profiling by mass spectrometry	NT=data-dependent acquisition;AC=PRIDE:0000627	label free sample	NT=Orbitrap Elite;AC=MS:1001910	NT=Trypsin;AC=MS:1001251	1	1	NT=beam-type collision-induced dissociation;AC=MS:1000422	diagnosis (AD + CVD, healthy age-matched control), fraction (soluble, particulate)	not available	7 ppm	17 ppm	orbitrap	BA21_D3_S_21.raw	v1.1.0	HAMLET-agentic v0.1.0	ad + cvd, normal
PXD006233-Sample-228	Homo sapiens	brain	ad + cvd, normal	12	not available	not available	run 228	proteomic profiling by mass spectrometry	NT=data-dependent acquisition;AC=PRIDE:0000627	label free sample	NT=Orbitrap Elite;AC=MS:1001910	NT=Trypsin;AC=MS:1001251	1	1	NT=beam-type collision-induced dissociation;AC=MS:1000422	diagnosis (AD + CVD, healthy age-matched control), fraction (soluble, particulate)	not available	7 ppm	17 ppm	orbitrap	BA21_D1_S_02.raw	v1.1.0	HAMLET-agentic v0.1.0	ad + cvd, normal
PXD006233-Sample-229	Homo sapiens	brain	ad + cvd, normal	12	not available	not available	run 229	proteomic profiling by mass spectrometry	NT=data-dependent acquisition;AC=PRIDE:0000627	label free sample	NT=Orbitrap Elite;AC=MS:1001910	NT=Trypsin;AC=MS:1001251	1	1	NT=beam-type collision-induced dissociation;AC=MS:1000422	diagnosis (AD + CVD, healthy age-matched control), fraction (soluble, particulate)	not available	7 ppm	17 ppm	orbitrap	BA21_C1_S_42.raw	v1.1.0	HAMLET-agentic v0.1.0	ad + cvd, normal
PXD006233-Sample-230	Homo sapiens	brain	ad + cvd, normal	12	not available	not available	run 230	proteomic profiling by mass spectrometry	NT=data-dependent acquisition;AC=PRIDE:0000627	label free sample	NT=Orbitrap Elite;AC=MS:1001910	NT=Trypsin;AC=MS:1001251	1	1	NT=beam-type collision-induced dissociation;AC=MS:1000422	diagnosis (AD + CVD, healthy age-matched control), fraction (soluble, particulate)	not available	7 ppm	17 ppm	orbitrap	BA21_C2_S_12.raw	v1.1.0	HAMLET-agentic v0.1.0	ad + cvd, normal
PXD006233-Sample-231	Homo sapiens	brain	ad + cvd, normal	12	not available	not available	run 231	proteomic profiling by mass spectrometry	NT=data-dependent acquisition;AC=PRIDE:0000627	label free sample	NT=Orbitrap Elite;AC=MS:1001910	NT=Trypsin;AC=MS:1001251	1	1	NT=beam-type collision-induced dissociation;AC=MS:1000422	diagnosis (AD + CVD, healthy age-matched control), fraction (soluble, particulate)	not available	7 ppm	17 ppm	orbitrap	BA21_D3_P_22.raw	v1.1.0	HAMLET-agentic v0.1.0	ad + cvd, normal
PXD006233-Sample-232	Homo sapiens	brain	ad + cvd, normal	12	not available	not available	run 232	proteomic profiling by mass spectrometry	NT=data-dependent acquisition;AC=PRIDE:0000627	label free sample	NT=Orbitrap Elite;AC=MS:1001910	NT=Trypsin;AC=MS:1001251	1	1	NT=beam-type collision-induced dissociation;AC=MS:1000422	diagnosis (AD + CVD, healthy age-matched control), fraction (soluble, particulate)	not available	7 ppm	17 ppm	orbitrap	BA21_C1_P_09.raw	v1.1.0	HAMLET-agentic v0.1.0	ad + cvd, normal
PXD006233-Sample-233	Homo sapiens	brain	ad + cvd, normal	12	not available	not available	run 233	proteomic profiling by mass spectrometry	NT=data-dependent acquisition;AC=PRIDE:0000627	label free sample	NT=Orbitrap Elite;AC=MS:1001910	NT=Trypsin;AC=MS:1001251	1	1	NT=beam-type collision-induced dissociation;AC=MS:1000422	diagnosis (AD + CVD, healthy age-matched control), fraction (soluble, particulate)	not available	7 ppm	17 ppm	orbitrap	BA21_D2_P_19.raw	v1.1.0	HAMLET-agentic v0.1.0	ad + cvd, normal
PXD006233-Sample-234	Homo sapiens	brain	ad + cvd, normal	12	not available	not available	run 234	proteomic profiling by mass spectrometry	NT=data-dependent acquisition;AC=PRIDE:0000627	label free sample	NT=Orbitrap Elite;AC=MS:1001910	NT=Trypsin;AC=MS:1001251	1	1	NT=beam-type collision-induced dissociation;AC=MS:1000422	diagnosis (AD + CVD, healthy age-matched control), fraction (soluble, particulate)	not available	7 ppm	17 ppm	orbitrap	BA21_D1_S_06.raw	v1.1.0	HAMLET-agentic v0.1.0	ad + cvd, normal
PXD006233-Sample-235	Homo sapiens	brain	ad + cvd, normal	12	not available	not available	run 235	proteomic profiling by mass spectrometry	NT=data-dependent acquisition;AC=PRIDE:0000627	label free sample	NT=Orbitrap Elite;AC=MS:1001910	NT=Trypsin;AC=MS:1001251	1	1	NT=beam-type collision-induced dissociation;AC=MS:1000422	diagnosis (AD + CVD, healthy age-matched control), fraction (soluble, particulate)	not available	7 ppm	17 ppm	orbitrap	BA21_C2_P_20.raw	v1.1.0	HAMLET-agentic v0.1.0	ad + cvd, normal
PXD006233-Sample-236	Homo sapiens	brain	ad + cvd, normal	12	not available	not available	run 236	proteomic profiling by mass spectrometry	NT=data-dependent acquisition;AC=PRIDE:0000627	label free sample	NT=Orbitrap Elite;AC=MS:1001910	NT=Trypsin;AC=MS:1001251	1	1	NT=beam-type collision-induced dissociation;AC=MS:1000422	diagnosis (AD + CVD, healthy age-matched control), fraction (soluble, particulate)	not available	7 ppm	17 ppm	orbitrap	BA21_C2_P_19.raw	v1.1.0	HAMLET-agentic v0.1.0	ad + cvd, normal
PXD006233-Sample-237	Homo sapiens	brain	ad + cvd, normal	12	not available	not available	run 237	proteomic profiling by mass spectrometry	NT=data-dependent acquisition;AC=PRIDE:0000627	label free sample	NT=Orbitrap Elite;AC=MS:1001910	NT=Trypsin;AC=MS:1001251	1	1	NT=beam-type collision-induced dissociation;AC=MS:1000422	diagnosis (AD + CVD, healthy age-matched control), fraction (soluble, particulate)	not available	7 ppm	17 ppm	orbitrap	BA21_C3_S_04.raw	v1.1.0	HAMLET-agentic v0.1.0	ad + cvd, normal
PXD006233-Sample-238	Homo sapiens	brain	ad + cvd, normal	12	not available	not available	run 238	proteomic profiling by mass spectrometry	NT=data-dependent acquisition;AC=PRIDE:0000627	label free sample	NT=Orbitrap Elite;AC=MS:1001910	NT=Trypsin;AC=MS:1001251	1	1	NT=beam-type collision-induced dissociation;AC=MS:1000422	diagnosis (AD + CVD, healthy age-matched control), fraction (soluble, particulate)	not available	7 ppm	17 ppm	orbitrap	BA21_C1_S_28.raw	v1.1.0	HAMLET-agentic v0.1.0	ad + cvd, normal
PXD006233-Sample-239	Homo sapiens	brain	ad + cvd, normal	12	not available	not available	run 239	proteomic profiling by mass spectrometry	NT=data-dependent acquisition;AC=PRIDE:0000627	label free sample	NT=Orbitrap Elite;AC=MS:1001910	NT=Trypsin;AC=MS:1001251	1	1	NT=beam-type collision-induced dissociation;AC=MS:1000422	diagnosis (AD + CVD, healthy age-matched control), fraction (soluble, particulate)	not available	7 ppm	17 ppm	orbitrap	BA21_C2_P_32.raw	v1.1.0	HAMLET-agentic v0.1.0	ad + cvd, normal
PXD006233-Sample-240	Homo sapiens	brain	ad + cvd, normal	12	not available	not available	run 240	proteomic profiling by mass spectrometry	NT=data-dependent acquisition;AC=PRIDE:0000627	label free sample	NT=Orbitrap Elite;AC=MS:1001910	NT=Trypsin;AC=MS:1001251	1	1	NT=beam-type collision-induced dissociation;AC=MS:1000422	diagnosis (AD + CVD, healthy age-matched control), fraction (soluble, particulate)	not available	7 ppm	17 ppm	orbitrap	BA21_D3_S_14.raw	v1.1.0	HAMLET-agentic v0.1.0	ad + cvd, normal
PXD006233-Sample-241	Homo sapiens	brain	ad + cvd, normal	12	not available	not available	run 241	proteomic profiling by mass spectrometry	NT=data-dependent acquisition;AC=PRIDE:0000627	label free sample	NT=Orbitrap Elite;AC=MS:1001910	NT=Trypsin;AC=MS:1001251	1	1	NT=beam-type collision-induced dissociation;AC=MS:1000422	diagnosis (AD + CVD, healthy age-matched control), fraction (soluble, particulate)	not available	7 ppm	17 ppm	orbitrap	BA21_D2_P_07.raw	v1.1.0	HAMLET-agentic v0.1.0	ad + cvd, normal
PXD006233-Sample-242	Homo sapiens	brain	ad + cvd, normal	12	not available	not available	run 242	proteomic profiling by mass spectrometry	NT=data-dependent acquisition;AC=PRIDE:0000627	label free sample	NT=Orbitrap Elite;AC=MS:1001910	NT=Trypsin;AC=MS:1001251	1	1	NT=beam-type collision-induced dissociation;AC=MS:1000422	diagnosis (AD + CVD, healthy age-matched control), fraction (soluble, particulate)	not available	7 ppm	17 ppm	orbitrap	BA21_C3_P_10.raw	v1.1.0	HAMLET-agentic v0.1.0	ad + cvd, normal
PXD006233-Sample-243	Homo sapiens	brain	ad + cvd, normal	12	not available	not available	run 243	proteomic profiling by mass spectrometry	NT=data-dependent acquisition;AC=PRIDE:0000627	label free sample	NT=Orbitrap Elite;AC=MS:1001910	NT=Trypsin;AC=MS:1001251	1	1	NT=beam-type collision-induced dissociation;AC=MS:1000422	diagnosis (AD + CVD, healthy age-matched control), fraction (soluble, particulate)	not available	7 ppm	17 ppm	orbitrap	BA21_C1_P_15.raw	v1.1.0	HAMLET-agentic v0.1.0	ad + cvd, normal
PXD006233-Sample-244	Homo sapiens	brain	ad + cvd, normal	12	not available	not available	run 244	proteomic profiling by mass spectrometry	NT=data-dependent acquisition;AC=PRIDE:0000627	label free sample	NT=Orbitrap Elite;AC=MS:1001910	NT=Trypsin;AC=MS:1001251	1	1	NT=beam-type collision-induced dissociation;AC=MS:1000422	diagnosis (AD + CVD, healthy age-matched control), fraction (soluble, particulate)	not available	7 ppm	17 ppm	orbitrap	BA21_C1_S_18.raw	v1.1.0	HAMLET-agentic v0.1.0	ad + cvd, normal
PXD006233-Sample-245	Homo sapiens	brain	ad + cvd, normal	12	not available	not available	run 245	proteomic profiling by mass spectrometry	NT=data-dependent acquisition;AC=PRIDE:0000627	label free sample	NT=Orbitrap Elite;AC=MS:1001910	NT=Trypsin;AC=MS:1001251	1	1	NT=beam-type collision-induced dissociation;AC=MS:1000422	diagnosis (AD + CVD, healthy age-matched control), fraction (soluble, particulate)	not available	7 ppm	17 ppm	orbitrap	BA21_D2_P_14.raw	v1.1.0	HAMLET-agentic v0.1.0	ad + cvd, normal
PXD006233-Sample-246	Homo sapiens	brain	ad + cvd, normal	12	not available	not available	run 246	proteomic profiling by mass spectrometry	NT=data-dependent acquisition;AC=PRIDE:0000627	label free sample	NT=Orbitrap Elite;AC=MS:1001910	NT=Trypsin;AC=MS:1001251	1	1	NT=beam-type collision-induced dissociation;AC=MS:1000422	diagnosis (AD + CVD, healthy age-matched control), fraction (soluble, particulate)	not available	7 ppm	17 ppm	orbitrap	BA21_C3_P_22.raw	v1.1.0	HAMLET-agentic v0.1.0	ad + cvd, normal
PXD006233-Sample-247	Homo sapiens	brain	ad + cvd, normal	12	not available	not available	run 247	proteomic profiling by mass spectrometry	NT=data-dependent acquisition;AC=PRIDE:0000627	label free sample	NT=Orbitrap Elite;AC=MS:1001910	NT=Trypsin;AC=MS:1001251	1	1	NT=beam-type collision-induced dissociation;AC=MS:1000422	diagnosis (AD + CVD, healthy age-matched control), fraction (soluble, particulate)	not available	7 ppm	17 ppm	orbitrap	BA21_D1_P_12.raw	v1.1.0	HAMLET-agentic v0.1.0	ad + cvd, normal
PXD006233-Sample-248	Homo sapiens	brain	ad + cvd, normal	12	not available	not available	run 248	proteomic profiling by mass spectrometry	NT=data-dependent acquisition;AC=PRIDE:0000627	label free sample	NT=Orbitrap Elite;AC=MS:1001910	NT=Trypsin;AC=MS:1001251	1	1	NT=beam-type collision-induced dissociation;AC=MS:1000422	diagnosis (AD + CVD, healthy age-matched control), fraction (soluble, particulate)	not available	7 ppm	17 ppm	orbitrap	BA21_C1_P_30.raw	v1.1.0	HAMLET-agentic v0.1.0	ad + cvd, normal
PXD006233-Sample-249	Homo sapiens	brain	ad + cvd, normal	12	not available	not available	run 249	proteomic profiling by mass spectrometry	NT=data-dependent acquisition;AC=PRIDE:0000627	label free sample	NT=Orbitrap Elite;AC=MS:1001910	NT=Trypsin;AC=MS:1001251	1	1	NT=beam-type collision-induced dissociation;AC=MS:1000422	diagnosis (AD + CVD, healthy age-matched control), fraction (soluble, particulate)	not available	7 ppm	17 ppm	orbitrap	BA21_D1_S_11.raw	v1.1.0	HAMLET-agentic v0.1.0	ad + cvd, normal
PXD006233-Sample-250	Homo sapiens	brain	ad + cvd, normal	12	not available	not available	run 250	proteomic profiling by mass spectrometry	NT=data-dependent acquisition;AC=PRIDE:0000627	label free sample	NT=Orbitrap Elite;AC=MS:1001910	NT=Trypsin;AC=MS:1001251	1	1	NT=beam-type collision-induced dissociation;AC=MS:1000422	diagnosis (AD + CVD, healthy age-matched control), fraction (soluble, particulate)	not available	7 ppm	17 ppm	orbitrap	BA21_D3_P_16.raw	v1.1.0	HAMLET-agentic v0.1.0	ad + cvd, normal
PXD006233-Sample-251	Homo sapiens	brain	ad + cvd, normal	12	not available	not available	run 251	proteomic profiling by mass spectrometry	NT=data-dependent acquisition;AC=PRIDE:0000627	label free sample	NT=Orbitrap Elite;AC=MS:1001910	NT=Trypsin;AC=MS:1001251	1	1	NT=beam-type collision-induced dissociation;AC=MS:1000422	diagnosis (AD + CVD, healthy age-matched control), fraction (soluble, particulate)	not available	7 ppm	17 ppm	orbitrap	BA21_C2_S_32.raw	v1.1.0	HAMLET-agentic v0.1.0	ad + cvd, normal
PXD006233-Sample-252	Homo sapiens	brain	ad + cvd, normal	12	not available	not available	run 252	proteomic profiling by mass spectrometry	NT=data-dependent acquisition;AC=PRIDE:0000627	label free sample	NT=Orbitrap Elite;AC=MS:1001910	NT=Trypsin;AC=MS:1001251	1	1	NT=beam-type collision-induced dissociation;AC=MS:1000422	diagnosis (AD + CVD, healthy age-matched control), fraction (soluble, particulate)	not available	7 ppm	17 ppm	orbitrap	BA21_D2_P_10.raw	v1.1.0	HAMLET-agentic v0.1.0	ad + cvd, normal
PXD006233-Sample-253	Homo sapiens	brain	ad + cvd, normal	12	not available	not available	run 253	proteomic profiling by mass spectrometry	NT=data-dependent acquisition;AC=PRIDE:0000627	label free sample	NT=Orbitrap Elite;AC=MS:1001910	NT=Trypsin;AC=MS:1001251	1	1	NT=beam-type collision-induced dissociation;AC=MS:1000422	diagnosis (AD + CVD, healthy age-matched control), fraction (soluble, particulate)	not available	7 ppm	17 ppm	orbitrap	BA21_D2_P_16.raw	v1.1.0	HAMLET-agentic v0.1.0	ad + cvd, normal
PXD006233-Sample-254	Homo sapiens	brain	ad + cvd, normal	12	not available	not available	run 254	proteomic profiling by mass spectrometry	NT=data-dependent acquisition;AC=PRIDE:0000627	label free sample	NT=Orbitrap Elite;AC=MS:1001910	NT=Trypsin;AC=MS:1001251	1	1	NT=beam-type collision-induced dissociation;AC=MS:1000422	diagnosis (AD + CVD, healthy age-matched control), fraction (soluble, particulate)	not available	7 ppm	17 ppm	orbitrap	BA21_C2_S_26.raw	v1.1.0	HAMLET-agentic v0.1.0	ad + cvd, normal
PXD006233-Sample-255	Homo sapiens	brain	ad + cvd, normal	12	not available	not available	run 255	proteomic profiling by mass spectrometry	NT=data-dependent acquisition;AC=PRIDE:0000627	label free sample	NT=Orbitrap Elite;AC=MS:1001910	NT=Trypsin;AC=MS:1001251	1	1	NT=beam-type collision-induced dissociation;AC=MS:1000422	diagnosis (AD + CVD, healthy age-matched control), fraction (soluble, particulate)	not available	7 ppm	17 ppm	orbitrap	BA21_D2_S_19.raw	v1.1.0	HAMLET-agentic v0.1.0	ad + cvd, normal
PXD006233-Sample-256	Homo sapiens	brain	ad + cvd, normal	12	not available	not available	run 256	proteomic profiling by mass spectrometry	NT=data-dependent acquisition;AC=PRIDE:0000627	label free sample	NT=Orbitrap Elite;AC=MS:1001910	NT=Trypsin;AC=MS:1001251	1	1	NT=beam-type collision-induced dissociation;AC=MS:1000422	diagnosis (AD + CVD, healthy age-matched control), fraction (soluble, particulate)	not available	7 ppm	17 ppm	orbitrap	BA21_C1_S_23.raw	v1.1.0	HAMLET-agentic v0.1.0	ad + cvd, normal
PXD006233-Sample-257	Homo sapiens	brain	ad + cvd, normal	12	not available	not available	run 257	proteomic profiling by mass spectrometry	NT=data-dependent acquisition;AC=PRIDE:0000627	label free sample	NT=Orbitrap Elite;AC=MS:1001910	NT=Trypsin;AC=MS:1001251	1	1	NT=beam-type collision-induced dissociation;AC=MS:1000422	diagnosis (AD + CVD, healthy age-matched control), fraction (soluble, particulate)	not available	7 ppm	17 ppm	orbitrap	BA21_C2_S_19.raw	v1.1.0	HAMLET-agentic v0.1.0	ad + cvd, normal
PXD006233-Sample-258	Homo sapiens	brain	ad + cvd, normal	12	not available	not available	run 258	proteomic profiling by mass spectrometry	NT=data-dependent acquisition;AC=PRIDE:0000627	label free sample	NT=Orbitrap Elite;AC=MS:1001910	NT=Trypsin;AC=MS:1001251	1	1	NT=beam-type collision-induced dissociation;AC=MS:1000422	diagnosis (AD + CVD, healthy age-matched control), fraction (soluble, particulate)	not available	7 ppm	17 ppm	orbitrap	BA21_C3_S_06.raw	v1.1.0	HAMLET-agentic v0.1.0	ad + cvd, normal
PXD006233-Sample-259	Homo sapiens	brain	ad + cvd, normal	12	not available	not available	run 259	proteomic profiling by mass spectrometry	NT=data-dependent acquisition;AC=PRIDE:0000627	label free sample	NT=Orbitrap Elite;AC=MS:1001910	NT=Trypsin;AC=MS:1001251	1	1	NT=beam-type collision-induced dissociation;AC=MS:1000422	diagnosis (AD + CVD, healthy age-matched control), fraction (soluble, particulate)	not available	7 ppm	17 ppm	orbitrap	BA21_D1_P_13.raw	v1.1.0	HAMLET-agentic v0.1.0	ad + cvd, normal
PXD006233-Sample-260	Homo sapiens	brain	ad + cvd, normal	12	not available	not available	run 260	proteomic profiling by mass spectrometry	NT=data-dependent acquisition;AC=PRIDE:0000627	label free sample	NT=Orbitrap Elite;AC=MS:1001910	NT=Trypsin;AC=MS:1001251	1	1	NT=beam-type collision-induced dissociation;AC=MS:1000422	diagnosis (AD + CVD, healthy age-matched control), fraction (soluble, particulate)	not available	7 ppm	17 ppm	orbitrap	BA21_D1_P_25.raw	v1.1.0	HAMLET-agentic v0.1.0	ad + cvd, normal
PXD006233-Sample-261	Homo sapiens	brain	ad + cvd, normal	12	not available	not available	run 261	proteomic profiling by mass spectrometry	NT=data-dependent acquisition;AC=PRIDE:0000627	label free sample	NT=Orbitrap Elite;AC=MS:1001910	NT=Trypsin;AC=MS:1001251	1	1	NT=beam-type collision-induced dissociation;AC=MS:1000422	diagnosis (AD + CVD, healthy age-matched control), fraction (soluble, particulate)	not available	7 ppm	17 ppm	orbitrap	BA21_D2_S_10.raw	v1.1.0	HAMLET-agentic v0.1.0	ad + cvd, normal
PXD006233-Sample-262	Homo sapiens	brain	ad + cvd, normal	12	not available	not available	run 262	proteomic profiling by mass spectrometry	NT=data-dependent acquisition;AC=PRIDE:0000627	label free sample	NT=Orbitrap Elite;AC=MS:1001910	NT=Trypsin;AC=MS:1001251	1	1	NT=beam-type collision-induced dissociation;AC=MS:1000422	diagnosis (AD + CVD, healthy age-matched control), fraction (soluble, particulate)	not available	7 ppm	17 ppm	orbitrap	BA21_D3_P_08.raw	v1.1.0	HAMLET-agentic v0.1.0	ad + cvd, normal
PXD006233-Sample-263	Homo sapiens	brain	ad + cvd, normal	12	not available	not available	run 263	proteomic profiling by mass spectrometry	NT=data-dependent acquisition;AC=PRIDE:0000627	label free sample	NT=Orbitrap Elite;AC=MS:1001910	NT=Trypsin;AC=MS:1001251	1	1	NT=beam-type collision-induced dissociation;AC=MS:1000422	diagnosis (AD + CVD, healthy age-matched control), fraction (soluble, particulate)	not available	7 ppm	17 ppm	orbitrap	BA21_D1_P_19.raw	v1.1.0	HAMLET-agentic v0.1.0	ad + cvd, normal
PXD006233-Sample-264	Homo sapiens	brain	ad + cvd, normal	12	not available	not available	run 264	proteomic profiling by mass spectrometry	NT=data-dependent acquisition;AC=PRIDE:0000627	label free sample	NT=Orbitrap Elite;AC=MS:1001910	NT=Trypsin;AC=MS:1001251	1	1	NT=beam-type collision-induced dissociation;AC=MS:1000422	diagnosis (AD + CVD, healthy age-matched control), fraction (soluble, particulate)	not available	7 ppm	17 ppm	orbitrap	BA21_C1_S_25.raw	v1.1.0	HAMLET-agentic v0.1.0	ad + cvd, normal
PXD006233-Sample-265	Homo sapiens	brain	ad + cvd, normal	12	not available	not available	run 265	proteomic profiling by mass spectrometry	NT=data-dependent acquisition;AC=PRIDE:0000627	label free sample	NT=Orbitrap Elite;AC=MS:1001910	NT=Trypsin;AC=MS:1001251	1	1	NT=beam-type collision-induced dissociation;AC=MS:1000422	diagnosis (AD + CVD, healthy age-matched control), fraction (soluble, particulate)	not available	7 ppm	17 ppm	orbitrap	BA21_C1_P_28.raw	v1.1.0	HAMLET-agentic v0.1.0	ad + cvd, normal
PXD006233-Sample-266	Homo sapiens	brain	ad + cvd, normal	12	not available	not available	run 266	proteomic profiling by mass spectrometry	NT=data-dependent acquisition;AC=PRIDE:0000627	label free sample	NT=Orbitrap Elite;AC=MS:1001910	NT=Trypsin;AC=MS:1001251	1	1	NT=beam-type collision-induced dissociation;AC=MS:1000422	diagnosis (AD + CVD, healthy age-matched control), fraction (soluble, particulate)	not available	7 ppm	17 ppm	orbitrap	BA21_C2_P_31.raw	v1.1.0	HAMLET-agentic v0.1.0	ad + cvd, normal
PXD006233-Sample-267	Homo sapiens	brain	ad + cvd, normal	12	not available	not available	run 267	proteomic profiling by mass spectrometry	NT=data-dependent acquisition;AC=PRIDE:0000627	label free sample	NT=Orbitrap Elite;AC=MS:1001910	NT=Trypsin;AC=MS:1001251	1	1	NT=beam-type collision-induced dissociation;AC=MS:1000422	diagnosis (AD + CVD, healthy age-matched control), fraction (soluble, particulate)	not available	7 ppm	17 ppm	orbitrap	BA21_C2_S_29.raw	v1.1.0	HAMLET-agentic v0.1.0	ad + cvd, normal
PXD006233-Sample-268	Homo sapiens	brain	ad + cvd, normal	12	not available	not available	run 268	proteomic profiling by mass spectrometry	NT=data-dependent acquisition;AC=PRIDE:0000627	label free sample	NT=Orbitrap Elite;AC=MS:1001910	NT=Trypsin;AC=MS:1001251	1	1	NT=beam-type collision-induced dissociation;AC=MS:1000422	diagnosis (AD + CVD, healthy age-matched control), fraction (soluble, particulate)	not available	7 ppm	17 ppm	orbitrap	BA21_D1_P_08.raw	v1.1.0	HAMLET-agentic v0.1.0	ad + cvd, normal
PXD006233-Sample-269	Homo sapiens	brain	ad + cvd, normal	12	not available	not available	run 269	proteomic profiling by mass spectrometry	NT=data-dependent acquisition;AC=PRIDE:0000627	label free sample	NT=Orbitrap Elite;AC=MS:1001910	NT=Trypsin;AC=MS:1001251	1	1	NT=beam-type collision-induced dissociation;AC=MS:1000422	diagnosis (AD + CVD, healthy age-matched control), fraction (soluble, particulate)	not available	7 ppm	17 ppm	orbitrap	BA21_D3_P_09.raw	v1.1.0	HAMLET-agentic v0.1.0	ad + cvd, normal
PXD006233-Sample-270	Homo sapiens	brain	ad + cvd, normal	12	not available	not available	run 270	proteomic profiling by mass spectrometry	NT=data-dependent acquisition;AC=PRIDE:0000627	label free sample	NT=Orbitrap Elite;AC=MS:1001910	NT=Trypsin;AC=MS:1001251	1	1	NT=beam-type collision-induced dissociation;AC=MS:1000422	diagnosis (AD + CVD, healthy age-matched control), fraction (soluble, particulate)	not available	7 ppm	17 ppm	orbitrap	BA21_C1_S_30.raw	v1.1.0	HAMLET-agentic v0.1.0	ad + cvd, normal
PXD006233-Sample-271	Homo sapiens	brain	ad + cvd, normal	12	not available	not available	run 271	proteomic profiling by mass spectrometry	NT=data-dependent acquisition;AC=PRIDE:0000627	label free sample	NT=Orbitrap Elite;AC=MS:1001910	NT=Trypsin;AC=MS:1001251	1	1	NT=beam-type collision-induced dissociation;AC=MS:1000422	diagnosis (AD + CVD, healthy age-matched control), fraction (soluble, particulate)	not available	7 ppm	17 ppm	orbitrap	BA21_C2_P_15.raw	v1.1.0	HAMLET-agentic v0.1.0	ad + cvd, normal
PXD006233-Sample-272	Homo sapiens	brain	ad + cvd, normal	12	not available	not available	run 272	proteomic profiling by mass spectrometry	NT=data-dependent acquisition;AC=PRIDE:0000627	label free sample	NT=Orbitrap Elite;AC=MS:1001910	NT=Trypsin;AC=MS:1001251	1	1	NT=beam-type collision-induced dissociation;AC=MS:1000422	diagnosis (AD + CVD, healthy age-matched control), fraction (soluble, particulate)	not available	7 ppm	17 ppm	orbitrap	BA21_C1_S_33.raw	v1.1.0	HAMLET-agentic v0.1.0	ad + cvd, normal
PXD006233-Sample-273	Homo sapiens	brain	ad + cvd, normal	12	not available	not available	run 273	proteomic profiling by mass spectrometry	NT=data-dependent acquisition;AC=PRIDE:0000627	label free sample	NT=Orbitrap Elite;AC=MS:1001910	NT=Trypsin;AC=MS:1001251	1	1	NT=beam-type collision-induced dissociation;AC=MS:1000422	diagnosis (AD + CVD, healthy age-matched control), fraction (soluble, particulate)	not available	7 ppm	17 ppm	orbitrap	BA21_C1_S_04.raw	v1.1.0	HAMLET-agentic v0.1.0	ad + cvd, normal
PXD006233-Sample-274	Homo sapiens	brain	ad + cvd, normal	12	not available	not available	run 274	proteomic profiling by mass spectrometry	NT=data-dependent acquisition;AC=PRIDE:0000627	label free sample	NT=Orbitrap Elite;AC=MS:1001910	NT=Trypsin;AC=MS:1001251	1	1	NT=beam-type collision-induced dissociation;AC=MS:1000422	diagnosis (AD + CVD, healthy age-matched control), fraction (soluble, particulate)	not available	7 ppm	17 ppm	orbitrap	BA21_D1_P_31.raw	v1.1.0	HAMLET-agentic v0.1.0	ad + cvd, normal
PXD006233-Sample-275	Homo sapiens	brain	ad + cvd, normal	12	not available	not available	run 275	proteomic profiling by mass spectrometry	NT=data-dependent acquisition;AC=PRIDE:0000627	label free sample	NT=Orbitrap Elite;AC=MS:1001910	NT=Trypsin;AC=MS:1001251	1	1	NT=beam-type collision-induced dissociation;AC=MS:1000422	diagnosis (AD + CVD, healthy age-matched control), fraction (soluble, particulate)	not available	7 ppm	17 ppm	orbitrap	BA21_C2_P_21.raw	v1.1.0	HAMLET-agentic v0.1.0	ad + cvd, normal
PXD006233-Sample-276	Homo sapiens	brain	ad + cvd, normal	12	not available	not available	run 276	proteomic profiling by mass spectrometry	NT=data-dependent acquisition;AC=PRIDE:0000627	label free sample	NT=Orbitrap Elite;AC=MS:1001910	NT=Trypsin;AC=MS:1001251	1	1	NT=beam-type collision-induced dissociation;AC=MS:1000422	diagnosis (AD + CVD, healthy age-matched control), fraction (soluble, particulate)	not available	7 ppm	17 ppm	orbitrap	BA21_C2_S_11.raw	v1.1.0	HAMLET-agentic v0.1.0	ad + cvd, normal
PXD006233-Sample-277	Homo sapiens	brain	ad + cvd, normal	12	not available	not available	run 277	proteomic profiling by mass spectrometry	NT=data-dependent acquisition;AC=PRIDE:0000627	label free sample	NT=Orbitrap Elite;AC=MS:1001910	NT=Trypsin;AC=MS:1001251	1	1	NT=beam-type collision-induced dissociation;AC=MS:1000422	diagnosis (AD + CVD, healthy age-matched control), fraction (soluble, particulate)	not available	7 ppm	17 ppm	orbitrap	BA21_D2_S_25.raw	v1.1.0	HAMLET-agentic v0.1.0	ad + cvd, normal
PXD006233-Sample-278	Homo sapiens	brain	ad + cvd, normal	12	not available	not available	run 278	proteomic profiling by mass spectrometry	NT=data-dependent acquisition;AC=PRIDE:0000627	label free sample	NT=Orbitrap Elite;AC=MS:1001910	NT=Trypsin;AC=MS:1001251	1	1	NT=beam-type collision-induced dissociation;AC=MS:1000422	diagnosis (AD + CVD, healthy age-matched control), fraction (soluble, particulate)	not available	7 ppm	17 ppm	orbitrap	BA21_D2_P_26.raw	v1.1.0	HAMLET-agentic v0.1.0	ad + cvd, normal
PXD006233-Sample-279	Homo sapiens	brain	ad + cvd, normal	12	not available	not available	run 279	proteomic profiling by mass spectrometry	NT=data-dependent acquisition;AC=PRIDE:0000627	label free sample	NT=Orbitrap Elite;AC=MS:1001910	NT=Trypsin;AC=MS:1001251	1	1	NT=beam-type collision-induced dissociation;AC=MS:1000422	diagnosis (AD + CVD, healthy age-matched control), fraction (soluble, particulate)	not available	7 ppm	17 ppm	orbitrap	BA21_D1_P_17.raw	v1.1.0	HAMLET-agentic v0.1.0	ad + cvd, normal
PXD006233-Sample-280	Homo sapiens	brain	ad + cvd, normal	12	not available	not available	run 280	proteomic profiling by mass spectrometry	NT=data-dependent acquisition;AC=PRIDE:0000627	label free sample	NT=Orbitrap Elite;AC=MS:1001910	NT=Trypsin;AC=MS:1001251	1	1	NT=beam-type collision-induced dissociation;AC=MS:1000422	diagnosis (AD + CVD, healthy age-matched control), fraction (soluble, particulate)	not available	7 ppm	17 ppm	orbitrap	BA21_D1_S_12.raw	v1.1.0	HAMLET-agentic v0.1.0	ad + cvd, normal
PXD006233-Sample-281	Homo sapiens	brain	ad + cvd, normal	12	not available	not available	run 281	proteomic profiling by mass spectrometry	NT=data-dependent acquisition;AC=PRIDE:0000627	label free sample	NT=Orbitrap Elite;AC=MS:1001910	NT=Trypsin;AC=MS:1001251	1	1	NT=beam-type collision-induced dissociation;AC=MS:1000422	diagnosis (AD + CVD, healthy age-matched control), fraction (soluble, particulate)	not available	7 ppm	17 ppm	orbitrap	BA21_C2_S_07.raw	v1.1.0	HAMLET-agentic v0.1.0	ad + cvd, normal
PXD006233-Sample-282	Homo sapiens	brain	ad + cvd, normal	12	not available	not available	run 282	proteomic profiling by mass spectrometry	NT=data-dependent acquisition;AC=PRIDE:0000627	label free sample	NT=Orbitrap Elite;AC=MS:1001910	NT=Trypsin;AC=MS:1001251	1	1	NT=beam-type collision-induced dissociation;AC=MS:1000422	diagnosis (AD + CVD, healthy age-matched control), fraction (soluble, particulate)	not available	7 ppm	17 ppm	orbitrap	BA21_C2_P_10.raw	v1.1.0	HAMLET-agentic v0.1.0	ad + cvd, normal
PXD006233-Sample-283	Homo sapiens	brain	ad + cvd, normal	12	not available	not available	run 283	proteomic profiling by mass spectrometry	NT=data-dependent acquisition;AC=PRIDE:0000627	label free sample	NT=Orbitrap Elite;AC=MS:1001910	NT=Trypsin;AC=MS:1001251	1	1	NT=beam-type collision-induced dissociation;AC=MS:1000422	diagnosis (AD + CVD, healthy age-matched control), fraction (soluble, particulate)	not available	7 ppm	17 ppm	orbitrap	BA21_C2_S_30.raw	v1.1.0	HAMLET-agentic v0.1.0	ad + cvd, normal
PXD006233-Sample-284	Homo sapiens	brain	ad + cvd, normal	12	not available	not available	run 284	proteomic profiling by mass spectrometry	NT=data-dependent acquisition;AC=PRIDE:0000627	label free sample	NT=Orbitrap Elite;AC=MS:1001910	NT=Trypsin;AC=MS:1001251	1	1	NT=beam-type collision-induced dissociation;AC=MS:1000422	diagnosis (AD + CVD, healthy age-matched control), fraction (soluble, particulate)	not available	7 ppm	17 ppm	orbitrap	BA21_C3_S_14.raw	v1.1.0	HAMLET-agentic v0.1.0	ad + cvd, normal
PXD006233-Sample-285	Homo sapiens	brain	ad + cvd, normal	12	not available	not available	run 285	proteomic profiling by mass spectrometry	NT=data-dependent acquisition;AC=PRIDE:0000627	label free sample	NT=Orbitrap Elite;AC=MS:1001910	NT=Trypsin;AC=MS:1001251	1	1	NT=beam-type collision-induced dissociation;AC=MS:1000422	diagnosis (AD + CVD, healthy age-matched control), fraction (soluble, particulate)	not available	7 ppm	17 ppm	orbitrap	BA21_C1_P_02.raw	v1.1.0	HAMLET-agentic v0.1.0	ad + cvd, normal
PXD006233-Sample-286	Homo sapiens	brain	ad + cvd, normal	12	not available	not available	run 286	proteomic profiling by mass spectrometry	NT=data-dependent acquisition;AC=PRIDE:0000627	label free sample	NT=Orbitrap Elite;AC=MS:1001910	NT=Trypsin;AC=MS:1001251	1	1	NT=beam-type collision-induced dissociation;AC=MS:1000422	diagnosis (AD + CVD, healthy age-matched control), fraction (soluble, particulate)	not available	7 ppm	17 ppm	orbitrap	BA21_D3_S_20.raw	v1.1.0	HAMLET-agentic v0.1.0	ad + cvd, normal
PXD006233-Sample-287	Homo sapiens	brain	ad + cvd, normal	12	not available	not available	run 287	proteomic profiling by mass spectrometry	NT=data-dependent acquisition;AC=PRIDE:0000627	label free sample	NT=Orbitrap Elite;AC=MS:1001910	NT=Trypsin;AC=MS:1001251	1	1	NT=beam-type collision-induced dissociation;AC=MS:1000422	diagnosis (AD + CVD, healthy age-matched control), fraction (soluble, particulate)	not available	7 ppm	17 ppm	orbitrap	BA21_C1_S_27.raw	v1.1.0	HAMLET-agentic v0.1.0	ad + cvd, normal
PXD006233-Sample-288	Homo sapiens	brain	ad + cvd, normal	12	not available	not available	run 288	proteomic profiling by mass spectrometry	NT=data-dependent acquisition;AC=PRIDE:0000627	label free sample	NT=Orbitrap Elite;AC=MS:1001910	NT=Trypsin;AC=MS:1001251	1	1	NT=beam-type collision-induced dissociation;AC=MS:1000422	diagnosis (AD + CVD, healthy age-matched control), fraction (soluble, particulate)	not available	7 ppm	17 ppm	orbitrap	BA21_D1_S_16.raw	v1.1.0	HAMLET-agentic v0.1.0	ad + cvd, normal
PXD006233-Sample-289	Homo sapiens	brain	ad + cvd, normal	12	not available	not available	run 289	proteomic profiling by mass spectrometry	NT=data-dependent acquisition;AC=PRIDE:0000627	label free sample	NT=Orbitrap Elite;AC=MS:1001910	NT=Trypsin;AC=MS:1001251	1	1	NT=beam-type collision-induced dissociation;AC=MS:1000422	diagnosis (AD + CVD, healthy age-matched control), fraction (soluble, particulate)	not available	7 ppm	17 ppm	orbitrap	BA21_D1_P_27.raw	v1.1.0	HAMLET-agentic v0.1.0	ad + cvd, normal
PXD006233-Sample-290	Homo sapiens	brain	ad + cvd, normal	12	not available	not available	run 290	proteomic profiling by mass spectrometry	NT=data-dependent acquisition;AC=PRIDE:0000627	label free sample	NT=Orbitrap Elite;AC=MS:1001910	NT=Trypsin;AC=MS:1001251	1	1	NT=beam-type collision-induced dissociation;AC=MS:1000422	diagnosis (AD + CVD, healthy age-matched control), fraction (soluble, particulate)	not available	7 ppm	17 ppm	orbitrap	BA21_C2_S_03.raw	v1.1.0	HAMLET-agentic v0.1.0	ad + cvd, normal
PXD006233-Sample-291	Homo sapiens	brain	ad + cvd, normal	12	not available	not available	run 291	proteomic profiling by mass spectrometry	NT=data-dependent acquisition;AC=PRIDE:0000627	label free sample	NT=Orbitrap Elite;AC=MS:1001910	NT=Trypsin;AC=MS:1001251	1	1	NT=beam-type collision-induced dissociation;AC=MS:1000422	diagnosis (AD + CVD, healthy age-matched control), fraction (soluble, particulate)	not available	7 ppm	17 ppm	orbitrap	BA21_C2_P_07.raw	v1.1.0	HAMLET-agentic v0.1.0	ad + cvd, normal
PXD006233-Sample-292	Homo sapiens	brain	ad + cvd, normal	12	not available	not available	run 292	proteomic profiling by mass spectrometry	NT=data-dependent acquisition;AC=PRIDE:0000627	label free sample	NT=Orbitrap Elite;AC=MS:1001910	NT=Trypsin;AC=MS:1001251	1	1	NT=beam-type collision-induced dissociation;AC=MS:1000422	diagnosis (AD + CVD, healthy age-matched control), fraction (soluble, particulate)	not available	7 ppm	17 ppm	orbitrap	BA21_C2_S_13.raw	v1.1.0	HAMLET-agentic v0.1.0	ad + cvd, normal
PXD006233-Sample-293	Homo sapiens	brain	ad + cvd, normal	12	not available	not available	run 293	proteomic profiling by mass spectrometry	NT=data-dependent acquisition;AC=PRIDE:0000627	label free sample	NT=Orbitrap Elite;AC=MS:1001910	NT=Trypsin;AC=MS:1001251	1	1	NT=beam-type collision-induced dissociation;AC=MS:1000422	diagnosis (AD + CVD, healthy age-matched control), fraction (soluble, particulate)	not available	7 ppm	17 ppm	orbitrap	BA21_C3_P_18.raw	v1.1.0	HAMLET-agentic v0.1.0	ad + cvd, normal
PXD006233-Sample-294	Homo sapiens	brain	ad + cvd, normal	12	not available	not available	run 294	proteomic profiling by mass spectrometry	NT=data-dependent acquisition;AC=PRIDE:0000627	label free sample	NT=Orbitrap Elite;AC=MS:1001910	NT=Trypsin;AC=MS:1001251	1	1	NT=beam-type collision-induced dissociation;AC=MS:1000422	diagnosis (AD + CVD, healthy age-matched control), fraction (soluble, particulate)	not available	7 ppm	17 ppm	orbitrap	BA21_C1_P_32.raw	v1.1.0	HAMLET-agentic v0.1.0	ad + cvd, normal
PXD006233-Sample-295	Homo sapiens	brain	ad + cvd, normal	12	not available	not available	run 295	proteomic profiling by mass spectrometry	NT=data-dependent acquisition;AC=PRIDE:0000627	label free sample	NT=Orbitrap Elite;AC=MS:1001910	NT=Trypsin;AC=MS:1001251	1	1	NT=beam-type collision-induced dissociation;AC=MS:1000422	diagnosis (AD + CVD, healthy age-matched control), fraction (soluble, particulate)	not available	7 ppm	17 ppm	orbitrap	BA21_C1_P_25.raw	v1.1.0	HAMLET-agentic v0.1.0	ad + cvd, normal
PXD006233-Sample-296	Homo sapiens	brain	ad + cvd, normal	12	not available	not available	run 296	proteomic profiling by mass spectrometry	NT=data-dependent acquisition;AC=PRIDE:0000627	label free sample	NT=Orbitrap Elite;AC=MS:1001910	NT=Trypsin;AC=MS:1001251	1	1	NT=beam-type collision-induced dissociation;AC=MS:1000422	diagnosis (AD + CVD, healthy age-matched control), fraction (soluble, particulate)	not available	7 ppm	17 ppm	orbitrap	BA21_C3_S_12.raw	v1.1.0	HAMLET-agentic v0.1.0	ad + cvd, normal
PXD006233-Sample-297	Homo sapiens	brain	ad + cvd, normal	12	not available	not available	run 297	proteomic profiling by mass spectrometry	NT=data-dependent acquisition;AC=PRIDE:0000627	label free sample	NT=Orbitrap Elite;AC=MS:1001910	NT=Trypsin;AC=MS:1001251	1	1	NT=beam-type collision-induced dissociation;AC=MS:1000422	diagnosis (AD + CVD, healthy age-matched control), fraction (soluble, particulate)	not available	7 ppm	17 ppm	orbitrap	BA21_C1_S_05.raw	v1.1.0	HAMLET-agentic v0.1.0	ad + cvd, normal
PXD006233-Sample-298	Homo sapiens	brain	ad + cvd, normal	12	not available	not available	run 298	proteomic profiling by mass spectrometry	NT=data-dependent acquisition;AC=PRIDE:0000627	label free sample	NT=Orbitrap Elite;AC=MS:1001910	NT=Trypsin;AC=MS:1001251	1	1	NT=beam-type collision-induced dissociation;AC=MS:1000422	diagnosis (AD + CVD, healthy age-matched control), fraction (soluble, particulate)	not available	7 ppm	17 ppm	orbitrap	BA21_C3_S_15.raw	v1.1.0	HAMLET-agentic v0.1.0	ad + cvd, normal
PXD006233-Sample-299	Homo sapiens	brain	ad + cvd, normal	12	not available	not available	run 299	proteomic profiling by mass spectrometry	NT=data-dependent acquisition;AC=PRIDE:0000627	label free sample	NT=Orbitrap Elite;AC=MS:1001910	NT=Trypsin;AC=MS:1001251	1	1	NT=beam-type collision-induced dissociation;AC=MS:1000422	diagnosis (AD + CVD, healthy age-matched control), fraction (soluble, particulate)	not available	7 ppm	17 ppm	orbitrap	BA21_D1_P_15.raw	v1.1.0	HAMLET-agentic v0.1.0	ad + cvd, normal
PXD006233-Sample-300	Homo sapiens	brain	ad + cvd, normal	12	not available	not available	run 300	proteomic profiling by mass spectrometry	NT=data-dependent acquisition;AC=PRIDE:0000627	label free sample	NT=Orbitrap Elite;AC=MS:1001910	NT=Trypsin;AC=MS:1001251	1	1	NT=beam-type collision-induced dissociation;AC=MS:1000422	diagnosis (AD + CVD, healthy age-matched control), fraction (soluble, particulate)	not available	7 ppm	17 ppm	orbitrap	BA21_C1_S_14.raw	v1.1.0	HAMLET-agentic v0.1.0	ad + cvd, normal
PXD006233-Sample-301	Homo sapiens	brain	ad + cvd, normal	12	not available	not available	run 301	proteomic profiling by mass spectrometry	NT=data-dependent acquisition;AC=PRIDE:0000627	label free sample	NT=Orbitrap Elite;AC=MS:1001910	NT=Trypsin;AC=MS:1001251	1	1	NT=beam-type collision-induced dissociation;AC=MS:1000422	diagnosis (AD + CVD, healthy age-matched control), fraction (soluble, particulate)	not available	7 ppm	17 ppm	orbitrap	BA21_D3_P_06.raw	v1.1.0	HAMLET-agentic v0.1.0	ad + cvd, normal
PXD006233-Sample-302	Homo sapiens	brain	ad + cvd, normal	12	not available	not available	run 302	proteomic profiling by mass spectrometry	NT=data-dependent acquisition;AC=PRIDE:0000627	label free sample	NT=Orbitrap Elite;AC=MS:1001910	NT=Trypsin;AC=MS:1001251	1	1	NT=beam-type collision-induced dissociation;AC=MS:1000422	diagnosis (AD + CVD, healthy age-matched control), fraction (soluble, particulate)	not available	7 ppm	17 ppm	orbitrap	BA21_C1_P_14.raw	v1.1.0	HAMLET-agentic v0.1.0	ad + cvd, normal
PXD006233-Sample-303	Homo sapiens	brain	ad + cvd, normal	12	not available	not available	run 303	proteomic profiling by mass spectrometry	NT=data-dependent acquisition;AC=PRIDE:0000627	label free sample	NT=Orbitrap Elite;AC=MS:1001910	NT=Trypsin;AC=MS:1001251	1	1	NT=beam-type collision-induced dissociation;AC=MS:1000422	diagnosis (AD + CVD, healthy age-matched control), fraction (soluble, particulate)	not available	7 ppm	17 ppm	orbitrap	BA21_D2_S_29.raw	v1.1.0	HAMLET-agentic v0.1.0	ad + cvd, normal
PXD006233-Sample-304	Homo sapiens	brain	ad + cvd, normal	12	not available	not available	run 304	proteomic profiling by mass spectrometry	NT=data-dependent acquisition;AC=PRIDE:0000627	label free sample	NT=Orbitrap Elite;AC=MS:1001910	NT=Trypsin;AC=MS:1001251	1	1	NT=beam-type collision-induced dissociation;AC=MS:1000422	diagnosis (AD + CVD, healthy age-matched control), fraction (soluble, particulate)	not available	7 ppm	17 ppm	orbitrap	BA21_C1_P_24.raw	v1.1.0	HAMLET-agentic v0.1.0	ad + cvd, normal
PXD006233-Sample-305	Homo sapiens	brain	ad + cvd, normal	12	not available	not available	run 305	proteomic profiling by mass spectrometry	NT=data-dependent acquisition;AC=PRIDE:0000627	label free sample	NT=Orbitrap Elite;AC=MS:1001910	NT=Trypsin;AC=MS:1001251	1	1	NT=beam-type collision-induced dissociation;AC=MS:1000422	diagnosis (AD + CVD, healthy age-matched control), fraction (soluble, particulate)	not available	7 ppm	17 ppm	orbitrap	BA21_D1_P_20.raw	v1.1.0	HAMLET-agentic v0.1.0	ad + cvd, normal
PXD006233-Sample-306	Homo sapiens	brain	ad + cvd, normal	12	not available	not available	run 306	proteomic profiling by mass spectrometry	NT=data-dependent acquisition;AC=PRIDE:0000627	label free sample	NT=Orbitrap Elite;AC=MS:1001910	NT=Trypsin;AC=MS:1001251	1	1	NT=beam-type collision-induced dissociation;AC=MS:1000422	diagnosis (AD + CVD, healthy age-matched control), fraction (soluble, particulate)	not available	7 ppm	17 ppm	orbitrap	BA21_D2_P_27.raw	v1.1.0	HAMLET-agentic v0.1.0	ad + cvd, normal
PXD006233-Sample-307	Homo sapiens	brain	ad + cvd, normal	12	not available	not available	run 307	proteomic profiling by mass spectrometry	NT=data-dependent acquisition;AC=PRIDE:0000627	label free sample	NT=Orbitrap Elite;AC=MS:1001910	NT=Trypsin;AC=MS:1001251	1	1	NT=beam-type collision-induced dissociation;AC=MS:1000422	diagnosis (AD + CVD, healthy age-matched control), fraction (soluble, particulate)	not available	7 ppm	17 ppm	orbitrap	BA21_C2_S_20.raw	v1.1.0	HAMLET-agentic v0.1.0	ad + cvd, normal
PXD006233-Sample-308	Homo sapiens	brain	ad + cvd, normal	12	not available	not available	run 308	proteomic profiling by mass spectrometry	NT=data-dependent acquisition;AC=PRIDE:0000627	label free sample	NT=Orbitrap Elite;AC=MS:1001910	NT=Trypsin;AC=MS:1001251	1	1	NT=beam-type collision-induced dissociation;AC=MS:1000422	diagnosis (AD + CVD, healthy age-matched control), fraction (soluble, particulate)	not available	7 ppm	17 ppm	orbitrap	BA21_C3_P_03.raw	v1.1.0	HAMLET-agentic v0.1.0	ad + cvd, normal
PXD006233-Sample-309	Homo sapiens	brain	ad + cvd, normal	12	not available	not available	run 309	proteomic profiling by mass spectrometry	NT=data-dependent acquisition;AC=PRIDE:0000627	label free sample	NT=Orbitrap Elite;AC=MS:1001910	NT=Trypsin;AC=MS:1001251	1	1	NT=beam-type collision-induced dissociation;AC=MS:1000422	diagnosis (AD + CVD, healthy age-matched control), fraction (soluble, particulate)	not available	7 ppm	17 ppm	orbitrap	BA21_C3_P_04.raw	v1.1.0	HAMLET-agentic v0.1.0	ad + cvd, normal
PXD006233-Sample-310	Homo sapiens	brain	ad + cvd, normal	12	not available	not available	run 310	proteomic profiling by mass spectrometry	NT=data-dependent acquisition;AC=PRIDE:0000627	label free sample	NT=Orbitrap Elite;AC=MS:1001910	NT=Trypsin;AC=MS:1001251	1	1	NT=beam-type collision-induced dissociation;AC=MS:1000422	diagnosis (AD + CVD, healthy age-matched control), fraction (soluble, particulate)	not available	7 ppm	17 ppm	orbitrap	BA21_D2_P_30.raw	v1.1.0	HAMLET-agentic v0.1.0	ad + cvd, normal
PXD006233-Sample-311	Homo sapiens	brain	ad + cvd, normal	12	not available	not available	run 311	proteomic profiling by mass spectrometry	NT=data-dependent acquisition;AC=PRIDE:0000627	label free sample	NT=Orbitrap Elite;AC=MS:1001910	NT=Trypsin;AC=MS:1001251	1	1	NT=beam-type collision-induced dissociation;AC=MS:1000422	diagnosis (AD + CVD, healthy age-matched control), fraction (soluble, particulate)	not available	7 ppm	17 ppm	orbitrap	BA21_C1_S_35.raw	v1.1.0	HAMLET-agentic v0.1.0	ad + cvd, normal
PXD006233-Sample-312	Homo sapiens	brain	ad + cvd, normal	12	not available	not available	run 312	proteomic profiling by mass spectrometry	NT=data-dependent acquisition;AC=PRIDE:0000627	label free sample	NT=Orbitrap Elite;AC=MS:1001910	NT=Trypsin;AC=MS:1001251	1	1	NT=beam-type collision-induced dissociation;AC=MS:1000422	diagnosis (AD + CVD, healthy age-matched control), fraction (soluble, particulate)	not available	7 ppm	17 ppm	orbitrap	BA21_C1_S_39.raw	v1.1.0	HAMLET-agentic v0.1.0	ad + cvd, normal
PXD006233-Sample-313	Homo sapiens	brain	ad + cvd, normal	12	not available	not available	run 313	proteomic profiling by mass spectrometry	NT=data-dependent acquisition;AC=PRIDE:0000627	label free sample	NT=Orbitrap Elite;AC=MS:1001910	NT=Trypsin;AC=MS:1001251	1	1	NT=beam-type collision-induced dissociation;AC=MS:1000422	diagnosis (AD + CVD, healthy age-matched control), fraction (soluble, particulate)	not available	7 ppm	17 ppm	orbitrap	BA21_C1_S_40.raw	v1.1.0	HAMLET-agentic v0.1.0	ad + cvd, normal
PXD006233-Sample-314	Homo sapiens	brain	ad + cvd, normal	12	not available	not available	run 314	proteomic profiling by mass spectrometry	NT=data-dependent acquisition;AC=PRIDE:0000627	label free sample	NT=Orbitrap Elite;AC=MS:1001910	NT=Trypsin;AC=MS:1001251	1	1	NT=beam-type collision-induced dissociation;AC=MS:1000422	diagnosis (AD + CVD, healthy age-matched control), fraction (soluble, particulate)	not available	7 ppm	17 ppm	orbitrap	BA21_C2_P_13.raw	v1.1.0	HAMLET-agentic v0.1.0	ad + cvd, normal
PXD006233-Sample-315	Homo sapiens	brain	ad + cvd, normal	12	not available	not available	run 315	proteomic profiling by mass spectrometry	NT=data-dependent acquisition;AC=PRIDE:0000627	label free sample	NT=Orbitrap Elite;AC=MS:1001910	NT=Trypsin;AC=MS:1001251	1	1	NT=beam-type collision-induced dissociation;AC=MS:1000422	diagnosis (AD + CVD, healthy age-matched control), fraction (soluble, particulate)	not available	7 ppm	17 ppm	orbitrap	BA21_C2_S_24.raw	v1.1.0	HAMLET-agentic v0.1.0	ad + cvd, normal
PXD006233-Sample-316	Homo sapiens	brain	ad + cvd, normal	12	not available	not available	run 316	proteomic profiling by mass spectrometry	NT=data-dependent acquisition;AC=PRIDE:0000627	label free sample	NT=Orbitrap Elite;AC=MS:1001910	NT=Trypsin;AC=MS:1001251	1	1	NT=beam-type collision-induced dissociation;AC=MS:1000422	diagnosis (AD + CVD, healthy age-matched control), fraction (soluble, particulate)	not available	7 ppm	17 ppm	orbitrap	BA21_D2_S_14.raw	v1.1.0	HAMLET-agentic v0.1.0	ad + cvd, normal
PXD006233-Sample-317	Homo sapiens	brain	ad + cvd, normal	12	not available	not available	run 317	proteomic profiling by mass spectrometry	NT=data-dependent acquisition;AC=PRIDE:0000627	label free sample	NT=Orbitrap Elite;AC=MS:1001910	NT=Trypsin;AC=MS:1001251	1	1	NT=beam-type collision-induced dissociation;AC=MS:1000422	diagnosis (AD + CVD, healthy age-matched control), fraction (soluble, particulate)	not available	7 ppm	17 ppm	orbitrap	BA21_C3_S_07.raw	v1.1.0	HAMLET-agentic v0.1.0	ad + cvd, normal
PXD006233-Sample-318	Homo sapiens	brain	ad + cvd, normal	12	not available	not available	run 318	proteomic profiling by mass spectrometry	NT=data-dependent acquisition;AC=PRIDE:0000627	label free sample	NT=Orbitrap Elite;AC=MS:1001910	NT=Trypsin;AC=MS:1001251	1	1	NT=beam-type collision-induced dissociation;AC=MS:1000422	diagnosis (AD + CVD, healthy age-matched control), fraction (soluble, particulate)	not available	7 ppm	17 ppm	orbitrap	BA21_D1_P_28.raw	v1.1.0	HAMLET-agentic v0.1.0	ad + cvd, normal
PXD006233-Sample-319	Homo sapiens	brain	ad + cvd, normal	12	not available	not available	run 319	proteomic profiling by mass spectrometry	NT=data-dependent acquisition;AC=PRIDE:0000627	label free sample	NT=Orbitrap Elite;AC=MS:1001910	NT=Trypsin;AC=MS:1001251	1	1	NT=beam-type collision-induced dissociation;AC=MS:1000422	diagnosis (AD + CVD, healthy age-matched control), fraction (soluble, particulate)	not available	7 ppm	17 ppm	orbitrap	BA21_D3_P_04.raw	v1.1.0	HAMLET-agentic v0.1.0	ad + cvd, normal
PXD006233-Sample-320	Homo sapiens	brain	ad + cvd, normal	12	not available	not available	run 320	proteomic profiling by mass spectrometry	NT=data-dependent acquisition;AC=PRIDE:0000627	label free sample	NT=Orbitrap Elite;AC=MS:1001910	NT=Trypsin;AC=MS:1001251	1	1	NT=beam-type collision-induced dissociation;AC=MS:1000422	diagnosis (AD + CVD, healthy age-matched control), fraction (soluble, particulate)	not available	7 ppm	17 ppm	orbitrap	BA21_D3_S_11.raw	v1.1.0	HAMLET-agentic v0.1.0	ad + cvd, normal
PXD006233-Sample-321	Homo sapiens	brain	ad + cvd, normal	12	not available	not available	run 321	proteomic profiling by mass spectrometry	NT=data-dependent acquisition;AC=PRIDE:0000627	label free sample	NT=Orbitrap Elite;AC=MS:1001910	NT=Trypsin;AC=MS:1001251	1	1	NT=beam-type collision-induced dissociation;AC=MS:1000422	diagnosis (AD + CVD, healthy age-matched control), fraction (soluble, particulate)	not available	7 ppm	17 ppm	orbitrap	BA21_D1_P_03.raw	v1.1.0	HAMLET-agentic v0.1.0	ad + cvd, normal
PXD006233-Sample-322	Homo sapiens	brain	ad + cvd, normal	12	not available	not available	run 322	proteomic profiling by mass spectrometry	NT=data-dependent acquisition;AC=PRIDE:0000627	label free sample	NT=Orbitrap Elite;AC=MS:1001910	NT=Trypsin;AC=MS:1001251	1	1	NT=beam-type collision-induced dissociation;AC=MS:1000422	diagnosis (AD + CVD, healthy age-matched control), fraction (soluble, particulate)	not available	7 ppm	17 ppm	orbitrap	BA21_D2_S_21.raw	v1.1.0	HAMLET-agentic v0.1.0	ad + cvd, normal
PXD006233-Sample-323	Homo sapiens	brain	ad + cvd, normal	12	not available	not available	run 323	proteomic profiling by mass spectrometry	NT=data-dependent acquisition;AC=PRIDE:0000627	label free sample	NT=Orbitrap Elite;AC=MS:1001910	NT=Trypsin;AC=MS:1001251	1	1	NT=beam-type collision-induced dissociation;AC=MS:1000422	diagnosis (AD + CVD, healthy age-matched control), fraction (soluble, particulate)	not available	7 ppm	17 ppm	orbitrap	BA21_D3_S_24.raw	v1.1.0	HAMLET-agentic v0.1.0	ad + cvd, normal
PXD006233-Sample-324	Homo sapiens	brain	ad + cvd, normal	12	not available	not available	run 324	proteomic profiling by mass spectrometry	NT=data-dependent acquisition;AC=PRIDE:0000627	label free sample	NT=Orbitrap Elite;AC=MS:1001910	NT=Trypsin;AC=MS:1001251	1	1	NT=beam-type collision-induced dissociation;AC=MS:1000422	diagnosis (AD + CVD, healthy age-matched control), fraction (soluble, particulate)	not available	7 ppm	17 ppm	orbitrap	BA21_C3_P_13.raw	v1.1.0	HAMLET-agentic v0.1.0	ad + cvd, normal
PXD006233-Sample-325	Homo sapiens	brain	ad + cvd, normal	12	not available	not available	run 325	proteomic profiling by mass spectrometry	NT=data-dependent acquisition;AC=PRIDE:0000627	label free sample	NT=Orbitrap Elite;AC=MS:1001910	NT=Trypsin;AC=MS:1001251	1	1	NT=beam-type collision-induced dissociation;AC=MS:1000422	diagnosis (AD + CVD, healthy age-matched control), fraction (soluble, particulate)	not available	7 ppm	17 ppm	orbitrap	BA21_D2_S_05.raw	v1.1.0	HAMLET-agentic v0.1.0	ad + cvd, normal
PXD006233-Sample-326	Homo sapiens	brain	ad + cvd, normal	12	not available	not available	run 326	proteomic profiling by mass spectrometry	NT=data-dependent acquisition;AC=PRIDE:0000627	label free sample	NT=Orbitrap Elite;AC=MS:1001910	NT=Trypsin;AC=MS:1001251	1	1	NT=beam-type collision-induced dissociation;AC=MS:1000422	diagnosis (AD + CVD, healthy age-matched control), fraction (soluble, particulate)	not available	7 ppm	17 ppm	orbitrap	BA21_D1_P_07.raw	v1.1.0	HAMLET-agentic v0.1.0	ad + cvd, normal
PXD006233-Sample-327	Homo sapiens	brain	ad + cvd, normal	12	not available	not available	run 327	proteomic profiling by mass spectrometry	NT=data-dependent acquisition;AC=PRIDE:0000627	label free sample	NT=Orbitrap Elite;AC=MS:1001910	NT=Trypsin;AC=MS:1001251	1	1	NT=beam-type collision-induced dissociation;AC=MS:1000422	diagnosis (AD + CVD, healthy age-matched control), fraction (soluble, particulate)	not available	7 ppm	17 ppm	orbitrap	BA21_C1_P_12.raw	v1.1.0	HAMLET-agentic v0.1.0	ad + cvd, normal
PXD006233-Sample-328	Homo sapiens	brain	ad + cvd, normal	12	not available	not available	run 328	proteomic profiling by mass spectrometry	NT=data-dependent acquisition;AC=PRIDE:0000627	label free sample	NT=Orbitrap Elite;AC=MS:1001910	NT=Trypsin;AC=MS:1001251	1	1	NT=beam-type collision-induced dissociation;AC=MS:1000422	diagnosis (AD + CVD, healthy age-matched control), fraction (soluble, particulate)	not available	7 ppm	17 ppm	orbitrap	BA21_C3_S_18.raw	v1.1.0	HAMLET-agentic v0.1.0	ad + cvd, normal
PXD006233-Sample-329	Homo sapiens	brain	ad + cvd, normal	12	not available	not available	run 329	proteomic profiling by mass spectrometry	NT=data-dependent acquisition;AC=PRIDE:0000627	label free sample	NT=Orbitrap Elite;AC=MS:1001910	NT=Trypsin;AC=MS:1001251	1	1	NT=beam-type collision-induced dissociation;AC=MS:1000422	diagnosis (AD + CVD, healthy age-matched control), fraction (soluble, particulate)	not available	7 ppm	17 ppm	orbitrap	BA21_D2_P_20.raw	v1.1.0	HAMLET-agentic v0.1.0	ad + cvd, normal
PXD006233-Sample-330	Homo sapiens	brain	ad + cvd, normal	12	not available	not available	run 330	proteomic profiling by mass spectrometry	NT=data-dependent acquisition;AC=PRIDE:0000627	label free sample	NT=Orbitrap Elite;AC=MS:1001910	NT=Trypsin;AC=MS:1001251	1	1	NT=beam-type collision-induced dissociation;AC=MS:1000422	diagnosis (AD + CVD, healthy age-matched control), fraction (soluble, particulate)	not available	7 ppm	17 ppm	orbitrap	BA21_C1_P_08.raw	v1.1.0	HAMLET-agentic v0.1.0	ad + cvd, normal
PXD006233-Sample-331	Homo sapiens	brain	ad + cvd, normal	12	not available	not available	run 331	proteomic profiling by mass spectrometry	NT=data-dependent acquisition;AC=PRIDE:0000627	label free sample	NT=Orbitrap Elite;AC=MS:1001910	NT=Trypsin;AC=MS:1001251	1	1	NT=beam-type collision-induced dissociation;AC=MS:1000422	diagnosis (AD + CVD, healthy age-matched control), fraction (soluble, particulate)	not available	7 ppm	17 ppm	orbitrap	BA21_D3_S_07.raw	v1.1.0	HAMLET-agentic v0.1.0	ad + cvd, normal
PXD006233-Sample-332	Homo sapiens	brain	ad + cvd, normal	12	not available	not available	run 332	proteomic profiling by mass spectrometry	NT=data-dependent acquisition;AC=PRIDE:0000627	label free sample	NT=Orbitrap Elite;AC=MS:1001910	NT=Trypsin;AC=MS:1001251	1	1	NT=beam-type collision-induced dissociation;AC=MS:1000422	diagnosis (AD + CVD, healthy age-matched control), fraction (soluble, particulate)	not available	7 ppm	17 ppm	orbitrap	BA21_C2_S_09.raw	v1.1.0	HAMLET-agentic v0.1.0	ad + cvd, normal
PXD006233-Sample-333	Homo sapiens	brain	ad + cvd, normal	12	not available	not available	run 333	proteomic profiling by mass spectrometry	NT=data-dependent acquisition;AC=PRIDE:0000627	label free sample	NT=Orbitrap Elite;AC=MS:1001910	NT=Trypsin;AC=MS:1001251	1	1	NT=beam-type collision-induced dissociation;AC=MS:1000422	diagnosis (AD + CVD, healthy age-matched control), fraction (soluble, particulate)	not available	7 ppm	17 ppm	orbitrap	BA21_C1_P_10.raw	v1.1.0	HAMLET-agentic v0.1.0	ad + cvd, normal
PXD006233-Sample-334	Homo sapiens	brain	ad + cvd, normal	12	not available	not available	run 334	proteomic profiling by mass spectrometry	NT=data-dependent acquisition;AC=PRIDE:0000627	label free sample	NT=Orbitrap Elite;AC=MS:1001910	NT=Trypsin;AC=MS:1001251	1	1	NT=beam-type collision-induced dissociation;AC=MS:1000422	diagnosis (AD + CVD, healthy age-matched control), fraction (soluble, particulate)	not available	7 ppm	17 ppm	orbitrap	BA21_D3_P_17.raw	v1.1.0	HAMLET-agentic v0.1.0	ad + cvd, normal
PXD006233-Sample-335	Homo sapiens	brain	ad + cvd, normal	12	not available	not available	run 335	proteomic profiling by mass spectrometry	NT=data-dependent acquisition;AC=PRIDE:0000627	label free sample	NT=Orbitrap Elite;AC=MS:1001910	NT=Trypsin;AC=MS:1001251	1	1	NT=beam-type collision-induced dissociation;AC=MS:1000422	diagnosis (AD + CVD, healthy age-matched control), fraction (soluble, particulate)	not available	7 ppm	17 ppm	orbitrap	BA21_D2_S_04.raw	v1.1.0	HAMLET-agentic v0.1.0	ad + cvd, normal
PXD006233-Sample-336	Homo sapiens	brain	ad + cvd, normal	12	not available	not available	run 336	proteomic profiling by mass spectrometry	NT=data-dependent acquisition;AC=PRIDE:0000627	label free sample	NT=Orbitrap Elite;AC=MS:1001910	NT=Trypsin;AC=MS:1001251	1	1	NT=beam-type collision-induced dissociation;AC=MS:1000422	diagnosis (AD + CVD, healthy age-matched control), fraction (soluble, particulate)	not available	7 ppm	17 ppm	orbitrap	BA21_C1_S_10.raw	v1.1.0	HAMLET-agentic v0.1.0	ad + cvd, normal
PXD006233-Sample-337	Homo sapiens	brain	ad + cvd, normal	12	not available	not available	run 337	proteomic profiling by mass spectrometry	NT=data-dependent acquisition;AC=PRIDE:0000627	label free sample	NT=Orbitrap Elite;AC=MS:1001910	NT=Trypsin;AC=MS:1001251	1	1	NT=beam-type collision-induced dissociation;AC=MS:1000422	diagnosis (AD + CVD, healthy age-matched control), fraction (soluble, particulate)	not available	7 ppm	17 ppm	orbitrap	BA21_D2_P_05.raw	v1.1.0	HAMLET-agentic v0.1.0	ad + cvd, normal
PXD006233-Sample-338	Homo sapiens	brain	ad + cvd, normal	12	not available	not available	run 338	proteomic profiling by mass spectrometry	NT=data-dependent acquisition;AC=PRIDE:0000627	label free sample	NT=Orbitrap Elite;AC=MS:1001910	NT=Trypsin;AC=MS:1001251	1	1	NT=beam-type collision-induced dissociation;AC=MS:1000422	diagnosis (AD + CVD, healthy age-matched control), fraction (soluble, particulate)	not available	7 ppm	17 ppm	orbitrap	BA21_D2_P_11.raw	v1.1.0	HAMLET-agentic v0.1.0	ad + cvd, normal
PXD006233-Sample-339	Homo sapiens	brain	ad + cvd, normal	12	not available	not available	run 339	proteomic profiling by mass spectrometry	NT=data-dependent acquisition;AC=PRIDE:0000627	label free sample	NT=Orbitrap Elite;AC=MS:1001910	NT=Trypsin;AC=MS:1001251	1	1	NT=beam-type collision-induced dissociation;AC=MS:1000422	diagnosis (AD + CVD, healthy age-matched control), fraction (soluble, particulate)	not available	7 ppm	17 ppm	orbitrap	BA21_D3_P_21.raw	v1.1.0	HAMLET-agentic v0.1.0	ad + cvd, normal
PXD006233-Sample-340	Homo sapiens	brain	ad + cvd, normal	12	not available	not available	run 340	proteomic profiling by mass spectrometry	NT=data-dependent acquisition;AC=PRIDE:0000627	label free sample	NT=Orbitrap Elite;AC=MS:1001910	NT=Trypsin;AC=MS:1001251	1	1	NT=beam-type collision-induced dissociation;AC=MS:1000422	diagnosis (AD + CVD, healthy age-matched control), fraction (soluble, particulate)	not available	7 ppm	17 ppm	orbitrap	BA21_C3_P_23.raw	v1.1.0	HAMLET-agentic v0.1.0	ad + cvd, normal
PXD006233-Sample-341	Homo sapiens	brain	ad + cvd, normal	12	not available	not available	run 341	proteomic profiling by mass spectrometry	NT=data-dependent acquisition;AC=PRIDE:0000627	label free sample	NT=Orbitrap Elite;AC=MS:1001910	NT=Trypsin;AC=MS:1001251	1	1	NT=beam-type collision-induced dissociation;AC=MS:1000422	diagnosis (AD + CVD, healthy age-matched control), fraction (soluble, particulate)	not available	7 ppm	17 ppm	orbitrap	BA21_C1_S_12.raw	v1.1.0	HAMLET-agentic v0.1.0	ad + cvd, normal
PXD006233-Sample-342	Homo sapiens	brain	ad + cvd, normal	12	not available	not available	run 342	proteomic profiling by mass spectrometry	NT=data-dependent acquisition;AC=PRIDE:0000627	label free sample	NT=Orbitrap Elite;AC=MS:1001910	NT=Trypsin;AC=MS:1001251	1	1	NT=beam-type collision-induced dissociation;AC=MS:1000422	diagnosis (AD + CVD, healthy age-matched control), fraction (soluble, particulate)	not available	7 ppm	17 ppm	orbitrap	BA21_D3_S_01.raw	v1.1.0	HAMLET-agentic v0.1.0	ad + cvd, normal
PXD006233-Sample-343	Homo sapiens	brain	ad + cvd, normal	12	not available	not available	run 343	proteomic profiling by mass spectrometry	NT=data-dependent acquisition;AC=PRIDE:0000627	label free sample	NT=Orbitrap Elite;AC=MS:1001910	NT=Trypsin;AC=MS:1001251	1	1	NT=beam-type collision-induced dissociation;AC=MS:1000422	diagnosis (AD + CVD, healthy age-matched control), fraction (soluble, particulate)	not available	7 ppm	17 ppm	orbitrap	BA21_D1_P_32.raw	v1.1.0	HAMLET-agentic v0.1.0	ad + cvd, normal
PXD006233-Sample-344	Homo sapiens	brain	ad + cvd, normal	12	not available	not available	run 344	proteomic profiling by mass spectrometry	NT=data-dependent acquisition;AC=PRIDE:0000627	label free sample	NT=Orbitrap Elite;AC=MS:1001910	NT=Trypsin;AC=MS:1001251	1	1	NT=beam-type collision-induced dissociation;AC=MS:1000422	diagnosis (AD + CVD, healthy age-matched control), fraction (soluble, particulate)	not available	7 ppm	17 ppm	orbitrap	BA21_C1_S_08.raw	v1.1.0	HAMLET-agentic v0.1.0	ad + cvd, normal
PXD006233-Sample-345	Homo sapiens	brain	ad + cvd, normal	12	not available	not available	run 345	proteomic profiling by mass spectrometry	NT=data-dependent acquisition;AC=PRIDE:0000627	label free sample	NT=Orbitrap Elite;AC=MS:1001910	NT=Trypsin;AC=MS:1001251	1	1	NT=beam-type collision-induced dissociation;AC=MS:1000422	diagnosis (AD + CVD, healthy age-matched control), fraction (soluble, particulate)	not available	7 ppm	17 ppm	orbitrap	BA21_C2_P_12.raw	v1.1.0	HAMLET-agentic v0.1.0	ad + cvd, normal
PXD006233-Sample-346	Homo sapiens	brain	ad + cvd, normal	12	not available	not available	run 346	proteomic profiling by mass spectrometry	NT=data-dependent acquisition;AC=PRIDE:0000627	label free sample	NT=Orbitrap Elite;AC=MS:1001910	NT=Trypsin;AC=MS:1001251	1	1	NT=beam-type collision-induced dissociation;AC=MS:1000422	diagnosis (AD + CVD, healthy age-matched control), fraction (soluble, particulate)	not available	7 ppm	17 ppm	orbitrap	BA21_D3_P_15.raw	v1.1.0	HAMLET-agentic v0.1.0	ad + cvd, normal
PXD006233-Sample-347	Homo sapiens	brain	ad + cvd, normal	12	not available	not available	run 347	proteomic profiling by mass spectrometry	NT=data-dependent acquisition;AC=PRIDE:0000627	label free sample	NT=Orbitrap Elite;AC=MS:1001910	NT=Trypsin;AC=MS:1001251	1	1	NT=beam-type collision-induced dissociation;AC=MS:1000422	diagnosis (AD + CVD, healthy age-matched control), fraction (soluble, particulate)	not available	7 ppm	17 ppm	orbitrap	BA21_D3_P_20.raw	v1.1.0	HAMLET-agentic v0.1.0	ad + cvd, normal
PXD006233-Sample-348	Homo sapiens	brain	ad + cvd, normal	12	not available	not available	run 348	proteomic profiling by mass spectrometry	NT=data-dependent acquisition;AC=PRIDE:0000627	label free sample	NT=Orbitrap Elite;AC=MS:1001910	NT=Trypsin;AC=MS:1001251	1	1	NT=beam-type collision-induced dissociation;AC=MS:1000422	diagnosis (AD + CVD, healthy age-matched control), fraction (soluble, particulate)	not available	7 ppm	17 ppm	orbitrap	BA21_C1_P_21.raw	v1.1.0	HAMLET-agentic v0.1.0	ad + cvd, normal
PXD006233-Sample-349	Homo sapiens	brain	ad + cvd, normal	12	not available	not available	run 349	proteomic profiling by mass spectrometry	NT=data-dependent acquisition;AC=PRIDE:0000627	label free sample	NT=Orbitrap Elite;AC=MS:1001910	NT=Trypsin;AC=MS:1001251	1	1	NT=beam-type collision-induced dissociation;AC=MS:1000422	diagnosis (AD + CVD, healthy age-matched control), fraction (soluble, particulate)	not available	7 ppm	17 ppm	orbitrap	BA21_D2_S_17.raw	v1.1.0	HAMLET-agentic v0.1.0	ad + cvd, normal
PXD006233-Sample-350	Homo sapiens	brain	ad + cvd, normal	12	not available	not available	run 350	proteomic profiling by mass spectrometry	NT=data-dependent acquisition;AC=PRIDE:0000627	label free sample	NT=Orbitrap Elite;AC=MS:1001910	NT=Trypsin;AC=MS:1001251	1	1	NT=beam-type collision-induced dissociation;AC=MS:1000422	diagnosis (AD + CVD, healthy age-matched control), fraction (soluble, particulate)	not available	7 ppm	17 ppm	orbitrap	BA21_D2_S_32.raw	v1.1.0	HAMLET-agentic v0.1.0	ad + cvd, normal
PXD006233-Sample-351	Homo sapiens	brain	ad + cvd, normal	12	not available	not available	run 351	proteomic profiling by mass spectrometry	NT=data-dependent acquisition;AC=PRIDE:0000627	label free sample	NT=Orbitrap Elite;AC=MS:1001910	NT=Trypsin;AC=MS:1001251	1	1	NT=beam-type collision-induced dissociation;AC=MS:1000422	diagnosis (AD + CVD, healthy age-matched control), fraction (soluble, particulate)	not available	7 ppm	17 ppm	orbitrap	BA21_D3_S_15.raw	v1.1.0	HAMLET-agentic v0.1.0	ad + cvd, normal
PXD006233-Sample-352	Homo sapiens	brain	ad + cvd, normal	12	not available	not available	run 352	proteomic profiling by mass spectrometry	NT=data-dependent acquisition;AC=PRIDE:0000627	label free sample	NT=Orbitrap Elite;AC=MS:1001910	NT=Trypsin;AC=MS:1001251	1	1	NT=beam-type collision-induced dissociation;AC=MS:1000422	diagnosis (AD + CVD, healthy age-matched control), fraction (soluble, particulate)	not available	7 ppm	17 ppm	orbitrap	BA21_C1_S_07.raw	v1.1.0	HAMLET-agentic v0.1.0	ad + cvd, normal
PXD006233-Sample-353	Homo sapiens	brain	ad + cvd, normal	12	not available	not available	run 353	proteomic profiling by mass spectrometry	NT=data-dependent acquisition;AC=PRIDE:0000627	label free sample	NT=Orbitrap Elite;AC=MS:1001910	NT=Trypsin;AC=MS:1001251	1	1	NT=beam-type collision-induced dissociation;AC=MS:1000422	diagnosis (AD + CVD, healthy age-matched control), fraction (soluble, particulate)	not available	7 ppm	17 ppm	orbitrap	BA21_D1_P_06.raw	v1.1.0	HAMLET-agentic v0.1.0	ad + cvd, normal
PXD006233-Sample-354	Homo sapiens	brain	ad + cvd, normal	12	not available	not available	run 354	proteomic profiling by mass spectrometry	NT=data-dependent acquisition;AC=PRIDE:0000627	label free sample	NT=Orbitrap Elite;AC=MS:1001910	NT=Trypsin;AC=MS:1001251	1	1	NT=beam-type collision-induced dissociation;AC=MS:1000422	diagnosis (AD + CVD, healthy age-matched control), fraction (soluble, particulate)	not available	7 ppm	17 ppm	orbitrap	BA21_C3_S_16.raw	v1.1.0	HAMLET-agentic v0.1.0	ad + cvd, normal
PXD006233-Sample-355	Homo sapiens	brain	ad + cvd, normal	12	not available	not available	run 355	proteomic profiling by mass spectrometry	NT=data-dependent acquisition;AC=PRIDE:0000627	label free sample	NT=Orbitrap Elite;AC=MS:1001910	NT=Trypsin;AC=MS:1001251	1	1	NT=beam-type collision-induced dissociation;AC=MS:1000422	diagnosis (AD + CVD, healthy age-matched control), fraction (soluble, particulate)	not available	7 ppm	17 ppm	orbitrap	BA21_D3_S_28.raw	v1.1.0	HAMLET-agentic v0.1.0	ad + cvd, normal
PXD006233-Sample-356	Homo sapiens	brain	ad + cvd, normal	12	not available	not available	run 356	proteomic profiling by mass spectrometry	NT=data-dependent acquisition;AC=PRIDE:0000627	label free sample	NT=Orbitrap Elite;AC=MS:1001910	NT=Trypsin;AC=MS:1001251	1	1	NT=beam-type collision-induced dissociation;AC=MS:1000422	diagnosis (AD + CVD, healthy age-matched control), fraction (soluble, particulate)	not available	7 ppm	17 ppm	orbitrap	BA21_D3_S_03.raw	v1.1.0	HAMLET-agentic v0.1.0	ad + cvd, normal
PXD006233-Sample-357	Homo sapiens	brain	ad + cvd, normal	12	not available	not available	run 357	proteomic profiling by mass spectrometry	NT=data-dependent acquisition;AC=PRIDE:0000627	label free sample	NT=Orbitrap Elite;AC=MS:1001910	NT=Trypsin;AC=MS:1001251	1	1	NT=beam-type collision-induced dissociation;AC=MS:1000422	diagnosis (AD + CVD, healthy age-matched control), fraction (soluble, particulate)	not available	7 ppm	17 ppm	orbitrap	BA21_D2_P_09.raw	v1.1.0	HAMLET-agentic v0.1.0	ad + cvd, normal
PXD006233-Sample-358	Homo sapiens	brain	ad + cvd, normal	12	not available	not available	run 358	proteomic profiling by mass spectrometry	NT=data-dependent acquisition;AC=PRIDE:0000627	label free sample	NT=Orbitrap Elite;AC=MS:1001910	NT=Trypsin;AC=MS:1001251	1	1	NT=beam-type collision-induced dissociation;AC=MS:1000422	diagnosis (AD + CVD, healthy age-matched control), fraction (soluble, particulate)	not available	7 ppm	17 ppm	orbitrap	BA21_C2_S_02.raw	v1.1.0	HAMLET-agentic v0.1.0	ad + cvd, normal
PXD006233-Sample-359	Homo sapiens	brain	ad + cvd, normal	12	not available	not available	run 359	proteomic profiling by mass spectrometry	NT=data-dependent acquisition;AC=PRIDE:0000627	label free sample	NT=Orbitrap Elite;AC=MS:1001910	NT=Trypsin;AC=MS:1001251	1	1	NT=beam-type collision-induced dissociation;AC=MS:1000422	diagnosis (AD + CVD, healthy age-matched control), fraction (soluble, particulate)	not available	7 ppm	17 ppm	orbitrap	BA21_D3_S_26.raw	v1.1.0	HAMLET-agentic v0.1.0	ad + cvd, normal
PXD006233-Sample-360	Homo sapiens	brain	ad + cvd, normal	12	not available	not available	run 360	proteomic profiling by mass spectrometry	NT=data-dependent acquisition;AC=PRIDE:0000627	label free sample	NT=Orbitrap Elite;AC=MS:1001910	NT=Trypsin;AC=MS:1001251	1	1	NT=beam-type collision-induced dissociation;AC=MS:1000422	diagnosis (AD + CVD, healthy age-matched control), fraction (soluble, particulate)	not available	7 ppm	17 ppm	orbitrap	BA21_C2_P_11.raw	v1.1.0	HAMLET-agentic v0.1.0	ad + cvd, normal
PXD006233-Sample-361	Homo sapiens	brain	ad + cvd, normal	12	not available	not available	run 361	proteomic profiling by mass spectrometry	NT=data-dependent acquisition;AC=PRIDE:0000627	label free sample	NT=Orbitrap Elite;AC=MS:1001910	NT=Trypsin;AC=MS:1001251	1	1	NT=beam-type collision-induced dissociation;AC=MS:1000422	diagnosis (AD + CVD, healthy age-matched control), fraction (soluble, particulate)	not available	7 ppm	17 ppm	orbitrap	BA21_C3_P_31.raw	v1.1.0	HAMLET-agentic v0.1.0	ad + cvd, normal
PXD006233-Sample-362	Homo sapiens	brain	ad + cvd, normal	12	not available	not available	run 362	proteomic profiling by mass spectrometry	NT=data-dependent acquisition;AC=PRIDE:0000627	label free sample	NT=Orbitrap Elite;AC=MS:1001910	NT=Trypsin;AC=MS:1001251	1	1	NT=beam-type collision-induced dissociation;AC=MS:1000422	diagnosis (AD + CVD, healthy age-matched control), fraction (soluble, particulate)	not available	7 ppm	17 ppm	orbitrap	BA21_D2_S_26.raw	v1.1.0	HAMLET-agentic v0.1.0	ad + cvd, normal
PXD006233-Sample-363	Homo sapiens	brain	ad + cvd, normal	12	not available	not available	run 363	proteomic profiling by mass spectrometry	NT=data-dependent acquisition;AC=PRIDE:0000627	label free sample	NT=Orbitrap Elite;AC=MS:1001910	NT=Trypsin;AC=MS:1001251	1	1	NT=beam-type collision-induced dissociation;AC=MS:1000422	diagnosis (AD + CVD, healthy age-matched control), fraction (soluble, particulate)	not available	7 ppm	17 ppm	orbitrap	BA21_D2_P_04.raw	v1.1.0	HAMLET-agentic v0.1.0	ad + cvd, normal
PXD006233-Sample-364	Homo sapiens	brain	ad + cvd, normal	12	not available	not available	run 364	proteomic profiling by mass spectrometry	NT=data-dependent acquisition;AC=PRIDE:0000627	label free sample	NT=Orbitrap Elite;AC=MS:1001910	NT=Trypsin;AC=MS:1001251	1	1	NT=beam-type collision-induced dissociation;AC=MS:1000422	diagnosis (AD + CVD, healthy age-matched control), fraction (soluble, particulate)	not available	7 ppm	17 ppm	orbitrap	BA21_C3_S_19.raw	v1.1.0	HAMLET-agentic v0.1.0	ad + cvd, normal
PXD006233-Sample-365	Homo sapiens	brain	ad + cvd, normal	12	not available	not available	run 365	proteomic profiling by mass spectrometry	NT=data-dependent acquisition;AC=PRIDE:0000627	label free sample	NT=Orbitrap Elite;AC=MS:1001910	NT=Trypsin;AC=MS:1001251	1	1	NT=beam-type collision-induced dissociation;AC=MS:1000422	diagnosis (AD + CVD, healthy age-matched control), fraction (soluble, particulate)	not available	7 ppm	17 ppm	orbitrap	BA21_D1_S_22.raw	v1.1.0	HAMLET-agentic v0.1.0	ad + cvd, normal
PXD006233-Sample-366	Homo sapiens	brain	ad + cvd, normal	12	not available	not available	run 366	proteomic profiling by mass spectrometry	NT=data-dependent acquisition;AC=PRIDE:0000627	label free sample	NT=Orbitrap Elite;AC=MS:1001910	NT=Trypsin;AC=MS:1001251	1	1	NT=beam-type collision-induced dissociation;AC=MS:1000422	diagnosis (AD + CVD, healthy age-matched control), fraction (soluble, particulate)	not available	7 ppm	17 ppm	orbitrap	BA21_D2_P_31.raw	v1.1.0	HAMLET-agentic v0.1.0	ad + cvd, normal
PXD006233-Sample-367	Homo sapiens	brain	ad + cvd, normal	12	not available	not available	run 367	proteomic profiling by mass spectrometry	NT=data-dependent acquisition;AC=PRIDE:0000627	label free sample	NT=Orbitrap Elite;AC=MS:1001910	NT=Trypsin;AC=MS:1001251	1	1	NT=beam-type collision-induced dissociation;AC=MS:1000422	diagnosis (AD + CVD, healthy age-matched control), fraction (soluble, particulate)	not available	7 ppm	17 ppm	orbitrap	BA21_D2_S_06.raw	v1.1.0	HAMLET-agentic v0.1.0	ad + cvd, normal
PXD006233-Sample-368	Homo sapiens	brain	ad + cvd, normal	12	not available	not available	run 368	proteomic profiling by mass spectrometry	NT=data-dependent acquisition;AC=PRIDE:0000627	label free sample	NT=Orbitrap Elite;AC=MS:1001910	NT=Trypsin;AC=MS:1001251	1	1	NT=beam-type collision-induced dissociation;AC=MS:1000422	diagnosis (AD + CVD, healthy age-matched control), fraction (soluble, particulate)	not available	7 ppm	17 ppm	orbitrap	BA21_D2_S_18.raw	v1.1.0	HAMLET-agentic v0.1.0	ad + cvd, normal
PXD006233-Sample-369	Homo sapiens	brain	ad + cvd, normal	12	not available	not available	run 369	proteomic profiling by mass spectrometry	NT=data-dependent acquisition;AC=PRIDE:0000627	label free sample	NT=Orbitrap Elite;AC=MS:1001910	NT=Trypsin;AC=MS:1001251	1	1	NT=beam-type collision-induced dissociation;AC=MS:1000422	diagnosis (AD + CVD, healthy age-matched control), fraction (soluble, particulate)	not available	7 ppm	17 ppm	orbitrap	BA21_C1_S_03.raw	v1.1.0	HAMLET-agentic v0.1.0	ad + cvd, normal
PXD006233-Sample-370	Homo sapiens	brain	ad + cvd, normal	12	not available	not available	run 370	proteomic profiling by mass spectrometry	NT=data-dependent acquisition;AC=PRIDE:0000627	label free sample	NT=Orbitrap Elite;AC=MS:1001910	NT=Trypsin;AC=MS:1001251	1	1	NT=beam-type collision-induced dissociation;AC=MS:1000422	diagnosis (AD + CVD, healthy age-matched control), fraction (soluble, particulate)	not available	7 ppm	17 ppm	orbitrap	BA21_C3_P_11.raw	v1.1.0	HAMLET-agentic v0.1.0	ad + cvd, normal
PXD006233-Sample-371	Homo sapiens	brain	ad + cvd, normal	12	not available	not available	run 371	proteomic profiling by mass spectrometry	NT=data-dependent acquisition;AC=PRIDE:0000627	label free sample	NT=Orbitrap Elite;AC=MS:1001910	NT=Trypsin;AC=MS:1001251	1	1	NT=beam-type collision-induced dissociation;AC=MS:1000422	diagnosis (AD + CVD, healthy age-matched control), fraction (soluble, particulate)	not available	7 ppm	17 ppm	orbitrap	BA21_C1_P_13.raw	v1.1.0	HAMLET-agentic v0.1.0	ad + cvd, normal
PXD006233-Sample-372	Homo sapiens	brain	ad + cvd, normal	12	not available	not available	run 372	proteomic profiling by mass spectrometry	NT=data-dependent acquisition;AC=PRIDE:0000627	label free sample	NT=Orbitrap Elite;AC=MS:1001910	NT=Trypsin;AC=MS:1001251	1	1	NT=beam-type collision-induced dissociation;AC=MS:1000422	diagnosis (AD + CVD, healthy age-matched control), fraction (soluble, particulate)	not available	7 ppm	17 ppm	orbitrap	BA21_C3_P_15.raw	v1.1.0	HAMLET-agentic v0.1.0	ad + cvd, normal
PXD006233-Sample-373	Homo sapiens	brain	ad + cvd, normal	12	not available	not available	run 373	proteomic profiling by mass spectrometry	NT=data-dependent acquisition;AC=PRIDE:0000627	label free sample	NT=Orbitrap Elite;AC=MS:1001910	NT=Trypsin;AC=MS:1001251	1	1	NT=beam-type collision-induced dissociation;AC=MS:1000422	diagnosis (AD + CVD, healthy age-matched control), fraction (soluble, particulate)	not available	7 ppm	17 ppm	orbitrap	BA21_D1_P_10.raw	v1.1.0	HAMLET-agentic v0.1.0	ad + cvd, normal
PXD006233-Sample-374	Homo sapiens	brain	ad + cvd, normal	12	not available	not available	run 374	proteomic profiling by mass spectrometry	NT=data-dependent acquisition;AC=PRIDE:0000627	label free sample	NT=Orbitrap Elite;AC=MS:1001910	NT=Trypsin;AC=MS:1001251	1	1	NT=beam-type collision-induced dissociation;AC=MS:1000422	diagnosis (AD + CVD, healthy age-matched control), fraction (soluble, particulate)	not available	7 ppm	17 ppm	orbitrap	BA21_D1_S_05.raw	v1.1.0	HAMLET-agentic v0.1.0	ad + cvd, normal
PXD006233-Sample-375	Homo sapiens	brain	ad + cvd, normal	12	not available	not available	run 375	proteomic profiling by mass spectrometry	NT=data-dependent acquisition;AC=PRIDE:0000627	label free sample	NT=Orbitrap Elite;AC=MS:1001910	NT=Trypsin;AC=MS:1001251	1	1	NT=beam-type collision-induced dissociation;AC=MS:1000422	diagnosis (AD + CVD, healthy age-matched control), fraction (soluble, particulate)	not available	7 ppm	17 ppm	orbitrap	BA21_D2_P_15.raw	v1.1.0	HAMLET-agentic v0.1.0	ad + cvd, normal
PXD006233-Sample-376	Homo sapiens	brain	ad + cvd, normal	12	not available	not available	run 376	proteomic profiling by mass spectrometry	NT=data-dependent acquisition;AC=PRIDE:0000627	label free sample	NT=Orbitrap Elite;AC=MS:1001910	NT=Trypsin;AC=MS:1001251	1	1	NT=beam-type collision-induced dissociation;AC=MS:1000422	diagnosis (AD + CVD, healthy age-matched control), fraction (soluble, particulate)	not available	7 ppm	17 ppm	orbitrap	BA21_D2_P_32.raw	v1.1.0	HAMLET-agentic v0.1.0	ad + cvd, normal
PXD006233-Sample-377	Homo sapiens	brain	ad + cvd, normal	12	not available	not available	run 377	proteomic profiling by mass spectrometry	NT=data-dependent acquisition;AC=PRIDE:0000627	label free sample	NT=Orbitrap Elite;AC=MS:1001910	NT=Trypsin;AC=MS:1001251	1	1	NT=beam-type collision-induced dissociation;AC=MS:1000422	diagnosis (AD + CVD, healthy age-matched control), fraction (soluble, particulate)	not available	7 ppm	17 ppm	orbitrap	BA21_D3_S_17.raw	v1.1.0	HAMLET-agentic v0.1.0	ad + cvd, normal
PXD006233-Sample-378	Homo sapiens	brain	ad + cvd, normal	12	not available	not available	run 378	proteomic profiling by mass spectrometry	NT=data-dependent acquisition;AC=PRIDE:0000627	label free sample	NT=Orbitrap Elite;AC=MS:1001910	NT=Trypsin;AC=MS:1001251	1	1	NT=beam-type collision-induced dissociation;AC=MS:1000422	diagnosis (AD + CVD, healthy age-matched control), fraction (soluble, particulate)	not available	7 ppm	17 ppm	orbitrap	BA21_D3_P_01.raw	v1.1.0	HAMLET-agentic v0.1.0	ad + cvd, normal
