pxd,n_ground_truth,ground_truth_taxids,n_predicted,predicted_taxids,tp,fp,fn,recall,precision,f1,balanced_accuracy,has_organism_id,has_llm_taxids
PXD000083,1,38783,0,,0,0,1,,,,,False,False
PXD000095,1,1902,0,,0,0,1,,,,,False,False
PXD000148,1,9606,0,,0,0,1,,,,,False,False
PXD000189,1,208964,4,287; 3055; 562; 9606,1,3,0,1.0,0.25,0.4,0.625,True,True
PXD000350,1,9606,1,9606,1,0,0,1.0,1.0,1.0,1.0,False,True
PXD000357,1,9606,2,10090; 9606,1,1,0,1.0,0.5,0.6666666666666666,0.75,True,False
PXD000377,1,83332,1,216816,0,1,1,0.0,0.0,0.0,0.0,True,False
PXD000378,1,70448,0,,0,0,1,,,,,False,False
PXD000384,1,9606,1,10090,0,1,1,0.0,0.0,0.0,0.0,True,False
PXD000440,1,9606,1,9606,1,0,0,1.0,1.0,1.0,1.0,True,True
PXD000459,1,9606,1,9606,1,0,0,1.0,1.0,1.0,1.0,True,False
PXD000460,1,32644,1,9606,0,1,1,0.0,0.0,0.0,0.0,True,False
PXD000509,1,562,1,562,1,0,0,1.0,1.0,1.0,1.0,True,True
PXD000515,1,3702,1,3702,1,0,0,1.0,1.0,1.0,1.0,False,True
PXD000520,2,10090; 9606,1,9823,0,1,2,0.0,0.0,0.0,0.0,False,True
PXD000660,1,3702,1,3702,1,0,0,1.0,1.0,1.0,1.0,True,False
PXD000706,1,446,1,562,0,1,1,0.0,0.0,0.0,0.0,True,False
PXD000868,1,15368,1,15368,1,0,0,1.0,1.0,1.0,1.0,False,True
PXD000881,1,7227,1,7227,1,0,0,1.0,1.0,1.0,1.0,True,True
PXD000927,1,10090,1,10090,1,0,0,1.0,1.0,1.0,1.0,True,True
PXD000932,1,9606,1,9606,1,0,0,1.0,1.0,1.0,1.0,True,True
PXD001032,2,10090; 9606,2,10090; 10116,1,1,1,0.5,0.5,0.5,0.5,True,True
PXD001046,1,4530,2,4530; 4565,1,1,0,1.0,0.5,0.6666666666666666,0.75,True,True
PXD001058,1,4530,3,4530; 4565; 9606,1,2,0,1.0,0.3333333333333333,0.5,0.6666666666666666,True,True
PXD001074,1,10090,1,9913,0,1,1,0.0,0.0,0.0,0.0,True,False
PXD001118,1,9606,2,10090; 9606,1,1,0,1.0,0.5,0.6666666666666666,0.75,True,True
PXD001127,1,10116,0,,0,0,1,,,,,False,False
PXD001133,1,4932,1,4932,1,0,0,1.0,1.0,1.0,1.0,True,True
PXD001154,1,9606,1,9606,1,0,0,1.0,1.0,1.0,1.0,True,True
PXD001177,1,3702,1,3702,1,0,0,1.0,1.0,1.0,1.0,False,True
PXD001180,1,9606,1,9606,1,0,0,1.0,1.0,1.0,1.0,True,True
PXD001207,1,3702,1,3702,1,0,0,1.0,1.0,1.0,1.0,True,False
PXD001239,1,4932,2,4932; 9606,1,1,0,1.0,0.5,0.6666666666666666,0.75,True,True
PXD001249,1,9606,1,9606,1,0,0,1.0,1.0,1.0,1.0,True,False
PXD001255,1,9606,1,9606,1,0,0,1.0,1.0,1.0,1.0,True,False
PXD001340,1,10116,1,10090,0,1,1,0.0,0.0,0.0,0.0,True,True
PXD001439,1,314344,0,,0,0,1,,,,,False,False
PXD001454,1,9606,1,9606,1,0,0,1.0,1.0,1.0,1.0,True,True
PXD001518,1,1144889,1,1280,0,1,1,0.0,0.0,0.0,0.0,True,False
PXD001519,1,138336,1,4565,0,1,1,0.0,0.0,0.0,0.0,True,False
PXD001520,1,526225,2,216816; 9606,0,2,1,0.0,0.0,0.0,0.0,True,False
PXD001562,1,3702,1,3702,1,0,0,1.0,1.0,1.0,1.0,True,False
PXD001583,1,4896,3,3702; 4896; 9606,1,2,0,1.0,0.3333333333333333,0.5,0.6666666666666666,True,True
PXD001587,2,562; 9606,2,9606; 9913,1,1,1,0.5,0.5,0.5,0.5,True,True
PXD001680,1,9606,1,9606,1,0,0,1.0,1.0,1.0,1.0,False,True
PXD001785,1,94400,1,9606,0,1,1,0.0,0.0,0.0,0.0,True,False
PXD001805,1,9606,1,9606,1,0,0,1.0,1.0,1.0,1.0,True,False
PXD001841,1,4896,3,10090; 4896; 9606,1,2,0,1.0,0.3333333333333333,0.5,0.6666666666666666,True,True
PXD001884,1,3702,1,3702,1,0,0,1.0,1.0,1.0,1.0,True,False
PXD001885,1,3702,1,3702,1,0,0,1.0,1.0,1.0,1.0,True,False
PXD001932,1,9606,2,9606; 9913,1,1,0,1.0,0.5,0.6666666666666666,0.75,True,True
PXD001993,1,7460,1,7460,1,0,0,1.0,1.0,1.0,1.0,False,True
PXD002030,1,5691,2,5691; 9913,1,1,0,1.0,0.5,0.6666666666666666,0.75,True,True
PXD002097,1,9606,1,9606,1,0,0,1.0,1.0,1.0,1.0,True,True
PXD002120,1,1772,1,9606,0,1,1,0.0,0.0,0.0,0.0,True,False
PXD002132,1,9606,1,9606,1,0,0,1.0,1.0,1.0,1.0,True,True
PXD002133,1,9606,1,9606,1,0,0,1.0,1.0,1.0,1.0,False,True
PXD002158,1,3702,0,,0,0,1,,,,,False,False
PXD002163,1,9606,1,9606,1,0,0,1.0,1.0,1.0,1.0,True,False
PXD002166,1,4577,2,4577; 562,1,1,0,1.0,0.5,0.6666666666666666,0.75,False,True
PXD002197,1,4932,1,4932,1,0,0,1.0,1.0,1.0,1.0,True,False
PXD002198,1,4932,1,4932,1,0,0,1.0,1.0,1.0,1.0,True,False
PXD002199,1,4932,1,4932,1,0,0,1.0,1.0,1.0,1.0,True,False
PXD002200,1,4932,1,4932,1,0,0,1.0,1.0,1.0,1.0,True,False
PXD002202,1,4932,0,,0,0,1,,,,,False,False
PXD002204,1,4932,1,4932,1,0,0,1.0,1.0,1.0,1.0,True,False
PXD002231,1,10090,0,,0,0,1,,,,,False,False
PXD002253,1,52638,2,10090; 7955,0,2,1,0.0,0.0,0.0,0.0,True,False
PXD002256,1,10116,1,10116,1,0,0,1.0,1.0,1.0,1.0,True,False
PXD002257,1,10116,1,10116,1,0,0,1.0,1.0,1.0,1.0,True,False
PXD002258,1,10116,1,10116,1,0,0,1.0,1.0,1.0,1.0,True,False
PXD002259,1,10116,1,10116,1,0,0,1.0,1.0,1.0,1.0,True,False
PXD002260,1,10116,1,10116,1,0,0,1.0,1.0,1.0,1.0,True,False
PXD002261,1,10116,1,10116,1,0,0,1.0,1.0,1.0,1.0,True,False
PXD002262,1,10116,1,10116,1,0,0,1.0,1.0,1.0,1.0,True,False
PXD002263,1,10116,1,10116,1,0,0,1.0,1.0,1.0,1.0,True,False
PXD002278,1,1519788,1,562,0,1,1,0.0,0.0,0.0,0.0,True,True
PXD002281,1,9606,1,9606,1,0,0,1.0,1.0,1.0,1.0,True,False
PXD002308,1,294128,1,7227,0,1,1,0.0,0.0,0.0,0.0,True,False
PXD002309,1,52641,1,7227,0,1,1,0.0,0.0,0.0,0.0,True,False
PXD002310,1,317513,1,7227,0,1,1,0.0,0.0,0.0,0.0,True,False
PXD002311,1,1080772,2,10090; 7227,0,2,1,0.0,0.0,0.0,0.0,True,False
PXD002328,1,9606,1,10090,0,1,1,0.0,0.0,0.0,0.0,True,False
PXD002332,1,9606,1,9606,1,0,0,1.0,1.0,1.0,1.0,True,False
PXD002337,1,10090,1,10090,1,0,0,1.0,1.0,1.0,1.0,True,True
PXD002342,1,192875,2,7227; 9913,0,2,1,0.0,0.0,0.0,0.0,True,False
PXD002466,1,10090,1,10090,1,0,0,1.0,1.0,1.0,1.0,True,True
PXD002515,1,10090,1,10090,1,0,0,1.0,1.0,1.0,1.0,False,True
PXD002548,1,562,1,562,1,0,0,1.0,1.0,1.0,1.0,True,True
PXD002573,1,216595,1,562,0,1,1,0.0,0.0,0.0,0.0,True,False
PXD002592,1,256737,2,7227; 9606,0,2,1,0.0,0.0,0.0,0.0,True,False
PXD002691,1,885318,1,562,0,1,1,0.0,0.0,0.0,0.0,True,False
PXD002705,1,562,1,562,1,0,0,1.0,1.0,1.0,1.0,True,True
PXD002726,1,4932,1,4932,1,0,0,1.0,1.0,1.0,1.0,True,True
PXD002840,1,229533,1,5476,0,1,1,0.0,0.0,0.0,0.0,True,False
PXD002848,1,5691,1,5691,1,0,0,1.0,1.0,1.0,1.0,True,False
PXD002894,1,9606,2,10116; 5476,0,2,1,0.0,0.0,0.0,0.0,True,True
PXD002936,1,160235,1,9031,0,1,1,0.0,0.0,0.0,0.0,True,False
PXD002996,1,430615,1,9606,0,1,1,0.0,0.0,0.0,0.0,True,False
PXD003139,1,329726,2,4565; 9606,0,2,1,0.0,0.0,0.0,0.0,True,False
PXD003149,1,1111708,1,9606,0,1,1,0.0,0.0,0.0,0.0,True,False
PXD003161,1,15368,2,1280; 9913,0,2,1,0.0,0.0,0.0,0.0,True,False
PXD003182,1,10090,1,10090,1,0,0,1.0,1.0,1.0,1.0,True,True
PXD003192,1,2702,1,216816,0,1,1,0.0,0.0,0.0,0.0,True,False
PXD003209,1,9606,1,9606,1,0,0,1.0,1.0,1.0,1.0,True,True
PXD003226,1,9606,1,9606,1,0,0,1.0,1.0,1.0,1.0,True,True
PXD003293,1,9606,2,10090; 9606,1,1,0,1.0,0.5,0.6666666666666666,0.75,True,True
PXD003356,1,10090,1,10090,1,0,0,1.0,1.0,1.0,1.0,False,True
PXD003403,1,8665,2,9031; 9606,0,2,1,0.0,0.0,0.0,0.0,True,False
PXD003502,1,9606,1,9606,1,0,0,1.0,1.0,1.0,1.0,True,True
PXD003538,1,10116,2,10116; 9606,1,1,0,1.0,0.5,0.6666666666666666,0.75,True,True
PXD003544,1,9606,2,9606; 9913,1,1,0,1.0,0.5,0.6666666666666666,0.75,True,True
PXD003559,1,9606,1,9606,1,0,0,1.0,1.0,1.0,1.0,True,True
PXD003646,1,9606,1,9606,1,0,0,1.0,1.0,1.0,1.0,True,True
PXD003752,1,9606,1,9606,1,0,0,1.0,1.0,1.0,1.0,True,False
PXD003772,1,10090,1,10090,1,0,0,1.0,1.0,1.0,1.0,True,True
PXD003779,2,63366; 63367,0,,0,0,2,,,,,False,False
PXD003780,1,7227,1,7227,1,0,0,1.0,1.0,1.0,1.0,True,True
PXD003784,1,9606,1,9606,1,0,0,1.0,1.0,1.0,1.0,True,True
PXD003806,1,4896,2,4896; 562,1,1,0,1.0,0.5,0.6666666666666666,0.75,True,True
PXD003833,1,562,1,562,1,0,0,1.0,1.0,1.0,1.0,True,False
PXD003839,1,9606,0,,0,0,1,,,,,False,False
PXD003845,1,562,1,562,1,0,0,1.0,1.0,1.0,1.0,True,False
PXD003910,1,1513461,1,9606,0,1,1,0.0,0.0,0.0,0.0,True,False
PXD003915,1,9606,2,1280; 9606,1,1,0,1.0,0.5,0.6666666666666666,0.75,True,True
PXD003916,1,5476,1,5476,1,0,0,1.0,1.0,1.0,1.0,True,True
PXD003944,1,7227,1,7227,1,0,0,1.0,1.0,1.0,1.0,True,False
PXD003983,1,9606,1,9606,1,0,0,1.0,1.0,1.0,1.0,True,True
PXD004018,1,5861,2,7227; 9606,0,2,1,0.0,0.0,0.0,0.0,True,False
PXD004074,1,4932,1,4932,1,0,0,1.0,1.0,1.0,1.0,True,True
PXD004086,1,9606,3,10090; 9606; 9913,1,2,0,1.0,0.3333333333333333,0.5,0.6666666666666666,True,True
PXD004143,1,9606,1,9606,1,0,0,1.0,1.0,1.0,1.0,True,True
PXD004267,1,3702,1,9606,0,1,1,0.0,0.0,0.0,0.0,True,False
PXD004285,1,3055,2,3055; 562,1,1,0,1.0,0.5,0.6666666666666666,0.75,True,False
PXD004286,1,10090,1,9606,0,1,1,0.0,0.0,0.0,0.0,True,False
PXD004417,1,4530,1,4530,1,0,0,1.0,1.0,1.0,1.0,True,True
PXD004451,1,10090,1,10090,1,0,0,1.0,1.0,1.0,1.0,True,True
PXD004514,1,9606,1,562,0,1,1,0.0,0.0,0.0,0.0,False,True
PXD004515,1,9606,1,9606,1,0,0,1.0,1.0,1.0,1.0,True,True
PXD004524,1,13613,2,9913; 9940,0,2,1,0.0,0.0,0.0,0.0,True,True
PXD004545,1,10090,2,10090; 9913,1,1,0,1.0,0.5,0.6666666666666666,0.75,True,True
PXD004557,1,277944,1,277944,1,0,0,1.0,1.0,1.0,1.0,False,True
PXD004562,1,9606,1,9606,1,0,0,1.0,1.0,1.0,1.0,True,False
PXD004591,1,9606,1,9606,1,0,0,1.0,1.0,1.0,1.0,True,False
PXD004630,1,10116,0,,0,0,1,,,,,False,False
PXD004631,1,10090,0,,0,0,1,,,,,False,False
PXD004749,1,4932,1,4932,1,0,0,1.0,1.0,1.0,1.0,True,True
PXD004802,1,5059,1,5476,0,1,1,0.0,0.0,0.0,0.0,True,False
PXD004882,1,10090,1,10090,1,0,0,1.0,1.0,1.0,1.0,False,True
PXD004891,1,10090,1,562,0,1,1,0.0,0.0,0.0,0.0,True,False
PXD004899,1,6087,2,562; 9606,0,2,1,0.0,0.0,0.0,0.0,True,False
PXD004924,1,4932,2,4932; 562,1,1,0,1.0,0.5,0.6666666666666666,0.75,True,True
PXD004983,1,10090,1,10090,1,0,0,1.0,1.0,1.0,1.0,True,True
PXD004997,1,418985,1,7227,0,1,1,0.0,0.0,0.0,0.0,True,False
PXD005008,1,9606,1,9606,1,0,0,1.0,1.0,1.0,1.0,True,False
PXD005048,2,10090; 5861,2,10090; 9913,1,1,1,0.5,0.5,0.5,0.5,True,True
PXD005059,1,10090,1,10090,1,0,0,1.0,1.0,1.0,1.0,True,True
PXD005139,1,10090,1,10090,1,0,0,1.0,1.0,1.0,1.0,True,False
PXD005140,1,9606,1,9606,1,0,0,1.0,1.0,1.0,1.0,True,False
PXD005188,1,9606,1,9606,1,0,0,1.0,1.0,1.0,1.0,True,True
PXD005196,1,30608,2,562; 9606,0,2,1,0.0,0.0,0.0,0.0,True,False
PXD005245,1,9606,2,10090; 9606,1,1,0,1.0,0.5,0.6666666666666666,0.75,True,True
PXD005253,1,9606,1,9606,1,0,0,1.0,1.0,1.0,1.0,True,False
PXD005265,1,470,1,470,1,0,0,1.0,1.0,1.0,1.0,False,True
PXD005337,1,9685,3,9606; 9685; 9913,1,2,0,1.0,0.3333333333333333,0.5,0.6666666666666666,True,True
PXD005411,1,10090,1,10090,1,0,0,1.0,1.0,1.0,1.0,True,True
PXD005412,1,10090,1,10090,1,0,0,1.0,1.0,1.0,1.0,True,True
PXD005413,1,10090,1,10090,1,0,0,1.0,1.0,1.0,1.0,True,True
PXD005463,1,4932,1,4932,1,0,0,1.0,1.0,1.0,1.0,True,True
PXD005471,1,4530,2,3702; 4565,0,2,1,0.0,0.0,0.0,0.0,True,False
PXD005472,1,4530,0,,0,0,1,,,,,False,False
PXD005473,1,10090,1,10090,1,0,0,1.0,1.0,1.0,1.0,True,True
PXD005482,1,9606,0,,0,0,1,,,,,False,False
PXD005500,1,9606,2,10090; 9606,1,1,0,1.0,0.5,0.6666666666666666,0.75,True,True
PXD005509,1,9606,1,9606,1,0,0,1.0,1.0,1.0,1.0,True,True
PXD005553,1,10090,1,10090,1,0,0,1.0,1.0,1.0,1.0,True,False
PXD005555,1,10090,1,10090,1,0,0,1.0,1.0,1.0,1.0,True,True
PXD005565,1,4932,3,4565; 4932; 9606,1,2,0,1.0,0.3333333333333333,0.5,0.6666666666666666,True,True
PXD005575,1,9606,1,9606,1,0,0,1.0,1.0,1.0,1.0,False,True
PXD005584,1,9606,1,9606,1,0,0,1.0,1.0,1.0,1.0,True,True
PXD005613,1,9606,1,9606,1,0,0,1.0,1.0,1.0,1.0,True,True
PXD005628,1,10090,1,10090,1,0,0,1.0,1.0,1.0,1.0,True,True
PXD005633,1,9606,1,9606,1,0,0,1.0,1.0,1.0,1.0,True,False
PXD005645,1,29058,1,1492,0,1,1,0.0,0.0,0.0,0.0,True,False
PXD005654,6,4932; 7227; 7955; 9606; 9913; 9986,6,10090; 10116; 9031; 9606; 9796; 9823,1,5,5,0.16666666666666666,0.16666666666666666,0.16666666666666666,0.16666666666666666,True,False
PXD005663,1,1307,0,,0,0,1,,,,,False,False
PXD005696,1,10090,1,10090,1,0,0,1.0,1.0,1.0,1.0,True,True
PXD005697,1,10090,2,10090; 9606,1,1,0,1.0,0.5,0.6666666666666666,0.75,True,True
PXD005699,1,5061,3,4565; 5061; 9606,1,2,0,1.0,0.3333333333333333,0.5,0.6666666666666666,True,True
PXD005759,24,1208660; 1219071; 160488; 198215; 218493; 226900; 246200; 266940; 314256; 319795; 375451; 388399; 391619; 391624; 392499; 396513; 527031; 546414; 643867; 693977; 703612; 762903; 867900; 89187,4,4565; 562; 818; 9823,0,4,24,0.0,0.0,0.0,0.0,True,False
PXD005765,1,1773,1,83332,1,0,0,1.0,1.0,1.0,1.0,False,True
PXD005776,24,1208660; 1219071; 160488; 198215; 218493; 226900; 246200; 266940; 314256; 319795; 375451; 388399; 391619; 391624; 392499; 396513; 527031; 546414; 643867; 693977; 703612; 762903; 867900; 89187,26,10116; 105841; 1280; 1492; 1547; 1590; 216816; 2246; 3055; 33035; 3702; 4565; 4932; 5476; 562; 5691; 6239; 7227; 7955; 818; 8355; 9031; 9606; 9796; 9823; 9913,0,26,24,0.0,0.0,0.0,0.0,True,False
PXD005818,1,3055,1,3055,1,0,0,1.0,1.0,1.0,1.0,True,True
PXD005881,1,106654,2,10090; 9606,0,2,1,0.0,0.0,0.0,0.0,True,False
PXD005893,1,7159,2,7159; 9606,1,1,0,1.0,0.5,0.6666666666666666,0.75,True,True
PXD005908,1,4565,1,4565,1,0,0,1.0,1.0,1.0,1.0,True,True
PXD005924,1,562,1,562,1,0,0,1.0,1.0,1.0,1.0,True,False
PXD005981,1,9606,2,562; 9606,1,1,0,1.0,0.5,0.6666666666666666,0.75,True,True
PXD006034,1,29058,2,10090; 7227,0,2,1,0.0,0.0,0.0,0.0,True,False
PXD006060,1,10029,1,9606,0,1,1,0.0,0.0,0.0,0.0,True,False
PXD006061,1,10029,1,9606,0,1,1,0.0,0.0,0.0,0.0,True,False
PXD006062,1,10029,1,9606,0,1,1,0.0,0.0,0.0,0.0,True,False
PXD006063,1,10029,1,10116,0,1,1,0.0,0.0,0.0,0.0,True,False
PXD006087,1,10090,2,10090; 9913,1,1,0,1.0,0.5,0.6666666666666666,0.75,True,True
PXD006106,1,9606,1,9606,1,0,0,1.0,1.0,1.0,1.0,True,True
PXD006143,1,1581419,1,9606,0,1,1,0.0,0.0,0.0,0.0,True,False
PXD006144,1,10090,1,10090,1,0,0,1.0,1.0,1.0,1.0,True,False
PXD006156,1,9606,2,9606; 9913,1,1,0,1.0,0.5,0.6666666666666666,0.75,True,True
PXD006199,1,9606,2,10090; 9606,1,1,0,1.0,0.5,0.6666666666666666,0.75,True,True
PXD006200,1,9606,1,9606,1,0,0,1.0,1.0,1.0,1.0,True,True
PXD006215,1,9606,1,9606,1,0,0,1.0,1.0,1.0,1.0,True,False
PXD006246,1,7227,1,7227,1,0,0,1.0,1.0,1.0,1.0,True,True
PXD006360,1,8801,1,9031,0,1,1,0.0,0.0,0.0,0.0,True,False
PXD006403,1,10376,1,10376,1,0,0,1.0,1.0,1.0,1.0,False,True
PXD006459,1,9606,1,9606,1,0,0,1.0,1.0,1.0,1.0,False,True
PXD006503,1,9606,1,9606,1,0,0,1.0,1.0,1.0,1.0,True,True
PXD006504,1,212790,0,,0,0,1,,,,,False,False
PXD006506,1,212790,0,,0,0,1,,,,,False,False
PXD006541,1,9606,2,9606; 9913,1,1,0,1.0,0.5,0.6666666666666666,0.75,True,True
PXD006599,1,3847,1,10116,0,1,1,0.0,0.0,0.0,0.0,True,False
PXD006600,1,3847,1,10116,0,1,1,0.0,0.0,0.0,0.0,True,False
PXD006603,1,9606,1,9606,1,0,0,1.0,1.0,1.0,1.0,True,True
PXD006648,1,9606,1,9606,1,0,0,1.0,1.0,1.0,1.0,True,False
PXD006653,1,9606,1,9606,1,0,0,1.0,1.0,1.0,1.0,True,True
PXD006688,1,408172,1,9606,0,1,1,0.0,0.0,0.0,0.0,True,False
PXD006705,1,9606,1,9606,1,0,0,1.0,1.0,1.0,1.0,True,True
PXD006738,1,9606,2,9606; 9913,1,1,0,1.0,0.5,0.6666666666666666,0.75,True,True
PXD006741,1,9606,1,9606,1,0,0,1.0,1.0,1.0,1.0,True,True
PXD006766,1,562,1,562,1,0,0,1.0,1.0,1.0,1.0,True,False
PXD006769,1,9606,2,10090; 9913,0,2,1,0.0,0.0,0.0,0.0,True,True
PXD006809,1,9606,1,9606,1,0,0,1.0,1.0,1.0,1.0,True,False
PXD006856,1,9606,1,9606,1,0,0,1.0,1.0,1.0,1.0,True,True
PXD006884,1,562,1,562,1,0,0,1.0,1.0,1.0,1.0,False,True
PXD006904,1,10116,1,10116,1,0,0,1.0,1.0,1.0,1.0,True,True
PXD006928,1,9606,1,9606,1,0,0,1.0,1.0,1.0,1.0,True,True
PXD006938,1,9606,2,562; 9606,1,1,0,1.0,0.5,0.6666666666666666,0.75,True,True
PXD007036,1,9606,1,9606,1,0,0,1.0,1.0,1.0,1.0,True,True
PXD007118,1,10090,1,10090,1,0,0,1.0,1.0,1.0,1.0,True,True
PXD007135,1,9305,4,8355; 93063; 9606; 9796,0,4,1,0.0,0.0,0.0,0.0,True,True
PXD007236,1,5691,1,5691,1,0,0,1.0,1.0,1.0,1.0,True,False
PXD007243,1,4565,1,4565,1,0,0,1.0,1.0,1.0,1.0,True,True
PXD007253,1,9606,1,9606,1,0,0,1.0,1.0,1.0,1.0,True,True
PXD007266,1,196114,0,,0,0,1,,,,,False,False
PXD007273,1,562,1,562,1,0,0,1.0,1.0,1.0,1.0,False,True
PXD007287,1,9606,1,9606,1,0,0,1.0,1.0,1.0,1.0,True,True
PXD007289,1,470,2,470; 562,1,1,0,1.0,0.5,0.6666666666666666,0.75,True,True
PXD007564,1,36329,1,5833,1,0,0,1.0,1.0,1.0,1.0,True,True
PXD007584,1,9606,1,9606,1,0,0,1.0,1.0,1.0,1.0,True,True
PXD007628,2,10090; 5823,5,"10090; 9606; 9913; TaxID = 10,090; TaxID = 5,823",1,4,1,0.5,0.2,0.28571428571428575,0.35,True,True
PXD007651,1,562,1,562,1,0,0,1.0,1.0,1.0,1.0,True,False
PXD007676,1,272634,1,9796,0,1,1,0.0,0.0,0.0,0.0,True,False
PXD007681,5,1270; 1423; 294; 562; 882,7,10090; 1280; 216816; 562; 818; 9031; 9606,1,6,4,0.2,0.14285714285714285,0.16666666666666666,0.17142857142857143,True,False
PXD007716,1,9606,1,9606,1,0,0,1.0,1.0,1.0,1.0,True,False
PXD007753,1,3702,1,3702,1,0,0,1.0,1.0,1.0,1.0,True,True
PXD007769,1,9606,1,9606,1,0,0,1.0,1.0,1.0,1.0,True,False
PXD007852,1,1581419,2,10090; 9606,0,2,1,0.0,0.0,0.0,0.0,True,False
PXD007864,1,562,2,10090; 562,1,1,0,1.0,0.5,0.6666666666666666,0.75,True,True
PXD007867,1,9606,1,9606,1,0,0,1.0,1.0,1.0,1.0,True,True
PXD007932,1,106299,1,9606,0,1,1,0.0,0.0,0.0,0.0,True,False
PXD007953,1,1280,2,1280; 9606,1,1,0,1.0,0.5,0.6666666666666666,0.75,True,True
PXD007978,1,1050258,2,5833; 9606,1,1,0,1.0,0.5,0.6666666666666666,0.75,True,False
PXD007981,1,10090,1,10090,1,0,0,1.0,1.0,1.0,1.0,True,False
PXD007988,1,9606,1,9606,1,0,0,1.0,1.0,1.0,1.0,True,True
PXD008025,1,72859,0,,0,0,1,,,,,False,False
PXD008108,1,9606,2,10090; 9606,1,1,0,1.0,0.5,0.6666666666666666,0.75,True,True
PXD008113,1,562,1,562,1,0,0,1.0,1.0,1.0,1.0,True,False
PXD008137,1,9606,1,10029,0,1,1,0.0,0.0,0.0,0.0,False,True
PXD008150,1,9606,1,9606,1,0,0,1.0,1.0,1.0,1.0,True,True
PXD008164,1,36329,2,5833; 9606,1,1,0,1.0,0.5,0.6666666666666666,0.75,True,True
PXD008203,1,4932,1,4932,1,0,0,1.0,1.0,1.0,1.0,True,True
PXD008215,1,9606,1,9606,1,0,0,1.0,1.0,1.0,1.0,True,True
PXD008245,1,4896,3,4896; 5476; 9606,1,2,0,1.0,0.3333333333333333,0.5,0.6666666666666666,True,True
PXD008246,1,9606,1,9606,1,0,0,1.0,1.0,1.0,1.0,True,True
PXD008257,1,8030,2,7955; 8030,1,1,0,1.0,0.5,0.6666666666666666,0.75,True,True
PXD008285,1,4565,0,,0,0,1,,,,,False,False
PXD008298,1,4565,1,4565,1,0,0,1.0,1.0,1.0,1.0,True,False
PXD008310,1,9606,1,9606,1,0,0,1.0,1.0,1.0,1.0,True,False
PXD008320,1,9606,1,9606,1,0,0,1.0,1.0,1.0,1.0,True,True
PXD008341,1,10116,2,10116; 562,1,1,0,1.0,0.5,0.6666666666666666,0.75,True,True
PXD008378,1,9606,1,9606,1,0,0,1.0,1.0,1.0,1.0,True,True
PXD008400,1,9606,1,9606,1,0,0,1.0,1.0,1.0,1.0,False,True
PXD008401,1,9606,0,,0,0,1,,,,,False,False
PXD008486,4,8839; 9031; 9913; 9940,7,562; 8839; 9031; 9606; 9823; 9913; 9940,4,3,0,1.0,0.5714285714285714,0.7272727272727273,0.7857142857142857,True,True
PXD008510,1,72491,2,10090; 9606,0,2,1,0.0,0.0,0.0,0.0,True,False
PXD008644,1,930945,1,9606,0,1,1,0.0,0.0,0.0,0.0,True,False
PXD008690,1,741258,2,10090; 9606,0,2,1,0.0,0.0,0.0,0.0,True,False
PXD008704,1,213401,1,3702,0,1,1,0.0,0.0,0.0,0.0,True,False
PXD008718,2,10090; 9606,5,10090; 562; 9606; 9823; 9913,2,3,0,1.0,0.4,0.5714285714285715,0.7,True,False
PXD008842,1,9606,1,9606,1,0,0,1.0,1.0,1.0,1.0,True,True
PXD008855,2,9606; 9913,2,9606; 9823,1,1,1,0.5,0.5,0.5,0.5,True,False
PXD008875,1,10090,1,10090,1,0,0,1.0,1.0,1.0,1.0,True,True
PXD008897,1,9606,1,9606,1,0,0,1.0,1.0,1.0,1.0,True,False
PXD008899,1,9606,1,9606,1,0,0,1.0,1.0,1.0,1.0,False,True
PXD008950,1,9606,1,9606,1,0,0,1.0,1.0,1.0,1.0,True,False
PXD008981,1,27779,1,9913,0,1,1,0.0,0.0,0.0,0.0,True,False
PXD008982,1,27779,2,9606; 9913,0,2,1,0.0,0.0,0.0,0.0,True,False
PXD009010,1,10090,2,10116; 9913,0,2,1,0.0,0.0,0.0,0.0,True,True
PXD009079,1,9606,2,562; 9606,1,1,0,1.0,0.5,0.6666666666666666,0.75,True,True
PXD009091,1,4530,2,39947; 4530,1,0,0,1.0,1.0,1.0,1.0,True,True
PXD009143,1,10090,2,10090; 9913,1,1,0,1.0,0.5,0.6666666666666666,0.75,True,True
PXD009190,1,9913,1,9913,1,0,0,1.0,1.0,1.0,1.0,True,True
PXD009265,3,36329; 562; 9606,4,562; 9606; 9796; 9913,2,2,1,0.6666666666666666,0.5,0.5714285714285715,0.5833333333333333,True,False
PXD009266,1,9606,1,9606,1,0,0,1.0,1.0,1.0,1.0,True,True
PXD009281,1,9606,1,9606,1,0,0,1.0,1.0,1.0,1.0,True,True
PXD009298,2,9031; 9913,7,10090; 8839; 9031; 9606; 9823; 9913; 9940,2,5,0,1.0,0.2857142857142857,0.4444444444444445,0.6428571428571428,True,True
PXD009327,1,9606,1,9606,1,0,0,1.0,1.0,1.0,1.0,True,True
PXD009364,1,10090,1,10090,1,0,0,1.0,1.0,1.0,1.0,False,True
PXD009375,1,3055,1,3055,1,0,0,1.0,1.0,1.0,1.0,True,True
PXD009390,1,10090,2,10090; 9606,1,1,0,1.0,0.5,0.6666666666666666,0.75,True,True
PXD009442,1,9606,1,9606,1,0,0,1.0,1.0,1.0,1.0,True,False
PXD009503,1,10090,2,10090; 9606,1,1,0,1.0,0.5,0.6666666666666666,0.75,True,True
PXD009573,1,9606,1,9606,1,0,0,1.0,1.0,1.0,1.0,True,True
PXD009584,1,139927,3,10090; 1280; 562,0,3,1,0.0,0.0,0.0,0.0,True,False
PXD009645,1,9606,1,9606,1,0,0,1.0,1.0,1.0,1.0,True,True
PXD009648,1,4932,1,4932,1,0,0,1.0,1.0,1.0,1.0,True,False
PXD009677,1,9606,2,562; 9606,1,1,0,1.0,0.5,0.6666666666666666,0.75,True,True
PXD009709,1,9606,1,9606,1,0,0,1.0,1.0,1.0,1.0,True,True
PXD009724,1,9606,1,9606,1,0,0,1.0,1.0,1.0,1.0,True,False
PXD009731,1,9606,1,9606,1,0,0,1.0,1.0,1.0,1.0,True,False
PXD009748,1,9606,1,9606,1,0,0,1.0,1.0,1.0,1.0,True,False
PXD009777,1,9606,1,9606,1,0,0,1.0,1.0,1.0,1.0,False,True
PXD009807,1,9606,2,10090; 9606,1,1,0,1.0,0.5,0.6666666666666666,0.75,True,True
PXD009838,1,9606,3,10090; 9606; 9913,1,2,0,1.0,0.3333333333333333,0.5,0.6666666666666666,True,True
PXD009857,1,10090,1,10090,1,0,0,1.0,1.0,1.0,1.0,True,True
PXD009864,1,95602,2,7227; 9606,0,2,1,0.0,0.0,0.0,0.0,True,False
PXD009897,1,9606,0,,0,0,1,,,,,False,False
PXD009951,1,4932,1,4932,1,0,0,1.0,1.0,1.0,1.0,True,True
PXD010145,2,9606; 9825,2,9606; 9823,2,0,0,1.0,1.0,1.0,1.0,True,True
PXD010173,1,9606,0,,0,0,1,,,,,False,False
PXD010197,1,3702,2,3702; 9606,1,1,0,1.0,0.5,0.6666666666666666,0.75,True,True
PXD010217,1,9606,1,9606,1,0,0,1.0,1.0,1.0,1.0,True,True
PXD010312,1,9606,1,9606,1,0,0,1.0,1.0,1.0,1.0,True,True
PXD010405,1,5691,1,5691,1,0,0,1.0,1.0,1.0,1.0,True,False
PXD010406,1,9606,1,9606,1,0,0,1.0,1.0,1.0,1.0,True,False
PXD010407,1,38581,1,5691,0,1,1,0.0,0.0,0.0,0.0,True,False
PXD010409,1,5691,1,5691,1,0,0,1.0,1.0,1.0,1.0,True,False
PXD010470,1,90371,1,562,0,1,1,0.0,0.0,0.0,0.0,True,False
PXD010474,1,9606,1,9606,1,0,0,1.0,1.0,1.0,1.0,True,True
PXD010548,1,7227,1,4565,0,1,1,0.0,0.0,0.0,0.0,True,False
PXD010549,1,7227,1,7227,1,0,0,1.0,1.0,1.0,1.0,True,True
PXD010579,1,9606,1,9606,1,0,0,1.0,1.0,1.0,1.0,True,False
PXD010598,1,9606,1,9606,1,0,0,1.0,1.0,1.0,1.0,True,False
PXD010660,1,4932,1,4932,1,0,0,1.0,1.0,1.0,1.0,True,True
PXD010670,1,10090,3,10090; 9606; 9913,1,2,0,1.0,0.3333333333333333,0.5,0.6666666666666666,True,True
PXD010704,1,4932,1,4932,1,0,0,1.0,1.0,1.0,1.0,False,True
PXD010720,1,149040,2,562; 9606,0,2,1,0.0,0.0,0.0,0.0,True,False
PXD010783,1,9606,1,9606,1,0,0,1.0,1.0,1.0,1.0,False,True
PXD010870,1,9606,1,9606,1,0,0,1.0,1.0,1.0,1.0,True,True
PXD010885,1,9606,1,9606,1,0,0,1.0,1.0,1.0,1.0,True,True
PXD010941,1,9606,1,9606,1,0,0,1.0,1.0,1.0,1.0,True,True
PXD010952,1,8839,2,8839; 9031,1,1,0,1.0,0.5,0.6666666666666666,0.75,True,True
PXD010963,1,9606,1,9606,1,0,0,1.0,1.0,1.0,1.0,True,True
PXD010967,1,1522178,0,,0,0,1,,,,,False,False
PXD011011,1,9825,2,562; 9823,1,1,0,1.0,0.5,0.6666666666666666,0.75,True,True
PXD011055,1,9606,1,9606,1,0,0,1.0,1.0,1.0,1.0,True,True
PXD011096,1,5823,1,9606,0,1,1,0.0,0.0,0.0,0.0,True,False
PXD011118,26,1351; 2242; 31646; 3702; 3708; 3715; 3818; 3827; 44689; 4513; 5476; 562; 6239; 7029; 7091; 7227; 7460; 7634; 7955; 8049; 85963; 9031; 9534; 9606; 9796; 9913,8,10090; 10116; 8355; 9031; 9606; 9796; 9823; 9913,4,4,22,0.15384615384615385,0.5,0.23529411764705882,0.3269230769230769,True,True
PXD011123,1,9606,1,9606,1,0,0,1.0,1.0,1.0,1.0,True,False
PXD011126,1,9606,2,9606; 9913,1,1,0,1.0,0.5,0.6666666666666666,0.75,True,False
PXD011164,1,10090,1,9606,0,1,1,0.0,0.0,0.0,0.0,True,True
PXD011237,1,9606,1,9606,1,0,0,1.0,1.0,1.0,1.0,True,False
PXD011241,1,9606,2,9606; 9913,1,1,0,1.0,0.5,0.6666666666666666,0.75,True,True
PXD011256,1,9606,1,9606,1,0,0,1.0,1.0,1.0,1.0,True,True
PXD011273,1,6945,2,10090; 6945,1,1,0,1.0,0.5,0.6666666666666666,0.75,True,True
PXD011356,1,9606,1,9606,1,0,0,1.0,1.0,1.0,1.0,True,True
PXD011368,1,9606,1,9606,1,0,0,1.0,1.0,1.0,1.0,True,False
PXD011395,1,9606,1,9606,1,0,0,1.0,1.0,1.0,1.0,True,False
PXD011452,1,192222,1,197,1,0,0,1.0,1.0,1.0,1.0,False,True
PXD011481,1,28034,1,818,0,1,1,0.0,0.0,0.0,0.0,True,False
PXD011496,1,9606,2,10090; 9606,1,1,0,1.0,0.5,0.6666666666666666,0.75,True,True
PXD011504,2,178606; 28034,1,9606,0,1,2,0.0,0.0,0.0,0.0,True,False
PXD011505,1,178606,1,562,0,1,1,0.0,0.0,0.0,0.0,True,False
PXD011507,1,33059,1,562,0,1,1,0.0,0.0,0.0,0.0,True,False
PXD011540,3,178606; 28034; 33059,1,562,0,1,3,0.0,0.0,0.0,0.0,True,False
PXD011542,1,3702,1,3702,1,0,0,1.0,1.0,1.0,1.0,True,True
PXD011556,1,1579,1,9913,0,1,1,0.0,0.0,0.0,0.0,True,False
PXD011565,1,3702,2,3702; 562,1,1,0,1.0,0.5,0.6666666666666666,0.75,True,True
PXD011583,3,10090; 537209; 9606,7,1773; 216816; 562; 818; 9606; 9823; 9913,2,5,1,0.6666666666666666,0.2857142857142857,0.4,0.47619047619047616,True,True
PXD011743,1,9606,1,9606,1,0,0,1.0,1.0,1.0,1.0,False,True
PXD011765,1,9606,2,4932; 9606,1,1,0,1.0,0.5,0.6666666666666666,0.75,True,True
PXD011779,2,10090; 439488,3,10090; 9606; 9913,1,2,1,0.5,0.3333333333333333,0.4,0.41666666666666663,True,True
PXD011783,1,10090,1,10090,1,0,0,1.0,1.0,1.0,1.0,True,True
PXD011786,1,9606,1,9606,1,0,0,1.0,1.0,1.0,1.0,True,True
PXD011859,1,6239,1,6239,1,0,0,1.0,1.0,1.0,1.0,False,True
PXD011863,1,33059,1,562,0,1,1,0.0,0.0,0.0,0.0,True,False
PXD011869,1,10090,1,10090,1,0,0,1.0,1.0,1.0,1.0,True,True
PXD011918,1,10116,2,10090; 9913,0,2,1,0.0,0.0,0.0,0.0,True,True
PXD011921,1,28034,1,818,0,1,1,0.0,0.0,0.0,0.0,True,False
PXD011935,1,4932,2,4932; 9606,1,1,0,1.0,0.5,0.6666666666666666,0.75,True,True
PXD011968,1,9606,1,9606,1,0,0,1.0,1.0,1.0,1.0,True,False
PXD011986,1,10090,1,10090,1,0,0,1.0,1.0,1.0,1.0,True,False
PXD011999,1,9606,1,9606,1,0,0,1.0,1.0,1.0,1.0,False,True
PXD012003,1,9606,1,9606,1,0,0,1.0,1.0,1.0,1.0,True,True
PXD012023,1,562,2,562; 83333,1,0,0,1.0,1.0,1.0,1.0,True,True
PXD012045,1,9606,1,9606,1,0,0,1.0,1.0,1.0,1.0,False,True
PXD012068,1,10090,2,10090; 562,1,1,0,1.0,0.5,0.6666666666666666,0.75,True,True
PXD012106,3,1328881; 1817808; 287889,4,6239; 7227; 7955; 8355,0,4,3,0.0,0.0,0.0,0.0,True,False
PXD012141,1,9913,1,9913,1,0,0,1.0,1.0,1.0,1.0,True,True
PXD012163,1,9606,1,9606,1,0,0,1.0,1.0,1.0,1.0,False,True
PXD012175,1,10116,1,10116,1,0,0,1.0,1.0,1.0,1.0,False,True
PXD012231,1,9913,1,9913,1,0,0,1.0,1.0,1.0,1.0,True,False
PXD012291,1,623,1,9606,0,1,1,0.0,0.0,0.0,0.0,True,False
PXD012335,1,562,1,562,1,0,0,1.0,1.0,1.0,1.0,True,True
PXD012337,1,10090,1,10090,1,0,0,1.0,1.0,1.0,1.0,True,True
PXD012398,1,3635,1,3702,0,1,1,0.0,0.0,0.0,0.0,True,False
PXD012422,1,9606,1,9606,1,0,0,1.0,1.0,1.0,1.0,True,True
PXD012437,1,9606,1,9606,1,0,0,1.0,1.0,1.0,1.0,True,True
PXD012443,1,4442,2,3702; 3735,0,2,1,0.0,0.0,0.0,0.0,True,True
PXD012466,1,1440772,0,,0,0,1,,,,,False,False
PXD012488,1,9606,1,9606,1,0,0,1.0,1.0,1.0,1.0,True,False
PXD012525,1,9913,1,9913,1,0,0,1.0,1.0,1.0,1.0,True,False
PXD012532,1,246197,1,562,0,1,1,0.0,0.0,0.0,0.0,True,False
PXD012563,1,10090,1,10090,1,0,0,1.0,1.0,1.0,1.0,True,False
PXD012640,1,9606,1,9606,1,0,0,1.0,1.0,1.0,1.0,True,True
PXD012660,1,9606,1,9606,1,0,0,1.0,1.0,1.0,1.0,False,True
PXD012666,1,4565,1,4565,1,0,0,1.0,1.0,1.0,1.0,True,True
PXD012669,1,9606,1,9606,1,0,0,1.0,1.0,1.0,1.0,True,False
PXD012693,1,10090,1,10090,1,0,0,1.0,1.0,1.0,1.0,True,True
PXD012723,1,9606,3,562; 8355; 9606,1,2,0,1.0,0.3333333333333333,0.5,0.6666666666666666,True,True
PXD012729,1,9606,1,9606,1,0,0,1.0,1.0,1.0,1.0,True,False
PXD012733,1,9606,1,9606,1,0,0,1.0,1.0,1.0,1.0,False,True
PXD012734,1,9606,1,9606,1,0,0,1.0,1.0,1.0,1.0,True,True
PXD012779,1,266495,1,9606,0,1,1,0.0,0.0,0.0,0.0,True,False
PXD012780,1,178606,1,562,0,1,1,0.0,0.0,0.0,0.0,True,False
PXD012783,1,178606,1,562,0,1,1,0.0,0.0,0.0,0.0,True,False
PXD012799,1,1241935,0,,0,0,1,,,,,False,False
PXD012811,1,10090,2,10090; 9606,1,1,0,1.0,0.5,0.6666666666666666,0.75,True,True
PXD012827,1,6945,1,7227,0,1,1,0.0,0.0,0.0,0.0,True,False
PXD012837,1,9606,2,10090; 9606,1,1,0,1.0,0.5,0.6666666666666666,0.75,True,True
PXD012894,1,10090,2,10090; 562,1,1,0,1.0,0.5,0.6666666666666666,0.75,True,True
PXD012895,1,9606,1,10090,0,1,1,0.0,0.0,0.0,0.0,False,True
PXD012942,1,9606,1,9606,1,0,0,1.0,1.0,1.0,1.0,True,False
PXD012960,1,9606,1,9606,1,0,0,1.0,1.0,1.0,1.0,True,True
PXD012966,1,9606,2,1280; 9606,1,1,0,1.0,0.5,0.6666666666666666,0.75,True,True
PXD013000,1,638301,0,,0,0,1,,,,,False,False
PXD013040,1,9913,1,9913,1,0,0,1.0,1.0,1.0,1.0,True,True
PXD013060,1,9606,1,9606,1,0,0,1.0,1.0,1.0,1.0,True,True
PXD013127,1,9606,1,9606,1,0,0,1.0,1.0,1.0,1.0,True,False
PXD013216,1,9606,1,9606,1,0,0,1.0,1.0,1.0,1.0,True,True
PXD013292,1,562,1,562,1,0,0,1.0,1.0,1.0,1.0,True,False
PXD013309,1,9606,1,9606,1,0,0,1.0,1.0,1.0,1.0,True,True
PXD013325,1,3702,1,3702,1,0,0,1.0,1.0,1.0,1.0,True,False
PXD013349,1,9606,1,9606,1,0,0,1.0,1.0,1.0,1.0,True,True
PXD013429,1,9606,1,9606,1,0,0,1.0,1.0,1.0,1.0,True,True
PXD013432,1,6039,1,9823,0,1,1,0.0,0.0,0.0,0.0,True,False
PXD013445,1,9606,1,9606,1,0,0,1.0,1.0,1.0,1.0,False,True
PXD013457,1,5476,1,5476,1,0,0,1.0,1.0,1.0,1.0,True,True
PXD013484,1,9606,1,9606,1,0,0,1.0,1.0,1.0,1.0,True,False
PXD013495,1,3702,1,3702,1,0,0,1.0,1.0,1.0,1.0,True,False
PXD013508,1,10090,1,9606,0,1,1,0.0,0.0,0.0,0.0,False,True
PXD013517,1,9606,1,9606,1,0,0,1.0,1.0,1.0,1.0,True,True
PXD013599,1,9606,1,9606,1,0,0,1.0,1.0,1.0,1.0,True,True
PXD013601,1,9606,0,,0,0,1,,,,,False,False
PXD013676,1,9606,1,9606,1,0,0,1.0,1.0,1.0,1.0,False,True
PXD013685,1,9606,1,9606,1,0,0,1.0,1.0,1.0,1.0,True,True
PXD013731,1,435258,2,10090; 5691,0,2,1,0.0,0.0,0.0,0.0,True,False
PXD013744,1,9606,2,10090; 9606,1,1,0,1.0,0.5,0.6666666666666666,0.75,True,True
PXD013836,1,9606,1,9606,1,0,0,1.0,1.0,1.0,1.0,False,True
PXD013838,1,9604,0,,0,0,1,,,,,False,False
PXD013856,1,9606,2,10090; 9606,1,1,0,1.0,0.5,0.6666666666666666,0.75,True,True
PXD013873,1,10116,2,10036; 10116,1,1,0,1.0,0.5,0.6666666666666666,0.75,False,True
PXD013875,1,353153,2,5691; 9606,0,2,1,0.0,0.0,0.0,0.0,True,True
PXD013876,1,353153,2,5691; 5693,1,1,0,1.0,0.5,0.6666666666666666,0.75,True,True
PXD013878,1,353153,2,5693; 9913,1,1,0,1.0,0.5,0.6666666666666666,0.75,True,True
PXD013880,1,353153,2,5693; 9913,1,1,0,1.0,0.5,0.6666666666666666,0.75,True,True
PXD013882,1,353153,2,569; 5691,0,2,1,0.0,0.0,0.0,0.0,True,True
PXD013901,1,353153,1,9913,0,1,1,0.0,0.0,0.0,0.0,True,False
PXD013933,1,237561,1,5476,1,0,0,1.0,1.0,1.0,1.0,True,True
PXD013952,1,10090,0,,0,0,1,,,,,False,False
PXD014003,1,562,2,562; 9606,1,1,0,1.0,0.5,0.6666666666666666,0.75,True,True
PXD014009,1,10116,1,10116,1,0,0,1.0,1.0,1.0,1.0,True,True
PXD014029,1,9606,1,9606,1,0,0,1.0,1.0,1.0,1.0,False,True
PXD014057,1,1390,1,562,0,1,1,0.0,0.0,0.0,0.0,True,False
PXD014077,1,929439,1,5691,0,1,1,0.0,0.0,0.0,0.0,True,False
PXD014105,1,9606,1,9606,1,0,0,1.0,1.0,1.0,1.0,True,True
PXD014111,1,9606,1,9606,1,0,0,1.0,1.0,1.0,1.0,True,False
PXD014142,1,10090,1,10090,1,0,0,1.0,1.0,1.0,1.0,True,True
PXD014164,1,10090,3,10090; 562; 9606,1,2,0,1.0,0.3333333333333333,0.5,0.6666666666666666,True,True
PXD014344,1,562,0,,0,0,1,,,,,False,False
PXD014382,1,9606,1,9606,1,0,0,1.0,1.0,1.0,1.0,True,True
PXD014472,1,7227,1,7227,1,0,0,1.0,1.0,1.0,1.0,True,True
PXD014473,1,9606,1,9606,1,0,0,1.0,1.0,1.0,1.0,True,True
PXD014498,1,10116,1,10116,1,0,0,1.0,1.0,1.0,1.0,False,True
PXD014520,1,9606,1,9606,1,0,0,1.0,1.0,1.0,1.0,True,False
PXD014547,1,29722,0,,0,0,1,,,,,False,False
PXD014566,1,224308,2,1423; 9606,1,1,0,1.0,0.5,0.6666666666666666,0.75,True,True
PXD014631,1,10090,3,10090; 9606; 9913,1,2,0,1.0,0.3333333333333333,0.5,0.6666666666666666,True,True
PXD014663,1,58002,1,7227,0,1,1,0.0,0.0,0.0,0.0,True,False
PXD014678,1,9606,1,9606,1,0,0,1.0,1.0,1.0,1.0,True,True
PXD014685,1,9913,2,9606; 9823,0,2,1,0.0,0.0,0.0,0.0,True,True
PXD014731,1,9606,1,9606,1,0,0,1.0,1.0,1.0,1.0,True,True
PXD014735,1,5755,0,,0,0,1,,,,,False,False
PXD014738,1,209285,1,562,0,1,1,0.0,0.0,0.0,0.0,True,False
PXD014840,1,9606,1,9606,1,0,0,1.0,1.0,1.0,1.0,True,False
PXD014848,1,10116,1,10116,1,0,0,1.0,1.0,1.0,1.0,True,True
PXD014853,1,9606,1,9606,1,0,0,1.0,1.0,1.0,1.0,True,True
PXD014871,1,9606,1,9606,1,0,0,1.0,1.0,1.0,1.0,True,True
PXD014915,1,9606,1,9606,1,0,0,1.0,1.0,1.0,1.0,False,True
PXD014916,1,284593,2,4932; 5476,0,2,1,0.0,0.0,0.0,0.0,True,True
PXD014968,1,658457,2,286; 562,0,2,1,0.0,0.0,0.0,0.0,True,True
PXD014974,1,309800,1,2246,1,0,0,1.0,1.0,1.0,1.0,True,True
PXD014988,1,9606,1,9606,1,0,0,1.0,1.0,1.0,1.0,True,True
PXD015025,1,4932,2,4932; 9606,1,1,0,1.0,0.5,0.6666666666666666,0.75,True,True
PXD015031,1,5810,2,10090; 5811,0,2,1,0.0,0.0,0.0,0.0,True,True
PXD015047,1,9606,0,,0,0,1,,,,,False,False
PXD015141,1,9606,1,9606,1,0,0,1.0,1.0,1.0,1.0,True,False
PXD015178,1,10116,1,9606,0,1,1,0.0,0.0,0.0,0.0,True,False
PXD015218,1,10090,1,9606,0,1,1,0.0,0.0,0.0,0.0,True,True
PXD015234,1,9913,1,9913,1,0,0,1.0,1.0,1.0,1.0,True,True
PXD015255,1,9606,1,9606,1,0,0,1.0,1.0,1.0,1.0,True,True
PXD015283,1,9606,1,9606,1,0,0,1.0,1.0,1.0,1.0,True,True
PXD015298,1,7108,1,9606,0,1,1,0.0,0.0,0.0,0.0,True,True
PXD015349,1,562,2,562; 9606,1,1,0,1.0,0.5,0.6666666666666666,0.75,True,True
PXD015351,1,9606,1,9606,1,0,0,1.0,1.0,1.0,1.0,True,True
PXD015358,1,9606,1,9606,1,0,0,1.0,1.0,1.0,1.0,False,True
PXD015377,1,9606,2,9606; 9913,1,1,0,1.0,0.5,0.6666666666666666,0.75,True,False
PXD015389,1,9606,1,9606,1,0,0,1.0,1.0,1.0,1.0,True,True
PXD015391,1,9606,1,9606,1,0,0,1.0,1.0,1.0,1.0,True,True
PXD015441,1,9606,1,9606,1,0,0,1.0,1.0,1.0,1.0,True,False
PXD015445,1,9606,1,9606,1,0,0,1.0,1.0,1.0,1.0,True,True
PXD015454,1,9606,1,9606,1,0,0,1.0,1.0,1.0,1.0,True,True
PXD015474,1,9606,1,9606,1,0,0,1.0,1.0,1.0,1.0,True,True
PXD015548,1,6239,2,562; 6239,1,1,0,1.0,0.5,0.6666666666666666,0.75,True,True
PXD015631,1,592010,1,9913,0,1,1,0.0,0.0,0.0,0.0,True,False
PXD015639,1,9606,1,9606,1,0,0,1.0,1.0,1.0,1.0,True,False
PXD015651,1,9606,2,9606; 9913,1,1,0,1.0,0.5,0.6666666666666666,0.75,True,True
PXD015656,1,9606,1,9606,1,0,0,1.0,1.0,1.0,1.0,True,True
PXD015659,1,9606,2,9606; 9913,1,1,0,1.0,0.5,0.6666666666666666,0.75,True,True
PXD015662,1,9606,1,9606,1,0,0,1.0,1.0,1.0,1.0,True,False
PXD015672,1,10090,1,10090,1,0,0,1.0,1.0,1.0,1.0,True,True
PXD015673,1,9606,1,9606,1,0,0,1.0,1.0,1.0,1.0,True,False
PXD015684,1,9606,1,9606,1,0,0,1.0,1.0,1.0,1.0,True,False
PXD015787,1,9606,2,562; 9606,1,1,0,1.0,0.5,0.6666666666666666,0.75,True,True
PXD015790,1,9606,1,9606,1,0,0,1.0,1.0,1.0,1.0,True,True
PXD015791,1,9606,2,10090; 9606,1,1,0,1.0,0.5,0.6666666666666666,0.75,True,True
PXD015793,1,759272,1,9606,0,1,1,0.0,0.0,0.0,0.0,True,False
PXD015800,2,2110; 272634,5,562; 9606; 9796; 9823; 9913,0,5,2,0.0,0.0,0.0,0.0,True,False
PXD015810,1,29159,2,29159; 9606,1,1,0,1.0,0.5,0.6666666666666666,0.75,True,True
PXD015824,1,9606,1,9606,1,0,0,1.0,1.0,1.0,1.0,True,False
PXD015854,1,10090,2,10090; 9606,1,1,0,1.0,0.5,0.6666666666666666,0.75,True,True
PXD015949,1,10090,1,10090,1,0,0,1.0,1.0,1.0,1.0,False,True
PXD015964,1,152335,1,1590,0,1,1,0.0,0.0,0.0,0.0,True,False
PXD015978,1,9606,1,9606,1,0,0,1.0,1.0,1.0,1.0,False,True
PXD015986,1,5911,1,9606,0,1,1,0.0,0.0,0.0,0.0,True,False
PXD016007,1,9606,1,9606,1,0,0,1.0,1.0,1.0,1.0,True,False
PXD016097,1,10116,1,10116,1,0,0,1.0,1.0,1.0,1.0,True,True
PXD016103,1,9606,1,9606,1,0,0,1.0,1.0,1.0,1.0,False,True
PXD016112,1,10090,1,10090,1,0,0,1.0,1.0,1.0,1.0,False,True
PXD016145,1,10090,1,10090,1,0,0,1.0,1.0,1.0,1.0,True,False
PXD016146,1,10116,1,10116,1,0,0,1.0,1.0,1.0,1.0,False,True
PXD016147,1,9606,1,9606,1,0,0,1.0,1.0,1.0,1.0,True,False
PXD016197,1,10090,1,10090,1,0,0,1.0,1.0,1.0,1.0,False,True
PXD016244,1,9606,1,9606,1,0,0,1.0,1.0,1.0,1.0,True,True
PXD016255,1,9825,1,9823,1,0,0,1.0,1.0,1.0,1.0,True,True
PXD016256,1,9606,1,9606,1,0,0,1.0,1.0,1.0,1.0,True,True
PXD016257,1,3702,1,3702,1,0,0,1.0,1.0,1.0,1.0,True,True
PXD016283,1,3702,1,3702,1,0,0,1.0,1.0,1.0,1.0,True,True
PXD016291,1,9606,1,9606,1,0,0,1.0,1.0,1.0,1.0,True,True
PXD016311,2,153009; 990119,2,6239; 9606,0,2,2,0.0,0.0,0.0,0.0,True,False
PXD016313,1,85057,2,10090; 5691,0,2,1,0.0,0.0,0.0,0.0,True,False
PXD016314,1,9606,1,9606,1,0,0,1.0,1.0,1.0,1.0,True,True
PXD016321,1,10090,3,10090; 9606; 9913,1,2,0,1.0,0.3333333333333333,0.5,0.6666666666666666,True,True
PXD016337,1,219813,0,,0,0,1,,,,,False,False
PXD016378,1,9606,1,9606,1,0,0,1.0,1.0,1.0,1.0,True,True
PXD016383,2,383379; 9606,3,10090; 5811; 9606,2,1,0,1.0,0.6666666666666666,0.8,0.8333333333333333,True,True
PXD016385,1,9606,1,9606,1,0,0,1.0,1.0,1.0,1.0,True,True
PXD016422,1,562,1,562,1,0,0,1.0,1.0,1.0,1.0,True,True
PXD016456,1,2850,1,562,0,1,1,0.0,0.0,0.0,0.0,True,False
PXD016468,1,9606,1,9606,1,0,0,1.0,1.0,1.0,1.0,True,True
PXD016518,1,9606,1,562,0,1,1,0.0,0.0,0.0,0.0,False,True
PXD016561,1,6192,2,6239; 9606,0,2,1,0.0,0.0,0.0,0.0,True,False
PXD016577,1,4932,1,4932,1,0,0,1.0,1.0,1.0,1.0,True,True
PXD016606,1,3702,2,3702; TAIR TaxID = 3702,1,1,0,1.0,0.5,0.6666666666666666,0.75,True,True
PXD016661,1,9606,1,9606,1,0,0,1.0,1.0,1.0,1.0,True,False
PXD016702,1,13136,2,2; 9606,0,2,1,0.0,0.0,0.0,0.0,True,True
PXD016781,1,9606,1,9606,1,0,0,1.0,1.0,1.0,1.0,True,True
PXD016814,1,1213463,1,9796,0,1,1,0.0,0.0,0.0,0.0,True,False
PXD016815,1,4932,1,4932,1,0,0,1.0,1.0,1.0,1.0,True,True
PXD016816,1,9606,1,9606,1,0,0,1.0,1.0,1.0,1.0,True,False
PXD016858,1,1524260,1,818,0,1,1,0.0,0.0,0.0,0.0,True,False
PXD016862,1,9606,1,9606,1,0,0,1.0,1.0,1.0,1.0,True,True
PXD016884,1,10090,1,10090,1,0,0,1.0,1.0,1.0,1.0,False,True
PXD016919,1,10090,1,10090,1,0,0,1.0,1.0,1.0,1.0,True,True
PXD016932,1,9606,2,9606; 9913,1,1,0,1.0,0.5,0.6666666666666666,0.75,True,True
PXD017020,1,9031,1,9031,1,0,0,1.0,1.0,1.0,1.0,True,True
PXD017023,1,9606,2,10090; 9606,1,1,0,1.0,0.5,0.6666666666666666,0.75,True,True
PXD017065,1,9606,1,9606,1,0,0,1.0,1.0,1.0,1.0,True,True
PXD017161,1,9606,1,9606,1,0,0,1.0,1.0,1.0,1.0,True,True
PXD017229,1,865859,0,,0,0,1,,,,,False,False
PXD017239,1,9606,1,9606,1,0,0,1.0,1.0,1.0,1.0,True,True
PXD017273,2,10090; 9606,4,10090; 10116; 9606; 9913,2,2,0,1.0,0.5,0.6666666666666666,0.75,True,True
PXD017293,1,116851,1,7955,0,1,1,0.0,0.0,0.0,0.0,True,False
PXD017300,1,5141,1,5141,1,0,0,1.0,1.0,1.0,1.0,False,True
PXD017332,1,9606,1,9606,1,0,0,1.0,1.0,1.0,1.0,True,True
PXD017347,1,10116,2,10116; 9606,1,1,0,1.0,0.5,0.6666666666666666,0.75,True,True
PXD017351,1,10090,1,10090,1,0,0,1.0,1.0,1.0,1.0,True,True
PXD017352,2,562; 6239,3,562; 6239; 9606,2,1,0,1.0,0.6666666666666666,0.8,0.8333333333333333,True,True
PXD017376,1,9606,1,9606,1,0,0,1.0,1.0,1.0,1.0,True,True
PXD017383,1,8355,1,8355,1,0,0,1.0,1.0,1.0,1.0,True,True
PXD017420,1,9825,3,562; 9606; 9823,1,2,0,1.0,0.3333333333333333,0.5,0.6666666666666666,True,True
PXD017425,1,9606,1,9606,1,0,0,1.0,1.0,1.0,1.0,True,True
PXD017432,1,9606,1,9606,1,0,0,1.0,1.0,1.0,1.0,False,True
PXD017508,1,9606,1,9606,1,0,0,1.0,1.0,1.0,1.0,True,True
PXD017518,1,85962,1,9913,0,1,1,0.0,0.0,0.0,0.0,True,False
PXD017524,1,9606,1,9606,1,0,0,1.0,1.0,1.0,1.0,True,True
PXD017610,1,9606,1,9606,1,0,0,1.0,1.0,1.0,1.0,True,True
PXD017642,1,9606,1,562,0,1,1,0.0,0.0,0.0,0.0,True,False
PXD017655,2,10090; 9606,2,9606; 9913,1,1,1,0.5,0.5,0.5,0.5,True,False
PXD017656,1,9606,0,,0,0,1,,,,,False,False
PXD017670,2,10090; 9606,2,10090; 562,1,1,1,0.5,0.5,0.5,0.5,True,True
PXD017716,1,188912,1,3702,0,1,1,0.0,0.0,0.0,0.0,True,False
PXD017762,1,786,2,9031; 9606,0,2,1,0.0,0.0,0.0,0.0,True,False
PXD017772,1,10090,2,10090; 9913,1,1,0,1.0,0.5,0.6666666666666666,0.75,True,True
PXD017792,1,9606,1,562,0,1,1,0.0,0.0,0.0,0.0,True,False
PXD017818,1,1246663,1,9606,0,1,1,0.0,0.0,0.0,0.0,True,False
PXD017836,1,9606,2,1765; 9606,1,1,0,1.0,0.5,0.6666666666666666,0.75,True,True
PXD017847,1,3715,2,3702; 3711,0,2,1,0.0,0.0,0.0,0.0,True,True
PXD017851,1,9606,1,9606,1,0,0,1.0,1.0,1.0,1.0,False,True
PXD017853,1,9606,0,,0,0,1,,,,,False,False
PXD017860,1,9606,1,9606,1,0,0,1.0,1.0,1.0,1.0,False,True
PXD017861,1,9606,1,9606,1,0,0,1.0,1.0,1.0,1.0,False,True
PXD017873,1,1111707,1,9606,0,1,1,0.0,0.0,0.0,0.0,True,False
PXD017964,1,9606,2,562; 9606,1,1,0,1.0,0.5,0.6666666666666666,0.75,True,True
PXD018021,1,9606,1,9606,1,0,0,1.0,1.0,1.0,1.0,True,True
PXD018022,1,556484,0,,0,0,1,,,,,False,False
PXD018040,1,9606,1,9606,1,0,0,1.0,1.0,1.0,1.0,False,True
PXD018045,1,1859,1,9606,0,1,1,0.0,0.0,0.0,0.0,True,False
PXD018059,1,6269,1,6239,0,1,1,0.0,0.0,0.0,0.0,True,False
PXD018090,1,10090,1,10090,1,0,0,1.0,1.0,1.0,1.0,True,True
PXD018096,1,92683,1,9031,0,1,1,0.0,0.0,0.0,0.0,True,False
PXD018112,1,330879,1,9606,0,1,1,0.0,0.0,0.0,0.0,True,False
PXD018124,1,9606,1,9606,1,0,0,1.0,1.0,1.0,1.0,False,True
PXD018147,1,10090,2,10090; 9606,1,1,0,1.0,0.5,0.6666666666666666,0.75,True,True
PXD018158,1,9606,1,9606,1,0,0,1.0,1.0,1.0,1.0,False,True
PXD018159,1,3702,2,3702; 9606,1,1,0,1.0,0.5,0.6666666666666666,0.75,True,True
PXD018207,1,9606,1,9606,1,0,0,1.0,1.0,1.0,1.0,True,True
PXD018245,2,10090; 9606,3,10090; 9606; 9913,2,1,0,1.0,0.6666666666666666,0.8,0.8333333333333333,True,True
PXD018248,2,562; 9606,2,562; 9606,2,0,0,1.0,1.0,1.0,1.0,False,True
PXD018302,1,9606,1,9606,1,0,0,1.0,1.0,1.0,1.0,False,True
PXD018330,1,9606,1,9606,1,0,0,1.0,1.0,1.0,1.0,True,False
PXD018367,1,9606,1,9606,1,0,0,1.0,1.0,1.0,1.0,False,True
PXD018373,1,9606,1,9606,1,0,0,1.0,1.0,1.0,1.0,True,True
PXD018449,1,9606,1,9606,1,0,0,1.0,1.0,1.0,1.0,True,True
PXD018452,1,9606,1,9606,1,0,0,1.0,1.0,1.0,1.0,True,True
PXD018461,1,926571,2,2246; 9913,0,2,1,0.0,0.0,0.0,0.0,True,False
PXD018505,1,10090,1,10090,1,0,0,1.0,1.0,1.0,1.0,True,True
PXD018508,1,28141,1,562,0,1,1,0.0,0.0,0.0,0.0,True,False
PXD018510,1,990119,1,10090,0,1,1,0.0,0.0,0.0,0.0,False,True
PXD018589,1,4932,2,4932; 9913,1,1,0,1.0,0.5,0.6666666666666666,0.75,True,True
PXD018591,1,4932,2,4932; 9606,1,1,0,1.0,0.5,0.6666666666666666,0.75,True,True
PXD018621,1,9606,1,9606,1,0,0,1.0,1.0,1.0,1.0,True,True
PXD018651,1,4932,2,4932; 9606,1,1,0,1.0,0.5,0.6666666666666666,0.75,True,True
PXD018691,1,9606,1,9606,1,0,0,1.0,1.0,1.0,1.0,True,True
PXD018692,1,9615,2,9606; 9612,1,1,0,1.0,0.5,0.6666666666666666,0.75,True,True
PXD018693,1,9913,1,7227,0,1,1,0.0,0.0,0.0,0.0,True,False
PXD018715,1,9606,1,9606,1,0,0,1.0,1.0,1.0,1.0,True,True
PXD018726,2,35670; 8657,3,9031; 9606; 9823,0,3,2,0.0,0.0,0.0,0.0,True,False
PXD018743,1,10090,1,10090,1,0,0,1.0,1.0,1.0,1.0,True,False
PXD018749,1,7227,1,7227,1,0,0,1.0,1.0,1.0,1.0,True,True
PXD018778,1,4530,1,4530,1,0,0,1.0,1.0,1.0,1.0,True,True
PXD018780,1,9606,2,7227; 9606,1,1,0,1.0,0.5,0.6666666666666666,0.75,True,True
PXD018790,1,4932,3,559292; 9606; 9913,1,2,0,1.0,0.3333333333333333,0.5,0.6666666666666666,True,True
PXD018806,1,9606,1,9606,1,0,0,1.0,1.0,1.0,1.0,True,False
PXD018811,1,9606,1,9606,1,0,0,1.0,1.0,1.0,1.0,True,True
PXD018824,1,10090,2,10090; 3702,1,1,0,1.0,0.5,0.6666666666666666,0.75,True,True
PXD018827,1,10090,1,10090,1,0,0,1.0,1.0,1.0,1.0,True,True
PXD018851,3,1085956; 649408; 669202,4,10090; 562; 7955; 9606,0,4,3,0.0,0.0,0.0,0.0,True,False
PXD018867,1,281677,1,7955,0,1,1,0.0,0.0,0.0,0.0,True,False
PXD018945,1,3702,3,3702; 562; 9606,1,2,0,1.0,0.3333333333333333,0.5,0.6666666666666666,True,True
PXD018983,1,9606,1,9606,1,0,0,1.0,1.0,1.0,1.0,True,True
PXD019067,1,10090,1,10090,1,0,0,1.0,1.0,1.0,1.0,True,True
PXD019116,2,10116; 79923,3,7955; 8355; 9606,0,3,2,0.0,0.0,0.0,0.0,True,False
PXD019118,1,9913,1,9913,1,0,0,1.0,1.0,1.0,1.0,True,False
PXD019119,1,2697049,2,2697049; 9606,1,1,0,1.0,0.5,0.6666666666666666,0.75,True,True
PXD019121,2,2; 692036,3,9606; 9823; 9913,0,3,2,0.0,0.0,0.0,0.0,True,False
PXD019126,1,9606,1,9606,1,0,0,1.0,1.0,1.0,1.0,True,True
PXD019137,1,10090,2,10090; 9606,1,1,0,1.0,0.5,0.6666666666666666,0.75,True,False
PXD019203,1,9606,0,,0,0,1,,,,,False,False
PXD019215,1,9913,1,9913,1,0,0,1.0,1.0,1.0,1.0,True,True
PXD019298,1,9825,2,9606; 9823,1,1,0,1.0,0.5,0.6666666666666666,0.75,True,True
PXD019302,1,676,1,9606,0,1,1,0.0,0.0,0.0,0.0,True,False
PXD019412,1,3702,2,3702; 9606,1,1,0,1.0,0.5,0.6666666666666666,0.75,True,True
PXD019430,1,9606,1,9606,1,0,0,1.0,1.0,1.0,1.0,True,False
PXD019470,1,208964,2,3702; 4565,0,2,1,0.0,0.0,0.0,0.0,True,False
PXD019473,1,9606,2,562; 9606,1,1,0,1.0,0.5,0.6666666666666666,0.75,True,True
PXD019479,1,9606,1,9606,1,0,0,1.0,1.0,1.0,1.0,True,False
PXD019523,1,9825,2,562; 9823,1,1,0,1.0,0.5,0.6666666666666666,0.75,True,True
PXD019536,1,1902,1,562,0,1,1,0.0,0.0,0.0,0.0,True,False
PXD019590,1,9606,1,9606,1,0,0,1.0,1.0,1.0,1.0,True,True
PXD019597,1,10090,1,10090,1,0,0,1.0,1.0,1.0,1.0,True,False
PXD019599,1,562,1,562,1,0,0,1.0,1.0,1.0,1.0,True,True
PXD019661,1,50412,0,,0,0,1,,,,,False,False
PXD019702,1,9606,1,9606,1,0,0,1.0,1.0,1.0,1.0,True,False
PXD019713,1,9606,1,9606,1,0,0,1.0,1.0,1.0,1.0,False,True
PXD019723,1,10090,1,10090,1,0,0,1.0,1.0,1.0,1.0,True,False
PXD019758,1,61186,2,3702; 9606,0,2,1,0.0,0.0,0.0,0.0,True,False
PXD019768,1,9913,1,9606,0,1,1,0.0,0.0,0.0,0.0,True,False
PXD019793,1,9606,1,9606,1,0,0,1.0,1.0,1.0,1.0,True,True
PXD019803,1,9606,2,2697049; 9606,1,1,0,1.0,0.5,0.6666666666666666,0.75,True,True
PXD019808,1,10116,1,9606,0,1,1,0.0,0.0,0.0,0.0,True,False
PXD019827,1,9606,2,9606; 9913,1,1,0,1.0,0.5,0.6666666666666666,0.75,True,False
PXD019850,1,120091,1,7227,0,1,1,0.0,0.0,0.0,0.0,True,False
PXD019851,1,120091,1,7227,0,1,1,0.0,0.0,0.0,0.0,True,False
PXD019861,1,1159556,1,4932,0,1,1,0.0,0.0,0.0,0.0,True,False
PXD019867,1,187594,1,9606,0,1,1,0.0,0.0,0.0,0.0,True,False
PXD019868,1,9606,1,9606,1,0,0,1.0,1.0,1.0,1.0,False,True
PXD019872,1,187594,1,10090,0,1,1,0.0,0.0,0.0,0.0,True,False
PXD019886,1,9606,1,9606,1,0,0,1.0,1.0,1.0,1.0,True,False
PXD019902,1,9606,1,9606,1,0,0,1.0,1.0,1.0,1.0,True,True
PXD019907,1,9606,1,9606,1,0,0,1.0,1.0,1.0,1.0,True,True
PXD019908,1,10116,1,10116,1,0,0,1.0,1.0,1.0,1.0,True,False
PXD019913,1,10090,1,10090,1,0,0,1.0,1.0,1.0,1.0,False,True
PXD019923,1,9606,1,9606,1,0,0,1.0,1.0,1.0,1.0,True,False
PXD019939,1,2697049,1,2697049,1,0,0,1.0,1.0,1.0,1.0,False,True
PXD019944,1,9606,1,9606,1,0,0,1.0,1.0,1.0,1.0,False,True
PXD019950,1,9606,1,9606,1,0,0,1.0,1.0,1.0,1.0,False,True
PXD019954,1,9606,1,9606,1,0,0,1.0,1.0,1.0,1.0,True,True
PXD020090,1,9606,1,9606,1,0,0,1.0,1.0,1.0,1.0,True,True
PXD020133,1,9606,1,9606,1,0,0,1.0,1.0,1.0,1.0,True,False
PXD020170,1,3702,2,3702; 562,1,1,0,1.0,0.5,0.6666666666666666,0.75,True,True
PXD020190,1,5691,1,5691,1,0,0,1.0,1.0,1.0,1.0,True,True
PXD020213,1,208964,1,287,1,0,0,1.0,1.0,1.0,1.0,False,True
PXD020223,1,9606,1,9606,1,0,0,1.0,1.0,1.0,1.0,True,False
PXD020231,1,9606,1,9606,1,0,0,1.0,1.0,1.0,1.0,True,False
PXD020233,1,3702,1,3702,1,0,0,1.0,1.0,1.0,1.0,True,True
PXD020239,1,9606,1,9606,1,0,0,1.0,1.0,1.0,1.0,True,True
PXD020262,1,10090,1,10090,1,0,0,1.0,1.0,1.0,1.0,True,True
PXD020277,1,9606,1,9606,1,0,0,1.0,1.0,1.0,1.0,False,True
PXD020327,1,9606,1,9606,1,0,0,1.0,1.0,1.0,1.0,True,False
PXD020332,1,142104,1,9606,0,1,1,0.0,0.0,0.0,0.0,True,False
PXD020358,1,33962,2,1590; 9606,0,2,1,0.0,0.0,0.0,0.0,True,False
PXD020359,1,4932,1,4932,1,0,0,1.0,1.0,1.0,1.0,True,True
PXD020418,1,9606,1,9606,1,0,0,1.0,1.0,1.0,1.0,True,True
PXD020446,1,10090,1,10090,1,0,0,1.0,1.0,1.0,1.0,True,True
PXD020479,1,5691,1,562,0,1,1,0.0,0.0,0.0,0.0,True,False
PXD020482,1,9606,1,9606,1,0,0,1.0,1.0,1.0,1.0,True,True
PXD020491,1,9606,1,9606,1,0,0,1.0,1.0,1.0,1.0,True,True
PXD020494,1,9606,1,9606,1,0,0,1.0,1.0,1.0,1.0,True,True
PXD020495,1,4113,2,3702; 4113,1,1,0,1.0,0.5,0.6666666666666666,0.75,True,True
PXD020585,1,9606,1,9606,1,0,0,1.0,1.0,1.0,1.0,True,True
PXD020592,2,1431297; 330879,4,4565; 4932; 5476; 9606,0,4,2,0.0,0.0,0.0,0.0,True,False
PXD020606,2,9606; 9825,3,9606; 9823; 9913,2,1,0,1.0,0.6666666666666666,0.8,0.8333333333333333,True,False
PXD020639,1,6239,2,6239; 9606,1,1,0,1.0,0.5,0.6666666666666666,0.75,True,False
PXD020724,1,367110,4,4932; 5141; 5476; 9606,1,3,0,1.0,0.25,0.4,0.625,True,True
PXD020732,1,9986,1,9606,0,1,1,0.0,0.0,0.0,0.0,True,False
PXD020763,1,9606,1,9606,1,0,0,1.0,1.0,1.0,1.0,True,True
PXD020819,1,4565,1,4565,1,0,0,1.0,1.0,1.0,1.0,True,True
PXD020858,1,9606,2,9606; 9823,1,1,0,1.0,0.5,0.6666666666666666,0.75,True,True
PXD020875,1,568703,1,47715,1,0,0,1.0,1.0,1.0,1.0,False,True
PXD020946,1,10090,2,10090; 9913,1,1,0,1.0,0.5,0.6666666666666666,0.75,True,False
PXD020949,2,1040610; 1147787,2,5476; 9913,1,1,1,0.5,0.5,0.5,0.5,True,False
PXD020956,1,9825,1,9823,1,0,0,1.0,1.0,1.0,1.0,True,True
PXD020976,4,1105325; 131080; 329; 64002,5,4932; 5476; 562; 8355; 9606,0,5,4,0.0,0.0,0.0,0.0,True,False
PXD020986,1,7227,3,10090; 7227; 9606,1,2,0,1.0,0.3333333333333333,0.5,0.6666666666666666,True,True
PXD021016,1,10090,1,10090,1,0,0,1.0,1.0,1.0,1.0,True,True
PXD021039,1,9606,1,9606,1,0,0,1.0,1.0,1.0,1.0,True,True
PXD021040,1,9606,1,9606,1,0,0,1.0,1.0,1.0,1.0,True,True
PXD021186,1,10090,1,10090,1,0,0,1.0,1.0,1.0,1.0,True,True
PXD021187,1,4932,2,4932; 9913,1,1,0,1.0,0.5,0.6666666666666666,0.75,False,True
PXD021192,1,9606,1,9606,1,0,0,1.0,1.0,1.0,1.0,True,True
PXD021227,1,6239,1,6239,1,0,0,1.0,1.0,1.0,1.0,False,True
PXD021232,1,10090,2,10090; 9606,1,1,0,1.0,0.5,0.6666666666666666,0.75,True,True
PXD021263,1,9825,1,9823,1,0,0,1.0,1.0,1.0,1.0,False,True
PXD021306,1,9606,1,9606,1,0,0,1.0,1.0,1.0,1.0,True,True
PXD021309,1,9606,1,9606,1,0,0,1.0,1.0,1.0,1.0,True,True
PXD021328,1,2697049,1,9606,0,1,1,0.0,0.0,0.0,0.0,True,False
PXD021365,1,4932,1,4932,1,0,0,1.0,1.0,1.0,1.0,True,True
PXD021417,1,1438992,2,7227; 9606,0,2,1,0.0,0.0,0.0,0.0,True,False
PXD021423,1,52132,1,9606,0,1,1,0.0,0.0,0.0,0.0,True,True
PXD021444,1,9606,1,9606,1,0,0,1.0,1.0,1.0,1.0,True,True
PXD021506,1,272634,1,9796,0,1,1,0.0,0.0,0.0,0.0,True,False
PXD021514,1,9606,1,9606,1,0,0,1.0,1.0,1.0,1.0,True,True
PXD021516,1,507601,3,10090; 5811; 9606,1,2,0,1.0,0.3333333333333333,0.5,0.6666666666666666,True,True
PXD021544,1,9606,1,9606,1,0,0,1.0,1.0,1.0,1.0,True,False
PXD021560,1,5691,1,5691,1,0,0,1.0,1.0,1.0,1.0,True,True
PXD021574,2,562; 9913,3,562; 9606; 9913,2,1,0,1.0,0.6666666666666666,0.8,0.8333333333333333,True,True
PXD021585,1,1899318,2,9606; 9823,0,2,1,0.0,0.0,0.0,0.0,True,False
PXD021643,1,373153,2,1313; 9606,1,1,0,1.0,0.5,0.6666666666666666,0.75,True,True
PXD021648,1,9913,1,4932,0,1,1,0.0,0.0,0.0,0.0,True,False
PXD021662,1,4932,1,4932,1,0,0,1.0,1.0,1.0,1.0,True,True
PXD021676,1,1985738,1,562,0,1,1,0.0,0.0,0.0,0.0,True,False
PXD021678,1,10090,2,10090; 9913,1,1,0,1.0,0.5,0.6666666666666666,0.75,True,True
PXD021679,1,9606,1,9606,1,0,0,1.0,1.0,1.0,1.0,True,True
PXD021773,1,10117,1,10116,0,1,1,0.0,0.0,0.0,0.0,True,True
PXD021781,1,9913,1,9913,1,0,0,1.0,1.0,1.0,1.0,True,True
PXD021782,1,159749,1,159749,1,0,0,1.0,1.0,1.0,1.0,False,True
PXD021787,1,32049,2,562; 9606,0,2,1,0.0,0.0,0.0,0.0,True,False
PXD021844,1,6279,2,6278; 9606,0,2,1,0.0,0.0,0.0,0.0,True,True
PXD021928,2,410661; 9606,3,10090; 9606; 9913,1,2,1,0.5,0.3333333333333333,0.4,0.41666666666666663,True,True
PXD021942,1,9606,1,9606,1,0,0,1.0,1.0,1.0,1.0,True,True
PXD021969,1,10090,2,10090; 562,1,1,0,1.0,0.5,0.6666666666666666,0.75,True,True
PXD021970,1,5823,1,10090,0,1,1,0.0,0.0,0.0,0.0,True,False
PXD021996,1,9606,0,,0,0,1,,,,,False,False
PXD022037,1,9606,1,9606,1,0,0,1.0,1.0,1.0,1.0,True,True
PXD022066,1,10090,2,10090; 9913,1,1,0,1.0,0.5,0.6666666666666666,0.75,True,True
PXD022080,1,9913,1,9606,0,1,1,0.0,0.0,0.0,0.0,True,False
PXD022113,1,1578,1,1590,0,1,1,0.0,0.0,0.0,0.0,True,False
PXD022119,1,9606,1,9606,1,0,0,1.0,1.0,1.0,1.0,True,False
PXD022131,1,9606,2,10090; 9606,1,1,0,1.0,0.5,0.6666666666666666,0.75,True,True
PXD022204,1,9606,1,9606,1,0,0,1.0,1.0,1.0,1.0,True,True
PXD022223,1,9606,1,9606,1,0,0,1.0,1.0,1.0,1.0,False,True
PXD022246,1,3702,1,562,0,1,1,0.0,0.0,0.0,0.0,True,False
PXD022267,1,9606,1,9606,1,0,0,1.0,1.0,1.0,1.0,False,True
PXD022280,1,9606,1,9606,1,0,0,1.0,1.0,1.0,1.0,True,True
PXD022311,1,10090,1,10090,1,0,0,1.0,1.0,1.0,1.0,True,False
PXD022499,1,229533,0,,0,0,1,,,,,False,False
PXD022542,1,9606,1,9606,1,0,0,1.0,1.0,1.0,1.0,True,True
PXD022558,1,10090,1,10090,1,0,0,1.0,1.0,1.0,1.0,True,True
PXD022600,1,10090,1,10090,1,0,0,1.0,1.0,1.0,1.0,True,True
PXD022601,1,9606,1,9606,1,0,0,1.0,1.0,1.0,1.0,True,True
PXD022606,1,4932,3,559292; 9606; 9913,1,2,0,1.0,0.3333333333333333,0.5,0.6666666666666666,True,True
PXD022641,1,10090,1,10090,1,0,0,1.0,1.0,1.0,1.0,True,True
PXD022718,2,1295626; 1708,3,216816; 4565; 9606,0,3,2,0.0,0.0,0.0,0.0,True,False
PXD022785,1,383379,2,562; 5811,1,1,0,1.0,0.5,0.6666666666666666,0.75,True,True
PXD022826,1,9606,1,9606,1,0,0,1.0,1.0,1.0,1.0,True,True
PXD022833,1,4932,2,4932; 9606,1,1,0,1.0,0.5,0.6666666666666666,0.75,True,False
PXD022838,1,9606,1,9606,1,0,0,1.0,1.0,1.0,1.0,True,True
PXD022861,1,9606,1,9606,1,0,0,1.0,1.0,1.0,1.0,True,True
PXD022869,1,9606,2,562; 9606,1,1,0,1.0,0.5,0.6666666666666666,0.75,True,True
PXD022880,1,3702,1,3702,1,0,0,1.0,1.0,1.0,1.0,True,True
PXD022888,1,10090,1,10090,1,0,0,1.0,1.0,1.0,1.0,True,True
PXD022904,1,9606,2,562; 9606,1,1,0,1.0,0.5,0.6666666666666666,0.75,True,True
PXD022907,1,3702,2,3702; 9606,1,1,0,1.0,0.5,0.6666666666666666,0.75,True,True
PXD022973,1,9606,3,10090; 8355; 9606,1,2,0,1.0,0.3333333333333333,0.5,0.6666666666666666,True,True
PXD022997,1,10090,1,9606,0,1,1,0.0,0.0,0.0,0.0,True,True
PXD023032,1,9606,1,9606,1,0,0,1.0,1.0,1.0,1.0,True,True
PXD023058,1,9606,2,10090; 9606,1,1,0,1.0,0.5,0.6666666666666666,0.75,True,True
PXD023073,1,562,2,562; 9606,1,1,0,1.0,0.5,0.6666666666666666,0.75,True,True
PXD023082,1,246196,1,10090,0,1,1,0.0,0.0,0.0,0.0,True,False
PXD023088,1,9606,1,9606,1,0,0,1.0,1.0,1.0,1.0,False,True
PXD023127,1,8612,2,10090; 9796,0,2,1,0.0,0.0,0.0,0.0,True,False
PXD023147,1,88925,1,818,0,1,1,0.0,0.0,0.0,0.0,True,False
PXD023214,1,75736,1,562,0,1,1,0.0,0.0,0.0,0.0,True,False
PXD023258,1,6239,1,6239,1,0,0,1.0,1.0,1.0,1.0,True,True
PXD023341,1,267386,2,2697049; 562,1,1,0,1.0,0.5,0.6666666666666666,0.75,False,True
PXD023345,1,9606,2,10116; 9606,1,1,0,1.0,0.5,0.6666666666666666,0.75,True,True
PXD023352,1,93062,2,1280; 9606,1,1,0,1.0,0.5,0.6666666666666666,0.75,True,True
PXD023377,1,9606,2,10090; 9606,1,1,0,1.0,0.5,0.6666666666666666,0.75,True,True
PXD023434,1,4932,2,4932; 562,1,1,0,1.0,0.5,0.6666666666666666,0.75,True,True
PXD023479,1,9606,1,9606,1,0,0,1.0,1.0,1.0,1.0,True,True
PXD023523,1,9606,2,562; 9606,1,1,0,1.0,0.5,0.6666666666666666,0.75,True,True
PXD023525,2,562; 9606,2,562; 9606,2,0,0,1.0,1.0,1.0,1.0,True,False
PXD023527,1,9606,1,9606,1,0,0,1.0,1.0,1.0,1.0,True,True
PXD023558,1,9606,1,9606,1,0,0,1.0,1.0,1.0,1.0,True,True
PXD023617,1,9606,2,562; 9606,1,1,0,1.0,0.5,0.6666666666666666,0.75,True,True
PXD023707,1,9606,1,9606,1,0,0,1.0,1.0,1.0,1.0,True,False
PXD023718,1,9606,1,9606,1,0,0,1.0,1.0,1.0,1.0,True,True
PXD023752,2,10090; 562,1,562,1,0,1,0.5,1.0,0.6666666666666666,0.75,False,True
PXD023759,1,375939,1,6239,0,1,1,0.0,0.0,0.0,0.0,True,False
PXD023831,1,3702,1,562,0,1,1,0.0,0.0,0.0,0.0,True,True
PXD023860,1,10090,1,10090,1,0,0,1.0,1.0,1.0,1.0,True,True
PXD023868,1,9606,1,9606,1,0,0,1.0,1.0,1.0,1.0,True,True
PXD023906,1,9606,1,9606,1,0,0,1.0,1.0,1.0,1.0,True,True
PXD023957,1,9606,2,562; 9606,1,1,0,1.0,0.5,0.6666666666666666,0.75,True,True
PXD023959,1,9606,1,9606,1,0,0,1.0,1.0,1.0,1.0,True,True
PXD023973,1,272634,1,9796,0,1,1,0.0,0.0,0.0,0.0,True,False
PXD023985,1,4081,3,3702; 4081; 4565,1,2,0,1.0,0.3333333333333333,0.5,0.6666666666666666,True,True
PXD023986,1,9606,2,562; 9606,1,1,0,1.0,0.5,0.6666666666666666,0.75,True,True
PXD024044,1,9606,1,9606,1,0,0,1.0,1.0,1.0,1.0,True,True
PXD024054,1,9606,1,9606,1,0,0,1.0,1.0,1.0,1.0,True,True
PXD024066,1,9606,1,9606,1,0,0,1.0,1.0,1.0,1.0,True,True
PXD024116,1,10090,1,10090,1,0,0,1.0,1.0,1.0,1.0,True,True
PXD024120,1,9606,2,9606; 9913,1,1,0,1.0,0.5,0.6666666666666666,0.75,True,True
PXD024131,1,4932,1,4932,1,0,0,1.0,1.0,1.0,1.0,False,True
PXD024139,1,9606,1,9606,1,0,0,1.0,1.0,1.0,1.0,True,True
PXD024141,1,9606,1,9606,1,0,0,1.0,1.0,1.0,1.0,True,True
PXD024155,2,10090; 9606,3,10090; 10116; 9606,2,1,0,1.0,0.6666666666666666,0.8,0.8333333333333333,True,True
PXD024220,1,1513458,1,562,0,1,1,0.0,0.0,0.0,0.0,True,False
PXD024259,1,9606,1,9606,1,0,0,1.0,1.0,1.0,1.0,True,True
PXD024341,1,7091,1,7091,1,0,0,1.0,1.0,1.0,1.0,False,True
PXD024362,1,7091,1,7091,1,0,0,1.0,1.0,1.0,1.0,False,True
PXD024365,1,7091,1,7091,1,0,0,1.0,1.0,1.0,1.0,False,True
PXD024373,1,9606,1,9606,1,0,0,1.0,1.0,1.0,1.0,True,True
PXD024401,1,7091,1,7091,1,0,0,1.0,1.0,1.0,1.0,False,True
PXD024405,1,9606,1,9606,1,0,0,1.0,1.0,1.0,1.0,False,True
PXD024432,2,374990; 9606,3,9606; 9823; 9913,1,2,1,0.5,0.3333333333333333,0.4,0.41666666666666663,True,False
PXD024492,1,4932,1,4932,1,0,0,1.0,1.0,1.0,1.0,True,True
PXD024493,1,4932,1,4932,1,0,0,1.0,1.0,1.0,1.0,True,True
PXD024494,1,4932,2,4932; 9606,1,1,0,1.0,0.5,0.6666666666666666,0.75,True,True
PXD024501,1,10090,2,10090; 10116,1,1,0,1.0,0.5,0.6666666666666666,0.75,True,True
PXD024563,1,3702,2,3702; 9606,1,1,0,1.0,0.5,0.6666666666666666,0.75,True,True
PXD024582,1,9606,1,9606,1,0,0,1.0,1.0,1.0,1.0,True,True
PXD024606,1,34739,0,,0,0,1,,,,,False,False
PXD024628,1,10090,1,10090,1,0,0,1.0,1.0,1.0,1.0,True,True
PXD024637,1,10090,2,10090; 9913,1,1,0,1.0,0.5,0.6666666666666666,0.75,True,True
PXD024640,1,4932,1,4932,1,0,0,1.0,1.0,1.0,1.0,True,True
PXD024642,1,9606,1,9606,1,0,0,1.0,1.0,1.0,1.0,True,False
PXD024644,1,9606,1,9606,1,0,0,1.0,1.0,1.0,1.0,True,False
PXD024647,1,9606,1,9606,1,0,0,1.0,1.0,1.0,1.0,True,True
PXD024671,1,9606,1,9606,1,0,0,1.0,1.0,1.0,1.0,True,False
PXD024749,2,562; 5833,2,5833; 9606,1,1,1,0.5,0.5,0.5,0.5,True,True
PXD024966,1,10090,1,10090,1,0,0,1.0,1.0,1.0,1.0,False,True
PXD024978,1,9606,1,9606,1,0,0,1.0,1.0,1.0,1.0,True,True
PXD025018,1,9606,1,9606,1,0,0,1.0,1.0,1.0,1.0,True,True
PXD025027,1,9606,2,10090; 9913,0,2,1,0.0,0.0,0.0,0.0,True,False
PXD025097,1,10090,1,10090,1,0,0,1.0,1.0,1.0,1.0,True,True
PXD025130,1,2697049,2,2697049; 9606,1,1,0,1.0,0.5,0.6666666666666666,0.75,True,True
PXD025131,1,2697049,2,2697049; 9606,1,1,0,1.0,0.5,0.6666666666666666,0.75,True,True
PXD025133,1,9606,2,9606; 9913,1,1,0,1.0,0.5,0.6666666666666666,0.75,True,True
PXD025175,1,10090,4,10090; 9606; 9823; 9913,1,3,0,1.0,0.25,0.4,0.625,True,True
PXD025176,1,10090,1,10090,1,0,0,1.0,1.0,1.0,1.0,True,True
PXD025185,1,9606,1,9606,1,0,0,1.0,1.0,1.0,1.0,True,True
PXD025195,1,9606,2,7227; 9606,1,1,0,1.0,0.5,0.6666666666666666,0.75,True,True
PXD025289,1,10090,1,10090,1,0,0,1.0,1.0,1.0,1.0,True,False
PXD025325,1,9606,2,4932; 9606,1,1,0,1.0,0.5,0.6666666666666666,0.75,True,False
PXD025330,1,10090,1,10090,1,0,0,1.0,1.0,1.0,1.0,True,True
PXD025338,1,9606,1,9606,1,0,0,1.0,1.0,1.0,1.0,True,False
PXD025369,1,9606,2,8355; 9606,1,1,0,1.0,0.5,0.6666666666666666,0.75,True,True
PXD025386,1,10090,1,10116,0,1,1,0.0,0.0,0.0,0.0,False,True
PXD025440,1,10090,2,10090; 3055,1,1,0,1.0,0.5,0.6666666666666666,0.75,True,True
PXD025474,1,7227,2,7227; 9606,1,1,0,1.0,0.5,0.6666666666666666,0.75,True,True
PXD025505,1,408170,2,818; 9606,0,2,1,0.0,0.0,0.0,0.0,True,True
PXD025587,1,4932,1,4932,1,0,0,1.0,1.0,1.0,1.0,True,False
PXD025590,1,9606,1,9606,1,0,0,1.0,1.0,1.0,1.0,True,True
PXD025617,1,9606,1,9606,1,0,0,1.0,1.0,1.0,1.0,True,False
PXD025623,1,9606,1,9606,1,0,0,1.0,1.0,1.0,1.0,True,True
PXD025726,1,4932,1,4932,1,0,0,1.0,1.0,1.0,1.0,True,True
PXD025757,1,9606,1,9606,1,0,0,1.0,1.0,1.0,1.0,True,True
PXD025763,1,9606,1,9606,1,0,0,1.0,1.0,1.0,1.0,True,False
PXD025776,3,10090; 60711; 9606,5,10090; 60711; 9606; 9796; 9913,3,2,0,1.0,0.6,0.7499999999999999,0.8,True,True
PXD025803,1,9606,1,562,0,1,1,0.0,0.0,0.0,0.0,True,True
PXD025835,1,1659840,2,4932; 5476,0,2,1,0.0,0.0,0.0,0.0,True,False
PXD025883,2,10116; 9606,2,10090; 9606,1,1,1,0.5,0.5,0.5,0.5,True,True
PXD025886,1,9606,1,9606,1,0,0,1.0,1.0,1.0,1.0,True,True
PXD025892,1,1249515,2,4565; 9606,0,2,1,0.0,0.0,0.0,0.0,True,False
PXD025896,1,9606,1,9606,1,0,0,1.0,1.0,1.0,1.0,True,False
PXD025912,1,9606,2,562; 9606,1,1,0,1.0,0.5,0.6666666666666666,0.75,True,True
PXD025930,1,9606,1,9606,1,0,0,1.0,1.0,1.0,1.0,True,True
PXD025959,1,10090,1,9606,0,1,1,0.0,0.0,0.0,0.0,False,True
PXD025967,1,443239,1,9606,0,1,1,0.0,0.0,0.0,0.0,True,True
PXD025970,1,9606,1,9606,1,0,0,1.0,1.0,1.0,1.0,True,True
PXD026014,1,9913,3,3702; 9606; 9913,1,2,0,1.0,0.3333333333333333,0.5,0.6666666666666666,True,True
PXD026037,4,4932; 9606; 9796; 9913,2,9534; 9606,1,1,3,0.25,0.5,0.3333333333333333,0.375,True,False
PXD026046,1,9606,2,1280; 9606,1,1,0,1.0,0.5,0.6666666666666666,0.75,True,True
PXD026062,1,562,1,562,1,0,0,1.0,1.0,1.0,1.0,True,True
PXD026071,1,9606,1,9606,1,0,0,1.0,1.0,1.0,1.0,True,True
PXD026082,1,9606,1,9606,1,0,0,1.0,1.0,1.0,1.0,True,True
PXD026116,1,9606,1,9606,1,0,0,1.0,1.0,1.0,1.0,True,True
PXD026121,1,9796,1,9796,1,0,0,1.0,1.0,1.0,1.0,True,True
PXD026136,1,9606,1,9606,1,0,0,1.0,1.0,1.0,1.0,False,True
PXD026137,1,9606,1,9606,1,0,0,1.0,1.0,1.0,1.0,False,True
PXD026138,1,9606,1,9606,1,0,0,1.0,1.0,1.0,1.0,False,True
PXD026139,1,9606,1,9606,1,0,0,1.0,1.0,1.0,1.0,False,True
PXD026142,1,9606,1,9606,1,0,0,1.0,1.0,1.0,1.0,False,True
PXD026226,1,9606,1,9606,1,0,0,1.0,1.0,1.0,1.0,True,True
PXD026281,1,9606,1,9606,1,0,0,1.0,1.0,1.0,1.0,True,True
PXD026282,1,10116,1,10116,1,0,0,1.0,1.0,1.0,1.0,True,True
PXD026353,1,9606,1,9606,1,0,0,1.0,1.0,1.0,1.0,True,True
PXD026436,1,9606,1,9606,1,0,0,1.0,1.0,1.0,1.0,True,True
PXD026445,1,1351,1,562,0,1,1,0.0,0.0,0.0,0.0,True,False
PXD026506,1,9606,1,9606,1,0,0,1.0,1.0,1.0,1.0,True,False
PXD026508,1,9606,2,9606; 9913,1,1,0,1.0,0.5,0.6666666666666666,0.75,True,True
PXD026512,1,9606,1,9606,1,0,0,1.0,1.0,1.0,1.0,True,True
PXD026560,1,2697049,1,2697049,1,0,0,1.0,1.0,1.0,1.0,False,True
PXD026579,1,7227,2,7227; 9606,1,1,0,1.0,0.5,0.6666666666666666,0.75,True,True
PXD026598,1,83906,1,3702,0,1,1,0.0,0.0,0.0,0.0,True,False
PXD026687,1,9606,1,9606,1,0,0,1.0,1.0,1.0,1.0,True,True
PXD026718,1,10090,1,10090,1,0,0,1.0,1.0,1.0,1.0,True,True
PXD026740,1,9606,1,9606,1,0,0,1.0,1.0,1.0,1.0,True,True
PXD026752,1,9606,1,9606,1,0,0,1.0,1.0,1.0,1.0,True,True
PXD026767,1,5476,1,5476,1,0,0,1.0,1.0,1.0,1.0,True,True
PXD026798,4,10239; 2; 2157; 2759,6,1492; 3702; 562; 818; 9606; 9823,0,6,4,0.0,0.0,0.0,0.0,True,False
PXD026822,1,9606,1,9913,0,1,1,0.0,0.0,0.0,0.0,True,False
PXD026897,1,8022,1,8022,1,0,0,1.0,1.0,1.0,1.0,False,True
PXD026898,1,9606,1,562,0,1,1,0.0,0.0,0.0,0.0,True,False
PXD026944,1,10090,1,10090,1,0,0,1.0,1.0,1.0,1.0,True,False
PXD026990,1,3055,1,3055,1,0,0,1.0,1.0,1.0,1.0,True,True
PXD027000,1,9606,2,10090; 9606,1,1,0,1.0,0.5,0.6666666666666666,0.75,True,True
PXD027010,1,9606,2,562; 9606,1,1,0,1.0,0.5,0.6666666666666666,0.75,True,True
PXD027015,1,925390,1,9606,0,1,1,0.0,0.0,0.0,0.0,True,False
PXD027025,1,9606,1,9606,1,0,0,1.0,1.0,1.0,1.0,True,True
PXD027037,1,3702,1,3702,1,0,0,1.0,1.0,1.0,1.0,True,True
PXD027042,1,9606,1,9606,1,0,0,1.0,1.0,1.0,1.0,True,False
PXD027051,1,9606,1,9606,1,0,0,1.0,1.0,1.0,1.0,True,True
PXD027053,1,2246,1,2246,1,0,0,1.0,1.0,1.0,1.0,True,False
PXD027087,1,9606,1,9606,1,0,0,1.0,1.0,1.0,1.0,True,True
PXD027186,1,9606,1,9606,1,0,0,1.0,1.0,1.0,1.0,True,True
PXD027203,2,10090; 9606,4,10090; 10116; 9606; 9913,2,2,0,1.0,0.5,0.6666666666666666,0.75,True,True
PXD027221,1,9606,1,9606,1,0,0,1.0,1.0,1.0,1.0,True,True
PXD027232,1,9606,1,1280,0,1,1,0.0,0.0,0.0,0.0,True,False
PXD027260,1,9825,1,9823,1,0,0,1.0,1.0,1.0,1.0,True,True
PXD027269,1,9606,0,,0,0,1,,,,,False,False
PXD027272,1,3702,1,562,0,1,1,0.0,0.0,0.0,0.0,True,False
PXD027352,1,9606,1,9606,1,0,0,1.0,1.0,1.0,1.0,True,True
PXD027364,1,9606,1,9606,1,0,0,1.0,1.0,1.0,1.0,True,True
PXD027412,2,11072; 9606,2,9606; 9913,1,1,1,0.5,0.5,0.5,0.5,True,True
PXD027426,1,9603,0,,0,0,1,,,,,False,False
PXD027507,1,1647520,2,9606; 9913,0,2,1,0.0,0.0,0.0,0.0,True,False
PXD027518,4,48479; 48510; 57731; 61964,8,10090; 10116; 4565; 562; 9606; 9796; 9823; 9913,0,8,4,0.0,0.0,0.0,0.0,True,False
PXD027524,1,1416333,3,5691; 5693; 9606,1,2,0,1.0,0.3333333333333333,0.5,0.6666666666666666,True,True
PXD027528,1,7955,1,7955,1,0,0,1.0,1.0,1.0,1.0,False,True
PXD027539,1,9825,1,9823,1,0,0,1.0,1.0,1.0,1.0,True,True
PXD027571,1,9825,1,9823,1,0,0,1.0,1.0,1.0,1.0,True,True
PXD027640,1,36329,1,5833,1,0,0,1.0,1.0,1.0,1.0,True,True
PXD027708,1,4932,1,4932,1,0,0,1.0,1.0,1.0,1.0,False,True
PXD027727,1,9606,1,9606,1,0,0,1.0,1.0,1.0,1.0,True,True
PXD027729,2,562; 5691,2,562; 5691,2,0,0,1.0,1.0,1.0,1.0,True,True
PXD027741,1,1331678,1,7955,0,1,1,0.0,0.0,0.0,0.0,False,True
PXD027745,1,10090,1,10090,1,0,0,1.0,1.0,1.0,1.0,True,True
PXD027773,1,10116,1,10116,1,0,0,1.0,1.0,1.0,1.0,True,True
PXD027783,1,9606,1,9606,1,0,0,1.0,1.0,1.0,1.0,True,True
PXD027837,1,10090,2,10090; 9913,1,1,0,1.0,0.5,0.6666666666666666,0.75,True,True
PXD027841,1,9606,1,9606,1,0,0,1.0,1.0,1.0,1.0,True,True
PXD027875,1,1773,1,9606,0,1,1,0.0,0.0,0.0,0.0,True,False
PXD027882,1,9606,2,562; 9606,1,1,0,1.0,0.5,0.6666666666666666,0.75,True,True
PXD027944,1,9606,1,9606,1,0,0,1.0,1.0,1.0,1.0,False,True
PXD028022,1,9606,2,9606; 9913,1,1,0,1.0,0.5,0.6666666666666666,0.75,True,True
PXD028048,1,272943,0,,0,0,1,,,,,False,False
PXD028070,1,9606,1,9606,1,0,0,1.0,1.0,1.0,1.0,True,True
PXD028084,1,9606,1,9606,1,0,0,1.0,1.0,1.0,1.0,True,False
PXD028095,1,9913,1,9913,1,0,0,1.0,1.0,1.0,1.0,True,True
PXD028113,1,10090,1,10090,1,0,0,1.0,1.0,1.0,1.0,True,True
PXD028114,1,9606,1,9606,1,0,0,1.0,1.0,1.0,1.0,True,False
PXD028122,1,9606,1,9606,1,0,0,1.0,1.0,1.0,1.0,True,True
PXD028151,1,9606,3,10090; 9606; 9913,1,2,0,1.0,0.3333333333333333,0.5,0.6666666666666666,True,True
PXD028246,1,9606,1,9606,1,0,0,1.0,1.0,1.0,1.0,True,True
PXD028327,1,3674,1,10090,0,1,1,0.0,0.0,0.0,0.0,True,False
PXD028350,1,65349,1,9913,0,1,1,0.0,0.0,0.0,0.0,True,False
PXD028379,1,10090,1,10090,1,0,0,1.0,1.0,1.0,1.0,True,False
PXD028394,1,7070,2,10090; 7070,1,1,0,1.0,0.5,0.6666666666666666,0.75,True,True
PXD028397,1,9606,1,9606,1,0,0,1.0,1.0,1.0,1.0,True,True
PXD028479,1,9606,1,9606,1,0,0,1.0,1.0,1.0,1.0,True,False
PXD028480,1,9606,1,9606,1,0,0,1.0,1.0,1.0,1.0,True,True
PXD028553,1,272943,1,1061,0,1,1,0.0,0.0,0.0,0.0,False,True
PXD028557,1,9606,2,4932; 9606,1,1,0,1.0,0.5,0.6666666666666666,0.75,True,True
PXD028582,1,10090,2,10090; 562,1,1,0,1.0,0.5,0.6666666666666666,0.75,True,True
PXD028637,1,4932,1,4932,1,0,0,1.0,1.0,1.0,1.0,True,True
PXD028652,2,2; 562,2,562; 818,1,1,1,0.5,0.5,0.5,0.5,True,False
PXD028742,1,224308,3,224308; 562; 9606,1,2,0,1.0,0.3333333333333333,0.5,0.6666666666666666,True,True
PXD028784,1,260201,1,3702,0,1,1,0.0,0.0,0.0,0.0,True,False
PXD028785,1,9606,1,9606,1,0,0,1.0,1.0,1.0,1.0,True,True
PXD028851,1,163159,1,7227,0,1,1,0.0,0.0,0.0,0.0,True,False
PXD028858,1,10090,1,10090,1,0,0,1.0,1.0,1.0,1.0,False,True
PXD028863,1,9606,1,9606,1,0,0,1.0,1.0,1.0,1.0,True,True
PXD028867,1,10090,1,10090,1,0,0,1.0,1.0,1.0,1.0,True,True
PXD028903,1,36329,2,3055; 5833,1,1,0,1.0,0.5,0.6666666666666666,0.75,True,True
PXD028910,1,197,3,197; 562; 9606,1,2,0,1.0,0.3333333333333333,0.5,0.6666666666666666,True,True
PXD028932,1,10090,1,10090,1,0,0,1.0,1.0,1.0,1.0,False,True
PXD029013,1,9606,1,9606,1,0,0,1.0,1.0,1.0,1.0,True,True
PXD029020,1,9606,1,9606,1,0,0,1.0,1.0,1.0,1.0,False,True
PXD029055,1,9825,3,562; 9606; 9823,1,2,0,1.0,0.3333333333333333,0.5,0.6666666666666666,True,True
PXD029059,1,229533,2,5476; 562,0,2,1,0.0,0.0,0.0,0.0,True,False
PXD029141,1,9606,1,9606,1,0,0,1.0,1.0,1.0,1.0,True,True
PXD029189,1,10090,1,10090,1,0,0,1.0,1.0,1.0,1.0,False,True
PXD029190,1,10090,1,10090,1,0,0,1.0,1.0,1.0,1.0,False,True
PXD029256,1,9606,1,9606,1,0,0,1.0,1.0,1.0,1.0,True,True
PXD029258,1,9606,2,10090; 9606,1,1,0,1.0,0.5,0.6666666666666666,0.75,True,True
PXD029295,1,9606,1,9606,1,0,0,1.0,1.0,1.0,1.0,True,True
PXD029297,1,9606,1,9606,1,0,0,1.0,1.0,1.0,1.0,True,True
PXD029335,1,9606,1,9606,1,0,0,1.0,1.0,1.0,1.0,True,True
PXD029361,1,9606,1,562,0,1,1,0.0,0.0,0.0,0.0,True,True
PXD029425,1,9606,2,10090; 9606,1,1,0,1.0,0.5,0.6666666666666666,0.75,True,True
PXD029429,2,10090; 9606,4,10090; 1280; 9606; 9913,2,2,0,1.0,0.5,0.6666666666666666,0.75,True,True
PXD029436,1,9796,1,9796,1,0,0,1.0,1.0,1.0,1.0,True,True
PXD029574,1,9606,2,562; 9606,1,1,0,1.0,0.5,0.6666666666666666,0.75,True,True
PXD029614,1,5478,1,4932,0,1,1,0.0,0.0,0.0,0.0,True,False
PXD029624,1,562,1,562,1,0,0,1.0,1.0,1.0,1.0,True,False
PXD029629,1,5478,1,4932,0,1,1,0.0,0.0,0.0,0.0,True,False
PXD029675,1,99287,2,562; 9606,0,2,1,0.0,0.0,0.0,0.0,True,True
PXD029704,1,9606,1,562,0,1,1,0.0,0.0,0.0,0.0,True,True
PXD029712,1,9606,2,9031; 9606,1,1,0,1.0,0.5,0.6666666666666666,0.75,True,True
PXD029783,1,9606,1,9606,1,0,0,1.0,1.0,1.0,1.0,True,True
PXD029823,1,135666,1,9606,0,1,1,0.0,0.0,0.0,0.0,True,False
PXD029837,1,5691,1,9606,0,1,1,0.0,0.0,0.0,0.0,True,False
PXD029850,1,9606,0,,0,0,1,,,,,False,False
PXD029851,1,9606,0,,0,0,1,,,,,False,False
PXD030036,1,9606,1,9606,1,0,0,1.0,1.0,1.0,1.0,True,True
PXD030037,1,3750,1,9606,0,1,1,0.0,0.0,0.0,0.0,True,False
PXD030054,1,3702,1,3702,1,0,0,1.0,1.0,1.0,1.0,False,True
PXD030098,1,3702,1,3702,1,0,0,1.0,1.0,1.0,1.0,True,False
PXD030106,1,4932,1,4932,1,0,0,1.0,1.0,1.0,1.0,True,True
PXD030110,1,4932,2,4932; 562,1,1,0,1.0,0.5,0.6666666666666666,0.75,True,True
PXD030112,1,3702,1,3702,1,0,0,1.0,1.0,1.0,1.0,True,True
PXD030212,1,10090,2,10090; 9606,1,1,0,1.0,0.5,0.6666666666666666,0.75,True,True
PXD030213,1,9606,1,9606,1,0,0,1.0,1.0,1.0,1.0,True,True
PXD030215,1,9606,1,9606,1,0,0,1.0,1.0,1.0,1.0,True,False
PXD030240,1,10090,2,10090; 9913,1,1,0,1.0,0.5,0.6666666666666666,0.75,True,True
PXD030279,1,3827,1,3827,1,0,0,1.0,1.0,1.0,1.0,False,True
PXD030322,1,562,1,562,1,0,0,1.0,1.0,1.0,1.0,True,True
PXD030418,1,9606,1,9606,1,0,0,1.0,1.0,1.0,1.0,True,True
PXD030467,2,10090; 12939,2,10090; 9913,1,1,1,0.5,0.5,0.5,0.5,True,True
PXD030540,1,9606,1,9606,1,0,0,1.0,1.0,1.0,1.0,True,True
PXD030548,1,9606,1,9606,1,0,0,1.0,1.0,1.0,1.0,True,True
PXD030570,1,9606,2,10090; 9606,1,1,0,1.0,0.5,0.6666666666666666,0.75,True,True
PXD030600,1,1315273,0,,0,0,1,,,,,False,False
PXD030665,1,9606,1,9606,1,0,0,1.0,1.0,1.0,1.0,True,True
PXD030715,1,9606,2,10090; 9606,1,1,0,1.0,0.5,0.6666666666666666,0.75,True,True
PXD030730,1,9606,1,9606,1,0,0,1.0,1.0,1.0,1.0,True,True
PXD030749,1,9606,1,9606,1,0,0,1.0,1.0,1.0,1.0,True,True
PXD030752,1,9606,3,10090; 7227; 9606,1,2,0,1.0,0.3333333333333333,0.5,0.6666666666666666,True,True
PXD030769,1,9606,1,9606,1,0,0,1.0,1.0,1.0,1.0,True,True
PXD030810,1,9606,1,9606,1,0,0,1.0,1.0,1.0,1.0,True,True
PXD030847,1,3860,2,3702; 4932,0,2,1,0.0,0.0,0.0,0.0,True,False
PXD030879,1,9606,1,9606,1,0,0,1.0,1.0,1.0,1.0,True,True
PXD030883,2,1773; 9606,2,10090; 9606,1,1,1,0.5,0.5,0.5,0.5,True,True
PXD030927,1,9606,1,9606,1,0,0,1.0,1.0,1.0,1.0,True,True
PXD030929,2,476; 562,3,562; 818; 9606,1,2,1,0.5,0.3333333333333333,0.4,0.41666666666666663,True,True
PXD030937,1,9606,1,9606,1,0,0,1.0,1.0,1.0,1.0,True,True
PXD030942,1,9606,0,,0,0,1,,,,,False,False
PXD030973,2,2; 562,3,562; 9606; 9823,1,2,1,0.5,0.3333333333333333,0.4,0.41666666666666663,True,True
PXD030977,1,10090,1,10090,1,0,0,1.0,1.0,1.0,1.0,True,True
PXD030978,2,83333; 9606,3,10090; 562; 9606,2,1,0,1.0,0.6666666666666666,0.8,0.8333333333333333,True,True
PXD031003,1,10090,2,562; 9913,0,2,1,0.0,0.0,0.0,0.0,True,False
PXD031012,1,9606,1,9606,1,0,0,1.0,1.0,1.0,1.0,True,True
PXD031014,1,9606,1,9606,1,0,0,1.0,1.0,1.0,1.0,False,True
PXD031064,1,9606,1,9606,1,0,0,1.0,1.0,1.0,1.0,True,True
PXD031069,1,9606,1,9606,1,0,0,1.0,1.0,1.0,1.0,True,True
PXD031082,1,9606,1,9606,1,0,0,1.0,1.0,1.0,1.0,True,True
PXD031089,1,562,1,7955,0,1,1,0.0,0.0,0.0,0.0,True,False
PXD031095,1,9606,1,9606,1,0,0,1.0,1.0,1.0,1.0,False,True
PXD031141,1,184922,1,9913,0,1,1,0.0,0.0,0.0,0.0,True,False
PXD031151,1,9606,1,9606,1,0,0,1.0,1.0,1.0,1.0,False,True
PXD031152,1,9606,2,10090; 9606,1,1,0,1.0,0.5,0.6666666666666666,0.75,True,True
PXD031154,1,9606,1,9606,1,0,0,1.0,1.0,1.0,1.0,True,True
PXD031163,1,10090,1,10090,1,0,0,1.0,1.0,1.0,1.0,True,False
PXD031176,1,1315282,1,562,0,1,1,0.0,0.0,0.0,0.0,True,False
PXD031214,2,562; 9606,0,,0,0,2,,,,,False,False
PXD031252,1,9606,1,9606,1,0,0,1.0,1.0,1.0,1.0,True,False
PXD031256,1,5691,1,5691,1,0,0,1.0,1.0,1.0,1.0,True,False
PXD031259,1,5691,1,5691,1,0,0,1.0,1.0,1.0,1.0,True,False
PXD031330,1,4932,1,4932,1,0,0,1.0,1.0,1.0,1.0,True,True
PXD031338,2,10116; 9606,2,9606; 9913,1,1,1,0.5,0.5,0.5,0.5,True,True
PXD031346,1,9606,1,9606,1,0,0,1.0,1.0,1.0,1.0,True,False
PXD031366,1,1645733,1,9606,0,1,1,0.0,0.0,0.0,0.0,True,False
PXD031417,1,9606,1,9606,1,0,0,1.0,1.0,1.0,1.0,True,True
PXD031429,1,9606,1,9606,1,0,0,1.0,1.0,1.0,1.0,False,True
PXD031491,1,10090,1,10090,1,0,0,1.0,1.0,1.0,1.0,True,True
PXD031525,1,9606,1,9606,1,0,0,1.0,1.0,1.0,1.0,True,True
PXD031565,1,136841,2,746128; 9606,0,2,1,0.0,0.0,0.0,0.0,True,True
PXD031583,2,287535; 663,4,455358; 562; 662; 818,0,4,2,0.0,0.0,0.0,0.0,True,True
PXD031592,1,9606,1,9606,1,0,0,1.0,1.0,1.0,1.0,True,True
PXD031605,1,9606,2,10090; 9606,1,1,0,1.0,0.5,0.6666666666666666,0.75,True,True
PXD031620,1,9606,1,9606,1,0,0,1.0,1.0,1.0,1.0,True,True
PXD031683,1,9606,1,9606,1,0,0,1.0,1.0,1.0,1.0,True,True
PXD031700,1,9606,1,9606,1,0,0,1.0,1.0,1.0,1.0,True,False
PXD031703,1,562,2,562; 9606,1,1,0,1.0,0.5,0.6666666666666666,0.75,True,True
PXD031778,1,9606,2,9606; 9913,1,1,0,1.0,0.5,0.6666666666666666,0.75,True,True
PXD031789,1,9606,1,9606,1,0,0,1.0,1.0,1.0,1.0,True,True
PXD031801,1,10090,1,9606,0,1,1,0.0,0.0,0.0,0.0,True,False
PXD031807,1,9606,1,9606,1,0,0,1.0,1.0,1.0,1.0,True,True
PXD031825,1,9606,1,9606,1,0,0,1.0,1.0,1.0,1.0,True,True
PXD031827,1,9606,1,9606,1,0,0,1.0,1.0,1.0,1.0,True,True
PXD031845,2,10090; 9606,2,10090; 562,1,1,1,0.5,0.5,0.5,0.5,True,False
PXD031868,1,10090,1,10090,1,0,0,1.0,1.0,1.0,1.0,False,True
PXD031873,1,6239,1,6239,1,0,0,1.0,1.0,1.0,1.0,True,True
PXD031877,1,3702,1,3702,1,0,0,1.0,1.0,1.0,1.0,True,True
PXD031934,1,10090,1,10090,1,0,0,1.0,1.0,1.0,1.0,True,True
PXD031971,1,9606,1,9606,1,0,0,1.0,1.0,1.0,1.0,True,True
PXD031997,1,9606,2,562; 9606,1,1,0,1.0,0.5,0.6666666666666666,0.75,True,False
PXD032027,1,9606,1,9606,1,0,0,1.0,1.0,1.0,1.0,True,True
PXD032035,1,9606,1,9606,1,0,0,1.0,1.0,1.0,1.0,True,True
PXD032063,1,4932,1,4932,1,0,0,1.0,1.0,1.0,1.0,True,True
PXD032086,1,9606,1,9606,1,0,0,1.0,1.0,1.0,1.0,True,False
PXD032144,1,9606,1,9606,1,0,0,1.0,1.0,1.0,1.0,True,True
PXD032145,1,9606,1,9606,1,0,0,1.0,1.0,1.0,1.0,True,True
PXD032154,1,9606,1,9606,1,0,0,1.0,1.0,1.0,1.0,False,True
PXD032195,1,3055,1,3055,1,0,0,1.0,1.0,1.0,1.0,True,True
PXD032209,1,9606,1,9606,1,0,0,1.0,1.0,1.0,1.0,True,True
PXD032216,1,10090,1,10090,1,0,0,1.0,1.0,1.0,1.0,True,True
PXD032238,1,9606,1,9606,1,0,0,1.0,1.0,1.0,1.0,True,True
PXD032292,1,8355,1,8355,1,0,0,1.0,1.0,1.0,1.0,False,True
PXD032300,1,9825,1,9823,1,0,0,1.0,1.0,1.0,1.0,False,True
PXD032302,1,9606,1,9606,1,0,0,1.0,1.0,1.0,1.0,True,True
PXD032321,1,4932,1,4932,1,0,0,1.0,1.0,1.0,1.0,True,True
PXD032360,2,10090; 383379,2,10090; 9913,1,1,1,0.5,0.5,0.5,0.5,True,False
PXD032402,1,9606,1,9606,1,0,0,1.0,1.0,1.0,1.0,True,True
PXD032668,1,84700,1,9796,0,1,1,0.0,0.0,0.0,0.0,False,True
PXD032713,1,9606,1,9606,1,0,0,1.0,1.0,1.0,1.0,True,False
PXD032738,1,3728,1,3702,0,1,1,0.0,0.0,0.0,0.0,True,False
PXD032739,1,3728,1,3702,0,1,1,0.0,0.0,0.0,0.0,True,False
PXD032788,1,10090,1,10090,1,0,0,1.0,1.0,1.0,1.0,True,True
PXD032821,3,10090; 562; 7227,0,,0,0,3,,,,,False,False
PXD032822,1,4530,4,4530; 4565; 562; 9606,1,3,0,1.0,0.25,0.4,0.625,True,True
PXD032921,2,39412; 4751,4,10090; 1280; 562; 9606,0,4,2,0.0,0.0,0.0,0.0,True,False
PXD032931,1,224308,2,224308; 562,1,1,0,1.0,0.5,0.6666666666666666,0.75,True,True
PXD032938,1,562,2,4513; 562,1,1,0,1.0,0.5,0.6666666666666666,0.75,True,True
PXD033046,1,35572,1,7227,0,1,1,0.0,0.0,0.0,0.0,True,False
PXD033047,1,4113,2,3702; 4113,1,1,0,1.0,0.5,0.6666666666666666,0.75,True,True
PXD033055,1,9606,1,9823,0,1,1,0.0,0.0,0.0,0.0,True,False
PXD033099,1,9606,1,9606,1,0,0,1.0,1.0,1.0,1.0,True,True
PXD033104,1,9606,1,9606,1,0,0,1.0,1.0,1.0,1.0,True,True
PXD033112,1,9606,1,9606,1,0,0,1.0,1.0,1.0,1.0,True,True
PXD033181,1,9606,3,10090; 4565; 9606,1,2,0,1.0,0.3333333333333333,0.5,0.6666666666666666,True,True
PXD033196,1,9606,1,9606,1,0,0,1.0,1.0,1.0,1.0,True,True
PXD033198,1,9606,1,9606,1,0,0,1.0,1.0,1.0,1.0,True,True
PXD033342,1,2697049,2,2697049; 9606,1,1,0,1.0,0.5,0.6666666666666666,0.75,True,True
PXD033421,1,9606,1,9606,1,0,0,1.0,1.0,1.0,1.0,True,True
PXD033469,1,9606,2,562; 9606,1,1,0,1.0,0.5,0.6666666666666666,0.75,True,True
PXD033536,1,9606,1,9606,1,0,0,1.0,1.0,1.0,1.0,True,True
PXD033537,2,106198; 34708,3,7227; 9606; 9796,0,3,2,0.0,0.0,0.0,0.0,True,False
PXD033580,1,9606,1,9606,1,0,0,1.0,1.0,1.0,1.0,True,True
PXD033588,1,7162,0,,0,0,1,,,,,False,False
PXD033593,1,9606,2,10090; 9606,1,1,0,1.0,0.5,0.6666666666666666,0.75,True,True
PXD033633,1,9606,2,10090; 9606,1,1,0,1.0,0.5,0.6666666666666666,0.75,True,True
PXD033645,1,9606,1,9606,1,0,0,1.0,1.0,1.0,1.0,True,True
PXD033678,1,9606,1,9606,1,0,0,1.0,1.0,1.0,1.0,True,True
PXD033691,2,10090; 9606,3,10090; 562; 9606,2,1,0,1.0,0.6666666666666666,0.8,0.8333333333333333,True,True
PXD033694,1,9606,1,9606,1,0,0,1.0,1.0,1.0,1.0,True,False
PXD033827,1,5821,1,10090,0,1,1,0.0,0.0,0.0,0.0,True,False
PXD033840,1,9606,2,9606; 9913,1,1,0,1.0,0.5,0.6666666666666666,0.75,True,True
PXD033865,1,9606,2,562; 9606,1,1,0,1.0,0.5,0.6666666666666666,0.75,True,True
PXD033914,1,6239,1,6239,1,0,0,1.0,1.0,1.0,1.0,True,True
PXD033924,1,9606,1,9606,1,0,0,1.0,1.0,1.0,1.0,True,True
PXD033991,1,9606,1,9606,1,0,0,1.0,1.0,1.0,1.0,True,True
PXD034069,1,10090,1,10090,1,0,0,1.0,1.0,1.0,1.0,True,True
PXD034074,1,10090,1,10090,1,0,0,1.0,1.0,1.0,1.0,True,True
PXD034091,1,9606,1,9606,1,0,0,1.0,1.0,1.0,1.0,True,True
PXD034134,1,4565,2,4565; 9606,1,1,0,1.0,0.5,0.6666666666666666,0.75,True,True
PXD034144,1,242619,0,,0,0,1,,,,,False,False
PXD034168,1,9606,1,9606,1,0,0,1.0,1.0,1.0,1.0,True,True
PXD034180,1,10090,2,9606; 9913,0,2,1,0.0,0.0,0.0,0.0,True,False
PXD034393,1,7227,1,9606,0,1,1,0.0,0.0,0.0,0.0,True,True
PXD034398,1,10090,1,10090,1,0,0,1.0,1.0,1.0,1.0,True,True
PXD034434,1,9606,1,9606,1,0,0,1.0,1.0,1.0,1.0,True,False
PXD034445,1,9606,1,9606,1,0,0,1.0,1.0,1.0,1.0,True,True
PXD034526,1,9606,1,9606,1,0,0,1.0,1.0,1.0,1.0,True,True
PXD034576,1,9606,1,9606,1,0,0,1.0,1.0,1.0,1.0,True,True
PXD034577,1,9606,2,1280; 9606,1,1,0,1.0,0.5,0.6666666666666666,0.75,True,True
PXD034583,1,9606,2,2697049; 9606,1,1,0,1.0,0.5,0.6666666666666666,0.75,True,True
PXD034594,1,10090,1,10090,1,0,0,1.0,1.0,1.0,1.0,True,True
PXD034650,1,9606,2,1280; 9606,1,1,0,1.0,0.5,0.6666666666666666,0.75,True,True
PXD034652,1,9606,1,9606,1,0,0,1.0,1.0,1.0,1.0,True,True
PXD034795,5,1423; 2; 2681598; 28901; 562,9,10090; 10116; 1280; 1492; 4565; 562; 9031; 9606; 9796,1,8,4,0.2,0.1111111111111111,0.14285714285714285,0.15555555555555556,True,False
PXD034865,1,4932,2,4932; 9606,1,1,0,1.0,0.5,0.6666666666666666,0.75,True,True
PXD034871,1,9606,1,9606,1,0,0,1.0,1.0,1.0,1.0,True,True
PXD034893,2,562; 9606,2,7227; 9606,1,1,1,0.5,0.5,0.5,0.5,True,False
PXD034894,1,9606,0,,0,0,1,,,,,False,False
PXD034976,1,10090,0,,0,0,1,,,,,False,False
PXD035013,1,9606,1,9606,1,0,0,1.0,1.0,1.0,1.0,True,True
PXD035048,1,9606,1,9606,1,0,0,1.0,1.0,1.0,1.0,True,True
PXD035068,4,498019; 5478; 5480; 5482,8,10090; 10116; 4932; 5476; 8355; 9031; 9606; 9913,0,8,4,0.0,0.0,0.0,0.0,True,False
PXD035126,1,9606,1,9606,1,0,0,1.0,1.0,1.0,1.0,False,True
PXD035172,1,36329,2,5833; 9606,1,1,0,1.0,0.5,0.6666666666666666,0.75,True,True
PXD035227,1,9606,1,9606,1,0,0,1.0,1.0,1.0,1.0,True,False
PXD035320,1,759272,1,9606,0,1,1,0.0,0.0,0.0,0.0,True,False
PXD035434,1,229533,1,9913,0,1,1,0.0,0.0,0.0,0.0,True,False
PXD035501,1,9606,1,9606,1,0,0,1.0,1.0,1.0,1.0,True,True
PXD035534,1,6535,1,9606,0,1,1,0.0,0.0,0.0,0.0,True,False
PXD035585,1,9606,0,,0,0,1,,,,,False,False
PXD035586,1,9606,1,9606,1,0,0,1.0,1.0,1.0,1.0,True,True
PXD035650,1,9606,1,9606,1,0,0,1.0,1.0,1.0,1.0,True,True
PXD035664,1,9606,3,10090; 9606; 9823,1,2,0,1.0,0.3333333333333333,0.5,0.6666666666666666,True,True
PXD035682,2,2; 4932,2,4932; 9796,1,1,1,0.5,0.5,0.5,0.5,True,True
PXD035689,1,9606,1,9606,1,0,0,1.0,1.0,1.0,1.0,False,True
PXD035704,1,9606,1,9606,1,0,0,1.0,1.0,1.0,1.0,True,False
PXD035715,1,9606,1,9606,1,0,0,1.0,1.0,1.0,1.0,True,True
PXD035722,1,9606,2,10090; 9606,1,1,0,1.0,0.5,0.6666666666666666,0.75,True,True
PXD035766,1,40559,2,4932; 5476,0,2,1,0.0,0.0,0.0,0.0,True,False
PXD035767,1,9606,2,562; 9606,1,1,0,1.0,0.5,0.6666666666666666,0.75,True,True
PXD035777,1,9606,1,9606,1,0,0,1.0,1.0,1.0,1.0,True,True
PXD035796,1,29760,2,29760; 9606,1,1,0,1.0,0.5,0.6666666666666666,0.75,True,True
PXD035817,1,9606,2,10090; 9606,1,1,0,1.0,0.5,0.6666666666666666,0.75,True,True
PXD035839,1,9606,2,10090; 9606,1,1,0,1.0,0.5,0.6666666666666666,0.75,True,True
PXD035849,1,9606,2,562; 9606,1,1,0,1.0,0.5,0.6666666666666666,0.75,True,True
PXD035850,1,244366,2,562; 9606,0,2,1,0.0,0.0,0.0,0.0,True,False
PXD035934,1,9606,2,562; 9606,1,1,0,1.0,0.5,0.6666666666666666,0.75,True,True
PXD035980,1,9606,1,9606,1,0,0,1.0,1.0,1.0,1.0,True,True
PXD036005,1,4932,1,4932,1,0,0,1.0,1.0,1.0,1.0,True,True
PXD036192,1,9606,2,562; 9606,1,1,0,1.0,0.5,0.6666666666666666,0.75,True,True
PXD036197,1,10090,1,10090,1,0,0,1.0,1.0,1.0,1.0,True,True
PXD036200,1,9606,2,562; 9606,1,1,0,1.0,0.5,0.6666666666666666,0.75,True,True
PXD036201,1,9606,1,562,0,1,1,0.0,0.0,0.0,0.0,True,False
PXD036204,1,9606,1,9606,1,0,0,1.0,1.0,1.0,1.0,True,False
PXD036221,1,10090,2,10090; 9606,1,1,0,1.0,0.5,0.6666666666666666,0.75,True,True
PXD036242,1,10090,0,,0,0,1,,,,,False,False
PXD036331,1,10036,1,10036,1,0,0,1.0,1.0,1.0,1.0,False,True
PXD036348,1,9606,1,9606,1,0,0,1.0,1.0,1.0,1.0,True,True
PXD036430,1,9606,2,10116; 9606,1,1,0,1.0,0.5,0.6666666666666666,0.75,True,True
PXD036447,1,9606,2,10090; 9606,1,1,0,1.0,0.5,0.6666666666666666,0.75,True,True
PXD036510,1,9606,1,9606,1,0,0,1.0,1.0,1.0,1.0,True,False
PXD036575,1,9606,1,9606,1,0,0,1.0,1.0,1.0,1.0,True,False
PXD036611,1,9606,1,9606,1,0,0,1.0,1.0,1.0,1.0,True,False
PXD036626,1,3702,1,3702,1,0,0,1.0,1.0,1.0,1.0,True,True
PXD036634,1,9606,3,10090; 562; 9606,1,2,0,1.0,0.3333333333333333,0.5,0.6666666666666666,True,True
PXD036646,1,9606,2,9606; 9913,1,1,0,1.0,0.5,0.6666666666666666,0.75,True,True
PXD036675,1,9606,1,9606,1,0,0,1.0,1.0,1.0,1.0,True,True
PXD036708,1,9606,1,9606,1,0,0,1.0,1.0,1.0,1.0,True,True
PXD036774,1,9606,2,9606; 9913,1,1,0,1.0,0.5,0.6666666666666666,0.75,True,True
PXD036779,1,9606,2,10090; 9606,1,1,0,1.0,0.5,0.6666666666666666,0.75,True,True
PXD036877,2,2254; 2594798,3,2246; 9606; 9823,1,2,1,0.5,0.3333333333333333,0.4,0.41666666666666663,True,False
PXD036904,1,5833,2,5833; 9606,1,1,0,1.0,0.5,0.6666666666666666,0.75,True,True
PXD036905,2,10090; 9606,3,10090; 562; 9606,2,1,0,1.0,0.6666666666666666,0.8,0.8333333333333333,True,True
PXD036920,1,9606,1,9606,1,0,0,1.0,1.0,1.0,1.0,True,False
PXD036966,1,10090,1,10090,1,0,0,1.0,1.0,1.0,1.0,True,True
PXD037001,1,9606,1,9606,1,0,0,1.0,1.0,1.0,1.0,True,True
PXD037003,1,10090,1,10090,1,0,0,1.0,1.0,1.0,1.0,True,True
PXD037028,1,9606,2,562; 9606,1,1,0,1.0,0.5,0.6666666666666666,0.75,True,True
PXD037029,1,9825,3,4565; 9606; 9823,1,2,0,1.0,0.3333333333333333,0.5,0.6666666666666666,True,True
PXD037034,43,10036; 10090; 10116; 10117; 1280; 1351; 2242; 31646; 3347; 3708; 3715; 3827; 3888; 3988; 4097; 4113; 4146; 44689; 4513; 4530; 4932; 5476; 562; 59729; 6239; 7091; 7227; 7634; 7955; 79698; 7998; 8049; 85963; 8801; 9031; 9534; 9544; 9598; 9600; 9606; 9796; 9825; 9913,26,10090; 10116; 105841; 1280; 1492; 1590; 3055; 3702; 4530; 4565; 4932; 5476; 562; 5691; 5833; 5850; 6239; 7227; 7955; 818; 8355; 9031; 9606; 9796; 9823; 9913,15,11,28,0.3488372093023256,0.5769230769230769,0.43478260869565216,0.4628801431127012,True,True
PXD037042,1,9606,1,9606,1,0,0,1.0,1.0,1.0,1.0,True,True
PXD037059,1,446,0,,0,0,1,,,,,False,False
PXD037093,1,36307,1,10090,0,1,1,0.0,0.0,0.0,0.0,True,False
PXD037103,1,1043002,1,5476,0,1,1,0.0,0.0,0.0,0.0,True,False
PXD037131,1,9606,2,562; 9606,1,1,0,1.0,0.5,0.6666666666666666,0.75,True,True
PXD037132,1,9606,0,,0,0,1,,,,,False,False
PXD037137,1,9606,1,9606,1,0,0,1.0,1.0,1.0,1.0,True,True
PXD037186,1,9913,1,9913,1,0,0,1.0,1.0,1.0,1.0,True,True
PXD037262,1,9606,1,9606,1,0,0,1.0,1.0,1.0,1.0,True,True
PXD037292,1,9606,1,9606,1,0,0,1.0,1.0,1.0,1.0,True,True
PXD037312,1,9606,1,9606,1,0,0,1.0,1.0,1.0,1.0,True,True
PXD037317,1,9606,1,9606,1,0,0,1.0,1.0,1.0,1.0,True,False
PXD037474,1,5823,5,10090; 5821; 5833; 5850; 9606,1,4,0,1.0,0.2,0.33333333333333337,0.6,True,True
PXD037493,1,9606,1,9606,1,0,0,1.0,1.0,1.0,1.0,True,True
PXD037562,1,4932,1,4932,1,0,0,1.0,1.0,1.0,1.0,True,True
PXD037573,1,9606,1,9606,1,0,0,1.0,1.0,1.0,1.0,False,True
PXD037619,1,4932,1,4932,1,0,0,1.0,1.0,1.0,1.0,True,True
PXD037663,1,9606,1,9606,1,0,0,1.0,1.0,1.0,1.0,True,False
PXD037671,1,9606,1,9606,1,0,0,1.0,1.0,1.0,1.0,True,False
PXD037677,1,9606,1,9606,1,0,0,1.0,1.0,1.0,1.0,True,True
PXD037697,1,9606,1,9606,1,0,0,1.0,1.0,1.0,1.0,True,False
PXD037703,1,9606,1,9606,1,0,0,1.0,1.0,1.0,1.0,True,True
PXD037709,1,4565,1,4565,1,0,0,1.0,1.0,1.0,1.0,True,True
PXD037729,1,9606,1,9606,1,0,0,1.0,1.0,1.0,1.0,True,True
PXD037807,1,9544,1,9544,1,0,0,1.0,1.0,1.0,1.0,False,True
PXD037838,1,9606,2,10090; 9606,1,1,0,1.0,0.5,0.6666666666666666,0.75,True,False
PXD037898,1,9606,1,9606,1,0,0,1.0,1.0,1.0,1.0,True,True
PXD037900,1,9606,1,9606,1,0,0,1.0,1.0,1.0,1.0,True,True
PXD037907,1,9606,2,562; 9606,1,1,0,1.0,0.5,0.6666666666666666,0.75,True,True
PXD037920,1,9606,1,9606,1,0,0,1.0,1.0,1.0,1.0,True,True
PXD037955,1,9534,1,9606,0,1,1,0.0,0.0,0.0,0.0,True,False
PXD037990,1,9606,1,9606,1,0,0,1.0,1.0,1.0,1.0,True,True
PXD038042,1,9606,2,9606; 9823,1,1,0,1.0,0.5,0.6666666666666666,0.75,True,True
PXD038067,1,9606,1,9606,1,0,0,1.0,1.0,1.0,1.0,True,True
PXD038106,1,9913,1,9913,1,0,0,1.0,1.0,1.0,1.0,True,True
PXD038116,1,3702,2,3702; 562,1,1,0,1.0,0.5,0.6666666666666666,0.75,True,True
PXD038126,1,3702,1,3702,1,0,0,1.0,1.0,1.0,1.0,True,True
PXD038135,1,9606,1,9606,1,0,0,1.0,1.0,1.0,1.0,True,True
PXD038138,1,4932,1,4932,1,0,0,1.0,1.0,1.0,1.0,True,True
PXD038154,1,9606,0,,0,0,1,,,,,False,False
PXD038277,3,1206781; 1422; 1496,3,10116; 9606; 9913,0,3,3,0.0,0.0,0.0,0.0,True,False
PXD038281,1,9606,2,562; 9606,1,1,0,1.0,0.5,0.6666666666666666,0.75,True,True
PXD038287,1,10090,1,10090,1,0,0,1.0,1.0,1.0,1.0,True,True
PXD038309,1,9606,1,9606,1,0,0,1.0,1.0,1.0,1.0,True,True
PXD038334,1,10090,2,10090; 9606,1,1,0,1.0,0.5,0.6666666666666666,0.75,False,True
PXD038392,1,10090,2,10090; 9606,1,1,0,1.0,0.5,0.6666666666666666,0.75,True,True
PXD038554,1,10090,2,10090; 9606,1,1,0,1.0,0.5,0.6666666666666666,0.75,True,True
PXD038653,1,9606,3,10090; 562; 9606,1,2,0,1.0,0.3333333333333333,0.5,0.6666666666666666,True,True
PXD038660,1,10090,1,10090,1,0,0,1.0,1.0,1.0,1.0,True,True
PXD038767,1,7227,1,7227,1,0,0,1.0,1.0,1.0,1.0,False,True
PXD038817,1,562,1,562,1,0,0,1.0,1.0,1.0,1.0,False,True
PXD038818,1,9606,1,9606,1,0,0,1.0,1.0,1.0,1.0,True,True
PXD038932,1,9606,1,9606,1,0,0,1.0,1.0,1.0,1.0,True,False
PXD038934,1,9606,2,4565; 9606,1,1,0,1.0,0.5,0.6666666666666666,0.75,True,True
PXD038943,1,9606,1,9606,1,0,0,1.0,1.0,1.0,1.0,True,False
PXD038944,1,10090,2,10090; 9606,1,1,0,1.0,0.5,0.6666666666666666,0.75,True,False
PXD039007,1,9606,1,9606,1,0,0,1.0,1.0,1.0,1.0,True,True
PXD039025,1,29760,1,7227,0,1,1,0.0,0.0,0.0,0.0,True,False
PXD039035,1,10090,1,10090,1,0,0,1.0,1.0,1.0,1.0,True,True
PXD039053,1,9606,1,9606,1,0,0,1.0,1.0,1.0,1.0,True,True
PXD039072,1,9606,1,9606,1,0,0,1.0,1.0,1.0,1.0,True,True
PXD039133,1,9606,1,9606,1,0,0,1.0,1.0,1.0,1.0,True,False
PXD039226,1,10090,1,10090,1,0,0,1.0,1.0,1.0,1.0,True,True
PXD039266,1,1645733,1,9606,0,1,1,0.0,0.0,0.0,0.0,True,False
PXD039267,1,1645733,1,9606,0,1,1,0.0,0.0,0.0,0.0,True,False
PXD039300,1,10090,2,10090; 9606,1,1,0,1.0,0.5,0.6666666666666666,0.75,True,True
PXD039321,1,9606,1,9606,1,0,0,1.0,1.0,1.0,1.0,False,True
PXD039332,1,9606,1,9606,1,0,0,1.0,1.0,1.0,1.0,True,True
PXD039388,1,10090,1,10090,1,0,0,1.0,1.0,1.0,1.0,True,True
PXD039394,1,9606,1,9606,1,0,0,1.0,1.0,1.0,1.0,True,True
PXD039401,1,9606,1,9606,1,0,0,1.0,1.0,1.0,1.0,True,True
PXD039437,1,9606,1,9606,1,0,0,1.0,1.0,1.0,1.0,True,True
PXD039464,1,9606,1,9606,1,0,0,1.0,1.0,1.0,1.0,True,True
PXD039478,1,10090,2,562; 9606,0,2,1,0.0,0.0,0.0,0.0,True,True
PXD039587,1,10116,1,10116,1,0,0,1.0,1.0,1.0,1.0,False,True
PXD039658,1,99287,1,562,0,1,1,0.0,0.0,0.0,0.0,True,False
PXD039669,2,37296; 9606,1,9606,1,0,1,0.5,1.0,0.6666666666666666,0.75,False,True
PXD039709,1,1088878,0,,0,0,1,,,,,False,False
PXD039780,1,9606,1,9606,1,0,0,1.0,1.0,1.0,1.0,True,True
PXD039834,1,9606,2,9606; 9913,1,1,0,1.0,0.5,0.6666666666666666,0.75,True,True
PXD039835,1,9606,2,9606; 9913,1,1,0,1.0,0.5,0.6666666666666666,0.75,True,True
PXD039836,1,9606,2,9606; 9913,1,1,0,1.0,0.5,0.6666666666666666,0.75,True,True
PXD039837,1,9606,1,9606,1,0,0,1.0,1.0,1.0,1.0,True,True
PXD039838,1,9606,1,9606,1,0,0,1.0,1.0,1.0,1.0,True,True
PXD039849,1,4932,1,4932,1,0,0,1.0,1.0,1.0,1.0,True,True
PXD039939,1,9606,2,562; 9606,1,1,0,1.0,0.5,0.6666666666666666,0.75,True,True
PXD039956,1,9606,1,9606,1,0,0,1.0,1.0,1.0,1.0,True,True
PXD039998,1,9606,2,9606; 9913,1,1,0,1.0,0.5,0.6666666666666666,0.75,True,True
PXD040089,1,9606,1,9606,1,0,0,1.0,1.0,1.0,1.0,False,True
PXD040101,1,9606,1,9606,1,0,0,1.0,1.0,1.0,1.0,True,True
PXD040174,3,2665958; 4932; 9606,6,10116; 4932; 9606; 9823; 9913; 9986,2,4,1,0.6666666666666666,0.3333333333333333,0.4444444444444444,0.5,True,True
PXD040180,1,4097,2,3702; 4097,1,1,0,1.0,0.5,0.6666666666666666,0.75,True,True
PXD040199,1,9606,1,9606,1,0,0,1.0,1.0,1.0,1.0,True,True
PXD040200,1,9606,1,9606,1,0,0,1.0,1.0,1.0,1.0,True,True
PXD040208,1,9606,1,9606,1,0,0,1.0,1.0,1.0,1.0,True,False
PXD040218,1,9606,1,9606,1,0,0,1.0,1.0,1.0,1.0,True,True
PXD040273,2,1417997; 2,3,6239; 7227; 9606,0,3,2,0.0,0.0,0.0,0.0,True,False
PXD040361,1,9606,1,9606,1,0,0,1.0,1.0,1.0,1.0,True,True
PXD040392,1,10090,2,10090; 9606,1,1,0,1.0,0.5,0.6666666666666666,0.75,True,True
PXD040446,1,10116,1,10116,1,0,0,1.0,1.0,1.0,1.0,True,True
PXD040466,1,9606,1,9606,1,0,0,1.0,1.0,1.0,1.0,True,True
PXD040492,1,9606,1,9606,1,0,0,1.0,1.0,1.0,1.0,True,True
PXD040611,1,555479,2,555479; 562,1,1,0,1.0,0.5,0.6666666666666666,0.75,True,True
PXD040732,1,9606,1,9606,1,0,0,1.0,1.0,1.0,1.0,True,True
PXD040733,1,9606,1,9606,1,0,0,1.0,1.0,1.0,1.0,True,True
PXD040772,1,9606,2,10090; 9606,1,1,0,1.0,0.5,0.6666666666666666,0.75,True,True
PXD040793,1,7227,1,7227,1,0,0,1.0,1.0,1.0,1.0,True,True
PXD040806,1,9606,1,9606,1,0,0,1.0,1.0,1.0,1.0,True,True
PXD040899,1,10090,2,10090; 9606,1,1,0,1.0,0.5,0.6666666666666666,0.75,True,True
PXD040942,1,9606,1,9606,1,0,0,1.0,1.0,1.0,1.0,True,False
PXD041043,1,9606,1,9606,1,0,0,1.0,1.0,1.0,1.0,True,True
PXD041051,1,10090,1,10090,1,0,0,1.0,1.0,1.0,1.0,True,True
PXD041053,1,9606,1,9606,1,0,0,1.0,1.0,1.0,1.0,True,True
PXD041070,2,10090; 562,3,10090; 562; 9913,2,1,0,1.0,0.6666666666666666,0.8,0.8333333333333333,True,True
PXD041082,1,6447,1,9606,0,1,1,0.0,0.0,0.0,0.0,True,False
PXD041103,1,562,1,562,1,0,0,1.0,1.0,1.0,1.0,True,True
PXD041105,1,562,2,562; 9606,1,1,0,1.0,0.5,0.6666666666666666,0.75,True,True
PXD041119,1,9606,1,9606,1,0,0,1.0,1.0,1.0,1.0,False,True
PXD041125,1,9606,1,9606,1,0,0,1.0,1.0,1.0,1.0,True,True
PXD041335,1,562,1,562,1,0,0,1.0,1.0,1.0,1.0,True,True
PXD041354,1,9606,2,10090; 9606,1,1,0,1.0,0.5,0.6666666666666666,0.75,True,True
PXD041372,1,10090,2,10090; 9606,1,1,0,1.0,0.5,0.6666666666666666,0.75,True,True
PXD041466,1,7227,1,7227,1,0,0,1.0,1.0,1.0,1.0,True,True
PXD041469,1,4097,1,3702,0,1,1,0.0,0.0,0.0,0.0,True,False
PXD041514,1,9606,1,9606,1,0,0,1.0,1.0,1.0,1.0,True,True
PXD041516,1,375939,1,6239,0,1,1,0.0,0.0,0.0,0.0,True,False
PXD041561,1,1396,2,1396; 9606,1,1,0,1.0,0.5,0.6666666666666666,0.75,True,True
PXD041605,1,9606,2,10090; 9606,1,1,0,1.0,0.5,0.6666666666666666,0.75,True,True
PXD041633,1,10090,1,10090,1,0,0,1.0,1.0,1.0,1.0,True,True
PXD041635,1,10090,1,10090,1,0,0,1.0,1.0,1.0,1.0,True,True
PXD041690,3,2907829; 2907833; 546805,0,,0,0,3,,,,,False,False
PXD041767,1,562,2,562; 9606,1,1,0,1.0,0.5,0.6666666666666666,0.75,True,True
PXD041775,1,9606,1,9606,1,0,0,1.0,1.0,1.0,1.0,True,True
PXD041782,1,9606,1,9606,1,0,0,1.0,1.0,1.0,1.0,True,True
PXD041791,1,388919,0,,0,0,1,,,,,False,False
PXD041814,1,9606,1,562,0,1,1,0.0,0.0,0.0,0.0,True,False
PXD041913,1,9606,1,9606,1,0,0,1.0,1.0,1.0,1.0,True,True
PXD041996,1,3702,1,3702,1,0,0,1.0,1.0,1.0,1.0,True,True
PXD042008,1,9606,1,9606,1,0,0,1.0,1.0,1.0,1.0,True,True
PXD042010,1,4932,1,4932,1,0,0,1.0,1.0,1.0,1.0,True,True
PXD042075,1,9606,1,9606,1,0,0,1.0,1.0,1.0,1.0,True,True
PXD042152,1,9606,1,9606,1,0,0,1.0,1.0,1.0,1.0,True,True
PXD042210,1,9606,1,9606,1,0,0,1.0,1.0,1.0,1.0,True,True
PXD042218,1,9606,1,9606,1,0,0,1.0,1.0,1.0,1.0,True,True
PXD042222,1,9606,1,9606,1,0,0,1.0,1.0,1.0,1.0,False,True
PXD042319,1,10090,1,10090,1,0,0,1.0,1.0,1.0,1.0,True,True
PXD042397,1,9606,1,9606,1,0,0,1.0,1.0,1.0,1.0,True,True
PXD042438,1,9606,1,9606,1,0,0,1.0,1.0,1.0,1.0,True,True
PXD042452,1,10090,1,10090,1,0,0,1.0,1.0,1.0,1.0,True,True
PXD042535,1,9796,2,9606; 9796,1,1,0,1.0,0.5,0.6666666666666666,0.75,True,True
PXD042540,1,6239,2,6239; 9606,1,1,0,1.0,0.5,0.6666666666666666,0.75,True,True
PXD042575,2,10116; 9606,1,10116,1,0,1,0.5,1.0,0.6666666666666666,0.75,False,True
PXD042580,1,9606,1,9606,1,0,0,1.0,1.0,1.0,1.0,True,True
PXD042581,1,9606,2,10090; 9606,1,1,0,1.0,0.5,0.6666666666666666,0.75,True,True
PXD042584,2,7108; 9606,2,7227; 9823,0,2,2,0.0,0.0,0.0,0.0,True,False
PXD042735,1,10090,1,10090,1,0,0,1.0,1.0,1.0,1.0,True,True
PXD042821,2,1964320; 287889,4,4565; 8355; 9606; 9913,0,4,2,0.0,0.0,0.0,0.0,True,False
PXD042823,1,9606,1,9606,1,0,0,1.0,1.0,1.0,1.0,True,True
PXD042830,1,9606,1,9606,1,0,0,1.0,1.0,1.0,1.0,True,True
PXD042908,1,9606,1,9606,1,0,0,1.0,1.0,1.0,1.0,True,True
PXD042914,1,9606,1,9606,1,0,0,1.0,1.0,1.0,1.0,True,True
PXD042983,1,9606,1,9606,1,0,0,1.0,1.0,1.0,1.0,True,True
PXD043031,1,9606,2,9606; 9913,1,1,0,1.0,0.5,0.6666666666666666,0.75,True,True
PXD043041,1,3702,1,3702,1,0,0,1.0,1.0,1.0,1.0,True,True
PXD043087,1,9606,2,10090; 9606,1,1,0,1.0,0.5,0.6666666666666666,0.75,True,True
PXD043100,1,6239,1,6239,1,0,0,1.0,1.0,1.0,1.0,True,True
PXD043232,1,9606,1,9606,1,0,0,1.0,1.0,1.0,1.0,True,True
PXD043233,1,9606,1,562,0,1,1,0.0,0.0,0.0,0.0,True,False
PXD043273,1,9606,1,9606,1,0,0,1.0,1.0,1.0,1.0,True,True
PXD043494,2,10090; 9606,2,10090; 9606,2,0,0,1.0,1.0,1.0,1.0,True,False
PXD043500,1,9606,1,562,0,1,1,0.0,0.0,0.0,0.0,True,False
PXD043535,1,9606,1,9606,1,0,0,1.0,1.0,1.0,1.0,True,True
PXD043558,1,9606,1,9606,1,0,0,1.0,1.0,1.0,1.0,True,False
PXD043615,1,110205,0,,0,0,1,,,,,False,False
PXD043637,1,9606,2,10090; 9606,1,1,0,1.0,0.5,0.6666666666666666,0.75,True,True
PXD043674,1,9606,1,9606,1,0,0,1.0,1.0,1.0,1.0,True,False
PXD043675,1,6446,2,9606; NCBI taxonomy ID 6446,0,2,1,0.0,0.0,0.0,0.0,True,True
PXD043802,1,9606,2,562; 9606,1,1,0,1.0,0.5,0.6666666666666666,0.75,True,True
PXD043867,1,42197,1,562,0,1,1,0.0,0.0,0.0,0.0,True,False
PXD043896,1,7469,1,7459,0,1,1,0.0,0.0,0.0,0.0,False,True
PXD043900,1,1423,2,224308; 9606,1,1,0,1.0,0.5,0.6666666666666666,0.75,True,True
PXD043907,1,4932,1,4932,1,0,0,1.0,1.0,1.0,1.0,True,True
PXD043924,1,508771,2,5811; 9606,1,1,0,1.0,0.5,0.6666666666666666,0.75,True,True
PXD043994,1,508771,2,5811; 9606,1,1,0,1.0,0.5,0.6666666666666666,0.75,True,True
PXD044015,1,9606,1,9606,1,0,0,1.0,1.0,1.0,1.0,True,True
PXD044029,1,9606,1,9913,0,1,1,0.0,0.0,0.0,0.0,True,False
PXD044147,1,9606,2,9606; 9913,1,1,0,1.0,0.5,0.6666666666666666,0.75,True,True
PXD044161,1,10090,2,10090; 9606,1,1,0,1.0,0.5,0.6666666666666666,0.75,True,True
PXD044188,1,9606,1,9606,1,0,0,1.0,1.0,1.0,1.0,True,True
PXD044196,1,9606,1,9606,1,0,0,1.0,1.0,1.0,1.0,True,True
PXD044242,1,67593,2,10090; 9606,0,2,1,0.0,0.0,0.0,0.0,True,False
PXD044253,1,10090,1,10090,1,0,0,1.0,1.0,1.0,1.0,True,True
PXD044254,1,10090,1,10090,1,0,0,1.0,1.0,1.0,1.0,True,True
PXD044305,1,429431,1,562,0,1,1,0.0,0.0,0.0,0.0,True,False
PXD044322,1,562,2,4932; 562,1,1,0,1.0,0.5,0.6666666666666666,0.75,True,True
PXD044430,1,9606,1,9606,1,0,0,1.0,1.0,1.0,1.0,True,False
PXD044513,1,9606,1,9606,1,0,0,1.0,1.0,1.0,1.0,True,True
PXD044519,1,9606,1,9606,1,0,0,1.0,1.0,1.0,1.0,True,True
PXD044548,1,9606,1,9606,1,0,0,1.0,1.0,1.0,1.0,True,True
PXD044629,1,9606,2,9606; 9913,1,1,0,1.0,0.5,0.6666666666666666,0.75,True,True
PXD044633,1,7227,1,7227,1,0,0,1.0,1.0,1.0,1.0,True,False
PXD044638,1,36036,2,4932; 5476,0,2,1,0.0,0.0,0.0,0.0,True,False
PXD044692,1,9606,1,9606,1,0,0,1.0,1.0,1.0,1.0,True,True
PXD044720,1,36036,1,5476,0,1,1,0.0,0.0,0.0,0.0,True,False
PXD044729,1,36036,1,5476,0,1,1,0.0,0.0,0.0,0.0,True,False
PXD044740,1,10090,2,10090; 9913,1,1,0,1.0,0.5,0.6666666666666666,0.75,True,True
PXD044742,1,36036,1,5476,0,1,1,0.0,0.0,0.0,0.0,True,False
PXD044743,1,9606,2,9606; 9796,1,1,0,1.0,0.5,0.6666666666666666,0.75,True,True
PXD044750,1,10116,3,10116; 562; 9606,1,2,0,1.0,0.3333333333333333,0.5,0.6666666666666666,True,True
PXD044759,1,82569,1,562,0,1,1,0.0,0.0,0.0,0.0,True,False
PXD044760,1,9606,1,9606,1,0,0,1.0,1.0,1.0,1.0,True,True
PXD044763,1,36036,1,5476,0,1,1,0.0,0.0,0.0,0.0,True,False
PXD044767,1,9606,1,9606,1,0,0,1.0,1.0,1.0,1.0,True,True
PXD044772,1,36036,2,4932; 5476,0,2,1,0.0,0.0,0.0,0.0,True,False
PXD044785,1,36036,2,4932; 5476,0,2,1,0.0,0.0,0.0,0.0,True,False
PXD044788,1,36036,2,4932; 5476,0,2,1,0.0,0.0,0.0,0.0,True,False
PXD044817,1,9606,1,9606,1,0,0,1.0,1.0,1.0,1.0,True,False
PXD044860,1,9606,1,9606,1,0,0,1.0,1.0,1.0,1.0,True,True
PXD044862,1,9606,1,9606,1,0,0,1.0,1.0,1.0,1.0,True,True
PXD044959,1,10090,1,10090,1,0,0,1.0,1.0,1.0,1.0,False,True
PXD045137,1,9606,1,9606,1,0,0,1.0,1.0,1.0,1.0,False,True
PXD045231,1,9606,1,9606,1,0,0,1.0,1.0,1.0,1.0,True,True
PXD045249,1,208964,2,287; 562,1,1,0,1.0,0.5,0.6666666666666666,0.75,True,True
PXD045404,1,9606,1,9606,1,0,0,1.0,1.0,1.0,1.0,True,False
PXD045457,1,9606,1,9606,1,0,0,1.0,1.0,1.0,1.0,True,True
PXD045526,1,9606,1,9606,1,0,0,1.0,1.0,1.0,1.0,True,True
PXD045667,1,10090,1,10090,1,0,0,1.0,1.0,1.0,1.0,True,True
PXD045770,1,9606,1,9606,1,0,0,1.0,1.0,1.0,1.0,True,True
PXD045778,1,10090,1,10090,1,0,0,1.0,1.0,1.0,1.0,True,True
PXD045873,1,237561,1,5476,1,0,0,1.0,1.0,1.0,1.0,True,True
PXD046070,1,9534,2,4565; 9606,0,2,1,0.0,0.0,0.0,0.0,True,False
PXD046076,1,1280,2,1280; 9606,1,1,0,1.0,0.5,0.6666666666666666,0.75,True,True
PXD046139,1,9606,2,10090; 9606,1,1,0,1.0,0.5,0.6666666666666666,0.75,True,True
PXD046217,1,1500961,1,7955,0,1,1,0.0,0.0,0.0,0.0,True,False
PXD046332,1,3885,1,3885,1,0,0,1.0,1.0,1.0,1.0,False,True
PXD046363,1,10090,2,10090; 562,1,1,0,1.0,0.5,0.6666666666666666,0.75,True,True
PXD046392,1,562,1,562,1,0,0,1.0,1.0,1.0,1.0,True,True
PXD046523,1,9606,1,9606,1,0,0,1.0,1.0,1.0,1.0,True,True
PXD046592,1,44283,1,562,0,1,1,0.0,0.0,0.0,0.0,True,False
PXD046708,1,9606,1,9606,1,0,0,1.0,1.0,1.0,1.0,True,True
PXD046760,1,10090,1,10090,1,0,0,1.0,1.0,1.0,1.0,True,False
PXD046785,1,10090,1,10090,1,0,0,1.0,1.0,1.0,1.0,True,True
PXD046810,1,9606,2,562; 9606,1,1,0,1.0,0.5,0.6666666666666666,0.75,True,False
PXD046838,1,9606,1,9606,1,0,0,1.0,1.0,1.0,1.0,True,True
PXD046945,1,9606,2,562; 9606,1,1,0,1.0,0.5,0.6666666666666666,0.75,True,True
PXD046958,1,10090,1,10090,1,0,0,1.0,1.0,1.0,1.0,True,True
PXD046990,1,9606,2,562; 9606,1,1,0,1.0,0.5,0.6666666666666666,0.75,True,True
PXD047057,1,10090,1,10090,1,0,0,1.0,1.0,1.0,1.0,True,False
PXD047066,1,9606,1,9606,1,0,0,1.0,1.0,1.0,1.0,True,True
PXD047152,1,498217,1,562,0,1,1,0.0,0.0,0.0,0.0,True,False
PXD047157,1,9606,1,9606,1,0,0,1.0,1.0,1.0,1.0,True,True
PXD047327,1,9606,2,9606; 9913,1,1,0,1.0,0.5,0.6666666666666666,0.75,True,False
PXD047407,1,10090,1,10090,1,0,0,1.0,1.0,1.0,1.0,True,False
PXD047509,1,6239,1,6239,1,0,0,1.0,1.0,1.0,1.0,False,True
PXD047547,1,9606,1,9606,1,0,0,1.0,1.0,1.0,1.0,True,False
PXD047651,1,4896,2,4896; 9606,1,1,0,1.0,0.5,0.6666666666666666,0.75,True,True
PXD047698,1,10090,3,10090; 562; 9606,1,2,0,1.0,0.3333333333333333,0.5,0.6666666666666666,True,True
PXD047752,1,9606,1,9606,1,0,0,1.0,1.0,1.0,1.0,True,True
PXD047753,1,9606,1,9606,1,0,0,1.0,1.0,1.0,1.0,True,True
PXD047758,1,9606,2,562; 9606,1,1,0,1.0,0.5,0.6666666666666666,0.75,True,True
PXD047820,2,10090; 9606,2,10090; 9606,2,0,0,1.0,1.0,1.0,1.0,True,True
PXD047834,1,9606,1,9606,1,0,0,1.0,1.0,1.0,1.0,True,False
PXD047845,1,9606,2,10116; 9606,1,1,0,1.0,0.5,0.6666666666666666,0.75,True,False
PXD047871,1,53326,1,10090,0,1,1,0.0,0.0,0.0,0.0,True,False
PXD047879,1,53326,1,6239,0,1,1,0.0,0.0,0.0,0.0,True,False
PXD047892,1,9825,1,9823,1,0,0,1.0,1.0,1.0,1.0,True,True
PXD047897,1,9606,1,9606,1,0,0,1.0,1.0,1.0,1.0,True,True
PXD047910,1,9606,1,9606,1,0,0,1.0,1.0,1.0,1.0,True,True
PXD047981,1,10090,1,10090,1,0,0,1.0,1.0,1.0,1.0,False,True
PXD047996,1,9606,1,9606,1,0,0,1.0,1.0,1.0,1.0,True,True
PXD048082,1,4932,1,4932,1,0,0,1.0,1.0,1.0,1.0,True,True
PXD048205,2,562; 6239,2,562; 6239,2,0,0,1.0,1.0,1.0,1.0,True,True
PXD048215,1,9606,1,9606,1,0,0,1.0,1.0,1.0,1.0,True,True
PXD048242,2,10090; 9606,3,10090; 4565; 9606,2,1,0,1.0,0.6666666666666666,0.8,0.8333333333333333,True,True
PXD048335,1,9606,1,9606,1,0,0,1.0,1.0,1.0,1.0,False,True
PXD048362,1,40483,2,4932; 9606,0,2,1,0.0,0.0,0.0,0.0,True,False
PXD048380,1,4932,1,4932,1,0,0,1.0,1.0,1.0,1.0,True,True
PXD048381,1,9913,1,9913,1,0,0,1.0,1.0,1.0,1.0,True,True
PXD048451,1,9606,1,9606,1,0,0,1.0,1.0,1.0,1.0,True,True
PXD048476,1,8355,1,8355,1,0,0,1.0,1.0,1.0,1.0,True,True
PXD048558,1,9606,0,,0,0,1,,,,,False,False
PXD048563,1,9606,2,10090; 9606,1,1,0,1.0,0.5,0.6666666666666666,0.75,True,True
PXD048694,1,9606,1,9606,1,0,0,1.0,1.0,1.0,1.0,True,False
PXD048710,1,9606,1,9606,1,0,0,1.0,1.0,1.0,1.0,True,True
PXD048727,1,9606,1,9606,1,0,0,1.0,1.0,1.0,1.0,True,True
PXD048763,1,157592,2,157592; 562,1,1,0,1.0,0.5,0.6666666666666666,0.75,True,True
PXD048810,3,436486; 9103; 9913,6,562; 9031; 9606; 9796; 9823; 9913,1,5,2,0.3333333333333333,0.16666666666666666,0.2222222222222222,0.25,True,False
PXD048846,1,9606,2,10090; 9606,1,1,0,1.0,0.5,0.6666666666666666,0.75,True,True
PXD048944,1,4932,1,4932,1,0,0,1.0,1.0,1.0,1.0,True,True
PXD048977,1,9606,2,9606; 9913,1,1,0,1.0,0.5,0.6666666666666666,0.75,True,True
PXD048980,2,562; 9606,4,10090; 10116; 9606; 9823,1,3,1,0.5,0.25,0.3333333333333333,0.375,True,True
PXD049048,1,7227,1,7227,1,0,0,1.0,1.0,1.0,1.0,True,True
PXD049049,1,10090,1,10090,1,0,0,1.0,1.0,1.0,1.0,True,True
PXD049188,1,9606,2,7227; 9606,1,1,0,1.0,0.5,0.6666666666666666,0.75,True,True
PXD049224,1,10090,1,10090,1,0,0,1.0,1.0,1.0,1.0,True,True
PXD049246,1,9606,1,9606,1,0,0,1.0,1.0,1.0,1.0,True,True
PXD049277,1,7227,1,7227,1,0,0,1.0,1.0,1.0,1.0,True,False
PXD049300,3,10090; 10116; 9913,3,10090; 10116; 9606,2,1,1,0.6666666666666666,0.6666666666666666,0.6666666666666666,0.6666666666666666,True,True
PXD049333,1,3702,0,,0,0,1,,,,,False,False
PXD049387,1,9606,1,9606,1,0,0,1.0,1.0,1.0,1.0,True,False
PXD049688,1,9606,1,9606,1,0,0,1.0,1.0,1.0,1.0,True,True
PXD049693,2,6100; 9606,4,9606; 9796; 9823; 9913,1,3,1,0.5,0.25,0.3333333333333333,0.375,True,False
PXD049970,1,562,0,,0,0,1,,,,,False,False
PXD050084,1,10090,0,,0,0,1,,,,,False,False
PXD050085,1,9606,1,9606,1,0,0,1.0,1.0,1.0,1.0,True,True
PXD050135,1,10090,1,10090,1,0,0,1.0,1.0,1.0,1.0,True,True
PXD050190,1,10036,2,10090; 562,0,2,1,0.0,0.0,0.0,0.0,True,True
PXD050214,1,562,1,562,1,0,0,1.0,1.0,1.0,1.0,True,False
PXD050224,1,9606,1,9606,1,0,0,1.0,1.0,1.0,1.0,True,True
PXD050244,1,9606,3,10090; 9606; 9913,1,2,0,1.0,0.3333333333333333,0.5,0.6666666666666666,True,True
PXD050353,8,1004879; 12968; 165179; 204516; 290055; 817; 853; 95340,10,105841; 1492; 1547; 1590; 33035; 4565; 562; 818; 9606; 9913,0,10,8,0.0,0.0,0.0,0.0,True,False
PXD050355,1,9606,1,9606,1,0,0,1.0,1.0,1.0,1.0,True,True
PXD050371,1,9606,2,10090; 9606,1,1,0,1.0,0.5,0.6666666666666666,0.75,True,True
PXD050400,1,9606,1,9606,1,0,0,1.0,1.0,1.0,1.0,True,True
PXD050420,1,9606,1,9606,1,0,0,1.0,1.0,1.0,1.0,True,True
PXD050444,1,9606,1,9606,1,0,0,1.0,1.0,1.0,1.0,False,True
PXD050530,2,9606; 9825,3,1280; 818; 9606,1,2,1,0.5,0.3333333333333333,0.4,0.41666666666666663,True,True
PXD050603,1,9606,1,10090,0,1,1,0.0,0.0,0.0,0.0,True,False
PXD050619,1,9606,1,9606,1,0,0,1.0,1.0,1.0,1.0,True,True
PXD050634,1,9606,1,9606,1,0,0,1.0,1.0,1.0,1.0,True,True
PXD050648,1,9606,1,9606,1,0,0,1.0,1.0,1.0,1.0,True,True
PXD050739,1,9606,1,9606,1,0,0,1.0,1.0,1.0,1.0,True,True
PXD050744,1,9606,1,9606,1,0,0,1.0,1.0,1.0,1.0,False,True
PXD050745,1,9925,2,9913; 9925,1,1,0,1.0,0.5,0.6666666666666666,0.75,True,True
PXD050802,1,10090,1,10090,1,0,0,1.0,1.0,1.0,1.0,True,True
PXD050812,1,1504303,1,9606,0,1,1,0.0,0.0,0.0,0.0,True,False
PXD050817,1,9606,1,9606,1,0,0,1.0,1.0,1.0,1.0,True,True
PXD050948,2,10116; 9606,4,10116; 562; 9031; 9606,2,2,0,1.0,0.5,0.6666666666666666,0.75,True,True
PXD051024,1,9606,1,9606,1,0,0,1.0,1.0,1.0,1.0,True,False
PXD051084,1,8364,2,8355; 8364,1,1,0,1.0,0.5,0.6666666666666666,0.75,True,True
PXD051186,2,1548728; 2847306,3,562; 6239; 7227,0,3,2,0.0,0.0,0.0,0.0,True,False
PXD051190,1,9606,1,9606,1,0,0,1.0,1.0,1.0,1.0,False,True
PXD051211,1,4932,1,4932,1,0,0,1.0,1.0,1.0,1.0,True,True
PXD051237,1,9606,1,9606,1,0,0,1.0,1.0,1.0,1.0,True,True
PXD051316,1,9606,1,9606,1,0,0,1.0,1.0,1.0,1.0,True,True
PXD051361,1,9606,1,9606,1,0,0,1.0,1.0,1.0,1.0,True,True
PXD051371,1,10090,1,10090,1,0,0,1.0,1.0,1.0,1.0,True,True
PXD051388,1,9606,1,9606,1,0,0,1.0,1.0,1.0,1.0,True,True
PXD051446,1,10090,1,10090,1,0,0,1.0,1.0,1.0,1.0,True,True
PXD051495,1,5811,3,10090; 5811; 9606,1,2,0,1.0,0.3333333333333333,0.5,0.6666666666666666,True,True
PXD051529,2,10090; 9606,3,10090; 9606; 9823,2,1,0,1.0,0.6666666666666666,0.8,0.8333333333333333,True,True
PXD051592,1,9606,1,9606,1,0,0,1.0,1.0,1.0,1.0,True,False
PXD051718,1,9606,1,9606,1,0,0,1.0,1.0,1.0,1.0,True,True
PXD051771,1,9606,2,9606; 9913,1,1,0,1.0,0.5,0.6666666666666666,0.75,True,True
PXD051842,1,9606,1,9606,1,0,0,1.0,1.0,1.0,1.0,True,True
PXD051952,1,9913,1,9913,1,0,0,1.0,1.0,1.0,1.0,True,True
PXD051954,1,9606,1,9606,1,0,0,1.0,1.0,1.0,1.0,True,True
PXD052123,1,10090,2,10090; 9913,1,1,0,1.0,0.5,0.6666666666666666,0.75,True,True
PXD052155,1,7165,2,7165; 9606,1,1,0,1.0,0.5,0.6666666666666666,0.75,True,True
PXD052173,1,9606,1,9606,1,0,0,1.0,1.0,1.0,1.0,True,True
PXD052180,1,9606,1,9606,1,0,0,1.0,1.0,1.0,1.0,True,False
PXD052182,1,9606,1,9606,1,0,0,1.0,1.0,1.0,1.0,True,False
PXD052214,1,10090,1,10090,1,0,0,1.0,1.0,1.0,1.0,True,True
PXD052290,1,9606,1,9606,1,0,0,1.0,1.0,1.0,1.0,True,False
PXD052291,1,9606,1,9606,1,0,0,1.0,1.0,1.0,1.0,True,True
PXD052318,1,9606,1,9606,1,0,0,1.0,1.0,1.0,1.0,True,True
PXD052372,1,9606,1,9606,1,0,0,1.0,1.0,1.0,1.0,True,True
PXD052379,1,9606,0,,0,0,1,,,,,False,False
PXD052418,1,9606,2,562; 9606,1,1,0,1.0,0.5,0.6666666666666666,0.75,True,True
PXD052470,1,9940,2,9913; 9940,1,1,0,1.0,0.5,0.6666666666666666,0.75,True,True
PXD052529,1,9606,1,9606,1,0,0,1.0,1.0,1.0,1.0,True,False
PXD052540,1,9606,2,562; 9606,1,1,0,1.0,0.5,0.6666666666666666,0.75,True,True
PXD052665,1,316893,1,9606,0,1,1,0.0,0.0,0.0,0.0,True,False
PXD052755,1,9606,1,9606,1,0,0,1.0,1.0,1.0,1.0,True,True
PXD052771,1,9606,1,9606,1,0,0,1.0,1.0,1.0,1.0,True,True
PXD052783,1,9606,1,9606,1,0,0,1.0,1.0,1.0,1.0,True,True
PXD052827,1,9606,1,9606,1,0,0,1.0,1.0,1.0,1.0,True,True
PXD052839,1,10090,1,10090,1,0,0,1.0,1.0,1.0,1.0,True,False
PXD052875,1,9606,1,9606,1,0,0,1.0,1.0,1.0,1.0,True,True
PXD052900,1,41311,1,7227,0,1,1,0.0,0.0,0.0,0.0,True,False
PXD052915,1,6645,1,7227,0,1,1,0.0,0.0,0.0,0.0,True,False
PXD052936,1,83332,3,10116; 1773; 9606,1,2,0,1.0,0.3333333333333333,0.5,0.6666666666666666,True,True
PXD052939,1,9606,0,,0,0,1,,,,,False,False
PXD052946,1,7227,1,7227,1,0,0,1.0,1.0,1.0,1.0,True,False
PXD053068,1,9606,2,562; 9606,1,1,0,1.0,0.5,0.6666666666666666,0.75,True,True
PXD053080,1,9606,1,9606,1,0,0,1.0,1.0,1.0,1.0,True,True
PXD053088,1,4932,1,4932,1,0,0,1.0,1.0,1.0,1.0,True,True
PXD053090,1,4932,1,4932,1,0,0,1.0,1.0,1.0,1.0,True,True
PXD053091,1,9606,1,9606,1,0,0,1.0,1.0,1.0,1.0,True,True
PXD053103,1,2287,1,9606,0,1,1,0.0,0.0,0.0,0.0,True,False
PXD053108,1,10090,2,10090; 9606,1,1,0,1.0,0.5,0.6666666666666666,0.75,True,True
PXD053116,1,9606,1,9606,1,0,0,1.0,1.0,1.0,1.0,True,True
PXD053225,1,9913,1,9913,1,0,0,1.0,1.0,1.0,1.0,True,True
PXD053260,1,4932,1,4932,1,0,0,1.0,1.0,1.0,1.0,True,True
PXD053289,1,9606,1,9606,1,0,0,1.0,1.0,1.0,1.0,True,True
PXD053310,1,9606,1,9606,1,0,0,1.0,1.0,1.0,1.0,True,True
PXD053353,1,9606,2,562; 9606,1,1,0,1.0,0.5,0.6666666666666666,0.75,True,True
PXD053542,1,10090,1,10090,1,0,0,1.0,1.0,1.0,1.0,True,True
PXD053582,1,562,1,562,1,0,0,1.0,1.0,1.0,1.0,True,True
PXD053593,1,562,3,562; 9606; 9913,1,2,0,1.0,0.3333333333333333,0.5,0.6666666666666666,True,True
PXD053596,1,1073882,0,,0,0,1,,,,,False,False
PXD053899,1,181088,3,562; 9606; 9913,0,3,1,0.0,0.0,0.0,0.0,True,False
PXD053919,1,9606,2,10090; 9606,1,1,0,1.0,0.5,0.6666666666666666,0.75,True,True
PXD053944,1,5811,2,5811; 9606,1,1,0,1.0,0.5,0.6666666666666666,0.75,True,True
PXD054004,1,12814,0,,0,0,1,,,,,False,False
PXD054006,1,9606,1,9606,1,0,0,1.0,1.0,1.0,1.0,True,True
PXD054007,1,4081,2,4081; 562,1,1,0,1.0,0.5,0.6666666666666666,0.75,True,True
PXD054049,1,10090,1,10090,1,0,0,1.0,1.0,1.0,1.0,True,True
PXD054113,1,9606,1,9606,1,0,0,1.0,1.0,1.0,1.0,True,False
PXD054146,1,9606,1,9606,1,0,0,1.0,1.0,1.0,1.0,True,True
PXD054186,1,9606,2,10090; 9606,1,1,0,1.0,0.5,0.6666666666666666,0.75,True,True
PXD054189,1,9606,2,9606; 9913,1,1,0,1.0,0.5,0.6666666666666666,0.75,True,True
PXD054249,1,9606,1,9606,1,0,0,1.0,1.0,1.0,1.0,True,True
PXD054303,1,10090,1,10090,1,0,0,1.0,1.0,1.0,1.0,True,False
PXD054332,1,9606,1,9606,1,0,0,1.0,1.0,1.0,1.0,False,True
PXD054439,1,5741,2,5741; 9913,1,1,0,1.0,0.5,0.6666666666666666,0.75,True,True
PXD054475,1,3702,1,3702,1,0,0,1.0,1.0,1.0,1.0,True,False
PXD054530,1,3702,1,3702,1,0,0,1.0,1.0,1.0,1.0,True,False
PXD054538,1,562,1,562,1,0,0,1.0,1.0,1.0,1.0,True,True
PXD054629,1,10090,1,10090,1,0,0,1.0,1.0,1.0,1.0,True,True
PXD054662,1,5888,2,562; 9606,0,2,1,0.0,0.0,0.0,0.0,True,False
PXD054740,1,9606,1,9606,1,0,0,1.0,1.0,1.0,1.0,False,True
PXD054804,1,9606,1,9606,1,0,0,1.0,1.0,1.0,1.0,True,True
PXD054858,2,1257118; 137992,3,3702; 9606; 9823,0,3,2,0.0,0.0,0.0,0.0,True,False
PXD054937,1,9606,1,9606,1,0,0,1.0,1.0,1.0,1.0,True,True
PXD054965,1,9606,1,9606,1,0,0,1.0,1.0,1.0,1.0,True,False
PXD055077,1,9986,1,10090,0,1,1,0.0,0.0,0.0,0.0,True,False
PXD055115,1,9606,1,9606,1,0,0,1.0,1.0,1.0,1.0,True,True
PXD055130,1,9606,1,9606,1,0,0,1.0,1.0,1.0,1.0,True,True
PXD055145,1,9606,2,10090; 9606,1,1,0,1.0,0.5,0.6666666666666666,0.75,True,True
PXD055157,1,9606,1,9606,1,0,0,1.0,1.0,1.0,1.0,True,True
PXD055377,1,9606,1,9606,1,0,0,1.0,1.0,1.0,1.0,True,True
PXD055389,1,10090,1,10090,1,0,0,1.0,1.0,1.0,1.0,True,True
PXD055412,1,9606,2,7227; 9606,1,1,0,1.0,0.5,0.6666666666666666,0.75,True,True
PXD055413,1,9606,1,9606,1,0,0,1.0,1.0,1.0,1.0,True,False
PXD055414,1,9606,1,9606,1,0,0,1.0,1.0,1.0,1.0,True,True
PXD055450,1,9606,3,7041; 7227; 9606,1,2,0,1.0,0.3333333333333333,0.5,0.6666666666666666,True,True
PXD055628,1,9606,1,9606,1,0,0,1.0,1.0,1.0,1.0,True,True
PXD055651,1,10090,1,10090,1,0,0,1.0,1.0,1.0,1.0,True,True
PXD055741,1,9606,1,9606,1,0,0,1.0,1.0,1.0,1.0,False,True
PXD055828,1,10090,1,10090,1,0,0,1.0,1.0,1.0,1.0,True,False
PXD055868,1,9606,1,9606,1,0,0,1.0,1.0,1.0,1.0,True,True
PXD055880,1,9606,1,9606,1,0,0,1.0,1.0,1.0,1.0,True,True
PXD055882,1,9606,2,10090; 9606,1,1,0,1.0,0.5,0.6666666666666666,0.75,True,True
PXD055905,1,9606,1,9606,1,0,0,1.0,1.0,1.0,1.0,True,False
PXD055950,1,9606,1,9606,1,0,0,1.0,1.0,1.0,1.0,True,True
PXD056001,1,4530,1,4530,1,0,0,1.0,1.0,1.0,1.0,True,False
PXD056030,1,3218,1,3702,0,1,1,0.0,0.0,0.0,0.0,True,False
PXD056039,1,9606,1,9606,1,0,0,1.0,1.0,1.0,1.0,True,True
PXD056084,1,10090,1,562,0,1,1,0.0,0.0,0.0,0.0,True,False
PXD056153,1,10090,2,10090; 9606,1,1,0,1.0,0.5,0.6666666666666666,0.75,True,True
PXD056191,1,5544,1,9606,0,1,1,0.0,0.0,0.0,0.0,True,False
PXD056260,1,562,1,562,1,0,0,1.0,1.0,1.0,1.0,True,True
PXD056528,1,9606,1,9606,1,0,0,1.0,1.0,1.0,1.0,True,True
PXD056565,1,9606,1,9606,1,0,0,1.0,1.0,1.0,1.0,True,True
PXD056652,1,562,2,562; 9606,1,1,0,1.0,0.5,0.6666666666666666,0.75,True,True
PXD056757,1,9606,1,9606,1,0,0,1.0,1.0,1.0,1.0,True,False
PXD056760,1,6211,2,562; 9606,0,2,1,0.0,0.0,0.0,0.0,True,False
PXD056815,1,1334098,1,3702,0,1,1,0.0,0.0,0.0,0.0,True,False
PXD056821,1,9606,1,9606,1,0,0,1.0,1.0,1.0,1.0,True,True
PXD056949,2,2; 562,4,562; 83333; 9606; 9913,1,2,1,0.5,0.3333333333333333,0.4,0.41666666666666663,True,True
PXD056970,1,5661,1,9606,0,1,1,0.0,0.0,0.0,0.0,True,False
PXD057012,1,9606,1,9606,1,0,0,1.0,1.0,1.0,1.0,True,True
PXD057101,1,9606,1,9606,1,0,0,1.0,1.0,1.0,1.0,True,True
PXD057166,1,4932,2,4932; 9606,1,1,0,1.0,0.5,0.6666666666666666,0.75,True,True
PXD057186,1,9606,1,9606,1,0,0,1.0,1.0,1.0,1.0,True,True
PXD057187,1,4932,1,4932,1,0,0,1.0,1.0,1.0,1.0,True,True
PXD057263,1,9606,2,9606; 9913,1,1,0,1.0,0.5,0.6666666666666666,0.75,True,True
PXD057487,1,9606,1,9606,1,0,0,1.0,1.0,1.0,1.0,True,True
PXD057511,1,5661,1,9606,0,1,1,0.0,0.0,0.0,0.0,True,False
PXD057513,1,5661,1,562,0,1,1,0.0,0.0,0.0,0.0,True,False
PXD057514,1,5661,1,9606,0,1,1,0.0,0.0,0.0,0.0,True,False
PXD057566,1,9606,0,,0,0,1,,,,,False,False
PXD057691,1,9606,2,10090; 9606,1,1,0,1.0,0.5,0.6666666666666666,0.75,True,True
PXD057808,1,9606,1,9606,1,0,0,1.0,1.0,1.0,1.0,True,True
PXD057811,1,9606,1,9606,1,0,0,1.0,1.0,1.0,1.0,True,True
PXD057812,1,9796,1,9796,1,0,0,1.0,1.0,1.0,1.0,False,True
PXD057905,1,9606,1,9606,1,0,0,1.0,1.0,1.0,1.0,True,True
PXD058005,1,9606,1,9606,1,0,0,1.0,1.0,1.0,1.0,True,True
PXD058040,1,9606,1,9606,1,0,0,1.0,1.0,1.0,1.0,True,False
PXD058095,2,5811; 9606,3,5811; 9606; 9913,2,1,0,1.0,0.6666666666666666,0.8,0.8333333333333333,True,True
PXD058102,1,3055,1,3055,1,0,0,1.0,1.0,1.0,1.0,True,True
PXD058432,1,10090,1,9606,0,1,1,0.0,0.0,0.0,0.0,True,False
PXD058606,1,9606,1,9606,1,0,0,1.0,1.0,1.0,1.0,False,True
PXD058618,1,9606,1,9606,1,0,0,1.0,1.0,1.0,1.0,True,True
PXD058740,1,9606,1,9606,1,0,0,1.0,1.0,1.0,1.0,True,False
PXD059112,1,10090,1,10090,1,0,0,1.0,1.0,1.0,1.0,True,True
PXD059156,1,9606,1,9606,1,0,0,1.0,1.0,1.0,1.0,True,True
PXD059166,1,272559,0,,0,0,1,,,,,False,False
PXD059275,1,10090,1,10090,1,0,0,1.0,1.0,1.0,1.0,True,False
PXD059315,1,9606,0,,0,0,1,,,,,False,False
PXD059345,1,9606,1,9606,1,0,0,1.0,1.0,1.0,1.0,True,True
PXD059431,1,10090,1,10090,1,0,0,1.0,1.0,1.0,1.0,True,True
PXD059496,1,9646,2,9646; 9913,1,1,0,1.0,0.5,0.6666666666666666,0.75,True,True
PXD059554,1,5691,1,5691,1,0,0,1.0,1.0,1.0,1.0,True,False
PXD059593,1,9606,1,9606,1,0,0,1.0,1.0,1.0,1.0,True,True
PXD059650,1,9606,2,562; 9606,1,1,0,1.0,0.5,0.6666666666666666,0.75,True,True
PXD059664,1,10090,1,10090,1,0,0,1.0,1.0,1.0,1.0,True,True
PXD059838,1,10116,3,10116; 562; 9606,1,2,0,1.0,0.3333333333333333,0.5,0.6666666666666666,True,True
PXD059855,1,10090,1,10090,1,0,0,1.0,1.0,1.0,1.0,True,True
PXD059878,1,9606,1,9606,1,0,0,1.0,1.0,1.0,1.0,False,True
PXD060056,1,9606,1,9606,1,0,0,1.0,1.0,1.0,1.0,True,True
PXD060120,1,9606,1,9606,1,0,0,1.0,1.0,1.0,1.0,True,True
PXD060310,1,1280,1,1280,1,0,0,1.0,1.0,1.0,1.0,True,True
PXD060323,1,10090,2,10090; 562,1,1,0,1.0,0.5,0.6666666666666666,0.75,True,True
PXD060326,1,10090,1,10090,1,0,0,1.0,1.0,1.0,1.0,True,True
PXD060340,1,9606,1,9606,1,0,0,1.0,1.0,1.0,1.0,True,True
PXD060509,1,7227,1,7227,1,0,0,1.0,1.0,1.0,1.0,True,True
PXD060533,1,9606,1,9606,1,0,0,1.0,1.0,1.0,1.0,True,False
PXD060599,1,9606,1,9606,1,0,0,1.0,1.0,1.0,1.0,True,True
PXD060600,1,562,2,562; 9913,1,1,0,1.0,0.5,0.6666666666666666,0.75,True,True
PXD060734,1,5833,2,5833; 9606,1,1,0,1.0,0.5,0.6666666666666666,0.75,True,True
PXD060790,1,9606,2,9606; 9913,1,1,0,1.0,0.5,0.6666666666666666,0.75,True,False
PXD060854,1,10090,1,10090,1,0,0,1.0,1.0,1.0,1.0,True,True
PXD060873,1,9606,2,10090; 9606,1,1,0,1.0,0.5,0.6666666666666666,0.75,True,True
PXD060878,1,9606,1,9606,1,0,0,1.0,1.0,1.0,1.0,True,True
PXD060923,1,262724,1,562,0,1,1,0.0,0.0,0.0,0.0,True,False
PXD060960,1,9606,1,9606,1,0,0,1.0,1.0,1.0,1.0,True,True
PXD060970,1,9606,1,9606,1,0,0,1.0,1.0,1.0,1.0,False,True
PXD061009,1,9606,1,9606,1,0,0,1.0,1.0,1.0,1.0,True,True
PXD061023,1,9606,1,9606,1,0,0,1.0,1.0,1.0,1.0,True,True
PXD061060,1,9606,1,9606,1,0,0,1.0,1.0,1.0,1.0,True,False
PXD061062,1,9606,1,9606,1,0,0,1.0,1.0,1.0,1.0,True,True
PXD061148,2,59201; 9606,1,9606,1,0,1,0.5,1.0,0.6666666666666666,0.75,False,True
PXD061212,1,9606,1,9606,1,0,0,1.0,1.0,1.0,1.0,True,True
PXD061319,1,9606,1,9606,1,0,0,1.0,1.0,1.0,1.0,False,True
PXD061454,1,9606,1,9606,1,0,0,1.0,1.0,1.0,1.0,True,True
PXD061468,1,108458,1,3055,0,1,1,0.0,0.0,0.0,0.0,True,False
PXD061617,1,10090,1,10090,1,0,0,1.0,1.0,1.0,1.0,True,True
PXD061638,1,9606,0,,0,0,1,,,,,False,False
PXD061760,1,10116,1,10116,1,0,0,1.0,1.0,1.0,1.0,True,True
PXD061845,1,60711,2,60711; 9606,1,1,0,1.0,0.5,0.6666666666666666,0.75,True,True
PXD061884,1,10090,1,10090,1,0,0,1.0,1.0,1.0,1.0,False,True
PXD061921,1,1111708,3,562; 9606; 9913,0,3,1,0.0,0.0,0.0,0.0,True,False
PXD061927,1,9606,1,9606,1,0,0,1.0,1.0,1.0,1.0,False,True
PXD061933,1,9606,2,562; 9606,1,1,0,1.0,0.5,0.6666666666666666,0.75,True,True
PXD062002,1,4932,1,4932,1,0,0,1.0,1.0,1.0,1.0,True,True
PXD062119,2,4550; 460519,2,10090; 9606,0,2,2,0.0,0.0,0.0,0.0,True,False
PXD062259,1,101491,1,9031,0,1,1,0.0,0.0,0.0,0.0,True,False
PXD062388,1,10090,1,10090,1,0,0,1.0,1.0,1.0,1.0,True,True
PXD062511,1,9606,1,562,0,1,1,0.0,0.0,0.0,0.0,True,False
PXD062562,4,163735; 3870; 3871; 53232,5,10090; 10116; 53232; 9606; 9796,1,4,3,0.25,0.2,0.22222222222222224,0.225,True,True
PXD062669,1,10090,1,10090,1,0,0,1.0,1.0,1.0,1.0,True,True
PXD062676,1,9606,1,9606,1,0,0,1.0,1.0,1.0,1.0,False,True
PXD062677,1,10090,1,10090,1,0,0,1.0,1.0,1.0,1.0,True,True
PXD062842,1,9606,1,9606,1,0,0,1.0,1.0,1.0,1.0,True,True
PXD062847,1,9606,1,9606,1,0,0,1.0,1.0,1.0,1.0,True,True
PXD062854,1,9606,1,9606,1,0,0,1.0,1.0,1.0,1.0,True,True
PXD063068,1,9606,1,9606,1,0,0,1.0,1.0,1.0,1.0,True,True
PXD063156,1,10116,1,10116,1,0,0,1.0,1.0,1.0,1.0,True,True
PXD063163,1,9606,1,9606,1,0,0,1.0,1.0,1.0,1.0,True,True
PXD063222,1,9606,1,562,0,1,1,0.0,0.0,0.0,0.0,True,False
PXD063223,1,9606,1,9606,1,0,0,1.0,1.0,1.0,1.0,True,True
PXD063266,1,9606,2,10090; 9606,1,1,0,1.0,0.5,0.6666666666666666,0.75,True,True
PXD063449,1,100816,2,4932; 5476,0,2,1,0.0,0.0,0.0,0.0,True,False
PXD063493,1,2094720,2,4932; 9823,0,2,1,0.0,0.0,0.0,0.0,True,False
PXD063494,3,2; 562; 9606,4,10116; 4565; 9606; 9823,1,3,2,0.3333333333333333,0.25,0.28571428571428575,0.29166666666666663,True,False
PXD063682,1,9606,2,10090; 9606,1,1,0,1.0,0.5,0.6666666666666666,0.75,True,True
PXD063709,1,9606,1,9606,1,0,0,1.0,1.0,1.0,1.0,True,True
PXD063771,1,9606,1,9606,1,0,0,1.0,1.0,1.0,1.0,False,True
PXD063900,1,562,1,562,1,0,0,1.0,1.0,1.0,1.0,True,True
PXD063968,1,9606,1,9606,1,0,0,1.0,1.0,1.0,1.0,True,True
PXD064110,1,10116,1,10116,1,0,0,1.0,1.0,1.0,1.0,True,True
PXD064237,1,9606,1,9606,1,0,0,1.0,1.0,1.0,1.0,True,True
PXD064296,1,9606,1,9606,1,0,0,1.0,1.0,1.0,1.0,True,False
PXD064331,1,9606,1,9606,1,0,0,1.0,1.0,1.0,1.0,True,True
PXD064363,1,10090,1,10090,1,0,0,1.0,1.0,1.0,1.0,False,True
PXD064366,1,121615,1,9606,0,1,1,0.0,0.0,0.0,0.0,True,False
PXD064422,1,562,1,562,1,0,0,1.0,1.0,1.0,1.0,True,True
PXD064633,1,1316932,1,562,0,1,1,0.0,0.0,0.0,0.0,True,False
PXD064782,1,9606,1,TaxID = 9606,0,1,1,0.0,0.0,0.0,0.0,False,True
PXD064786,1,10090,1,10090,1,0,0,1.0,1.0,1.0,1.0,False,True
PXD064897,1,9606,2,3702; 9606,1,1,0,1.0,0.5,0.6666666666666666,0.75,True,False
PXD064912,1,9606,1,9606,1,0,0,1.0,1.0,1.0,1.0,True,True
PXD064940,1,9606,2,562; 9606,1,1,0,1.0,0.5,0.6666666666666666,0.75,True,True
PXD065042,1,10090,1,10090,1,0,0,1.0,1.0,1.0,1.0,True,True
PXD065054,1,9606,1,9606,1,0,0,1.0,1.0,1.0,1.0,True,True
PXD065314,2,562; 9606,2,562; 7227,1,1,1,0.5,0.5,0.5,0.5,True,False
PXD065332,1,9606,1,9606,1,0,0,1.0,1.0,1.0,1.0,True,True
PXD065409,1,10090,2,10090; 9606,1,1,0,1.0,0.5,0.6666666666666666,0.75,True,True
PXD065422,1,9606,1,9606,1,0,0,1.0,1.0,1.0,1.0,True,False
PXD065453,1,562,1,562,1,0,0,1.0,1.0,1.0,1.0,True,True
PXD065543,1,9606,1,9606,1,0,0,1.0,1.0,1.0,1.0,True,True
PXD065573,1,4932,3,4932; 562; 9606,1,2,0,1.0,0.3333333333333333,0.5,0.6666666666666666,True,True
PXD065727,1,9606,2,562; 9606,1,1,0,1.0,0.5,0.6666666666666666,0.75,True,True
PXD065766,1,9606,1,9606,1,0,0,1.0,1.0,1.0,1.0,False,True
PXD065770,1,9606,1,9606,1,0,0,1.0,1.0,1.0,1.0,True,True
PXD065847,1,9606,1,9606,1,0,0,1.0,1.0,1.0,1.0,True,True
PXD065914,1,9606,2,562; 9606,1,1,0,1.0,0.5,0.6666666666666666,0.75,True,True
PXD065994,1,9606,2,10090; 9606,1,1,0,1.0,0.5,0.6666666666666666,0.75,True,False
PXD066096,1,9606,2,4565; 9606,1,1,0,1.0,0.5,0.6666666666666666,0.75,True,False
PXD066116,1,9606,1,9606,1,0,0,1.0,1.0,1.0,1.0,True,True
PXD066259,1,105231,2,3702; 4565,0,2,1,0.0,0.0,0.0,0.0,True,False
PXD066288,1,446911,1,9606,0,1,1,0.0,0.0,0.0,0.0,True,False
PXD066322,1,9606,1,9606,1,0,0,1.0,1.0,1.0,1.0,True,True
PXD066334,1,9606,1,9606,1,0,0,1.0,1.0,1.0,1.0,True,False
PXD066489,1,9606,0,,0,0,1,,,,,False,False
PXD066517,1,9606,0,,0,0,1,,,,,False,False
PXD066540,1,1903187,1,9606,0,1,1,0.0,0.0,0.0,0.0,True,False
PXD066594,1,1903187,0,,0,0,1,,,,,False,False
PXD066796,1,3055,1,3055,1,0,0,1.0,1.0,1.0,1.0,True,True
PXD066867,1,9606,2,10090; 9606,1,1,0,1.0,0.5,0.6666666666666666,0.75,True,False
PXD066935,1,9606,1,9606,1,0,0,1.0,1.0,1.0,1.0,True,False
PXD067139,1,9606,2,9606; 9823,1,1,0,1.0,0.5,0.6666666666666666,0.75,True,True
PXD067212,1,562,1,562,1,0,0,1.0,1.0,1.0,1.0,True,True
PXD067277,3,408170; 408172; 410658,5,33035; 3702; 562; 818; 9606,0,5,3,0.0,0.0,0.0,0.0,True,False
PXD067360,1,9606,1,9606,1,0,0,1.0,1.0,1.0,1.0,True,True
PXD067550,1,9606,2,10090; 9606,1,1,0,1.0,0.5,0.6666666666666666,0.75,True,True
PXD067606,1,9606,1,9606,1,0,0,1.0,1.0,1.0,1.0,True,True
PXD067728,1,9606,1,9606,1,0,0,1.0,1.0,1.0,1.0,True,True
PXD067788,1,9606,1,9606,1,0,0,1.0,1.0,1.0,1.0,True,True
PXD067801,1,104385,0,,0,0,1,,,,,False,False
PXD067843,1,9606,1,9606,1,0,0,1.0,1.0,1.0,1.0,True,True
PXD068025,1,10090,2,10090; 9606,1,1,0,1.0,0.5,0.6666666666666666,0.75,True,True
PXD068376,1,562,2,562; 9606,1,1,0,1.0,0.5,0.6666666666666666,0.75,True,True
PXD068422,1,9606,1,9606,1,0,0,1.0,1.0,1.0,1.0,True,True
PXD068522,1,9606,2,10090; 9606,1,1,0,1.0,0.5,0.6666666666666666,0.75,True,True
PXD068597,1,10090,0,,0,0,1,,,,,False,False
PXD068794,1,9606,1,9606,1,0,0,1.0,1.0,1.0,1.0,True,True
PXD068961,1,9606,1,9606,1,0,0,1.0,1.0,1.0,1.0,True,True
PXD069044,1,9606,1,9606,1,0,0,1.0,1.0,1.0,1.0,True,True
PXD069099,1,9606,1,9606,1,0,0,1.0,1.0,1.0,1.0,True,True
PXD069171,1,9606,3,10090; 9606; 9913,1,2,0,1.0,0.3333333333333333,0.5,0.6666666666666666,True,True
PXD069172,1,1733573,1,9606,0,1,1,0.0,0.0,0.0,0.0,True,False
PXD069219,1,9606,0,,0,0,1,,,,,False,False
PXD069559,1,2212966,1,9606,0,1,1,0.0,0.0,0.0,0.0,True,False
PXD069753,1,6239,1,6239,1,0,0,1.0,1.0,1.0,1.0,True,True
PXD069892,1,9606,1,9606,1,0,0,1.0,1.0,1.0,1.0,True,True
PXD070144,1,10116,1,10116,1,0,0,1.0,1.0,1.0,1.0,True,True
PXD070229,1,498019,2,498019; 5476,1,1,0,1.0,0.5,0.6666666666666666,0.75,True,True
PXD070295,1,10116,1,10116,1,0,0,1.0,1.0,1.0,1.0,True,True
PXD070466,1,9606,1,9606,1,0,0,1.0,1.0,1.0,1.0,True,True
PXD070855,1,9606,1,9606,1,0,0,1.0,1.0,1.0,1.0,False,True
PXD070923,1,562,2,1496; 562,1,1,0,1.0,0.5,0.6666666666666666,0.75,True,True
PXD071052,1,2,0,,0,0,1,,,,,False,False
PXD071283,1,8355,1,8355,1,0,0,1.0,1.0,1.0,1.0,True,True
PXD071359,1,3218,1,3702,0,1,1,0.0,0.0,0.0,0.0,True,False
PXD071461,1,1883456,0,,0,0,1,,,,,False,False
PXD071546,1,9606,1,9606,1,0,0,1.0,1.0,1.0,1.0,True,True
PXD071633,1,9606,1,9606,1,0,0,1.0,1.0,1.0,1.0,True,True
PXD071719,1,9606,0,,0,0,1,,,,,False,False
PXD072078,1,10090,1,10090,1,0,0,1.0,1.0,1.0,1.0,True,True
PXD072123,1,9606,2,562; 9606,1,1,0,1.0,0.5,0.6666666666666666,0.75,True,True
PXD073007,1,9606,1,9606,1,0,0,1.0,1.0,1.0,1.0,True,True
PXD073162,1,7725,1,9606,0,1,1,0.0,0.0,0.0,0.0,True,False
PXD073844,1,9606,1,562,0,1,1,0.0,0.0,0.0,0.0,True,True
PXD074086,1,10090,1,10090,1,0,0,1.0,1.0,1.0,1.0,True,True
