pxd	data_file	category	field	assessed_value	gold_value	normalized_assessed_value	normalized_gold_value	status	match_method	similarity
PXD008840	GC028N_DGC_83300_E000756_F2_R1.raw	Biological	characteristics[cell type]	tumor cells		tumor cells		assessed_only	unmatched	0.000000
PXD008840	GC028N_DGC_83300_E000756_F2_R1.raw	Biological	characteristics[disease]	diffuse-type gastric cancer		diffuse-type gastric cancer		assessed_only	unmatched	0.000000
PXD008840	GC028N_DGC_83300_E000756_F2_R1.raw	Biological	characteristics[disease]		stomach cancer		stomach cancer	gold_only	unmatched	0.000000
PXD008840	GC028N_DGC_83300_E000756_F2_R1.raw	Biological	characteristics[organism part]	stomach	stomach	stomach	stomach	matched	exact_normalized	1.000000
PXD008840	GC028N_DGC_83300_E000756_F2_R1.raw	Biological	characteristics[organism]	homo sapiens	Homo sapiens	homo sapiens	homo sapiens	matched	exact_normalized	1.000000
PXD008840	GC028N_DGC_83300_E000756_F2_R1.raw	Technical	comment[cleavage agent details]		AC=MS:1001251;NT=Trypsin		cv:ms:1001251	gold_only	unmatched	0.000000
PXD008840	GC028N_DGC_83300_E000756_F2_R1.raw	Technical	comment[dissociation method]	NT=beam-type collision-induced dissociation;AC=MS:1000422	AC=MS:1000422;NT=HCD	cv:ms:1000422	cv:ms:1000422	matched	cv_accession	1.000000
PXD008840	GC028N_DGC_83300_E000756_F2_R1.raw	Technical	comment[instrument]	Orbitrap Fusion, Orbitrap Fusion Lumos, Q Exactive Plus, Q Exactive HF		orbitrap fusion orbitrap fusion lumos q exactive plus q exactive hf		assessed_only	unmatched	0.000000
PXD008840	GC028N_DGC_83300_E000756_F2_R1.raw	Technical	comment[instrument]		NT=LTQ Orbitrap;AC=MS:1000449		cv:ms:1000449	gold_only	unmatched	0.000000
PXD008840	GC028N_DGC_83300_E000756_F2_R1.raw	Technical	comment[label]		AC=MS:1002038;NT=label free sample		cv:ms:1002038	gold_only	unmatched	0.000000
PXD008840	GC028N_DGC_83300_E000756_F2_R1.raw	Technical	comment[ms2 mass analyzer]	orbitrap		orbitrap		assessed_only	unmatched	0.000000
PXD008840	GC028N_DGC_83300_E000756_F2_R1.raw	Technical	comment[precursor mass tolerance]	6.1 ppm		6.1 ppm		assessed_only	unmatched	0.000000
PXD008840	GC028N_DGC_83300_E000756_F2_R1.raw	Technical	comment[precursor mass tolerance]		20 ppm		20 ppm	gold_only	unmatched	0.000000
PXD008840	GC028N_DGC_83300_E000756_F2_R1.raw	Technical	comment[proteomics data acquisition method]	data-dependent acquisition		data-dependent acquisition		assessed_only	unmatched	0.000000
PXD008840	GC028N_DGC_83300_E000756_F2_R1.raw	Technical	technology type	proteomic profiling by mass spectrometry		proteomic profiling by mass spectrometry		assessed_only	unmatched	0.000000
PXD008840	GC028N_DGC_83300_E000756_F2_R1.raw	ExperimentalDesign	characteristics[biological replicate]	1		1		assessed_only	unmatched	0.000000
PXD008840	GC028N_DGC_83300_E000756_F2_R1.raw	ExperimentalDesign	comment[fraction identifier]	6		6		assessed_only	unmatched	0.000000
PXD008840	GC028N_DGC_83300_E000756_F2_R1.raw	ExperimentalDesign	comment[fraction identifier]		2		2	gold_only	unmatched	0.000000
PXD008840	GC028N_DGC_83300_E000756_F2_R1.raw	ExperimentalDesign	comment[technical replicate]	1		1		assessed_only	unmatched	0.000000
PXD008840	GC028N_DGC_83300_E000756_F2_R1.raw	ExperimentalDesign	factor value[disease]	diffuse-type gastric cancer		diffuse-type gastric cancer		assessed_only	unmatched	0.000000
PXD008840	GC028N_DGC_83300_E000756_F2_R1.raw	ExperimentalDesign	factor value[experimental design]	tissue type (tumor, nearby tissue)		tissue type tumor nearby tissue		assessed_only	unmatched	0.000000
PXD008840	GC038N_DGC_83427_E000886_F2_R1.raw	Biological	characteristics[cell type]	tumor cells		tumor cells		assessed_only	unmatched	0.000000
PXD008840	GC038N_DGC_83427_E000886_F2_R1.raw	Biological	characteristics[disease]	diffuse-type gastric cancer		diffuse-type gastric cancer		assessed_only	unmatched	0.000000
PXD008840	GC038N_DGC_83427_E000886_F2_R1.raw	Biological	characteristics[disease]		stomach cancer		stomach cancer	gold_only	unmatched	0.000000
PXD008840	GC038N_DGC_83427_E000886_F2_R1.raw	Biological	characteristics[organism part]	stomach	stomach	stomach	stomach	matched	exact_normalized	1.000000
PXD008840	GC038N_DGC_83427_E000886_F2_R1.raw	Biological	characteristics[organism]	homo sapiens	Homo sapiens	homo sapiens	homo sapiens	matched	exact_normalized	1.000000
PXD008840	GC038N_DGC_83427_E000886_F2_R1.raw	Technical	comment[cleavage agent details]		AC=MS:1001251;NT=Trypsin		cv:ms:1001251	gold_only	unmatched	0.000000
PXD008840	GC038N_DGC_83427_E000886_F2_R1.raw	Technical	comment[dissociation method]		AC=MS:1000422;NT=HCD		cv:ms:1000422	gold_only	unmatched	0.000000
PXD008840	GC038N_DGC_83427_E000886_F2_R1.raw	Technical	comment[instrument]	Orbitrap Fusion, Orbitrap Fusion Lumos, Q Exactive Plus, Q Exactive HF		orbitrap fusion orbitrap fusion lumos q exactive plus q exactive hf		assessed_only	unmatched	0.000000
PXD008840	GC038N_DGC_83427_E000886_F2_R1.raw	Technical	comment[instrument]		NT=LTQ Orbitrap;AC=MS:1000449		cv:ms:1000449	gold_only	unmatched	0.000000
PXD008840	GC038N_DGC_83427_E000886_F2_R1.raw	Technical	comment[label]		AC=MS:1002038;NT=label free sample		cv:ms:1002038	gold_only	unmatched	0.000000
PXD008840	GC038N_DGC_83427_E000886_F2_R1.raw	Technical	comment[ms2 mass analyzer]	orbitrap		orbitrap		assessed_only	unmatched	0.000000
PXD008840	GC038N_DGC_83427_E000886_F2_R1.raw	Technical	comment[precursor mass tolerance]	6.1 ppm		6.1 ppm		assessed_only	unmatched	0.000000
PXD008840	GC038N_DGC_83427_E000886_F2_R1.raw	Technical	comment[precursor mass tolerance]		20 ppm		20 ppm	gold_only	unmatched	0.000000
PXD008840	GC038N_DGC_83427_E000886_F2_R1.raw	Technical	comment[proteomics data acquisition method]	data-dependent acquisition		data-dependent acquisition		assessed_only	unmatched	0.000000
PXD008840	GC038N_DGC_83427_E000886_F2_R1.raw	Technical	technology type	proteomic profiling by mass spectrometry		proteomic profiling by mass spectrometry		assessed_only	unmatched	0.000000
PXD008840	GC038N_DGC_83427_E000886_F2_R1.raw	ExperimentalDesign	characteristics[biological replicate]	1		1		assessed_only	unmatched	0.000000
PXD008840	GC038N_DGC_83427_E000886_F2_R1.raw	ExperimentalDesign	comment[fraction identifier]	6		6		assessed_only	unmatched	0.000000
PXD008840	GC038N_DGC_83427_E000886_F2_R1.raw	ExperimentalDesign	comment[fraction identifier]		2		2	gold_only	unmatched	0.000000
PXD008840	GC038N_DGC_83427_E000886_F2_R1.raw	ExperimentalDesign	comment[technical replicate]	1		1		assessed_only	unmatched	0.000000
PXD008840	GC038N_DGC_83427_E000886_F2_R1.raw	ExperimentalDesign	factor value[disease]	diffuse-type gastric cancer		diffuse-type gastric cancer		assessed_only	unmatched	0.000000
PXD008840	GC038N_DGC_83427_E000886_F2_R1.raw	ExperimentalDesign	factor value[experimental design]	tissue type (tumor, nearby tissue)		tissue type tumor nearby tissue		assessed_only	unmatched	0.000000
PXD008840	GC038T_DGC_83426_E000885_F2_R1.raw	Biological	characteristics[cell type]	tumor cells		tumor cells		assessed_only	unmatched	0.000000
PXD008840	GC038T_DGC_83426_E000885_F2_R1.raw	Biological	characteristics[disease]	diffuse-type gastric cancer		diffuse-type gastric cancer		assessed_only	unmatched	0.000000
PXD008840	GC038T_DGC_83426_E000885_F2_R1.raw	Biological	characteristics[disease]		stomach cancer		stomach cancer	gold_only	unmatched	0.000000
PXD008840	GC038T_DGC_83426_E000885_F2_R1.raw	Biological	characteristics[organism part]	stomach	stomach	stomach	stomach	matched	exact_normalized	1.000000
PXD008840	GC038T_DGC_83426_E000885_F2_R1.raw	Biological	characteristics[organism]	homo sapiens	Homo sapiens	homo sapiens	homo sapiens	matched	exact_normalized	1.000000
PXD008840	GC038T_DGC_83426_E000885_F2_R1.raw	Technical	comment[cleavage agent details]		AC=MS:1001251;NT=Trypsin		cv:ms:1001251	gold_only	unmatched	0.000000
PXD008840	GC038T_DGC_83426_E000885_F2_R1.raw	Technical	comment[dissociation method]		AC=MS:1000422;NT=HCD		cv:ms:1000422	gold_only	unmatched	0.000000
PXD008840	GC038T_DGC_83426_E000885_F2_R1.raw	Technical	comment[instrument]	Orbitrap Fusion, Orbitrap Fusion Lumos, Q Exactive Plus, Q Exactive HF		orbitrap fusion orbitrap fusion lumos q exactive plus q exactive hf		assessed_only	unmatched	0.000000
PXD008840	GC038T_DGC_83426_E000885_F2_R1.raw	Technical	comment[instrument]		NT=LTQ Orbitrap;AC=MS:1000449		cv:ms:1000449	gold_only	unmatched	0.000000
PXD008840	GC038T_DGC_83426_E000885_F2_R1.raw	Technical	comment[label]		AC=MS:1002038;NT=label free sample		cv:ms:1002038	gold_only	unmatched	0.000000
PXD008840	GC038T_DGC_83426_E000885_F2_R1.raw	Technical	comment[ms2 mass analyzer]	orbitrap		orbitrap		assessed_only	unmatched	0.000000
PXD008840	GC038T_DGC_83426_E000885_F2_R1.raw	Technical	comment[precursor mass tolerance]	6.1 ppm		6.1 ppm		assessed_only	unmatched	0.000000
PXD008840	GC038T_DGC_83426_E000885_F2_R1.raw	Technical	comment[precursor mass tolerance]		20 ppm		20 ppm	gold_only	unmatched	0.000000
PXD008840	GC038T_DGC_83426_E000885_F2_R1.raw	Technical	comment[proteomics data acquisition method]	data-dependent acquisition		data-dependent acquisition		assessed_only	unmatched	0.000000
PXD008840	GC038T_DGC_83426_E000885_F2_R1.raw	Technical	technology type	proteomic profiling by mass spectrometry		proteomic profiling by mass spectrometry		assessed_only	unmatched	0.000000
PXD008840	GC038T_DGC_83426_E000885_F2_R1.raw	ExperimentalDesign	characteristics[biological replicate]	1		1		assessed_only	unmatched	0.000000
PXD008840	GC038T_DGC_83426_E000885_F2_R1.raw	ExperimentalDesign	comment[fraction identifier]	6		6		assessed_only	unmatched	0.000000
PXD008840	GC038T_DGC_83426_E000885_F2_R1.raw	ExperimentalDesign	comment[fraction identifier]		2		2	gold_only	unmatched	0.000000
PXD008840	GC038T_DGC_83426_E000885_F2_R1.raw	ExperimentalDesign	comment[technical replicate]	1		1		assessed_only	unmatched	0.000000
PXD008840	GC038T_DGC_83426_E000885_F2_R1.raw	ExperimentalDesign	factor value[disease]	diffuse-type gastric cancer		diffuse-type gastric cancer		assessed_only	unmatched	0.000000
PXD008840	GC038T_DGC_83426_E000885_F2_R1.raw	ExperimentalDesign	factor value[experimental design]	tissue type (tumor, nearby tissue)		tissue type tumor nearby tissue		assessed_only	unmatched	0.000000
PXD008840	GC039T_DGC_83436_E000887_F4_R1.raw	Biological	characteristics[cell type]	tumor cells		tumor cells		assessed_only	unmatched	0.000000
PXD008840	GC039T_DGC_83436_E000887_F4_R1.raw	Biological	characteristics[disease]	diffuse-type gastric cancer		diffuse-type gastric cancer		assessed_only	unmatched	0.000000
PXD008840	GC039T_DGC_83436_E000887_F4_R1.raw	Biological	characteristics[disease]		stomach cancer		stomach cancer	gold_only	unmatched	0.000000
PXD008840	GC039T_DGC_83436_E000887_F4_R1.raw	Biological	characteristics[organism part]	stomach	stomach	stomach	stomach	matched	exact_normalized	1.000000
PXD008840	GC039T_DGC_83436_E000887_F4_R1.raw	Biological	characteristics[organism]	homo sapiens	Homo sapiens	homo sapiens	homo sapiens	matched	exact_normalized	1.000000
PXD008840	GC039T_DGC_83436_E000887_F4_R1.raw	Technical	comment[cleavage agent details]		AC=MS:1001251;NT=Trypsin		cv:ms:1001251	gold_only	unmatched	0.000000
PXD008840	GC039T_DGC_83436_E000887_F4_R1.raw	Technical	comment[dissociation method]		AC=MS:1000422;NT=HCD		cv:ms:1000422	gold_only	unmatched	0.000000
PXD008840	GC039T_DGC_83436_E000887_F4_R1.raw	Technical	comment[instrument]	Orbitrap Fusion, Orbitrap Fusion Lumos, Q Exactive Plus, Q Exactive HF		orbitrap fusion orbitrap fusion lumos q exactive plus q exactive hf		assessed_only	unmatched	0.000000
PXD008840	GC039T_DGC_83436_E000887_F4_R1.raw	Technical	comment[instrument]		NT=LTQ Orbitrap;AC=MS:1000449		cv:ms:1000449	gold_only	unmatched	0.000000
PXD008840	GC039T_DGC_83436_E000887_F4_R1.raw	Technical	comment[label]		AC=MS:1002038;NT=label free sample		cv:ms:1002038	gold_only	unmatched	0.000000
PXD008840	GC039T_DGC_83436_E000887_F4_R1.raw	Technical	comment[ms2 mass analyzer]	orbitrap		orbitrap		assessed_only	unmatched	0.000000
PXD008840	GC039T_DGC_83436_E000887_F4_R1.raw	Technical	comment[precursor mass tolerance]	6.1 ppm		6.1 ppm		assessed_only	unmatched	0.000000
PXD008840	GC039T_DGC_83436_E000887_F4_R1.raw	Technical	comment[precursor mass tolerance]		20 ppm		20 ppm	gold_only	unmatched	0.000000
PXD008840	GC039T_DGC_83436_E000887_F4_R1.raw	Technical	comment[proteomics data acquisition method]	data-dependent acquisition		data-dependent acquisition		assessed_only	unmatched	0.000000
PXD008840	GC039T_DGC_83436_E000887_F4_R1.raw	Technical	technology type	proteomic profiling by mass spectrometry		proteomic profiling by mass spectrometry		assessed_only	unmatched	0.000000
PXD008840	GC039T_DGC_83436_E000887_F4_R1.raw	ExperimentalDesign	characteristics[biological replicate]	1		1		assessed_only	unmatched	0.000000
PXD008840	GC039T_DGC_83436_E000887_F4_R1.raw	ExperimentalDesign	comment[fraction identifier]	6		6		assessed_only	unmatched	0.000000
PXD008840	GC039T_DGC_83436_E000887_F4_R1.raw	ExperimentalDesign	comment[fraction identifier]		4		4	gold_only	unmatched	0.000000
PXD008840	GC039T_DGC_83436_E000887_F4_R1.raw	ExperimentalDesign	comment[technical replicate]	1		1		assessed_only	unmatched	0.000000
PXD008840	GC039T_DGC_83436_E000887_F4_R1.raw	ExperimentalDesign	factor value[disease]	diffuse-type gastric cancer		diffuse-type gastric cancer		assessed_only	unmatched	0.000000
PXD008840	GC039T_DGC_83436_E000887_F4_R1.raw	ExperimentalDesign	factor value[experimental design]	tissue type (tumor, nearby tissue)		tissue type tumor nearby tissue		assessed_only	unmatched	0.000000
PXD008840	GC044N_DGC_83574_E001173_F6_R1.raw	Biological	characteristics[cell type]	tumor cells		tumor cells		assessed_only	unmatched	0.000000
PXD008840	GC044N_DGC_83574_E001173_F6_R1.raw	Biological	characteristics[disease]	diffuse-type gastric cancer		diffuse-type gastric cancer		assessed_only	unmatched	0.000000
PXD008840	GC044N_DGC_83574_E001173_F6_R1.raw	Biological	characteristics[disease]		stomach cancer		stomach cancer	gold_only	unmatched	0.000000
PXD008840	GC044N_DGC_83574_E001173_F6_R1.raw	Biological	characteristics[organism part]	stomach	stomach	stomach	stomach	matched	exact_normalized	1.000000
PXD008840	GC044N_DGC_83574_E001173_F6_R1.raw	Biological	characteristics[organism]	homo sapiens	Homo sapiens	homo sapiens	homo sapiens	matched	exact_normalized	1.000000
PXD008840	GC044N_DGC_83574_E001173_F6_R1.raw	Technical	comment[cleavage agent details]		AC=MS:1001251;NT=Trypsin		cv:ms:1001251	gold_only	unmatched	0.000000
PXD008840	GC044N_DGC_83574_E001173_F6_R1.raw	Technical	comment[dissociation method]		AC=MS:1000422;NT=HCD		cv:ms:1000422	gold_only	unmatched	0.000000
PXD008840	GC044N_DGC_83574_E001173_F6_R1.raw	Technical	comment[instrument]	Orbitrap Fusion, Orbitrap Fusion Lumos, Q Exactive Plus, Q Exactive HF		orbitrap fusion orbitrap fusion lumos q exactive plus q exactive hf		assessed_only	unmatched	0.000000
PXD008840	GC044N_DGC_83574_E001173_F6_R1.raw	Technical	comment[instrument]		NT=LTQ Orbitrap;AC=MS:1000449		cv:ms:1000449	gold_only	unmatched	0.000000
PXD008840	GC044N_DGC_83574_E001173_F6_R1.raw	Technical	comment[label]		AC=MS:1002038;NT=label free sample		cv:ms:1002038	gold_only	unmatched	0.000000
PXD008840	GC044N_DGC_83574_E001173_F6_R1.raw	Technical	comment[ms2 mass analyzer]	orbitrap		orbitrap		assessed_only	unmatched	0.000000
PXD008840	GC044N_DGC_83574_E001173_F6_R1.raw	Technical	comment[precursor mass tolerance]	6.1 ppm		6.1 ppm		assessed_only	unmatched	0.000000
PXD008840	GC044N_DGC_83574_E001173_F6_R1.raw	Technical	comment[precursor mass tolerance]		20 ppm		20 ppm	gold_only	unmatched	0.000000
PXD008840	GC044N_DGC_83574_E001173_F6_R1.raw	Technical	comment[proteomics data acquisition method]	data-dependent acquisition		data-dependent acquisition		assessed_only	unmatched	0.000000
PXD008840	GC044N_DGC_83574_E001173_F6_R1.raw	Technical	technology type	proteomic profiling by mass spectrometry		proteomic profiling by mass spectrometry		assessed_only	unmatched	0.000000
PXD008840	GC044N_DGC_83574_E001173_F6_R1.raw	ExperimentalDesign	characteristics[biological replicate]	1		1		assessed_only	unmatched	0.000000
PXD008840	GC044N_DGC_83574_E001173_F6_R1.raw	ExperimentalDesign	comment[fraction identifier]	6	6	6	6	matched	exact_normalized	1.000000
PXD008840	GC044N_DGC_83574_E001173_F6_R1.raw	ExperimentalDesign	comment[technical replicate]	1		1		assessed_only	unmatched	0.000000
PXD008840	GC044N_DGC_83574_E001173_F6_R1.raw	ExperimentalDesign	factor value[disease]	diffuse-type gastric cancer		diffuse-type gastric cancer		assessed_only	unmatched	0.000000
PXD008840	GC044N_DGC_83574_E001173_F6_R1.raw	ExperimentalDesign	factor value[experimental design]	tissue type (tumor, nearby tissue)		tissue type tumor nearby tissue		assessed_only	unmatched	0.000000
PXD008840	GC050N_DGC_83631_E001041_F3_R1.raw	Biological	characteristics[cell type]	tumor cells		tumor cells		assessed_only	unmatched	0.000000
PXD008840	GC050N_DGC_83631_E001041_F3_R1.raw	Biological	characteristics[disease]	diffuse-type gastric cancer		diffuse-type gastric cancer		assessed_only	unmatched	0.000000
PXD008840	GC050N_DGC_83631_E001041_F3_R1.raw	Biological	characteristics[disease]		stomach cancer		stomach cancer	gold_only	unmatched	0.000000
PXD008840	GC050N_DGC_83631_E001041_F3_R1.raw	Biological	characteristics[organism part]	stomach	stomach	stomach	stomach	matched	exact_normalized	1.000000
PXD008840	GC050N_DGC_83631_E001041_F3_R1.raw	Biological	characteristics[organism]	homo sapiens	Homo sapiens	homo sapiens	homo sapiens	matched	exact_normalized	1.000000
PXD008840	GC050N_DGC_83631_E001041_F3_R1.raw	Technical	comment[cleavage agent details]		AC=MS:1001251;NT=Trypsin		cv:ms:1001251	gold_only	unmatched	0.000000
PXD008840	GC050N_DGC_83631_E001041_F3_R1.raw	Technical	comment[dissociation method]		AC=MS:1000422;NT=HCD		cv:ms:1000422	gold_only	unmatched	0.000000
PXD008840	GC050N_DGC_83631_E001041_F3_R1.raw	Technical	comment[instrument]	Orbitrap Fusion, Orbitrap Fusion Lumos, Q Exactive Plus, Q Exactive HF		orbitrap fusion orbitrap fusion lumos q exactive plus q exactive hf		assessed_only	unmatched	0.000000
PXD008840	GC050N_DGC_83631_E001041_F3_R1.raw	Technical	comment[instrument]		NT=LTQ Orbitrap;AC=MS:1000449		cv:ms:1000449	gold_only	unmatched	0.000000
PXD008840	GC050N_DGC_83631_E001041_F3_R1.raw	Technical	comment[label]		AC=MS:1002038;NT=label free sample		cv:ms:1002038	gold_only	unmatched	0.000000
PXD008840	GC050N_DGC_83631_E001041_F3_R1.raw	Technical	comment[ms2 mass analyzer]	orbitrap		orbitrap		assessed_only	unmatched	0.000000
PXD008840	GC050N_DGC_83631_E001041_F3_R1.raw	Technical	comment[precursor mass tolerance]	6.1 ppm		6.1 ppm		assessed_only	unmatched	0.000000
PXD008840	GC050N_DGC_83631_E001041_F3_R1.raw	Technical	comment[precursor mass tolerance]		20 ppm		20 ppm	gold_only	unmatched	0.000000
PXD008840	GC050N_DGC_83631_E001041_F3_R1.raw	Technical	comment[proteomics data acquisition method]	data-dependent acquisition		data-dependent acquisition		assessed_only	unmatched	0.000000
PXD008840	GC050N_DGC_83631_E001041_F3_R1.raw	Technical	technology type	proteomic profiling by mass spectrometry		proteomic profiling by mass spectrometry		assessed_only	unmatched	0.000000
PXD008840	GC050N_DGC_83631_E001041_F3_R1.raw	ExperimentalDesign	characteristics[biological replicate]	1		1		assessed_only	unmatched	0.000000
PXD008840	GC050N_DGC_83631_E001041_F3_R1.raw	ExperimentalDesign	comment[fraction identifier]	6		6		assessed_only	unmatched	0.000000
PXD008840	GC050N_DGC_83631_E001041_F3_R1.raw	ExperimentalDesign	comment[fraction identifier]		3		3	gold_only	unmatched	0.000000
PXD008840	GC050N_DGC_83631_E001041_F3_R1.raw	ExperimentalDesign	comment[technical replicate]	1		1		assessed_only	unmatched	0.000000
PXD008840	GC050N_DGC_83631_E001041_F3_R1.raw	ExperimentalDesign	factor value[disease]	diffuse-type gastric cancer		diffuse-type gastric cancer		assessed_only	unmatched	0.000000
PXD008840	GC050N_DGC_83631_E001041_F3_R1.raw	ExperimentalDesign	factor value[experimental design]	tissue type (tumor, nearby tissue)		tissue type tumor nearby tissue		assessed_only	unmatched	0.000000
PXD008840	GC052T_DGC_83632_E001042_F4_R1.raw	Biological	characteristics[cell type]	tumor cells		tumor cells		assessed_only	unmatched	0.000000
PXD008840	GC052T_DGC_83632_E001042_F4_R1.raw	Biological	characteristics[disease]	diffuse-type gastric cancer		diffuse-type gastric cancer		assessed_only	unmatched	0.000000
PXD008840	GC052T_DGC_83632_E001042_F4_R1.raw	Biological	characteristics[disease]		stomach cancer		stomach cancer	gold_only	unmatched	0.000000
PXD008840	GC052T_DGC_83632_E001042_F4_R1.raw	Biological	characteristics[organism part]	stomach	stomach	stomach	stomach	matched	exact_normalized	1.000000
PXD008840	GC052T_DGC_83632_E001042_F4_R1.raw	Biological	characteristics[organism]	homo sapiens	Homo sapiens	homo sapiens	homo sapiens	matched	exact_normalized	1.000000
PXD008840	GC052T_DGC_83632_E001042_F4_R1.raw	Technical	comment[cleavage agent details]		AC=MS:1001251;NT=Trypsin		cv:ms:1001251	gold_only	unmatched	0.000000
PXD008840	GC052T_DGC_83632_E001042_F4_R1.raw	Technical	comment[dissociation method]		AC=MS:1000422;NT=HCD		cv:ms:1000422	gold_only	unmatched	0.000000
PXD008840	GC052T_DGC_83632_E001042_F4_R1.raw	Technical	comment[instrument]	Orbitrap Fusion, Orbitrap Fusion Lumos, Q Exactive Plus, Q Exactive HF		orbitrap fusion orbitrap fusion lumos q exactive plus q exactive hf		assessed_only	unmatched	0.000000
PXD008840	GC052T_DGC_83632_E001042_F4_R1.raw	Technical	comment[instrument]		NT=LTQ Orbitrap;AC=MS:1000449		cv:ms:1000449	gold_only	unmatched	0.000000
PXD008840	GC052T_DGC_83632_E001042_F4_R1.raw	Technical	comment[label]		AC=MS:1002038;NT=label free sample		cv:ms:1002038	gold_only	unmatched	0.000000
PXD008840	GC052T_DGC_83632_E001042_F4_R1.raw	Technical	comment[ms2 mass analyzer]	orbitrap		orbitrap		assessed_only	unmatched	0.000000
PXD008840	GC052T_DGC_83632_E001042_F4_R1.raw	Technical	comment[precursor mass tolerance]	6.1 ppm		6.1 ppm		assessed_only	unmatched	0.000000
PXD008840	GC052T_DGC_83632_E001042_F4_R1.raw	Technical	comment[precursor mass tolerance]		20 ppm		20 ppm	gold_only	unmatched	0.000000
PXD008840	GC052T_DGC_83632_E001042_F4_R1.raw	Technical	comment[proteomics data acquisition method]	data-dependent acquisition		data-dependent acquisition		assessed_only	unmatched	0.000000
PXD008840	GC052T_DGC_83632_E001042_F4_R1.raw	Technical	technology type	proteomic profiling by mass spectrometry		proteomic profiling by mass spectrometry		assessed_only	unmatched	0.000000
PXD008840	GC052T_DGC_83632_E001042_F4_R1.raw	ExperimentalDesign	characteristics[biological replicate]	1		1		assessed_only	unmatched	0.000000
PXD008840	GC052T_DGC_83632_E001042_F4_R1.raw	ExperimentalDesign	comment[fraction identifier]	6		6		assessed_only	unmatched	0.000000
PXD008840	GC052T_DGC_83632_E001042_F4_R1.raw	ExperimentalDesign	comment[fraction identifier]		4		4	gold_only	unmatched	0.000000
PXD008840	GC052T_DGC_83632_E001042_F4_R1.raw	ExperimentalDesign	comment[technical replicate]	1		1		assessed_only	unmatched	0.000000
PXD008840	GC052T_DGC_83632_E001042_F4_R1.raw	ExperimentalDesign	factor value[disease]	diffuse-type gastric cancer		diffuse-type gastric cancer		assessed_only	unmatched	0.000000
PXD008840	GC052T_DGC_83632_E001042_F4_R1.raw	ExperimentalDesign	factor value[experimental design]	tissue type (tumor, nearby tissue)		tissue type tumor nearby tissue		assessed_only	unmatched	0.000000
PXD008840	GC056T_DGC_83811_E001184_F5_R1.raw	Biological	characteristics[cell type]	tumor cells		tumor cells		assessed_only	unmatched	0.000000
PXD008840	GC056T_DGC_83811_E001184_F5_R1.raw	Biological	characteristics[disease]	diffuse-type gastric cancer		diffuse-type gastric cancer		assessed_only	unmatched	0.000000
PXD008840	GC056T_DGC_83811_E001184_F5_R1.raw	Biological	characteristics[disease]		stomach cancer		stomach cancer	gold_only	unmatched	0.000000
PXD008840	GC056T_DGC_83811_E001184_F5_R1.raw	Biological	characteristics[organism part]	stomach	stomach	stomach	stomach	matched	exact_normalized	1.000000
PXD008840	GC056T_DGC_83811_E001184_F5_R1.raw	Biological	characteristics[organism]	homo sapiens	Homo sapiens	homo sapiens	homo sapiens	matched	exact_normalized	1.000000
PXD008840	GC056T_DGC_83811_E001184_F5_R1.raw	Technical	comment[cleavage agent details]		AC=MS:1001251;NT=Trypsin		cv:ms:1001251	gold_only	unmatched	0.000000
PXD008840	GC056T_DGC_83811_E001184_F5_R1.raw	Technical	comment[dissociation method]		AC=MS:1000422;NT=HCD		cv:ms:1000422	gold_only	unmatched	0.000000
PXD008840	GC056T_DGC_83811_E001184_F5_R1.raw	Technical	comment[instrument]	Orbitrap Fusion, Orbitrap Fusion Lumos, Q Exactive Plus, Q Exactive HF		orbitrap fusion orbitrap fusion lumos q exactive plus q exactive hf		assessed_only	unmatched	0.000000
PXD008840	GC056T_DGC_83811_E001184_F5_R1.raw	Technical	comment[instrument]		NT=LTQ Orbitrap;AC=MS:1000449		cv:ms:1000449	gold_only	unmatched	0.000000
PXD008840	GC056T_DGC_83811_E001184_F5_R1.raw	Technical	comment[label]		AC=MS:1002038;NT=label free sample		cv:ms:1002038	gold_only	unmatched	0.000000
PXD008840	GC056T_DGC_83811_E001184_F5_R1.raw	Technical	comment[ms2 mass analyzer]	orbitrap		orbitrap		assessed_only	unmatched	0.000000
PXD008840	GC056T_DGC_83811_E001184_F5_R1.raw	Technical	comment[precursor mass tolerance]	6.1 ppm		6.1 ppm		assessed_only	unmatched	0.000000
PXD008840	GC056T_DGC_83811_E001184_F5_R1.raw	Technical	comment[precursor mass tolerance]		20 ppm		20 ppm	gold_only	unmatched	0.000000
PXD008840	GC056T_DGC_83811_E001184_F5_R1.raw	Technical	comment[proteomics data acquisition method]	data-dependent acquisition		data-dependent acquisition		assessed_only	unmatched	0.000000
PXD008840	GC056T_DGC_83811_E001184_F5_R1.raw	Technical	technology type	proteomic profiling by mass spectrometry		proteomic profiling by mass spectrometry		assessed_only	unmatched	0.000000
PXD008840	GC056T_DGC_83811_E001184_F5_R1.raw	ExperimentalDesign	characteristics[biological replicate]	1		1		assessed_only	unmatched	0.000000
PXD008840	GC056T_DGC_83811_E001184_F5_R1.raw	ExperimentalDesign	comment[fraction identifier]	6		6		assessed_only	unmatched	0.000000
PXD008840	GC056T_DGC_83811_E001184_F5_R1.raw	ExperimentalDesign	comment[fraction identifier]		5		5	gold_only	unmatched	0.000000
PXD008840	GC056T_DGC_83811_E001184_F5_R1.raw	ExperimentalDesign	comment[technical replicate]	1		1		assessed_only	unmatched	0.000000
PXD008840	GC056T_DGC_83811_E001184_F5_R1.raw	ExperimentalDesign	factor value[disease]	diffuse-type gastric cancer		diffuse-type gastric cancer		assessed_only	unmatched	0.000000
PXD008840	GC056T_DGC_83811_E001184_F5_R1.raw	ExperimentalDesign	factor value[experimental design]	tissue type (tumor, nearby tissue)		tissue type tumor nearby tissue		assessed_only	unmatched	0.000000
PXD008840	GC062N_DGC_83854_E001193_F1_R1.raw	Biological	characteristics[cell type]	tumor cells		tumor cells		assessed_only	unmatched	0.000000
PXD008840	GC062N_DGC_83854_E001193_F1_R1.raw	Biological	characteristics[disease]	diffuse-type gastric cancer		diffuse-type gastric cancer		assessed_only	unmatched	0.000000
PXD008840	GC062N_DGC_83854_E001193_F1_R1.raw	Biological	characteristics[disease]		stomach cancer		stomach cancer	gold_only	unmatched	0.000000
PXD008840	GC062N_DGC_83854_E001193_F1_R1.raw	Biological	characteristics[organism part]	stomach	stomach	stomach	stomach	matched	exact_normalized	1.000000
PXD008840	GC062N_DGC_83854_E001193_F1_R1.raw	Biological	characteristics[organism]	homo sapiens	Homo sapiens	homo sapiens	homo sapiens	matched	exact_normalized	1.000000
PXD008840	GC062N_DGC_83854_E001193_F1_R1.raw	Technical	comment[cleavage agent details]		AC=MS:1001251;NT=Trypsin		cv:ms:1001251	gold_only	unmatched	0.000000
PXD008840	GC062N_DGC_83854_E001193_F1_R1.raw	Technical	comment[dissociation method]		AC=MS:1000422;NT=HCD		cv:ms:1000422	gold_only	unmatched	0.000000
PXD008840	GC062N_DGC_83854_E001193_F1_R1.raw	Technical	comment[instrument]	Orbitrap Fusion, Orbitrap Fusion Lumos, Q Exactive Plus, Q Exactive HF		orbitrap fusion orbitrap fusion lumos q exactive plus q exactive hf		assessed_only	unmatched	0.000000
PXD008840	GC062N_DGC_83854_E001193_F1_R1.raw	Technical	comment[instrument]		NT=LTQ Orbitrap;AC=MS:1000449		cv:ms:1000449	gold_only	unmatched	0.000000
PXD008840	GC062N_DGC_83854_E001193_F1_R1.raw	Technical	comment[label]		AC=MS:1002038;NT=label free sample		cv:ms:1002038	gold_only	unmatched	0.000000
PXD008840	GC062N_DGC_83854_E001193_F1_R1.raw	Technical	comment[ms2 mass analyzer]	orbitrap		orbitrap		assessed_only	unmatched	0.000000
PXD008840	GC062N_DGC_83854_E001193_F1_R1.raw	Technical	comment[precursor mass tolerance]	6.1 ppm		6.1 ppm		assessed_only	unmatched	0.000000
PXD008840	GC062N_DGC_83854_E001193_F1_R1.raw	Technical	comment[precursor mass tolerance]		20 ppm		20 ppm	gold_only	unmatched	0.000000
PXD008840	GC062N_DGC_83854_E001193_F1_R1.raw	Technical	comment[proteomics data acquisition method]	data-dependent acquisition		data-dependent acquisition		assessed_only	unmatched	0.000000
PXD008840	GC062N_DGC_83854_E001193_F1_R1.raw	Technical	technology type	proteomic profiling by mass spectrometry		proteomic profiling by mass spectrometry		assessed_only	unmatched	0.000000
PXD008840	GC062N_DGC_83854_E001193_F1_R1.raw	ExperimentalDesign	characteristics[biological replicate]	1		1		assessed_only	unmatched	0.000000
PXD008840	GC062N_DGC_83854_E001193_F1_R1.raw	ExperimentalDesign	comment[fraction identifier]	6		6		assessed_only	unmatched	0.000000
PXD008840	GC062N_DGC_83854_E001193_F1_R1.raw	ExperimentalDesign	comment[fraction identifier]		1		1	gold_only	unmatched	0.000000
PXD008840	GC062N_DGC_83854_E001193_F1_R1.raw	ExperimentalDesign	comment[technical replicate]	1		1		assessed_only	unmatched	0.000000
PXD008840	GC062N_DGC_83854_E001193_F1_R1.raw	ExperimentalDesign	factor value[disease]	diffuse-type gastric cancer		diffuse-type gastric cancer		assessed_only	unmatched	0.000000
PXD008840	GC062N_DGC_83854_E001193_F1_R1.raw	ExperimentalDesign	factor value[experimental design]	tissue type (tumor, nearby tissue)		tissue type tumor nearby tissue		assessed_only	unmatched	0.000000
PXD008840	GC065N_DGC_83872_E001199_F5_R1.raw	Biological	characteristics[cell type]	tumor cells		tumor cells		assessed_only	unmatched	0.000000
PXD008840	GC065N_DGC_83872_E001199_F5_R1.raw	Biological	characteristics[disease]	diffuse-type gastric cancer		diffuse-type gastric cancer		assessed_only	unmatched	0.000000
PXD008840	GC065N_DGC_83872_E001199_F5_R1.raw	Biological	characteristics[disease]		stomach cancer		stomach cancer	gold_only	unmatched	0.000000
PXD008840	GC065N_DGC_83872_E001199_F5_R1.raw	Biological	characteristics[organism part]	stomach	stomach	stomach	stomach	matched	exact_normalized	1.000000
PXD008840	GC065N_DGC_83872_E001199_F5_R1.raw	Biological	characteristics[organism]	homo sapiens	Homo sapiens	homo sapiens	homo sapiens	matched	exact_normalized	1.000000
PXD008840	GC065N_DGC_83872_E001199_F5_R1.raw	Technical	comment[cleavage agent details]		AC=MS:1001251;NT=Trypsin		cv:ms:1001251	gold_only	unmatched	0.000000
PXD008840	GC065N_DGC_83872_E001199_F5_R1.raw	Technical	comment[dissociation method]		AC=MS:1000422;NT=HCD		cv:ms:1000422	gold_only	unmatched	0.000000
PXD008840	GC065N_DGC_83872_E001199_F5_R1.raw	Technical	comment[instrument]	Orbitrap Fusion, Orbitrap Fusion Lumos, Q Exactive Plus, Q Exactive HF		orbitrap fusion orbitrap fusion lumos q exactive plus q exactive hf		assessed_only	unmatched	0.000000
PXD008840	GC065N_DGC_83872_E001199_F5_R1.raw	Technical	comment[instrument]		NT=LTQ Orbitrap;AC=MS:1000449		cv:ms:1000449	gold_only	unmatched	0.000000
PXD008840	GC065N_DGC_83872_E001199_F5_R1.raw	Technical	comment[label]		AC=MS:1002038;NT=label free sample		cv:ms:1002038	gold_only	unmatched	0.000000
PXD008840	GC065N_DGC_83872_E001199_F5_R1.raw	Technical	comment[ms2 mass analyzer]	orbitrap		orbitrap		assessed_only	unmatched	0.000000
PXD008840	GC065N_DGC_83872_E001199_F5_R1.raw	Technical	comment[precursor mass tolerance]	6.1 ppm		6.1 ppm		assessed_only	unmatched	0.000000
PXD008840	GC065N_DGC_83872_E001199_F5_R1.raw	Technical	comment[precursor mass tolerance]		20 ppm		20 ppm	gold_only	unmatched	0.000000
PXD008840	GC065N_DGC_83872_E001199_F5_R1.raw	Technical	comment[proteomics data acquisition method]	data-dependent acquisition		data-dependent acquisition		assessed_only	unmatched	0.000000
PXD008840	GC065N_DGC_83872_E001199_F5_R1.raw	Technical	technology type	proteomic profiling by mass spectrometry		proteomic profiling by mass spectrometry		assessed_only	unmatched	0.000000
PXD008840	GC065N_DGC_83872_E001199_F5_R1.raw	ExperimentalDesign	characteristics[biological replicate]	1		1		assessed_only	unmatched	0.000000
PXD008840	GC065N_DGC_83872_E001199_F5_R1.raw	ExperimentalDesign	comment[fraction identifier]	6		6		assessed_only	unmatched	0.000000
PXD008840	GC065N_DGC_83872_E001199_F5_R1.raw	ExperimentalDesign	comment[fraction identifier]		5		5	gold_only	unmatched	0.000000
PXD008840	GC065N_DGC_83872_E001199_F5_R1.raw	ExperimentalDesign	comment[technical replicate]	1		1		assessed_only	unmatched	0.000000
PXD008840	GC065N_DGC_83872_E001199_F5_R1.raw	ExperimentalDesign	factor value[disease]	diffuse-type gastric cancer		diffuse-type gastric cancer		assessed_only	unmatched	0.000000
PXD008840	GC065N_DGC_83872_E001199_F5_R1.raw	ExperimentalDesign	factor value[experimental design]	tissue type (tumor, nearby tissue)		tissue type tumor nearby tissue		assessed_only	unmatched	0.000000
PXD008840	GC065T_DGC_83871_E001198_F4_R1.raw	Biological	characteristics[cell type]	tumor cells		tumor cells		assessed_only	unmatched	0.000000
PXD008840	GC065T_DGC_83871_E001198_F4_R1.raw	Biological	characteristics[disease]	diffuse-type gastric cancer		diffuse-type gastric cancer		assessed_only	unmatched	0.000000
PXD008840	GC065T_DGC_83871_E001198_F4_R1.raw	Biological	characteristics[disease]		stomach cancer		stomach cancer	gold_only	unmatched	0.000000
PXD008840	GC065T_DGC_83871_E001198_F4_R1.raw	Biological	characteristics[organism part]	stomach	stomach	stomach	stomach	matched	exact_normalized	1.000000
PXD008840	GC065T_DGC_83871_E001198_F4_R1.raw	Biological	characteristics[organism]	homo sapiens	Homo sapiens	homo sapiens	homo sapiens	matched	exact_normalized	1.000000
PXD008840	GC065T_DGC_83871_E001198_F4_R1.raw	Technical	comment[cleavage agent details]		AC=MS:1001251;NT=Trypsin		cv:ms:1001251	gold_only	unmatched	0.000000
PXD008840	GC065T_DGC_83871_E001198_F4_R1.raw	Technical	comment[dissociation method]		AC=MS:1000422;NT=HCD		cv:ms:1000422	gold_only	unmatched	0.000000
PXD008840	GC065T_DGC_83871_E001198_F4_R1.raw	Technical	comment[instrument]	Orbitrap Fusion, Orbitrap Fusion Lumos, Q Exactive Plus, Q Exactive HF		orbitrap fusion orbitrap fusion lumos q exactive plus q exactive hf		assessed_only	unmatched	0.000000
PXD008840	GC065T_DGC_83871_E001198_F4_R1.raw	Technical	comment[instrument]		NT=LTQ Orbitrap;AC=MS:1000449		cv:ms:1000449	gold_only	unmatched	0.000000
PXD008840	GC065T_DGC_83871_E001198_F4_R1.raw	Technical	comment[label]		AC=MS:1002038;NT=label free sample		cv:ms:1002038	gold_only	unmatched	0.000000
PXD008840	GC065T_DGC_83871_E001198_F4_R1.raw	Technical	comment[ms2 mass analyzer]	orbitrap		orbitrap		assessed_only	unmatched	0.000000
PXD008840	GC065T_DGC_83871_E001198_F4_R1.raw	Technical	comment[precursor mass tolerance]	6.1 ppm		6.1 ppm		assessed_only	unmatched	0.000000
PXD008840	GC065T_DGC_83871_E001198_F4_R1.raw	Technical	comment[precursor mass tolerance]		20 ppm		20 ppm	gold_only	unmatched	0.000000
PXD008840	GC065T_DGC_83871_E001198_F4_R1.raw	Technical	comment[proteomics data acquisition method]	data-dependent acquisition		data-dependent acquisition		assessed_only	unmatched	0.000000
PXD008840	GC065T_DGC_83871_E001198_F4_R1.raw	Technical	technology type	proteomic profiling by mass spectrometry		proteomic profiling by mass spectrometry		assessed_only	unmatched	0.000000
PXD008840	GC065T_DGC_83871_E001198_F4_R1.raw	ExperimentalDesign	characteristics[biological replicate]	1		1		assessed_only	unmatched	0.000000
PXD008840	GC065T_DGC_83871_E001198_F4_R1.raw	ExperimentalDesign	comment[fraction identifier]	6		6		assessed_only	unmatched	0.000000
PXD008840	GC065T_DGC_83871_E001198_F4_R1.raw	ExperimentalDesign	comment[fraction identifier]		4		4	gold_only	unmatched	0.000000
PXD008840	GC065T_DGC_83871_E001198_F4_R1.raw	ExperimentalDesign	comment[technical replicate]	1		1		assessed_only	unmatched	0.000000
PXD008840	GC065T_DGC_83871_E001198_F4_R1.raw	ExperimentalDesign	factor value[disease]	diffuse-type gastric cancer		diffuse-type gastric cancer		assessed_only	unmatched	0.000000
PXD008840	GC065T_DGC_83871_E001198_F4_R1.raw	ExperimentalDesign	factor value[experimental design]	tissue type (tumor, nearby tissue)		tissue type tumor nearby tissue		assessed_only	unmatched	0.000000
PXD008840	GC066N_DGC_83874_E001201_F6_R1.raw	Biological	characteristics[cell type]	tumor cells		tumor cells		assessed_only	unmatched	0.000000
PXD008840	GC066N_DGC_83874_E001201_F6_R1.raw	Biological	characteristics[disease]	diffuse-type gastric cancer		diffuse-type gastric cancer		assessed_only	unmatched	0.000000
PXD008840	GC066N_DGC_83874_E001201_F6_R1.raw	Biological	characteristics[disease]		stomach cancer		stomach cancer	gold_only	unmatched	0.000000
PXD008840	GC066N_DGC_83874_E001201_F6_R1.raw	Biological	characteristics[organism part]	stomach	stomach	stomach	stomach	matched	exact_normalized	1.000000
PXD008840	GC066N_DGC_83874_E001201_F6_R1.raw	Biological	characteristics[organism]	homo sapiens	Homo sapiens	homo sapiens	homo sapiens	matched	exact_normalized	1.000000
PXD008840	GC066N_DGC_83874_E001201_F6_R1.raw	Technical	comment[cleavage agent details]		AC=MS:1001251;NT=Trypsin		cv:ms:1001251	gold_only	unmatched	0.000000
PXD008840	GC066N_DGC_83874_E001201_F6_R1.raw	Technical	comment[dissociation method]		AC=MS:1000422;NT=HCD		cv:ms:1000422	gold_only	unmatched	0.000000
PXD008840	GC066N_DGC_83874_E001201_F6_R1.raw	Technical	comment[instrument]	Orbitrap Fusion, Orbitrap Fusion Lumos, Q Exactive Plus, Q Exactive HF		orbitrap fusion orbitrap fusion lumos q exactive plus q exactive hf		assessed_only	unmatched	0.000000
PXD008840	GC066N_DGC_83874_E001201_F6_R1.raw	Technical	comment[instrument]		NT=LTQ Orbitrap;AC=MS:1000449		cv:ms:1000449	gold_only	unmatched	0.000000
PXD008840	GC066N_DGC_83874_E001201_F6_R1.raw	Technical	comment[label]		AC=MS:1002038;NT=label free sample		cv:ms:1002038	gold_only	unmatched	0.000000
PXD008840	GC066N_DGC_83874_E001201_F6_R1.raw	Technical	comment[ms2 mass analyzer]	orbitrap		orbitrap		assessed_only	unmatched	0.000000
PXD008840	GC066N_DGC_83874_E001201_F6_R1.raw	Technical	comment[precursor mass tolerance]	6.1 ppm		6.1 ppm		assessed_only	unmatched	0.000000
PXD008840	GC066N_DGC_83874_E001201_F6_R1.raw	Technical	comment[precursor mass tolerance]		20 ppm		20 ppm	gold_only	unmatched	0.000000
PXD008840	GC066N_DGC_83874_E001201_F6_R1.raw	Technical	comment[proteomics data acquisition method]	data-dependent acquisition		data-dependent acquisition		assessed_only	unmatched	0.000000
PXD008840	GC066N_DGC_83874_E001201_F6_R1.raw	Technical	technology type	proteomic profiling by mass spectrometry		proteomic profiling by mass spectrometry		assessed_only	unmatched	0.000000
PXD008840	GC066N_DGC_83874_E001201_F6_R1.raw	ExperimentalDesign	characteristics[biological replicate]	1		1		assessed_only	unmatched	0.000000
PXD008840	GC066N_DGC_83874_E001201_F6_R1.raw	ExperimentalDesign	comment[fraction identifier]	6	6	6	6	matched	exact_normalized	1.000000
PXD008840	GC066N_DGC_83874_E001201_F6_R1.raw	ExperimentalDesign	comment[technical replicate]	1		1		assessed_only	unmatched	0.000000
PXD008840	GC066N_DGC_83874_E001201_F6_R1.raw	ExperimentalDesign	factor value[disease]	diffuse-type gastric cancer		diffuse-type gastric cancer		assessed_only	unmatched	0.000000
PXD008840	GC066N_DGC_83874_E001201_F6_R1.raw	ExperimentalDesign	factor value[experimental design]	tissue type (tumor, nearby tissue)		tissue type tumor nearby tissue		assessed_only	unmatched	0.000000
PXD008840	GC067N_DGC_83876_E001203_F6_R1.raw	Biological	characteristics[cell type]	tumor cells		tumor cells		assessed_only	unmatched	0.000000
PXD008840	GC067N_DGC_83876_E001203_F6_R1.raw	Biological	characteristics[disease]	diffuse-type gastric cancer		diffuse-type gastric cancer		assessed_only	unmatched	0.000000
PXD008840	GC067N_DGC_83876_E001203_F6_R1.raw	Biological	characteristics[disease]		stomach cancer		stomach cancer	gold_only	unmatched	0.000000
PXD008840	GC067N_DGC_83876_E001203_F6_R1.raw	Biological	characteristics[organism part]	stomach	stomach	stomach	stomach	matched	exact_normalized	1.000000
PXD008840	GC067N_DGC_83876_E001203_F6_R1.raw	Biological	characteristics[organism]	homo sapiens	Homo sapiens	homo sapiens	homo sapiens	matched	exact_normalized	1.000000
PXD008840	GC067N_DGC_83876_E001203_F6_R1.raw	Technical	comment[cleavage agent details]		AC=MS:1001251;NT=Trypsin		cv:ms:1001251	gold_only	unmatched	0.000000
PXD008840	GC067N_DGC_83876_E001203_F6_R1.raw	Technical	comment[dissociation method]		AC=MS:1000422;NT=HCD		cv:ms:1000422	gold_only	unmatched	0.000000
PXD008840	GC067N_DGC_83876_E001203_F6_R1.raw	Technical	comment[instrument]	Orbitrap Fusion, Orbitrap Fusion Lumos, Q Exactive Plus, Q Exactive HF		orbitrap fusion orbitrap fusion lumos q exactive plus q exactive hf		assessed_only	unmatched	0.000000
PXD008840	GC067N_DGC_83876_E001203_F6_R1.raw	Technical	comment[instrument]		NT=LTQ Orbitrap;AC=MS:1000449		cv:ms:1000449	gold_only	unmatched	0.000000
PXD008840	GC067N_DGC_83876_E001203_F6_R1.raw	Technical	comment[label]		AC=MS:1002038;NT=label free sample		cv:ms:1002038	gold_only	unmatched	0.000000
PXD008840	GC067N_DGC_83876_E001203_F6_R1.raw	Technical	comment[ms2 mass analyzer]	orbitrap		orbitrap		assessed_only	unmatched	0.000000
PXD008840	GC067N_DGC_83876_E001203_F6_R1.raw	Technical	comment[precursor mass tolerance]	6.1 ppm		6.1 ppm		assessed_only	unmatched	0.000000
PXD008840	GC067N_DGC_83876_E001203_F6_R1.raw	Technical	comment[precursor mass tolerance]		20 ppm		20 ppm	gold_only	unmatched	0.000000
PXD008840	GC067N_DGC_83876_E001203_F6_R1.raw	Technical	comment[proteomics data acquisition method]	data-dependent acquisition		data-dependent acquisition		assessed_only	unmatched	0.000000
PXD008840	GC067N_DGC_83876_E001203_F6_R1.raw	Technical	technology type	proteomic profiling by mass spectrometry		proteomic profiling by mass spectrometry		assessed_only	unmatched	0.000000
PXD008840	GC067N_DGC_83876_E001203_F6_R1.raw	ExperimentalDesign	characteristics[biological replicate]	1		1		assessed_only	unmatched	0.000000
PXD008840	GC067N_DGC_83876_E001203_F6_R1.raw	ExperimentalDesign	comment[fraction identifier]	6	6	6	6	matched	exact_normalized	1.000000
PXD008840	GC067N_DGC_83876_E001203_F6_R1.raw	ExperimentalDesign	comment[technical replicate]	1		1		assessed_only	unmatched	0.000000
PXD008840	GC067N_DGC_83876_E001203_F6_R1.raw	ExperimentalDesign	factor value[disease]	diffuse-type gastric cancer		diffuse-type gastric cancer		assessed_only	unmatched	0.000000
PXD008840	GC067N_DGC_83876_E001203_F6_R1.raw	ExperimentalDesign	factor value[experimental design]	tissue type (tumor, nearby tissue)		tissue type tumor nearby tissue		assessed_only	unmatched	0.000000
PXD008840	GC076N_DGC_83962_E001404_F1_R1.raw	Biological	characteristics[cell type]	tumor cells		tumor cells		assessed_only	unmatched	0.000000
PXD008840	GC076N_DGC_83962_E001404_F1_R1.raw	Biological	characteristics[disease]	diffuse-type gastric cancer		diffuse-type gastric cancer		assessed_only	unmatched	0.000000
PXD008840	GC076N_DGC_83962_E001404_F1_R1.raw	Biological	characteristics[disease]		stomach cancer		stomach cancer	gold_only	unmatched	0.000000
PXD008840	GC076N_DGC_83962_E001404_F1_R1.raw	Biological	characteristics[organism part]	stomach	stomach	stomach	stomach	matched	exact_normalized	1.000000
PXD008840	GC076N_DGC_83962_E001404_F1_R1.raw	Biological	characteristics[organism]	homo sapiens	Homo sapiens	homo sapiens	homo sapiens	matched	exact_normalized	1.000000
PXD008840	GC076N_DGC_83962_E001404_F1_R1.raw	Technical	comment[cleavage agent details]		AC=MS:1001251;NT=Trypsin		cv:ms:1001251	gold_only	unmatched	0.000000
PXD008840	GC076N_DGC_83962_E001404_F1_R1.raw	Technical	comment[dissociation method]		AC=MS:1000422;NT=HCD		cv:ms:1000422	gold_only	unmatched	0.000000
PXD008840	GC076N_DGC_83962_E001404_F1_R1.raw	Technical	comment[instrument]	Orbitrap Fusion, Orbitrap Fusion Lumos, Q Exactive Plus, Q Exactive HF		orbitrap fusion orbitrap fusion lumos q exactive plus q exactive hf		assessed_only	unmatched	0.000000
PXD008840	GC076N_DGC_83962_E001404_F1_R1.raw	Technical	comment[instrument]		NT=LTQ Orbitrap;AC=MS:1000449		cv:ms:1000449	gold_only	unmatched	0.000000
PXD008840	GC076N_DGC_83962_E001404_F1_R1.raw	Technical	comment[label]		AC=MS:1002038;NT=label free sample		cv:ms:1002038	gold_only	unmatched	0.000000
PXD008840	GC076N_DGC_83962_E001404_F1_R1.raw	Technical	comment[ms2 mass analyzer]	orbitrap		orbitrap		assessed_only	unmatched	0.000000
PXD008840	GC076N_DGC_83962_E001404_F1_R1.raw	Technical	comment[precursor mass tolerance]	6.1 ppm		6.1 ppm		assessed_only	unmatched	0.000000
PXD008840	GC076N_DGC_83962_E001404_F1_R1.raw	Technical	comment[precursor mass tolerance]		20 ppm		20 ppm	gold_only	unmatched	0.000000
PXD008840	GC076N_DGC_83962_E001404_F1_R1.raw	Technical	comment[proteomics data acquisition method]	data-dependent acquisition		data-dependent acquisition		assessed_only	unmatched	0.000000
PXD008840	GC076N_DGC_83962_E001404_F1_R1.raw	Technical	technology type	proteomic profiling by mass spectrometry		proteomic profiling by mass spectrometry		assessed_only	unmatched	0.000000
PXD008840	GC076N_DGC_83962_E001404_F1_R1.raw	ExperimentalDesign	characteristics[biological replicate]	1		1		assessed_only	unmatched	0.000000
PXD008840	GC076N_DGC_83962_E001404_F1_R1.raw	ExperimentalDesign	comment[fraction identifier]	6		6		assessed_only	unmatched	0.000000
PXD008840	GC076N_DGC_83962_E001404_F1_R1.raw	ExperimentalDesign	comment[fraction identifier]		1		1	gold_only	unmatched	0.000000
PXD008840	GC076N_DGC_83962_E001404_F1_R1.raw	ExperimentalDesign	comment[technical replicate]	1		1		assessed_only	unmatched	0.000000
PXD008840	GC076N_DGC_83962_E001404_F1_R1.raw	ExperimentalDesign	factor value[disease]	diffuse-type gastric cancer		diffuse-type gastric cancer		assessed_only	unmatched	0.000000
PXD008840	GC076N_DGC_83962_E001404_F1_R1.raw	ExperimentalDesign	factor value[experimental design]	tissue type (tumor, nearby tissue)		tissue type tumor nearby tissue		assessed_only	unmatched	0.000000
PXD008840	GC077T_DGC_83963_E001405_F4_R1.raw	Biological	characteristics[cell type]	tumor cells		tumor cells		assessed_only	unmatched	0.000000
PXD008840	GC077T_DGC_83963_E001405_F4_R1.raw	Biological	characteristics[disease]	diffuse-type gastric cancer		diffuse-type gastric cancer		assessed_only	unmatched	0.000000
PXD008840	GC077T_DGC_83963_E001405_F4_R1.raw	Biological	characteristics[disease]		stomach cancer		stomach cancer	gold_only	unmatched	0.000000
PXD008840	GC077T_DGC_83963_E001405_F4_R1.raw	Biological	characteristics[organism part]	stomach	stomach	stomach	stomach	matched	exact_normalized	1.000000
PXD008840	GC077T_DGC_83963_E001405_F4_R1.raw	Biological	characteristics[organism]	homo sapiens	Homo sapiens	homo sapiens	homo sapiens	matched	exact_normalized	1.000000
PXD008840	GC077T_DGC_83963_E001405_F4_R1.raw	Technical	comment[cleavage agent details]		AC=MS:1001251;NT=Trypsin		cv:ms:1001251	gold_only	unmatched	0.000000
PXD008840	GC077T_DGC_83963_E001405_F4_R1.raw	Technical	comment[dissociation method]		AC=MS:1000422;NT=HCD		cv:ms:1000422	gold_only	unmatched	0.000000
PXD008840	GC077T_DGC_83963_E001405_F4_R1.raw	Technical	comment[instrument]	Orbitrap Fusion, Orbitrap Fusion Lumos, Q Exactive Plus, Q Exactive HF		orbitrap fusion orbitrap fusion lumos q exactive plus q exactive hf		assessed_only	unmatched	0.000000
PXD008840	GC077T_DGC_83963_E001405_F4_R1.raw	Technical	comment[instrument]		NT=LTQ Orbitrap;AC=MS:1000449		cv:ms:1000449	gold_only	unmatched	0.000000
PXD008840	GC077T_DGC_83963_E001405_F4_R1.raw	Technical	comment[label]		AC=MS:1002038;NT=label free sample		cv:ms:1002038	gold_only	unmatched	0.000000
PXD008840	GC077T_DGC_83963_E001405_F4_R1.raw	Technical	comment[ms2 mass analyzer]	orbitrap		orbitrap		assessed_only	unmatched	0.000000
PXD008840	GC077T_DGC_83963_E001405_F4_R1.raw	Technical	comment[precursor mass tolerance]	6.1 ppm		6.1 ppm		assessed_only	unmatched	0.000000
PXD008840	GC077T_DGC_83963_E001405_F4_R1.raw	Technical	comment[precursor mass tolerance]		20 ppm		20 ppm	gold_only	unmatched	0.000000
PXD008840	GC077T_DGC_83963_E001405_F4_R1.raw	Technical	comment[proteomics data acquisition method]	data-dependent acquisition		data-dependent acquisition		assessed_only	unmatched	0.000000
PXD008840	GC077T_DGC_83963_E001405_F4_R1.raw	Technical	technology type	proteomic profiling by mass spectrometry		proteomic profiling by mass spectrometry		assessed_only	unmatched	0.000000
PXD008840	GC077T_DGC_83963_E001405_F4_R1.raw	ExperimentalDesign	characteristics[biological replicate]	1		1		assessed_only	unmatched	0.000000
PXD008840	GC077T_DGC_83963_E001405_F4_R1.raw	ExperimentalDesign	comment[fraction identifier]	6		6		assessed_only	unmatched	0.000000
PXD008840	GC077T_DGC_83963_E001405_F4_R1.raw	ExperimentalDesign	comment[fraction identifier]		4		4	gold_only	unmatched	0.000000
PXD008840	GC077T_DGC_83963_E001405_F4_R1.raw	ExperimentalDesign	comment[technical replicate]	1		1		assessed_only	unmatched	0.000000
PXD008840	GC077T_DGC_83963_E001405_F4_R1.raw	ExperimentalDesign	factor value[disease]	diffuse-type gastric cancer		diffuse-type gastric cancer		assessed_only	unmatched	0.000000
PXD008840	GC077T_DGC_83963_E001405_F4_R1.raw	ExperimentalDesign	factor value[experimental design]	tissue type (tumor, nearby tissue)		tissue type tumor nearby tissue		assessed_only	unmatched	0.000000
PXD008840	GC090N_DGC_85273_E015038_F4_R1.raw	Biological	characteristics[cell type]	tumor cells		tumor cells		assessed_only	unmatched	0.000000
PXD008840	GC090N_DGC_85273_E015038_F4_R1.raw	Biological	characteristics[disease]	diffuse-type gastric cancer		diffuse-type gastric cancer		assessed_only	unmatched	0.000000
PXD008840	GC090N_DGC_85273_E015038_F4_R1.raw	Biological	characteristics[disease]		stomach cancer		stomach cancer	gold_only	unmatched	0.000000
PXD008840	GC090N_DGC_85273_E015038_F4_R1.raw	Biological	characteristics[organism part]	stomach	stomach	stomach	stomach	matched	exact_normalized	1.000000
PXD008840	GC090N_DGC_85273_E015038_F4_R1.raw	Biological	characteristics[organism]	homo sapiens	Homo sapiens	homo sapiens	homo sapiens	matched	exact_normalized	1.000000
PXD008840	GC090N_DGC_85273_E015038_F4_R1.raw	Technical	comment[cleavage agent details]		AC=MS:1001251;NT=Trypsin		cv:ms:1001251	gold_only	unmatched	0.000000
PXD008840	GC090N_DGC_85273_E015038_F4_R1.raw	Technical	comment[dissociation method]	NT=beam-type collision-induced dissociation;AC=MS:1000422	AC=MS:1000422;NT=HCD	cv:ms:1000422	cv:ms:1000422	matched	cv_accession	1.000000
PXD008840	GC090N_DGC_85273_E015038_F4_R1.raw	Technical	comment[instrument]	Orbitrap Fusion, Orbitrap Fusion Lumos, Q Exactive Plus, Q Exactive HF		orbitrap fusion orbitrap fusion lumos q exactive plus q exactive hf		assessed_only	unmatched	0.000000
PXD008840	GC090N_DGC_85273_E015038_F4_R1.raw	Technical	comment[instrument]		NT=LTQ Orbitrap;AC=MS:1000449		cv:ms:1000449	gold_only	unmatched	0.000000
PXD008840	GC090N_DGC_85273_E015038_F4_R1.raw	Technical	comment[label]		AC=MS:1002038;NT=label free sample		cv:ms:1002038	gold_only	unmatched	0.000000
PXD008840	GC090N_DGC_85273_E015038_F4_R1.raw	Technical	comment[ms2 mass analyzer]	orbitrap		orbitrap		assessed_only	unmatched	0.000000
PXD008840	GC090N_DGC_85273_E015038_F4_R1.raw	Technical	comment[precursor mass tolerance]	6.1 ppm		6.1 ppm		assessed_only	unmatched	0.000000
PXD008840	GC090N_DGC_85273_E015038_F4_R1.raw	Technical	comment[precursor mass tolerance]		20 ppm		20 ppm	gold_only	unmatched	0.000000
PXD008840	GC090N_DGC_85273_E015038_F4_R1.raw	Technical	comment[proteomics data acquisition method]	data-dependent acquisition		data-dependent acquisition		assessed_only	unmatched	0.000000
PXD008840	GC090N_DGC_85273_E015038_F4_R1.raw	Technical	technology type	proteomic profiling by mass spectrometry		proteomic profiling by mass spectrometry		assessed_only	unmatched	0.000000
PXD008840	GC090N_DGC_85273_E015038_F4_R1.raw	ExperimentalDesign	characteristics[biological replicate]	1		1		assessed_only	unmatched	0.000000
PXD008840	GC090N_DGC_85273_E015038_F4_R1.raw	ExperimentalDesign	comment[fraction identifier]	6		6		assessed_only	unmatched	0.000000
PXD008840	GC090N_DGC_85273_E015038_F4_R1.raw	ExperimentalDesign	comment[fraction identifier]		4		4	gold_only	unmatched	0.000000
PXD008840	GC090N_DGC_85273_E015038_F4_R1.raw	ExperimentalDesign	comment[technical replicate]	1		1		assessed_only	unmatched	0.000000
PXD008840	GC090N_DGC_85273_E015038_F4_R1.raw	ExperimentalDesign	factor value[disease]	diffuse-type gastric cancer		diffuse-type gastric cancer		assessed_only	unmatched	0.000000
PXD008840	GC090N_DGC_85273_E015038_F4_R1.raw	ExperimentalDesign	factor value[experimental design]	tissue type (tumor, nearby tissue)		tissue type tumor nearby tissue		assessed_only	unmatched	0.000000
PXD008840	GC091N_DGC_85347_E002675_F1_R1.raw	Biological	characteristics[cell type]	tumor cells		tumor cells		assessed_only	unmatched	0.000000
PXD008840	GC091N_DGC_85347_E002675_F1_R1.raw	Biological	characteristics[disease]	diffuse-type gastric cancer		diffuse-type gastric cancer		assessed_only	unmatched	0.000000
PXD008840	GC091N_DGC_85347_E002675_F1_R1.raw	Biological	characteristics[disease]		stomach cancer		stomach cancer	gold_only	unmatched	0.000000
PXD008840	GC091N_DGC_85347_E002675_F1_R1.raw	Biological	characteristics[organism part]	stomach	stomach	stomach	stomach	matched	exact_normalized	1.000000
PXD008840	GC091N_DGC_85347_E002675_F1_R1.raw	Biological	characteristics[organism]	homo sapiens	Homo sapiens	homo sapiens	homo sapiens	matched	exact_normalized	1.000000
PXD008840	GC091N_DGC_85347_E002675_F1_R1.raw	Technical	comment[cleavage agent details]		AC=MS:1001251;NT=Trypsin		cv:ms:1001251	gold_only	unmatched	0.000000
PXD008840	GC091N_DGC_85347_E002675_F1_R1.raw	Technical	comment[dissociation method]		AC=MS:1000422;NT=HCD		cv:ms:1000422	gold_only	unmatched	0.000000
PXD008840	GC091N_DGC_85347_E002675_F1_R1.raw	Technical	comment[instrument]	Orbitrap Fusion, Orbitrap Fusion Lumos, Q Exactive Plus, Q Exactive HF		orbitrap fusion orbitrap fusion lumos q exactive plus q exactive hf		assessed_only	unmatched	0.000000
PXD008840	GC091N_DGC_85347_E002675_F1_R1.raw	Technical	comment[instrument]		NT=LTQ Orbitrap;AC=MS:1000449		cv:ms:1000449	gold_only	unmatched	0.000000
PXD008840	GC091N_DGC_85347_E002675_F1_R1.raw	Technical	comment[label]		AC=MS:1002038;NT=label free sample		cv:ms:1002038	gold_only	unmatched	0.000000
PXD008840	GC091N_DGC_85347_E002675_F1_R1.raw	Technical	comment[ms2 mass analyzer]	orbitrap		orbitrap		assessed_only	unmatched	0.000000
PXD008840	GC091N_DGC_85347_E002675_F1_R1.raw	Technical	comment[precursor mass tolerance]	6.1 ppm		6.1 ppm		assessed_only	unmatched	0.000000
PXD008840	GC091N_DGC_85347_E002675_F1_R1.raw	Technical	comment[precursor mass tolerance]		20 ppm		20 ppm	gold_only	unmatched	0.000000
PXD008840	GC091N_DGC_85347_E002675_F1_R1.raw	Technical	comment[proteomics data acquisition method]	data-dependent acquisition		data-dependent acquisition		assessed_only	unmatched	0.000000
PXD008840	GC091N_DGC_85347_E002675_F1_R1.raw	Technical	technology type	proteomic profiling by mass spectrometry		proteomic profiling by mass spectrometry		assessed_only	unmatched	0.000000
PXD008840	GC091N_DGC_85347_E002675_F1_R1.raw	ExperimentalDesign	characteristics[biological replicate]	1		1		assessed_only	unmatched	0.000000
PXD008840	GC091N_DGC_85347_E002675_F1_R1.raw	ExperimentalDesign	comment[fraction identifier]	6		6		assessed_only	unmatched	0.000000
PXD008840	GC091N_DGC_85347_E002675_F1_R1.raw	ExperimentalDesign	comment[fraction identifier]		1		1	gold_only	unmatched	0.000000
PXD008840	GC091N_DGC_85347_E002675_F1_R1.raw	ExperimentalDesign	comment[technical replicate]	1		1		assessed_only	unmatched	0.000000
PXD008840	GC091N_DGC_85347_E002675_F1_R1.raw	ExperimentalDesign	factor value[disease]	diffuse-type gastric cancer		diffuse-type gastric cancer		assessed_only	unmatched	0.000000
PXD008840	GC091N_DGC_85347_E002675_F1_R1.raw	ExperimentalDesign	factor value[experimental design]	tissue type (tumor, nearby tissue)		tissue type tumor nearby tissue		assessed_only	unmatched	0.000000
PXD008840	GC094T_DGC_85350_E002678_F5_R1.raw	Biological	characteristics[cell type]	tumor cells		tumor cells		assessed_only	unmatched	0.000000
PXD008840	GC094T_DGC_85350_E002678_F5_R1.raw	Biological	characteristics[disease]	diffuse-type gastric cancer		diffuse-type gastric cancer		assessed_only	unmatched	0.000000
PXD008840	GC094T_DGC_85350_E002678_F5_R1.raw	Biological	characteristics[disease]		stomach cancer		stomach cancer	gold_only	unmatched	0.000000
PXD008840	GC094T_DGC_85350_E002678_F5_R1.raw	Biological	characteristics[organism part]	stomach	stomach	stomach	stomach	matched	exact_normalized	1.000000
PXD008840	GC094T_DGC_85350_E002678_F5_R1.raw	Biological	characteristics[organism]	homo sapiens	Homo sapiens	homo sapiens	homo sapiens	matched	exact_normalized	1.000000
PXD008840	GC094T_DGC_85350_E002678_F5_R1.raw	Technical	comment[cleavage agent details]		AC=MS:1001251;NT=Trypsin		cv:ms:1001251	gold_only	unmatched	0.000000
PXD008840	GC094T_DGC_85350_E002678_F5_R1.raw	Technical	comment[dissociation method]		AC=MS:1000422;NT=HCD		cv:ms:1000422	gold_only	unmatched	0.000000
PXD008840	GC094T_DGC_85350_E002678_F5_R1.raw	Technical	comment[instrument]	Orbitrap Fusion, Orbitrap Fusion Lumos, Q Exactive Plus, Q Exactive HF		orbitrap fusion orbitrap fusion lumos q exactive plus q exactive hf		assessed_only	unmatched	0.000000
PXD008840	GC094T_DGC_85350_E002678_F5_R1.raw	Technical	comment[instrument]		NT=LTQ Orbitrap;AC=MS:1000449		cv:ms:1000449	gold_only	unmatched	0.000000
PXD008840	GC094T_DGC_85350_E002678_F5_R1.raw	Technical	comment[label]		AC=MS:1002038;NT=label free sample		cv:ms:1002038	gold_only	unmatched	0.000000
PXD008840	GC094T_DGC_85350_E002678_F5_R1.raw	Technical	comment[ms2 mass analyzer]	orbitrap		orbitrap		assessed_only	unmatched	0.000000
PXD008840	GC094T_DGC_85350_E002678_F5_R1.raw	Technical	comment[precursor mass tolerance]	6.1 ppm		6.1 ppm		assessed_only	unmatched	0.000000
PXD008840	GC094T_DGC_85350_E002678_F5_R1.raw	Technical	comment[precursor mass tolerance]		20 ppm		20 ppm	gold_only	unmatched	0.000000
PXD008840	GC094T_DGC_85350_E002678_F5_R1.raw	Technical	comment[proteomics data acquisition method]	data-dependent acquisition		data-dependent acquisition		assessed_only	unmatched	0.000000
PXD008840	GC094T_DGC_85350_E002678_F5_R1.raw	Technical	technology type	proteomic profiling by mass spectrometry		proteomic profiling by mass spectrometry		assessed_only	unmatched	0.000000
PXD008840	GC094T_DGC_85350_E002678_F5_R1.raw	ExperimentalDesign	characteristics[biological replicate]	1		1		assessed_only	unmatched	0.000000
PXD008840	GC094T_DGC_85350_E002678_F5_R1.raw	ExperimentalDesign	comment[fraction identifier]	6		6		assessed_only	unmatched	0.000000
PXD008840	GC094T_DGC_85350_E002678_F5_R1.raw	ExperimentalDesign	comment[fraction identifier]		5		5	gold_only	unmatched	0.000000
PXD008840	GC094T_DGC_85350_E002678_F5_R1.raw	ExperimentalDesign	comment[technical replicate]	1		1		assessed_only	unmatched	0.000000
PXD008840	GC094T_DGC_85350_E002678_F5_R1.raw	ExperimentalDesign	factor value[disease]	diffuse-type gastric cancer		diffuse-type gastric cancer		assessed_only	unmatched	0.000000
PXD008840	GC094T_DGC_85350_E002678_F5_R1.raw	ExperimentalDesign	factor value[experimental design]	tissue type (tumor, nearby tissue)		tissue type tumor nearby tissue		assessed_only	unmatched	0.000000
PXD008840	GC101T_DGC_85297_E002499_F6_R1.raw	Biological	characteristics[cell type]	tumor cells		tumor cells		assessed_only	unmatched	0.000000
PXD008840	GC101T_DGC_85297_E002499_F6_R1.raw	Biological	characteristics[disease]	diffuse-type gastric cancer		diffuse-type gastric cancer		assessed_only	unmatched	0.000000
PXD008840	GC101T_DGC_85297_E002499_F6_R1.raw	Biological	characteristics[disease]		stomach cancer		stomach cancer	gold_only	unmatched	0.000000
PXD008840	GC101T_DGC_85297_E002499_F6_R1.raw	Biological	characteristics[organism part]	stomach	stomach	stomach	stomach	matched	exact_normalized	1.000000
PXD008840	GC101T_DGC_85297_E002499_F6_R1.raw	Biological	characteristics[organism]	homo sapiens	Homo sapiens	homo sapiens	homo sapiens	matched	exact_normalized	1.000000
PXD008840	GC101T_DGC_85297_E002499_F6_R1.raw	Technical	comment[cleavage agent details]		AC=MS:1001251;NT=Trypsin		cv:ms:1001251	gold_only	unmatched	0.000000
PXD008840	GC101T_DGC_85297_E002499_F6_R1.raw	Technical	comment[dissociation method]		AC=MS:1000422;NT=HCD		cv:ms:1000422	gold_only	unmatched	0.000000
PXD008840	GC101T_DGC_85297_E002499_F6_R1.raw	Technical	comment[instrument]	Orbitrap Fusion, Orbitrap Fusion Lumos, Q Exactive Plus, Q Exactive HF		orbitrap fusion orbitrap fusion lumos q exactive plus q exactive hf		assessed_only	unmatched	0.000000
PXD008840	GC101T_DGC_85297_E002499_F6_R1.raw	Technical	comment[instrument]		NT=LTQ Orbitrap;AC=MS:1000449		cv:ms:1000449	gold_only	unmatched	0.000000
PXD008840	GC101T_DGC_85297_E002499_F6_R1.raw	Technical	comment[label]		AC=MS:1002038;NT=label free sample		cv:ms:1002038	gold_only	unmatched	0.000000
PXD008840	GC101T_DGC_85297_E002499_F6_R1.raw	Technical	comment[ms2 mass analyzer]	orbitrap		orbitrap		assessed_only	unmatched	0.000000
PXD008840	GC101T_DGC_85297_E002499_F6_R1.raw	Technical	comment[precursor mass tolerance]	6.1 ppm		6.1 ppm		assessed_only	unmatched	0.000000
PXD008840	GC101T_DGC_85297_E002499_F6_R1.raw	Technical	comment[precursor mass tolerance]		20 ppm		20 ppm	gold_only	unmatched	0.000000
PXD008840	GC101T_DGC_85297_E002499_F6_R1.raw	Technical	comment[proteomics data acquisition method]	data-dependent acquisition		data-dependent acquisition		assessed_only	unmatched	0.000000
PXD008840	GC101T_DGC_85297_E002499_F6_R1.raw	Technical	technology type	proteomic profiling by mass spectrometry		proteomic profiling by mass spectrometry		assessed_only	unmatched	0.000000
PXD008840	GC101T_DGC_85297_E002499_F6_R1.raw	ExperimentalDesign	characteristics[biological replicate]	1		1		assessed_only	unmatched	0.000000
PXD008840	GC101T_DGC_85297_E002499_F6_R1.raw	ExperimentalDesign	comment[fraction identifier]	6	6	6	6	matched	exact_normalized	1.000000
PXD008840	GC101T_DGC_85297_E002499_F6_R1.raw	ExperimentalDesign	comment[technical replicate]	1		1		assessed_only	unmatched	0.000000
PXD008840	GC101T_DGC_85297_E002499_F6_R1.raw	ExperimentalDesign	factor value[disease]	diffuse-type gastric cancer		diffuse-type gastric cancer		assessed_only	unmatched	0.000000
PXD008840	GC101T_DGC_85297_E002499_F6_R1.raw	ExperimentalDesign	factor value[experimental design]	tissue type (tumor, nearby tissue)		tissue type tumor nearby tissue		assessed_only	unmatched	0.000000
PXD008840	GC102T_DGC_85357_E002685_F4_R1.raw	Biological	characteristics[cell type]	tumor cells		tumor cells		assessed_only	unmatched	0.000000
PXD008840	GC102T_DGC_85357_E002685_F4_R1.raw	Biological	characteristics[disease]	diffuse-type gastric cancer		diffuse-type gastric cancer		assessed_only	unmatched	0.000000
PXD008840	GC102T_DGC_85357_E002685_F4_R1.raw	Biological	characteristics[disease]		stomach cancer		stomach cancer	gold_only	unmatched	0.000000
PXD008840	GC102T_DGC_85357_E002685_F4_R1.raw	Biological	characteristics[organism part]	stomach	stomach	stomach	stomach	matched	exact_normalized	1.000000
PXD008840	GC102T_DGC_85357_E002685_F4_R1.raw	Biological	characteristics[organism]	homo sapiens	Homo sapiens	homo sapiens	homo sapiens	matched	exact_normalized	1.000000
PXD008840	GC102T_DGC_85357_E002685_F4_R1.raw	Technical	comment[cleavage agent details]		AC=MS:1001251;NT=Trypsin		cv:ms:1001251	gold_only	unmatched	0.000000
PXD008840	GC102T_DGC_85357_E002685_F4_R1.raw	Technical	comment[dissociation method]		AC=MS:1000422;NT=HCD		cv:ms:1000422	gold_only	unmatched	0.000000
PXD008840	GC102T_DGC_85357_E002685_F4_R1.raw	Technical	comment[instrument]	Orbitrap Fusion, Orbitrap Fusion Lumos, Q Exactive Plus, Q Exactive HF		orbitrap fusion orbitrap fusion lumos q exactive plus q exactive hf		assessed_only	unmatched	0.000000
PXD008840	GC102T_DGC_85357_E002685_F4_R1.raw	Technical	comment[instrument]		NT=LTQ Orbitrap;AC=MS:1000449		cv:ms:1000449	gold_only	unmatched	0.000000
PXD008840	GC102T_DGC_85357_E002685_F4_R1.raw	Technical	comment[label]		AC=MS:1002038;NT=label free sample		cv:ms:1002038	gold_only	unmatched	0.000000
PXD008840	GC102T_DGC_85357_E002685_F4_R1.raw	Technical	comment[ms2 mass analyzer]	orbitrap		orbitrap		assessed_only	unmatched	0.000000
PXD008840	GC102T_DGC_85357_E002685_F4_R1.raw	Technical	comment[precursor mass tolerance]	6.1 ppm		6.1 ppm		assessed_only	unmatched	0.000000
PXD008840	GC102T_DGC_85357_E002685_F4_R1.raw	Technical	comment[precursor mass tolerance]		20 ppm		20 ppm	gold_only	unmatched	0.000000
PXD008840	GC102T_DGC_85357_E002685_F4_R1.raw	Technical	comment[proteomics data acquisition method]	data-dependent acquisition		data-dependent acquisition		assessed_only	unmatched	0.000000
PXD008840	GC102T_DGC_85357_E002685_F4_R1.raw	Technical	technology type	proteomic profiling by mass spectrometry		proteomic profiling by mass spectrometry		assessed_only	unmatched	0.000000
PXD008840	GC102T_DGC_85357_E002685_F4_R1.raw	ExperimentalDesign	characteristics[biological replicate]	1		1		assessed_only	unmatched	0.000000
PXD008840	GC102T_DGC_85357_E002685_F4_R1.raw	ExperimentalDesign	comment[fraction identifier]	6		6		assessed_only	unmatched	0.000000
PXD008840	GC102T_DGC_85357_E002685_F4_R1.raw	ExperimentalDesign	comment[fraction identifier]		4		4	gold_only	unmatched	0.000000
PXD008840	GC102T_DGC_85357_E002685_F4_R1.raw	ExperimentalDesign	comment[technical replicate]	1		1		assessed_only	unmatched	0.000000
PXD008840	GC102T_DGC_85357_E002685_F4_R1.raw	ExperimentalDesign	factor value[disease]	diffuse-type gastric cancer		diffuse-type gastric cancer		assessed_only	unmatched	0.000000
PXD008840	GC102T_DGC_85357_E002685_F4_R1.raw	ExperimentalDesign	factor value[experimental design]	tissue type (tumor, nearby tissue)		tissue type tumor nearby tissue		assessed_only	unmatched	0.000000
PXD008840	GC103T_DGC_85358_E002686_F3_R1.raw	Biological	characteristics[cell type]	tumor cells		tumor cells		assessed_only	unmatched	0.000000
PXD008840	GC103T_DGC_85358_E002686_F3_R1.raw	Biological	characteristics[disease]	diffuse-type gastric cancer		diffuse-type gastric cancer		assessed_only	unmatched	0.000000
PXD008840	GC103T_DGC_85358_E002686_F3_R1.raw	Biological	characteristics[disease]		stomach cancer		stomach cancer	gold_only	unmatched	0.000000
PXD008840	GC103T_DGC_85358_E002686_F3_R1.raw	Biological	characteristics[organism part]	stomach	stomach	stomach	stomach	matched	exact_normalized	1.000000
PXD008840	GC103T_DGC_85358_E002686_F3_R1.raw	Biological	characteristics[organism]	homo sapiens	Homo sapiens	homo sapiens	homo sapiens	matched	exact_normalized	1.000000
PXD008840	GC103T_DGC_85358_E002686_F3_R1.raw	Technical	comment[cleavage agent details]		AC=MS:1001251;NT=Trypsin		cv:ms:1001251	gold_only	unmatched	0.000000
PXD008840	GC103T_DGC_85358_E002686_F3_R1.raw	Technical	comment[dissociation method]		AC=MS:1000422;NT=HCD		cv:ms:1000422	gold_only	unmatched	0.000000
PXD008840	GC103T_DGC_85358_E002686_F3_R1.raw	Technical	comment[instrument]	Orbitrap Fusion, Orbitrap Fusion Lumos, Q Exactive Plus, Q Exactive HF		orbitrap fusion orbitrap fusion lumos q exactive plus q exactive hf		assessed_only	unmatched	0.000000
PXD008840	GC103T_DGC_85358_E002686_F3_R1.raw	Technical	comment[instrument]		NT=LTQ Orbitrap;AC=MS:1000449		cv:ms:1000449	gold_only	unmatched	0.000000
PXD008840	GC103T_DGC_85358_E002686_F3_R1.raw	Technical	comment[label]		AC=MS:1002038;NT=label free sample		cv:ms:1002038	gold_only	unmatched	0.000000
PXD008840	GC103T_DGC_85358_E002686_F3_R1.raw	Technical	comment[ms2 mass analyzer]	orbitrap		orbitrap		assessed_only	unmatched	0.000000
PXD008840	GC103T_DGC_85358_E002686_F3_R1.raw	Technical	comment[precursor mass tolerance]	6.1 ppm		6.1 ppm		assessed_only	unmatched	0.000000
PXD008840	GC103T_DGC_85358_E002686_F3_R1.raw	Technical	comment[precursor mass tolerance]		20 ppm		20 ppm	gold_only	unmatched	0.000000
PXD008840	GC103T_DGC_85358_E002686_F3_R1.raw	Technical	comment[proteomics data acquisition method]	data-dependent acquisition		data-dependent acquisition		assessed_only	unmatched	0.000000
PXD008840	GC103T_DGC_85358_E002686_F3_R1.raw	Technical	technology type	proteomic profiling by mass spectrometry		proteomic profiling by mass spectrometry		assessed_only	unmatched	0.000000
PXD008840	GC103T_DGC_85358_E002686_F3_R1.raw	ExperimentalDesign	characteristics[biological replicate]	1		1		assessed_only	unmatched	0.000000
PXD008840	GC103T_DGC_85358_E002686_F3_R1.raw	ExperimentalDesign	comment[fraction identifier]	6		6		assessed_only	unmatched	0.000000
PXD008840	GC103T_DGC_85358_E002686_F3_R1.raw	ExperimentalDesign	comment[fraction identifier]		3		3	gold_only	unmatched	0.000000
PXD008840	GC103T_DGC_85358_E002686_F3_R1.raw	ExperimentalDesign	comment[technical replicate]	1		1		assessed_only	unmatched	0.000000
PXD008840	GC103T_DGC_85358_E002686_F3_R1.raw	ExperimentalDesign	factor value[disease]	diffuse-type gastric cancer		diffuse-type gastric cancer		assessed_only	unmatched	0.000000
PXD008840	GC103T_DGC_85358_E002686_F3_R1.raw	ExperimentalDesign	factor value[experimental design]	tissue type (tumor, nearby tissue)		tissue type tumor nearby tissue		assessed_only	unmatched	0.000000
PXD008840	GC103T_DGC_85358_E002686_F6_R1.raw	Biological	characteristics[cell type]	tumor cells		tumor cells		assessed_only	unmatched	0.000000
PXD008840	GC103T_DGC_85358_E002686_F6_R1.raw	Biological	characteristics[disease]	diffuse-type gastric cancer		diffuse-type gastric cancer		assessed_only	unmatched	0.000000
PXD008840	GC103T_DGC_85358_E002686_F6_R1.raw	Biological	characteristics[disease]		stomach cancer		stomach cancer	gold_only	unmatched	0.000000
PXD008840	GC103T_DGC_85358_E002686_F6_R1.raw	Biological	characteristics[organism part]	stomach	stomach	stomach	stomach	matched	exact_normalized	1.000000
PXD008840	GC103T_DGC_85358_E002686_F6_R1.raw	Biological	characteristics[organism]	homo sapiens	Homo sapiens	homo sapiens	homo sapiens	matched	exact_normalized	1.000000
PXD008840	GC103T_DGC_85358_E002686_F6_R1.raw	Technical	comment[cleavage agent details]		AC=MS:1001251;NT=Trypsin		cv:ms:1001251	gold_only	unmatched	0.000000
PXD008840	GC103T_DGC_85358_E002686_F6_R1.raw	Technical	comment[dissociation method]		AC=MS:1000422;NT=HCD		cv:ms:1000422	gold_only	unmatched	0.000000
PXD008840	GC103T_DGC_85358_E002686_F6_R1.raw	Technical	comment[instrument]	Orbitrap Fusion, Orbitrap Fusion Lumos, Q Exactive Plus, Q Exactive HF		orbitrap fusion orbitrap fusion lumos q exactive plus q exactive hf		assessed_only	unmatched	0.000000
PXD008840	GC103T_DGC_85358_E002686_F6_R1.raw	Technical	comment[instrument]		NT=LTQ Orbitrap;AC=MS:1000449		cv:ms:1000449	gold_only	unmatched	0.000000
PXD008840	GC103T_DGC_85358_E002686_F6_R1.raw	Technical	comment[label]		AC=MS:1002038;NT=label free sample		cv:ms:1002038	gold_only	unmatched	0.000000
PXD008840	GC103T_DGC_85358_E002686_F6_R1.raw	Technical	comment[ms2 mass analyzer]	orbitrap		orbitrap		assessed_only	unmatched	0.000000
PXD008840	GC103T_DGC_85358_E002686_F6_R1.raw	Technical	comment[precursor mass tolerance]	6.1 ppm		6.1 ppm		assessed_only	unmatched	0.000000
PXD008840	GC103T_DGC_85358_E002686_F6_R1.raw	Technical	comment[precursor mass tolerance]		20 ppm		20 ppm	gold_only	unmatched	0.000000
PXD008840	GC103T_DGC_85358_E002686_F6_R1.raw	Technical	comment[proteomics data acquisition method]	data-dependent acquisition		data-dependent acquisition		assessed_only	unmatched	0.000000
PXD008840	GC103T_DGC_85358_E002686_F6_R1.raw	Technical	technology type	proteomic profiling by mass spectrometry		proteomic profiling by mass spectrometry		assessed_only	unmatched	0.000000
PXD008840	GC103T_DGC_85358_E002686_F6_R1.raw	ExperimentalDesign	characteristics[biological replicate]	1		1		assessed_only	unmatched	0.000000
PXD008840	GC103T_DGC_85358_E002686_F6_R1.raw	ExperimentalDesign	comment[fraction identifier]	6	6	6	6	matched	exact_normalized	1.000000
PXD008840	GC103T_DGC_85358_E002686_F6_R1.raw	ExperimentalDesign	comment[technical replicate]	1		1		assessed_only	unmatched	0.000000
PXD008840	GC103T_DGC_85358_E002686_F6_R1.raw	ExperimentalDesign	factor value[disease]	diffuse-type gastric cancer		diffuse-type gastric cancer		assessed_only	unmatched	0.000000
PXD008840	GC103T_DGC_85358_E002686_F6_R1.raw	ExperimentalDesign	factor value[experimental design]	tissue type (tumor, nearby tissue)		tissue type tumor nearby tissue		assessed_only	unmatched	0.000000
PXD008840	GC104N_DGC_85299_E002501_F1_R1.raw	Biological	characteristics[cell type]	tumor cells		tumor cells		assessed_only	unmatched	0.000000
PXD008840	GC104N_DGC_85299_E002501_F1_R1.raw	Biological	characteristics[disease]	diffuse-type gastric cancer		diffuse-type gastric cancer		assessed_only	unmatched	0.000000
PXD008840	GC104N_DGC_85299_E002501_F1_R1.raw	Biological	characteristics[disease]		stomach cancer		stomach cancer	gold_only	unmatched	0.000000
PXD008840	GC104N_DGC_85299_E002501_F1_R1.raw	Biological	characteristics[organism part]	stomach	stomach	stomach	stomach	matched	exact_normalized	1.000000
PXD008840	GC104N_DGC_85299_E002501_F1_R1.raw	Biological	characteristics[organism]	homo sapiens	Homo sapiens	homo sapiens	homo sapiens	matched	exact_normalized	1.000000
PXD008840	GC104N_DGC_85299_E002501_F1_R1.raw	Technical	comment[cleavage agent details]		AC=MS:1001251;NT=Trypsin		cv:ms:1001251	gold_only	unmatched	0.000000
PXD008840	GC104N_DGC_85299_E002501_F1_R1.raw	Technical	comment[dissociation method]		AC=MS:1000422;NT=HCD		cv:ms:1000422	gold_only	unmatched	0.000000
PXD008840	GC104N_DGC_85299_E002501_F1_R1.raw	Technical	comment[instrument]	Orbitrap Fusion, Orbitrap Fusion Lumos, Q Exactive Plus, Q Exactive HF		orbitrap fusion orbitrap fusion lumos q exactive plus q exactive hf		assessed_only	unmatched	0.000000
PXD008840	GC104N_DGC_85299_E002501_F1_R1.raw	Technical	comment[instrument]		NT=LTQ Orbitrap;AC=MS:1000449		cv:ms:1000449	gold_only	unmatched	0.000000
PXD008840	GC104N_DGC_85299_E002501_F1_R1.raw	Technical	comment[label]		AC=MS:1002038;NT=label free sample		cv:ms:1002038	gold_only	unmatched	0.000000
PXD008840	GC104N_DGC_85299_E002501_F1_R1.raw	Technical	comment[ms2 mass analyzer]	orbitrap		orbitrap		assessed_only	unmatched	0.000000
PXD008840	GC104N_DGC_85299_E002501_F1_R1.raw	Technical	comment[precursor mass tolerance]	6.1 ppm		6.1 ppm		assessed_only	unmatched	0.000000
PXD008840	GC104N_DGC_85299_E002501_F1_R1.raw	Technical	comment[precursor mass tolerance]		20 ppm		20 ppm	gold_only	unmatched	0.000000
PXD008840	GC104N_DGC_85299_E002501_F1_R1.raw	Technical	comment[proteomics data acquisition method]	data-dependent acquisition		data-dependent acquisition		assessed_only	unmatched	0.000000
PXD008840	GC104N_DGC_85299_E002501_F1_R1.raw	Technical	technology type	proteomic profiling by mass spectrometry		proteomic profiling by mass spectrometry		assessed_only	unmatched	0.000000
PXD008840	GC104N_DGC_85299_E002501_F1_R1.raw	ExperimentalDesign	characteristics[biological replicate]	1		1		assessed_only	unmatched	0.000000
PXD008840	GC104N_DGC_85299_E002501_F1_R1.raw	ExperimentalDesign	comment[fraction identifier]	6		6		assessed_only	unmatched	0.000000
PXD008840	GC104N_DGC_85299_E002501_F1_R1.raw	ExperimentalDesign	comment[fraction identifier]		1		1	gold_only	unmatched	0.000000
PXD008840	GC104N_DGC_85299_E002501_F1_R1.raw	ExperimentalDesign	comment[technical replicate]	1		1		assessed_only	unmatched	0.000000
PXD008840	GC104N_DGC_85299_E002501_F1_R1.raw	ExperimentalDesign	factor value[disease]	diffuse-type gastric cancer		diffuse-type gastric cancer		assessed_only	unmatched	0.000000
PXD008840	GC104N_DGC_85299_E002501_F1_R1.raw	ExperimentalDesign	factor value[experimental design]	tissue type (tumor, nearby tissue)		tissue type tumor nearby tissue		assessed_only	unmatched	0.000000
PXD008840	GC111N_DGC_85330_E002512_F1_R1.raw	Biological	characteristics[cell type]	tumor cells		tumor cells		assessed_only	unmatched	0.000000
PXD008840	GC111N_DGC_85330_E002512_F1_R1.raw	Biological	characteristics[disease]	diffuse-type gastric cancer		diffuse-type gastric cancer		assessed_only	unmatched	0.000000
PXD008840	GC111N_DGC_85330_E002512_F1_R1.raw	Biological	characteristics[disease]		stomach cancer		stomach cancer	gold_only	unmatched	0.000000
PXD008840	GC111N_DGC_85330_E002512_F1_R1.raw	Biological	characteristics[organism part]	stomach	stomach	stomach	stomach	matched	exact_normalized	1.000000
PXD008840	GC111N_DGC_85330_E002512_F1_R1.raw	Biological	characteristics[organism]	homo sapiens	Homo sapiens	homo sapiens	homo sapiens	matched	exact_normalized	1.000000
PXD008840	GC111N_DGC_85330_E002512_F1_R1.raw	Technical	comment[cleavage agent details]		AC=MS:1001251;NT=Trypsin		cv:ms:1001251	gold_only	unmatched	0.000000
PXD008840	GC111N_DGC_85330_E002512_F1_R1.raw	Technical	comment[dissociation method]		AC=MS:1000422;NT=HCD		cv:ms:1000422	gold_only	unmatched	0.000000
PXD008840	GC111N_DGC_85330_E002512_F1_R1.raw	Technical	comment[instrument]	Orbitrap Fusion, Orbitrap Fusion Lumos, Q Exactive Plus, Q Exactive HF		orbitrap fusion orbitrap fusion lumos q exactive plus q exactive hf		assessed_only	unmatched	0.000000
PXD008840	GC111N_DGC_85330_E002512_F1_R1.raw	Technical	comment[instrument]		NT=LTQ Orbitrap;AC=MS:1000449		cv:ms:1000449	gold_only	unmatched	0.000000
PXD008840	GC111N_DGC_85330_E002512_F1_R1.raw	Technical	comment[label]		AC=MS:1002038;NT=label free sample		cv:ms:1002038	gold_only	unmatched	0.000000
PXD008840	GC111N_DGC_85330_E002512_F1_R1.raw	Technical	comment[ms2 mass analyzer]	orbitrap		orbitrap		assessed_only	unmatched	0.000000
PXD008840	GC111N_DGC_85330_E002512_F1_R1.raw	Technical	comment[precursor mass tolerance]	6.1 ppm		6.1 ppm		assessed_only	unmatched	0.000000
PXD008840	GC111N_DGC_85330_E002512_F1_R1.raw	Technical	comment[precursor mass tolerance]		20 ppm		20 ppm	gold_only	unmatched	0.000000
PXD008840	GC111N_DGC_85330_E002512_F1_R1.raw	Technical	comment[proteomics data acquisition method]	data-dependent acquisition		data-dependent acquisition		assessed_only	unmatched	0.000000
PXD008840	GC111N_DGC_85330_E002512_F1_R1.raw	Technical	technology type	proteomic profiling by mass spectrometry		proteomic profiling by mass spectrometry		assessed_only	unmatched	0.000000
PXD008840	GC111N_DGC_85330_E002512_F1_R1.raw	ExperimentalDesign	characteristics[biological replicate]	1		1		assessed_only	unmatched	0.000000
PXD008840	GC111N_DGC_85330_E002512_F1_R1.raw	ExperimentalDesign	comment[fraction identifier]	6		6		assessed_only	unmatched	0.000000
PXD008840	GC111N_DGC_85330_E002512_F1_R1.raw	ExperimentalDesign	comment[fraction identifier]		1		1	gold_only	unmatched	0.000000
PXD008840	GC111N_DGC_85330_E002512_F1_R1.raw	ExperimentalDesign	comment[technical replicate]	1		1		assessed_only	unmatched	0.000000
PXD008840	GC111N_DGC_85330_E002512_F1_R1.raw	ExperimentalDesign	factor value[disease]	diffuse-type gastric cancer		diffuse-type gastric cancer		assessed_only	unmatched	0.000000
PXD008840	GC111N_DGC_85330_E002512_F1_R1.raw	ExperimentalDesign	factor value[experimental design]	tissue type (tumor, nearby tissue)		tissue type tumor nearby tissue		assessed_only	unmatched	0.000000
PXD008840	GC112T_DGC_85365_E002693_F5_R1.raw	Biological	characteristics[cell type]	tumor cells		tumor cells		assessed_only	unmatched	0.000000
PXD008840	GC112T_DGC_85365_E002693_F5_R1.raw	Biological	characteristics[disease]	diffuse-type gastric cancer		diffuse-type gastric cancer		assessed_only	unmatched	0.000000
PXD008840	GC112T_DGC_85365_E002693_F5_R1.raw	Biological	characteristics[disease]		stomach cancer		stomach cancer	gold_only	unmatched	0.000000
PXD008840	GC112T_DGC_85365_E002693_F5_R1.raw	Biological	characteristics[organism part]	stomach	stomach	stomach	stomach	matched	exact_normalized	1.000000
PXD008840	GC112T_DGC_85365_E002693_F5_R1.raw	Biological	characteristics[organism]	homo sapiens	Homo sapiens	homo sapiens	homo sapiens	matched	exact_normalized	1.000000
PXD008840	GC112T_DGC_85365_E002693_F5_R1.raw	Technical	comment[cleavage agent details]		AC=MS:1001251;NT=Trypsin		cv:ms:1001251	gold_only	unmatched	0.000000
PXD008840	GC112T_DGC_85365_E002693_F5_R1.raw	Technical	comment[dissociation method]	NT=beam-type collision-induced dissociation;AC=MS:1000422	AC=MS:1000422;NT=HCD	cv:ms:1000422	cv:ms:1000422	matched	cv_accession	1.000000
PXD008840	GC112T_DGC_85365_E002693_F5_R1.raw	Technical	comment[instrument]	Orbitrap Fusion, Orbitrap Fusion Lumos, Q Exactive Plus, Q Exactive HF		orbitrap fusion orbitrap fusion lumos q exactive plus q exactive hf		assessed_only	unmatched	0.000000
PXD008840	GC112T_DGC_85365_E002693_F5_R1.raw	Technical	comment[instrument]		NT=LTQ Orbitrap;AC=MS:1000449		cv:ms:1000449	gold_only	unmatched	0.000000
PXD008840	GC112T_DGC_85365_E002693_F5_R1.raw	Technical	comment[label]		AC=MS:1002038;NT=label free sample		cv:ms:1002038	gold_only	unmatched	0.000000
PXD008840	GC112T_DGC_85365_E002693_F5_R1.raw	Technical	comment[ms2 mass analyzer]	orbitrap		orbitrap		assessed_only	unmatched	0.000000
PXD008840	GC112T_DGC_85365_E002693_F5_R1.raw	Technical	comment[precursor mass tolerance]	6.1 ppm		6.1 ppm		assessed_only	unmatched	0.000000
PXD008840	GC112T_DGC_85365_E002693_F5_R1.raw	Technical	comment[precursor mass tolerance]		20 ppm		20 ppm	gold_only	unmatched	0.000000
PXD008840	GC112T_DGC_85365_E002693_F5_R1.raw	Technical	comment[proteomics data acquisition method]	data-dependent acquisition		data-dependent acquisition		assessed_only	unmatched	0.000000
PXD008840	GC112T_DGC_85365_E002693_F5_R1.raw	Technical	technology type	proteomic profiling by mass spectrometry		proteomic profiling by mass spectrometry		assessed_only	unmatched	0.000000
PXD008840	GC112T_DGC_85365_E002693_F5_R1.raw	ExperimentalDesign	characteristics[biological replicate]	1		1		assessed_only	unmatched	0.000000
PXD008840	GC112T_DGC_85365_E002693_F5_R1.raw	ExperimentalDesign	comment[fraction identifier]	6		6		assessed_only	unmatched	0.000000
PXD008840	GC112T_DGC_85365_E002693_F5_R1.raw	ExperimentalDesign	comment[fraction identifier]		5		5	gold_only	unmatched	0.000000
PXD008840	GC112T_DGC_85365_E002693_F5_R1.raw	ExperimentalDesign	comment[technical replicate]	1		1		assessed_only	unmatched	0.000000
PXD008840	GC112T_DGC_85365_E002693_F5_R1.raw	ExperimentalDesign	factor value[disease]	diffuse-type gastric cancer		diffuse-type gastric cancer		assessed_only	unmatched	0.000000
PXD008840	GC112T_DGC_85365_E002693_F5_R1.raw	ExperimentalDesign	factor value[experimental design]	tissue type (tumor, nearby tissue)		tissue type tumor nearby tissue		assessed_only	unmatched	0.000000
PXD008840	GC114N_DGC_85334_E002516_F2_R1.raw	Biological	characteristics[cell type]	tumor cells		tumor cells		assessed_only	unmatched	0.000000
PXD008840	GC114N_DGC_85334_E002516_F2_R1.raw	Biological	characteristics[disease]	diffuse-type gastric cancer		diffuse-type gastric cancer		assessed_only	unmatched	0.000000
PXD008840	GC114N_DGC_85334_E002516_F2_R1.raw	Biological	characteristics[disease]		stomach cancer		stomach cancer	gold_only	unmatched	0.000000
PXD008840	GC114N_DGC_85334_E002516_F2_R1.raw	Biological	characteristics[organism part]	stomach	stomach	stomach	stomach	matched	exact_normalized	1.000000
PXD008840	GC114N_DGC_85334_E002516_F2_R1.raw	Biological	characteristics[organism]	homo sapiens	Homo sapiens	homo sapiens	homo sapiens	matched	exact_normalized	1.000000
PXD008840	GC114N_DGC_85334_E002516_F2_R1.raw	Technical	comment[cleavage agent details]		AC=MS:1001251;NT=Trypsin		cv:ms:1001251	gold_only	unmatched	0.000000
PXD008840	GC114N_DGC_85334_E002516_F2_R1.raw	Technical	comment[dissociation method]		AC=MS:1000422;NT=HCD		cv:ms:1000422	gold_only	unmatched	0.000000
PXD008840	GC114N_DGC_85334_E002516_F2_R1.raw	Technical	comment[instrument]	Orbitrap Fusion, Orbitrap Fusion Lumos, Q Exactive Plus, Q Exactive HF		orbitrap fusion orbitrap fusion lumos q exactive plus q exactive hf		assessed_only	unmatched	0.000000
PXD008840	GC114N_DGC_85334_E002516_F2_R1.raw	Technical	comment[instrument]		NT=LTQ Orbitrap;AC=MS:1000449		cv:ms:1000449	gold_only	unmatched	0.000000
PXD008840	GC114N_DGC_85334_E002516_F2_R1.raw	Technical	comment[label]		AC=MS:1002038;NT=label free sample		cv:ms:1002038	gold_only	unmatched	0.000000
PXD008840	GC114N_DGC_85334_E002516_F2_R1.raw	Technical	comment[ms2 mass analyzer]	orbitrap		orbitrap		assessed_only	unmatched	0.000000
PXD008840	GC114N_DGC_85334_E002516_F2_R1.raw	Technical	comment[precursor mass tolerance]	6.1 ppm		6.1 ppm		assessed_only	unmatched	0.000000
PXD008840	GC114N_DGC_85334_E002516_F2_R1.raw	Technical	comment[precursor mass tolerance]		20 ppm		20 ppm	gold_only	unmatched	0.000000
PXD008840	GC114N_DGC_85334_E002516_F2_R1.raw	Technical	comment[proteomics data acquisition method]	data-dependent acquisition		data-dependent acquisition		assessed_only	unmatched	0.000000
PXD008840	GC114N_DGC_85334_E002516_F2_R1.raw	Technical	technology type	proteomic profiling by mass spectrometry		proteomic profiling by mass spectrometry		assessed_only	unmatched	0.000000
PXD008840	GC114N_DGC_85334_E002516_F2_R1.raw	ExperimentalDesign	characteristics[biological replicate]	1		1		assessed_only	unmatched	0.000000
PXD008840	GC114N_DGC_85334_E002516_F2_R1.raw	ExperimentalDesign	comment[fraction identifier]	6		6		assessed_only	unmatched	0.000000
PXD008840	GC114N_DGC_85334_E002516_F2_R1.raw	ExperimentalDesign	comment[fraction identifier]		2		2	gold_only	unmatched	0.000000
PXD008840	GC114N_DGC_85334_E002516_F2_R1.raw	ExperimentalDesign	comment[technical replicate]	1		1		assessed_only	unmatched	0.000000
PXD008840	GC114N_DGC_85334_E002516_F2_R1.raw	ExperimentalDesign	factor value[disease]	diffuse-type gastric cancer		diffuse-type gastric cancer		assessed_only	unmatched	0.000000
PXD008840	GC114N_DGC_85334_E002516_F2_R1.raw	ExperimentalDesign	factor value[experimental design]	tissue type (tumor, nearby tissue)		tissue type tumor nearby tissue		assessed_only	unmatched	0.000000
PXD008840	GC114N_DGC_85334_E002516_F5_R1.raw	Biological	characteristics[cell type]	tumor cells		tumor cells		assessed_only	unmatched	0.000000
PXD008840	GC114N_DGC_85334_E002516_F5_R1.raw	Biological	characteristics[disease]	diffuse-type gastric cancer		diffuse-type gastric cancer		assessed_only	unmatched	0.000000
PXD008840	GC114N_DGC_85334_E002516_F5_R1.raw	Biological	characteristics[disease]		stomach cancer		stomach cancer	gold_only	unmatched	0.000000
PXD008840	GC114N_DGC_85334_E002516_F5_R1.raw	Biological	characteristics[organism part]	stomach	stomach	stomach	stomach	matched	exact_normalized	1.000000
PXD008840	GC114N_DGC_85334_E002516_F5_R1.raw	Biological	characteristics[organism]	homo sapiens	Homo sapiens	homo sapiens	homo sapiens	matched	exact_normalized	1.000000
PXD008840	GC114N_DGC_85334_E002516_F5_R1.raw	Technical	comment[cleavage agent details]		AC=MS:1001251;NT=Trypsin		cv:ms:1001251	gold_only	unmatched	0.000000
PXD008840	GC114N_DGC_85334_E002516_F5_R1.raw	Technical	comment[dissociation method]		AC=MS:1000422;NT=HCD		cv:ms:1000422	gold_only	unmatched	0.000000
PXD008840	GC114N_DGC_85334_E002516_F5_R1.raw	Technical	comment[instrument]	Orbitrap Fusion, Orbitrap Fusion Lumos, Q Exactive Plus, Q Exactive HF		orbitrap fusion orbitrap fusion lumos q exactive plus q exactive hf		assessed_only	unmatched	0.000000
PXD008840	GC114N_DGC_85334_E002516_F5_R1.raw	Technical	comment[instrument]		NT=LTQ Orbitrap;AC=MS:1000449		cv:ms:1000449	gold_only	unmatched	0.000000
PXD008840	GC114N_DGC_85334_E002516_F5_R1.raw	Technical	comment[label]		AC=MS:1002038;NT=label free sample		cv:ms:1002038	gold_only	unmatched	0.000000
PXD008840	GC114N_DGC_85334_E002516_F5_R1.raw	Technical	comment[ms2 mass analyzer]	orbitrap		orbitrap		assessed_only	unmatched	0.000000
PXD008840	GC114N_DGC_85334_E002516_F5_R1.raw	Technical	comment[precursor mass tolerance]	6.1 ppm		6.1 ppm		assessed_only	unmatched	0.000000
PXD008840	GC114N_DGC_85334_E002516_F5_R1.raw	Technical	comment[precursor mass tolerance]		20 ppm		20 ppm	gold_only	unmatched	0.000000
PXD008840	GC114N_DGC_85334_E002516_F5_R1.raw	Technical	comment[proteomics data acquisition method]	data-dependent acquisition		data-dependent acquisition		assessed_only	unmatched	0.000000
PXD008840	GC114N_DGC_85334_E002516_F5_R1.raw	Technical	technology type	proteomic profiling by mass spectrometry		proteomic profiling by mass spectrometry		assessed_only	unmatched	0.000000
PXD008840	GC114N_DGC_85334_E002516_F5_R1.raw	ExperimentalDesign	characteristics[biological replicate]	1		1		assessed_only	unmatched	0.000000
PXD008840	GC114N_DGC_85334_E002516_F5_R1.raw	ExperimentalDesign	comment[fraction identifier]	6		6		assessed_only	unmatched	0.000000
PXD008840	GC114N_DGC_85334_E002516_F5_R1.raw	ExperimentalDesign	comment[fraction identifier]		5		5	gold_only	unmatched	0.000000
PXD008840	GC114N_DGC_85334_E002516_F5_R1.raw	ExperimentalDesign	comment[technical replicate]	1		1		assessed_only	unmatched	0.000000
PXD008840	GC114N_DGC_85334_E002516_F5_R1.raw	ExperimentalDesign	factor value[disease]	diffuse-type gastric cancer		diffuse-type gastric cancer		assessed_only	unmatched	0.000000
PXD008840	GC114N_DGC_85334_E002516_F5_R1.raw	ExperimentalDesign	factor value[experimental design]	tissue type (tumor, nearby tissue)		tissue type tumor nearby tissue		assessed_only	unmatched	0.000000
PXD008840	GC117T_DGC_85369_E002697_F3_R1.raw	Biological	characteristics[cell type]	tumor cells		tumor cells		assessed_only	unmatched	0.000000
PXD008840	GC117T_DGC_85369_E002697_F3_R1.raw	Biological	characteristics[disease]	diffuse-type gastric cancer		diffuse-type gastric cancer		assessed_only	unmatched	0.000000
PXD008840	GC117T_DGC_85369_E002697_F3_R1.raw	Biological	characteristics[disease]		stomach cancer		stomach cancer	gold_only	unmatched	0.000000
PXD008840	GC117T_DGC_85369_E002697_F3_R1.raw	Biological	characteristics[organism part]	stomach	stomach	stomach	stomach	matched	exact_normalized	1.000000
PXD008840	GC117T_DGC_85369_E002697_F3_R1.raw	Biological	characteristics[organism]	homo sapiens	Homo sapiens	homo sapiens	homo sapiens	matched	exact_normalized	1.000000
PXD008840	GC117T_DGC_85369_E002697_F3_R1.raw	Technical	comment[cleavage agent details]		AC=MS:1001251;NT=Trypsin		cv:ms:1001251	gold_only	unmatched	0.000000
PXD008840	GC117T_DGC_85369_E002697_F3_R1.raw	Technical	comment[dissociation method]	NT=beam-type collision-induced dissociation;AC=MS:1000422	AC=MS:1000422;NT=HCD	cv:ms:1000422	cv:ms:1000422	matched	cv_accession	1.000000
PXD008840	GC117T_DGC_85369_E002697_F3_R1.raw	Technical	comment[instrument]	Orbitrap Fusion, Orbitrap Fusion Lumos, Q Exactive Plus, Q Exactive HF		orbitrap fusion orbitrap fusion lumos q exactive plus q exactive hf		assessed_only	unmatched	0.000000
PXD008840	GC117T_DGC_85369_E002697_F3_R1.raw	Technical	comment[instrument]		NT=LTQ Orbitrap;AC=MS:1000449		cv:ms:1000449	gold_only	unmatched	0.000000
PXD008840	GC117T_DGC_85369_E002697_F3_R1.raw	Technical	comment[label]		AC=MS:1002038;NT=label free sample		cv:ms:1002038	gold_only	unmatched	0.000000
PXD008840	GC117T_DGC_85369_E002697_F3_R1.raw	Technical	comment[ms2 mass analyzer]	orbitrap		orbitrap		assessed_only	unmatched	0.000000
PXD008840	GC117T_DGC_85369_E002697_F3_R1.raw	Technical	comment[precursor mass tolerance]	6.1 ppm		6.1 ppm		assessed_only	unmatched	0.000000
PXD008840	GC117T_DGC_85369_E002697_F3_R1.raw	Technical	comment[precursor mass tolerance]		20 ppm		20 ppm	gold_only	unmatched	0.000000
PXD008840	GC117T_DGC_85369_E002697_F3_R1.raw	Technical	comment[proteomics data acquisition method]	data-dependent acquisition		data-dependent acquisition		assessed_only	unmatched	0.000000
PXD008840	GC117T_DGC_85369_E002697_F3_R1.raw	Technical	technology type	proteomic profiling by mass spectrometry		proteomic profiling by mass spectrometry		assessed_only	unmatched	0.000000
PXD008840	GC117T_DGC_85369_E002697_F3_R1.raw	ExperimentalDesign	characteristics[biological replicate]	1		1		assessed_only	unmatched	0.000000
PXD008840	GC117T_DGC_85369_E002697_F3_R1.raw	ExperimentalDesign	comment[fraction identifier]	6		6		assessed_only	unmatched	0.000000
PXD008840	GC117T_DGC_85369_E002697_F3_R1.raw	ExperimentalDesign	comment[fraction identifier]		3		3	gold_only	unmatched	0.000000
PXD008840	GC117T_DGC_85369_E002697_F3_R1.raw	ExperimentalDesign	comment[technical replicate]	1		1		assessed_only	unmatched	0.000000
PXD008840	GC117T_DGC_85369_E002697_F3_R1.raw	ExperimentalDesign	factor value[disease]	diffuse-type gastric cancer		diffuse-type gastric cancer		assessed_only	unmatched	0.000000
PXD008840	GC117T_DGC_85369_E002697_F3_R1.raw	ExperimentalDesign	factor value[experimental design]	tissue type (tumor, nearby tissue)		tissue type tumor nearby tissue		assessed_only	unmatched	0.000000
PXD008840	GC118N_DGC_85338_E002520_F2_R1.raw	Biological	characteristics[cell type]	tumor cells		tumor cells		assessed_only	unmatched	0.000000
PXD008840	GC118N_DGC_85338_E002520_F2_R1.raw	Biological	characteristics[disease]	diffuse-type gastric cancer		diffuse-type gastric cancer		assessed_only	unmatched	0.000000
PXD008840	GC118N_DGC_85338_E002520_F2_R1.raw	Biological	characteristics[disease]		stomach cancer		stomach cancer	gold_only	unmatched	0.000000
PXD008840	GC118N_DGC_85338_E002520_F2_R1.raw	Biological	characteristics[organism part]	stomach	stomach	stomach	stomach	matched	exact_normalized	1.000000
PXD008840	GC118N_DGC_85338_E002520_F2_R1.raw	Biological	characteristics[organism]	homo sapiens	Homo sapiens	homo sapiens	homo sapiens	matched	exact_normalized	1.000000
PXD008840	GC118N_DGC_85338_E002520_F2_R1.raw	Technical	comment[cleavage agent details]		AC=MS:1001251;NT=Trypsin		cv:ms:1001251	gold_only	unmatched	0.000000
PXD008840	GC118N_DGC_85338_E002520_F2_R1.raw	Technical	comment[dissociation method]		AC=MS:1000422;NT=HCD		cv:ms:1000422	gold_only	unmatched	0.000000
PXD008840	GC118N_DGC_85338_E002520_F2_R1.raw	Technical	comment[instrument]	Orbitrap Fusion, Orbitrap Fusion Lumos, Q Exactive Plus, Q Exactive HF		orbitrap fusion orbitrap fusion lumos q exactive plus q exactive hf		assessed_only	unmatched	0.000000
PXD008840	GC118N_DGC_85338_E002520_F2_R1.raw	Technical	comment[instrument]		NT=LTQ Orbitrap;AC=MS:1000449		cv:ms:1000449	gold_only	unmatched	0.000000
PXD008840	GC118N_DGC_85338_E002520_F2_R1.raw	Technical	comment[label]		AC=MS:1002038;NT=label free sample		cv:ms:1002038	gold_only	unmatched	0.000000
PXD008840	GC118N_DGC_85338_E002520_F2_R1.raw	Technical	comment[ms2 mass analyzer]	orbitrap		orbitrap		assessed_only	unmatched	0.000000
PXD008840	GC118N_DGC_85338_E002520_F2_R1.raw	Technical	comment[precursor mass tolerance]	6.1 ppm		6.1 ppm		assessed_only	unmatched	0.000000
PXD008840	GC118N_DGC_85338_E002520_F2_R1.raw	Technical	comment[precursor mass tolerance]		20 ppm		20 ppm	gold_only	unmatched	0.000000
PXD008840	GC118N_DGC_85338_E002520_F2_R1.raw	Technical	comment[proteomics data acquisition method]	data-dependent acquisition		data-dependent acquisition		assessed_only	unmatched	0.000000
PXD008840	GC118N_DGC_85338_E002520_F2_R1.raw	Technical	technology type	proteomic profiling by mass spectrometry		proteomic profiling by mass spectrometry		assessed_only	unmatched	0.000000
PXD008840	GC118N_DGC_85338_E002520_F2_R1.raw	ExperimentalDesign	characteristics[biological replicate]	1		1		assessed_only	unmatched	0.000000
PXD008840	GC118N_DGC_85338_E002520_F2_R1.raw	ExperimentalDesign	comment[fraction identifier]	6		6		assessed_only	unmatched	0.000000
PXD008840	GC118N_DGC_85338_E002520_F2_R1.raw	ExperimentalDesign	comment[fraction identifier]		2		2	gold_only	unmatched	0.000000
PXD008840	GC118N_DGC_85338_E002520_F2_R1.raw	ExperimentalDesign	comment[technical replicate]	1		1		assessed_only	unmatched	0.000000
PXD008840	GC118N_DGC_85338_E002520_F2_R1.raw	ExperimentalDesign	factor value[disease]	diffuse-type gastric cancer		diffuse-type gastric cancer		assessed_only	unmatched	0.000000
PXD008840	GC118N_DGC_85338_E002520_F2_R1.raw	ExperimentalDesign	factor value[experimental design]	tissue type (tumor, nearby tissue)		tissue type tumor nearby tissue		assessed_only	unmatched	0.000000
PXD008840	GC118N_DGC_85338_E002520_F5_R1.raw	Biological	characteristics[cell type]	tumor cells		tumor cells		assessed_only	unmatched	0.000000
PXD008840	GC118N_DGC_85338_E002520_F5_R1.raw	Biological	characteristics[disease]	diffuse-type gastric cancer		diffuse-type gastric cancer		assessed_only	unmatched	0.000000
PXD008840	GC118N_DGC_85338_E002520_F5_R1.raw	Biological	characteristics[disease]		stomach cancer		stomach cancer	gold_only	unmatched	0.000000
PXD008840	GC118N_DGC_85338_E002520_F5_R1.raw	Biological	characteristics[organism part]	stomach	stomach	stomach	stomach	matched	exact_normalized	1.000000
PXD008840	GC118N_DGC_85338_E002520_F5_R1.raw	Biological	characteristics[organism]	homo sapiens	Homo sapiens	homo sapiens	homo sapiens	matched	exact_normalized	1.000000
PXD008840	GC118N_DGC_85338_E002520_F5_R1.raw	Technical	comment[cleavage agent details]		AC=MS:1001251;NT=Trypsin		cv:ms:1001251	gold_only	unmatched	0.000000
PXD008840	GC118N_DGC_85338_E002520_F5_R1.raw	Technical	comment[dissociation method]		AC=MS:1000422;NT=HCD		cv:ms:1000422	gold_only	unmatched	0.000000
PXD008840	GC118N_DGC_85338_E002520_F5_R1.raw	Technical	comment[instrument]	Orbitrap Fusion, Orbitrap Fusion Lumos, Q Exactive Plus, Q Exactive HF		orbitrap fusion orbitrap fusion lumos q exactive plus q exactive hf		assessed_only	unmatched	0.000000
PXD008840	GC118N_DGC_85338_E002520_F5_R1.raw	Technical	comment[instrument]		NT=LTQ Orbitrap;AC=MS:1000449		cv:ms:1000449	gold_only	unmatched	0.000000
PXD008840	GC118N_DGC_85338_E002520_F5_R1.raw	Technical	comment[label]		AC=MS:1002038;NT=label free sample		cv:ms:1002038	gold_only	unmatched	0.000000
PXD008840	GC118N_DGC_85338_E002520_F5_R1.raw	Technical	comment[ms2 mass analyzer]	orbitrap		orbitrap		assessed_only	unmatched	0.000000
PXD008840	GC118N_DGC_85338_E002520_F5_R1.raw	Technical	comment[precursor mass tolerance]	6.1 ppm		6.1 ppm		assessed_only	unmatched	0.000000
PXD008840	GC118N_DGC_85338_E002520_F5_R1.raw	Technical	comment[precursor mass tolerance]		20 ppm		20 ppm	gold_only	unmatched	0.000000
PXD008840	GC118N_DGC_85338_E002520_F5_R1.raw	Technical	comment[proteomics data acquisition method]	data-dependent acquisition		data-dependent acquisition		assessed_only	unmatched	0.000000
PXD008840	GC118N_DGC_85338_E002520_F5_R1.raw	Technical	technology type	proteomic profiling by mass spectrometry		proteomic profiling by mass spectrometry		assessed_only	unmatched	0.000000
PXD008840	GC118N_DGC_85338_E002520_F5_R1.raw	ExperimentalDesign	characteristics[biological replicate]	1		1		assessed_only	unmatched	0.000000
PXD008840	GC118N_DGC_85338_E002520_F5_R1.raw	ExperimentalDesign	comment[fraction identifier]	6		6		assessed_only	unmatched	0.000000
PXD008840	GC118N_DGC_85338_E002520_F5_R1.raw	ExperimentalDesign	comment[fraction identifier]		5		5	gold_only	unmatched	0.000000
PXD008840	GC118N_DGC_85338_E002520_F5_R1.raw	ExperimentalDesign	comment[technical replicate]	1		1		assessed_only	unmatched	0.000000
PXD008840	GC118N_DGC_85338_E002520_F5_R1.raw	ExperimentalDesign	factor value[disease]	diffuse-type gastric cancer		diffuse-type gastric cancer		assessed_only	unmatched	0.000000
PXD008840	GC118N_DGC_85338_E002520_F5_R1.raw	ExperimentalDesign	factor value[experimental design]	tissue type (tumor, nearby tissue)		tissue type tumor nearby tissue		assessed_only	unmatched	0.000000
