source name	characteristics[organism]	characteristics[organism part]	characteristics[disease]	characteristics[cell type]	characteristics[cell line]	characteristics[cellosaurus accession]	characteristics[biological replicate]	characteristics[sex]	characteristics[age]	assay name	technology type	comment[proteomics data acquisition method]	comment[label]	comment[instrument]	comment[cleavage agent details]	comment[fraction identifier]	comment[technical replicate]	comment[dissociation method]	factor value[experimental design]	comment[modification parameters]	comment[modification parameters]	comment[modification parameters]	comment[modification parameters]	comment[modification parameters]	comment[precursor mass tolerance]	comment[ms2 mass analyzer]	comment[ms1 scan range]	comment[collision energy]	comment[data file]	comment[sdrf version]	comment[sdrf annotation tool]	factor value[disease]
PXD018357-Sample-1	Homo sapiens	colon	sars-cov-2 infection	epithelial cell	Caco-2, UKF-RC-2	not available	10	not available	not available	run 1	proteomic profiling by mass spectrometry	NT=data-dependent acquisition;AC=PRIDE:0000627	TMT126	NT=Orbitrap Fusion Lumos;AC=MS:1002732	NT=Lys-C;AC=MS:1001309	1	1	NT=collision-induced dissociation;AC=MS:1000133	infection status (mock-infected, infected with SARS-CoV-2)	NT=Carbamidomethyl;AC=UNIMOD:4;MT=Fixed;TA=C	NT=TMT6plex;AC=UNIMOD:730;MT=Fixed;TA=K	NT=Oxidation;AC=UNIMOD:35;MT=Variable;TA=M	NT=Acetyl;AC=UNIMOD:1;MT=Variable;TA=K	NT=Phospho;AC=UNIMOD:21;MT=Variable;TA=STY	6 ppm	orbitrap	350m/z-1400m/z	35 NCE	20200317_KKL_CoV2_24h_5v5_F10.raw	v1.1.0	HAMLET-agentic v0.1.0	sars-cov-2 infection
PXD018357-Sample-2	Homo sapiens	colon	sars-cov-2 infection	epithelial cell	Caco-2, UKF-RC-2	not available	10	not available	not available	run 1	proteomic profiling by mass spectrometry	NT=data-dependent acquisition;AC=PRIDE:0000627	TMT127N	NT=Orbitrap Fusion Lumos;AC=MS:1002732	NT=Lys-C;AC=MS:1001309	1	1	NT=collision-induced dissociation;AC=MS:1000133	infection status (mock-infected, infected with SARS-CoV-2)	NT=Carbamidomethyl;AC=UNIMOD:4;MT=Fixed;TA=C	NT=TMT6plex;AC=UNIMOD:730;MT=Fixed;TA=K	NT=Oxidation;AC=UNIMOD:35;MT=Variable;TA=M	NT=Acetyl;AC=UNIMOD:1;MT=Variable;TA=K	NT=Phospho;AC=UNIMOD:21;MT=Variable;TA=STY	6 ppm	orbitrap	350m/z-1400m/z	35 NCE	20200317_KKL_CoV2_24h_5v5_F10.raw	v1.1.0	HAMLET-agentic v0.1.0	sars-cov-2 infection
PXD018357-Sample-3	Homo sapiens	colon	sars-cov-2 infection	epithelial cell	Caco-2, UKF-RC-2	not available	10	not available	not available	run 1	proteomic profiling by mass spectrometry	NT=data-dependent acquisition;AC=PRIDE:0000627	TMT127C	NT=Orbitrap Fusion Lumos;AC=MS:1002732	NT=Lys-C;AC=MS:1001309	1	1	NT=collision-induced dissociation;AC=MS:1000133	infection status (mock-infected, infected with SARS-CoV-2)	NT=Carbamidomethyl;AC=UNIMOD:4;MT=Fixed;TA=C	NT=TMT6plex;AC=UNIMOD:730;MT=Fixed;TA=K	NT=Oxidation;AC=UNIMOD:35;MT=Variable;TA=M	NT=Acetyl;AC=UNIMOD:1;MT=Variable;TA=K	NT=Phospho;AC=UNIMOD:21;MT=Variable;TA=STY	6 ppm	orbitrap	350m/z-1400m/z	35 NCE	20200317_KKL_CoV2_24h_5v5_F10.raw	v1.1.0	HAMLET-agentic v0.1.0	sars-cov-2 infection
PXD018357-Sample-4	Homo sapiens	colon	sars-cov-2 infection	epithelial cell	Caco-2, UKF-RC-2	not available	10	not available	not available	run 1	proteomic profiling by mass spectrometry	NT=data-dependent acquisition;AC=PRIDE:0000627	TMT128N	NT=Orbitrap Fusion Lumos;AC=MS:1002732	NT=Lys-C;AC=MS:1001309	1	1	NT=collision-induced dissociation;AC=MS:1000133	infection status (mock-infected, infected with SARS-CoV-2)	NT=Carbamidomethyl;AC=UNIMOD:4;MT=Fixed;TA=C	NT=TMT6plex;AC=UNIMOD:730;MT=Fixed;TA=K	NT=Oxidation;AC=UNIMOD:35;MT=Variable;TA=M	NT=Acetyl;AC=UNIMOD:1;MT=Variable;TA=K	NT=Phospho;AC=UNIMOD:21;MT=Variable;TA=STY	6 ppm	orbitrap	350m/z-1400m/z	35 NCE	20200317_KKL_CoV2_24h_5v5_F10.raw	v1.1.0	HAMLET-agentic v0.1.0	sars-cov-2 infection
PXD018357-Sample-5	Homo sapiens	colon	sars-cov-2 infection	epithelial cell	Caco-2, UKF-RC-2	not available	10	not available	not available	run 1	proteomic profiling by mass spectrometry	NT=data-dependent acquisition;AC=PRIDE:0000627	TMT128C	NT=Orbitrap Fusion Lumos;AC=MS:1002732	NT=Lys-C;AC=MS:1001309	1	1	NT=collision-induced dissociation;AC=MS:1000133	infection status (mock-infected, infected with SARS-CoV-2)	NT=Carbamidomethyl;AC=UNIMOD:4;MT=Fixed;TA=C	NT=TMT6plex;AC=UNIMOD:730;MT=Fixed;TA=K	NT=Oxidation;AC=UNIMOD:35;MT=Variable;TA=M	NT=Acetyl;AC=UNIMOD:1;MT=Variable;TA=K	NT=Phospho;AC=UNIMOD:21;MT=Variable;TA=STY	6 ppm	orbitrap	350m/z-1400m/z	35 NCE	20200317_KKL_CoV2_24h_5v5_F10.raw	v1.1.0	HAMLET-agentic v0.1.0	sars-cov-2 infection
PXD018357-Sample-6	Homo sapiens	colon	sars-cov-2 infection	epithelial cell	Caco-2, UKF-RC-2	not available	10	not available	not available	run 1	proteomic profiling by mass spectrometry	NT=data-dependent acquisition;AC=PRIDE:0000627	TMT129N	NT=Orbitrap Fusion Lumos;AC=MS:1002732	NT=Lys-C;AC=MS:1001309	1	1	NT=collision-induced dissociation;AC=MS:1000133	infection status (mock-infected, infected with SARS-CoV-2)	NT=Carbamidomethyl;AC=UNIMOD:4;MT=Fixed;TA=C	NT=TMT6plex;AC=UNIMOD:730;MT=Fixed;TA=K	NT=Oxidation;AC=UNIMOD:35;MT=Variable;TA=M	NT=Acetyl;AC=UNIMOD:1;MT=Variable;TA=K	NT=Phospho;AC=UNIMOD:21;MT=Variable;TA=STY	6 ppm	orbitrap	350m/z-1400m/z	35 NCE	20200317_KKL_CoV2_24h_5v5_F10.raw	v1.1.0	HAMLET-agentic v0.1.0	sars-cov-2 infection
PXD018357-Sample-7	Homo sapiens	colon	sars-cov-2 infection	epithelial cell	Caco-2, UKF-RC-2	not available	10	not available	not available	run 1	proteomic profiling by mass spectrometry	NT=data-dependent acquisition;AC=PRIDE:0000627	TMT129C	NT=Orbitrap Fusion Lumos;AC=MS:1002732	NT=Lys-C;AC=MS:1001309	1	1	NT=collision-induced dissociation;AC=MS:1000133	infection status (mock-infected, infected with SARS-CoV-2)	NT=Carbamidomethyl;AC=UNIMOD:4;MT=Fixed;TA=C	NT=TMT6plex;AC=UNIMOD:730;MT=Fixed;TA=K	NT=Oxidation;AC=UNIMOD:35;MT=Variable;TA=M	NT=Acetyl;AC=UNIMOD:1;MT=Variable;TA=K	NT=Phospho;AC=UNIMOD:21;MT=Variable;TA=STY	6 ppm	orbitrap	350m/z-1400m/z	35 NCE	20200317_KKL_CoV2_24h_5v5_F10.raw	v1.1.0	HAMLET-agentic v0.1.0	sars-cov-2 infection
PXD018357-Sample-8	Homo sapiens	colon	sars-cov-2 infection	epithelial cell	Caco-2, UKF-RC-2	not available	10	not available	not available	run 1	proteomic profiling by mass spectrometry	NT=data-dependent acquisition;AC=PRIDE:0000627	TMT130N	NT=Orbitrap Fusion Lumos;AC=MS:1002732	NT=Lys-C;AC=MS:1001309	1	1	NT=collision-induced dissociation;AC=MS:1000133	infection status (mock-infected, infected with SARS-CoV-2)	NT=Carbamidomethyl;AC=UNIMOD:4;MT=Fixed;TA=C	NT=TMT6plex;AC=UNIMOD:730;MT=Fixed;TA=K	NT=Oxidation;AC=UNIMOD:35;MT=Variable;TA=M	NT=Acetyl;AC=UNIMOD:1;MT=Variable;TA=K	NT=Phospho;AC=UNIMOD:21;MT=Variable;TA=STY	6 ppm	orbitrap	350m/z-1400m/z	35 NCE	20200317_KKL_CoV2_24h_5v5_F10.raw	v1.1.0	HAMLET-agentic v0.1.0	sars-cov-2 infection
PXD018357-Sample-9	Homo sapiens	colon	sars-cov-2 infection	epithelial cell	Caco-2, UKF-RC-2	not available	10	not available	not available	run 1	proteomic profiling by mass spectrometry	NT=data-dependent acquisition;AC=PRIDE:0000627	TMT130C	NT=Orbitrap Fusion Lumos;AC=MS:1002732	NT=Lys-C;AC=MS:1001309	1	1	NT=collision-induced dissociation;AC=MS:1000133	infection status (mock-infected, infected with SARS-CoV-2)	NT=Carbamidomethyl;AC=UNIMOD:4;MT=Fixed;TA=C	NT=TMT6plex;AC=UNIMOD:730;MT=Fixed;TA=K	NT=Oxidation;AC=UNIMOD:35;MT=Variable;TA=M	NT=Acetyl;AC=UNIMOD:1;MT=Variable;TA=K	NT=Phospho;AC=UNIMOD:21;MT=Variable;TA=STY	6 ppm	orbitrap	350m/z-1400m/z	35 NCE	20200317_KKL_CoV2_24h_5v5_F10.raw	v1.1.0	HAMLET-agentic v0.1.0	sars-cov-2 infection
PXD018357-Sample-10	Homo sapiens	colon	sars-cov-2 infection	epithelial cell	Caco-2, UKF-RC-2	not available	10	not available	not available	run 1	proteomic profiling by mass spectrometry	NT=data-dependent acquisition;AC=PRIDE:0000627	TMT131	NT=Orbitrap Fusion Lumos;AC=MS:1002732	NT=Lys-C;AC=MS:1001309	1	1	NT=collision-induced dissociation;AC=MS:1000133	infection status (mock-infected, infected with SARS-CoV-2)	NT=Carbamidomethyl;AC=UNIMOD:4;MT=Fixed;TA=C	NT=TMT6plex;AC=UNIMOD:730;MT=Fixed;TA=K	NT=Oxidation;AC=UNIMOD:35;MT=Variable;TA=M	NT=Acetyl;AC=UNIMOD:1;MT=Variable;TA=K	NT=Phospho;AC=UNIMOD:21;MT=Variable;TA=STY	6 ppm	orbitrap	350m/z-1400m/z	35 NCE	20200317_KKL_CoV2_24h_5v5_F10.raw	v1.1.0	HAMLET-agentic v0.1.0	sars-cov-2 infection
PXD018357-Sample-11	Homo sapiens	colon	sars-cov-2 infection	epithelial cell	Caco-2, UKF-RC-2	not available	10	not available	not available	run 2	proteomic profiling by mass spectrometry	NT=data-dependent acquisition;AC=PRIDE:0000627	TMT126	NT=Orbitrap Fusion Lumos;AC=MS:1002732	NT=Lys-C;AC=MS:1001309	1	1	NT=collision-induced dissociation;AC=MS:1000133	infection status (mock-infected, infected with SARS-CoV-2)	NT=Carbamidomethyl;AC=UNIMOD:4;MT=Fixed;TA=C	NT=TMT6plex;AC=UNIMOD:730;MT=Fixed;TA=K	NT=Oxidation;AC=UNIMOD:35;MT=Variable;TA=M	NT=Acetyl;AC=UNIMOD:1;MT=Variable;TA=K	NT=Phospho;AC=UNIMOD:21;MT=Variable;TA=STY	6 ppm	orbitrap	350m/z-1400m/z	35 NCE	20200317_KKL_CoV2_24h_5v5_F11.raw	v1.1.0	HAMLET-agentic v0.1.0	sars-cov-2 infection
PXD018357-Sample-12	Homo sapiens	colon	sars-cov-2 infection	epithelial cell	Caco-2, UKF-RC-2	not available	10	not available	not available	run 2	proteomic profiling by mass spectrometry	NT=data-dependent acquisition;AC=PRIDE:0000627	TMT127N	NT=Orbitrap Fusion Lumos;AC=MS:1002732	NT=Lys-C;AC=MS:1001309	1	1	NT=collision-induced dissociation;AC=MS:1000133	infection status (mock-infected, infected with SARS-CoV-2)	NT=Carbamidomethyl;AC=UNIMOD:4;MT=Fixed;TA=C	NT=TMT6plex;AC=UNIMOD:730;MT=Fixed;TA=K	NT=Oxidation;AC=UNIMOD:35;MT=Variable;TA=M	NT=Acetyl;AC=UNIMOD:1;MT=Variable;TA=K	NT=Phospho;AC=UNIMOD:21;MT=Variable;TA=STY	6 ppm	orbitrap	350m/z-1400m/z	35 NCE	20200317_KKL_CoV2_24h_5v5_F11.raw	v1.1.0	HAMLET-agentic v0.1.0	sars-cov-2 infection
PXD018357-Sample-13	Homo sapiens	colon	sars-cov-2 infection	epithelial cell	Caco-2, UKF-RC-2	not available	10	not available	not available	run 2	proteomic profiling by mass spectrometry	NT=data-dependent acquisition;AC=PRIDE:0000627	TMT127C	NT=Orbitrap Fusion Lumos;AC=MS:1002732	NT=Lys-C;AC=MS:1001309	1	1	NT=collision-induced dissociation;AC=MS:1000133	infection status (mock-infected, infected with SARS-CoV-2)	NT=Carbamidomethyl;AC=UNIMOD:4;MT=Fixed;TA=C	NT=TMT6plex;AC=UNIMOD:730;MT=Fixed;TA=K	NT=Oxidation;AC=UNIMOD:35;MT=Variable;TA=M	NT=Acetyl;AC=UNIMOD:1;MT=Variable;TA=K	NT=Phospho;AC=UNIMOD:21;MT=Variable;TA=STY	6 ppm	orbitrap	350m/z-1400m/z	35 NCE	20200317_KKL_CoV2_24h_5v5_F11.raw	v1.1.0	HAMLET-agentic v0.1.0	sars-cov-2 infection
PXD018357-Sample-14	Homo sapiens	colon	sars-cov-2 infection	epithelial cell	Caco-2, UKF-RC-2	not available	10	not available	not available	run 2	proteomic profiling by mass spectrometry	NT=data-dependent acquisition;AC=PRIDE:0000627	TMT128N	NT=Orbitrap Fusion Lumos;AC=MS:1002732	NT=Lys-C;AC=MS:1001309	1	1	NT=collision-induced dissociation;AC=MS:1000133	infection status (mock-infected, infected with SARS-CoV-2)	NT=Carbamidomethyl;AC=UNIMOD:4;MT=Fixed;TA=C	NT=TMT6plex;AC=UNIMOD:730;MT=Fixed;TA=K	NT=Oxidation;AC=UNIMOD:35;MT=Variable;TA=M	NT=Acetyl;AC=UNIMOD:1;MT=Variable;TA=K	NT=Phospho;AC=UNIMOD:21;MT=Variable;TA=STY	6 ppm	orbitrap	350m/z-1400m/z	35 NCE	20200317_KKL_CoV2_24h_5v5_F11.raw	v1.1.0	HAMLET-agentic v0.1.0	sars-cov-2 infection
PXD018357-Sample-15	Homo sapiens	colon	sars-cov-2 infection	epithelial cell	Caco-2, UKF-RC-2	not available	10	not available	not available	run 2	proteomic profiling by mass spectrometry	NT=data-dependent acquisition;AC=PRIDE:0000627	TMT128C	NT=Orbitrap Fusion Lumos;AC=MS:1002732	NT=Lys-C;AC=MS:1001309	1	1	NT=collision-induced dissociation;AC=MS:1000133	infection status (mock-infected, infected with SARS-CoV-2)	NT=Carbamidomethyl;AC=UNIMOD:4;MT=Fixed;TA=C	NT=TMT6plex;AC=UNIMOD:730;MT=Fixed;TA=K	NT=Oxidation;AC=UNIMOD:35;MT=Variable;TA=M	NT=Acetyl;AC=UNIMOD:1;MT=Variable;TA=K	NT=Phospho;AC=UNIMOD:21;MT=Variable;TA=STY	6 ppm	orbitrap	350m/z-1400m/z	35 NCE	20200317_KKL_CoV2_24h_5v5_F11.raw	v1.1.0	HAMLET-agentic v0.1.0	sars-cov-2 infection
PXD018357-Sample-16	Homo sapiens	colon	sars-cov-2 infection	epithelial cell	Caco-2, UKF-RC-2	not available	10	not available	not available	run 2	proteomic profiling by mass spectrometry	NT=data-dependent acquisition;AC=PRIDE:0000627	TMT129N	NT=Orbitrap Fusion Lumos;AC=MS:1002732	NT=Lys-C;AC=MS:1001309	1	1	NT=collision-induced dissociation;AC=MS:1000133	infection status (mock-infected, infected with SARS-CoV-2)	NT=Carbamidomethyl;AC=UNIMOD:4;MT=Fixed;TA=C	NT=TMT6plex;AC=UNIMOD:730;MT=Fixed;TA=K	NT=Oxidation;AC=UNIMOD:35;MT=Variable;TA=M	NT=Acetyl;AC=UNIMOD:1;MT=Variable;TA=K	NT=Phospho;AC=UNIMOD:21;MT=Variable;TA=STY	6 ppm	orbitrap	350m/z-1400m/z	35 NCE	20200317_KKL_CoV2_24h_5v5_F11.raw	v1.1.0	HAMLET-agentic v0.1.0	sars-cov-2 infection
PXD018357-Sample-17	Homo sapiens	colon	sars-cov-2 infection	epithelial cell	Caco-2, UKF-RC-2	not available	10	not available	not available	run 2	proteomic profiling by mass spectrometry	NT=data-dependent acquisition;AC=PRIDE:0000627	TMT129C	NT=Orbitrap Fusion Lumos;AC=MS:1002732	NT=Lys-C;AC=MS:1001309	1	1	NT=collision-induced dissociation;AC=MS:1000133	infection status (mock-infected, infected with SARS-CoV-2)	NT=Carbamidomethyl;AC=UNIMOD:4;MT=Fixed;TA=C	NT=TMT6plex;AC=UNIMOD:730;MT=Fixed;TA=K	NT=Oxidation;AC=UNIMOD:35;MT=Variable;TA=M	NT=Acetyl;AC=UNIMOD:1;MT=Variable;TA=K	NT=Phospho;AC=UNIMOD:21;MT=Variable;TA=STY	6 ppm	orbitrap	350m/z-1400m/z	35 NCE	20200317_KKL_CoV2_24h_5v5_F11.raw	v1.1.0	HAMLET-agentic v0.1.0	sars-cov-2 infection
PXD018357-Sample-18	Homo sapiens	colon	sars-cov-2 infection	epithelial cell	Caco-2, UKF-RC-2	not available	10	not available	not available	run 2	proteomic profiling by mass spectrometry	NT=data-dependent acquisition;AC=PRIDE:0000627	TMT130N	NT=Orbitrap Fusion Lumos;AC=MS:1002732	NT=Lys-C;AC=MS:1001309	1	1	NT=collision-induced dissociation;AC=MS:1000133	infection status (mock-infected, infected with SARS-CoV-2)	NT=Carbamidomethyl;AC=UNIMOD:4;MT=Fixed;TA=C	NT=TMT6plex;AC=UNIMOD:730;MT=Fixed;TA=K	NT=Oxidation;AC=UNIMOD:35;MT=Variable;TA=M	NT=Acetyl;AC=UNIMOD:1;MT=Variable;TA=K	NT=Phospho;AC=UNIMOD:21;MT=Variable;TA=STY	6 ppm	orbitrap	350m/z-1400m/z	35 NCE	20200317_KKL_CoV2_24h_5v5_F11.raw	v1.1.0	HAMLET-agentic v0.1.0	sars-cov-2 infection
PXD018357-Sample-19	Homo sapiens	colon	sars-cov-2 infection	epithelial cell	Caco-2, UKF-RC-2	not available	10	not available	not available	run 2	proteomic profiling by mass spectrometry	NT=data-dependent acquisition;AC=PRIDE:0000627	TMT130C	NT=Orbitrap Fusion Lumos;AC=MS:1002732	NT=Lys-C;AC=MS:1001309	1	1	NT=collision-induced dissociation;AC=MS:1000133	infection status (mock-infected, infected with SARS-CoV-2)	NT=Carbamidomethyl;AC=UNIMOD:4;MT=Fixed;TA=C	NT=TMT6plex;AC=UNIMOD:730;MT=Fixed;TA=K	NT=Oxidation;AC=UNIMOD:35;MT=Variable;TA=M	NT=Acetyl;AC=UNIMOD:1;MT=Variable;TA=K	NT=Phospho;AC=UNIMOD:21;MT=Variable;TA=STY	6 ppm	orbitrap	350m/z-1400m/z	35 NCE	20200317_KKL_CoV2_24h_5v5_F11.raw	v1.1.0	HAMLET-agentic v0.1.0	sars-cov-2 infection
PXD018357-Sample-20	Homo sapiens	colon	sars-cov-2 infection	epithelial cell	Caco-2, UKF-RC-2	not available	10	not available	not available	run 2	proteomic profiling by mass spectrometry	NT=data-dependent acquisition;AC=PRIDE:0000627	TMT131	NT=Orbitrap Fusion Lumos;AC=MS:1002732	NT=Lys-C;AC=MS:1001309	1	1	NT=collision-induced dissociation;AC=MS:1000133	infection status (mock-infected, infected with SARS-CoV-2)	NT=Carbamidomethyl;AC=UNIMOD:4;MT=Fixed;TA=C	NT=TMT6plex;AC=UNIMOD:730;MT=Fixed;TA=K	NT=Oxidation;AC=UNIMOD:35;MT=Variable;TA=M	NT=Acetyl;AC=UNIMOD:1;MT=Variable;TA=K	NT=Phospho;AC=UNIMOD:21;MT=Variable;TA=STY	6 ppm	orbitrap	350m/z-1400m/z	35 NCE	20200317_KKL_CoV2_24h_5v5_F11.raw	v1.1.0	HAMLET-agentic v0.1.0	sars-cov-2 infection
PXD018357-Sample-21	Homo sapiens	colon	sars-cov-2 infection	epithelial cell	Caco-2, UKF-RC-2	not available	10	not available	not available	run 3	proteomic profiling by mass spectrometry	NT=data-dependent acquisition;AC=PRIDE:0000627	TMT126	NT=Orbitrap Fusion Lumos;AC=MS:1002732	NT=Lys-C;AC=MS:1001309	1	1	NT=collision-induced dissociation;AC=MS:1000133	infection status (mock-infected, infected with SARS-CoV-2)	NT=Carbamidomethyl;AC=UNIMOD:4;MT=Fixed;TA=C	NT=TMT6plex;AC=UNIMOD:730;MT=Fixed;TA=K	NT=Oxidation;AC=UNIMOD:35;MT=Variable;TA=M	NT=Acetyl;AC=UNIMOD:1;MT=Variable;TA=K	NT=Phospho;AC=UNIMOD:21;MT=Variable;TA=STY	6 ppm	orbitrap	350m/z-1400m/z	35 NCE	20200317_KKL_CoV2_24h_5v5_F12.raw	v1.1.0	HAMLET-agentic v0.1.0	sars-cov-2 infection
PXD018357-Sample-22	Homo sapiens	colon	sars-cov-2 infection	epithelial cell	Caco-2, UKF-RC-2	not available	10	not available	not available	run 3	proteomic profiling by mass spectrometry	NT=data-dependent acquisition;AC=PRIDE:0000627	TMT127N	NT=Orbitrap Fusion Lumos;AC=MS:1002732	NT=Lys-C;AC=MS:1001309	1	1	NT=collision-induced dissociation;AC=MS:1000133	infection status (mock-infected, infected with SARS-CoV-2)	NT=Carbamidomethyl;AC=UNIMOD:4;MT=Fixed;TA=C	NT=TMT6plex;AC=UNIMOD:730;MT=Fixed;TA=K	NT=Oxidation;AC=UNIMOD:35;MT=Variable;TA=M	NT=Acetyl;AC=UNIMOD:1;MT=Variable;TA=K	NT=Phospho;AC=UNIMOD:21;MT=Variable;TA=STY	6 ppm	orbitrap	350m/z-1400m/z	35 NCE	20200317_KKL_CoV2_24h_5v5_F12.raw	v1.1.0	HAMLET-agentic v0.1.0	sars-cov-2 infection
PXD018357-Sample-23	Homo sapiens	colon	sars-cov-2 infection	epithelial cell	Caco-2, UKF-RC-2	not available	10	not available	not available	run 3	proteomic profiling by mass spectrometry	NT=data-dependent acquisition;AC=PRIDE:0000627	TMT127C	NT=Orbitrap Fusion Lumos;AC=MS:1002732	NT=Lys-C;AC=MS:1001309	1	1	NT=collision-induced dissociation;AC=MS:1000133	infection status (mock-infected, infected with SARS-CoV-2)	NT=Carbamidomethyl;AC=UNIMOD:4;MT=Fixed;TA=C	NT=TMT6plex;AC=UNIMOD:730;MT=Fixed;TA=K	NT=Oxidation;AC=UNIMOD:35;MT=Variable;TA=M	NT=Acetyl;AC=UNIMOD:1;MT=Variable;TA=K	NT=Phospho;AC=UNIMOD:21;MT=Variable;TA=STY	6 ppm	orbitrap	350m/z-1400m/z	35 NCE	20200317_KKL_CoV2_24h_5v5_F12.raw	v1.1.0	HAMLET-agentic v0.1.0	sars-cov-2 infection
PXD018357-Sample-24	Homo sapiens	colon	sars-cov-2 infection	epithelial cell	Caco-2, UKF-RC-2	not available	10	not available	not available	run 3	proteomic profiling by mass spectrometry	NT=data-dependent acquisition;AC=PRIDE:0000627	TMT128N	NT=Orbitrap Fusion Lumos;AC=MS:1002732	NT=Lys-C;AC=MS:1001309	1	1	NT=collision-induced dissociation;AC=MS:1000133	infection status (mock-infected, infected with SARS-CoV-2)	NT=Carbamidomethyl;AC=UNIMOD:4;MT=Fixed;TA=C	NT=TMT6plex;AC=UNIMOD:730;MT=Fixed;TA=K	NT=Oxidation;AC=UNIMOD:35;MT=Variable;TA=M	NT=Acetyl;AC=UNIMOD:1;MT=Variable;TA=K	NT=Phospho;AC=UNIMOD:21;MT=Variable;TA=STY	6 ppm	orbitrap	350m/z-1400m/z	35 NCE	20200317_KKL_CoV2_24h_5v5_F12.raw	v1.1.0	HAMLET-agentic v0.1.0	sars-cov-2 infection
PXD018357-Sample-25	Homo sapiens	colon	sars-cov-2 infection	epithelial cell	Caco-2, UKF-RC-2	not available	10	not available	not available	run 3	proteomic profiling by mass spectrometry	NT=data-dependent acquisition;AC=PRIDE:0000627	TMT128C	NT=Orbitrap Fusion Lumos;AC=MS:1002732	NT=Lys-C;AC=MS:1001309	1	1	NT=collision-induced dissociation;AC=MS:1000133	infection status (mock-infected, infected with SARS-CoV-2)	NT=Carbamidomethyl;AC=UNIMOD:4;MT=Fixed;TA=C	NT=TMT6plex;AC=UNIMOD:730;MT=Fixed;TA=K	NT=Oxidation;AC=UNIMOD:35;MT=Variable;TA=M	NT=Acetyl;AC=UNIMOD:1;MT=Variable;TA=K	NT=Phospho;AC=UNIMOD:21;MT=Variable;TA=STY	6 ppm	orbitrap	350m/z-1400m/z	35 NCE	20200317_KKL_CoV2_24h_5v5_F12.raw	v1.1.0	HAMLET-agentic v0.1.0	sars-cov-2 infection
PXD018357-Sample-26	Homo sapiens	colon	sars-cov-2 infection	epithelial cell	Caco-2, UKF-RC-2	not available	10	not available	not available	run 3	proteomic profiling by mass spectrometry	NT=data-dependent acquisition;AC=PRIDE:0000627	TMT129N	NT=Orbitrap Fusion Lumos;AC=MS:1002732	NT=Lys-C;AC=MS:1001309	1	1	NT=collision-induced dissociation;AC=MS:1000133	infection status (mock-infected, infected with SARS-CoV-2)	NT=Carbamidomethyl;AC=UNIMOD:4;MT=Fixed;TA=C	NT=TMT6plex;AC=UNIMOD:730;MT=Fixed;TA=K	NT=Oxidation;AC=UNIMOD:35;MT=Variable;TA=M	NT=Acetyl;AC=UNIMOD:1;MT=Variable;TA=K	NT=Phospho;AC=UNIMOD:21;MT=Variable;TA=STY	6 ppm	orbitrap	350m/z-1400m/z	35 NCE	20200317_KKL_CoV2_24h_5v5_F12.raw	v1.1.0	HAMLET-agentic v0.1.0	sars-cov-2 infection
PXD018357-Sample-27	Homo sapiens	colon	sars-cov-2 infection	epithelial cell	Caco-2, UKF-RC-2	not available	10	not available	not available	run 3	proteomic profiling by mass spectrometry	NT=data-dependent acquisition;AC=PRIDE:0000627	TMT129C	NT=Orbitrap Fusion Lumos;AC=MS:1002732	NT=Lys-C;AC=MS:1001309	1	1	NT=collision-induced dissociation;AC=MS:1000133	infection status (mock-infected, infected with SARS-CoV-2)	NT=Carbamidomethyl;AC=UNIMOD:4;MT=Fixed;TA=C	NT=TMT6plex;AC=UNIMOD:730;MT=Fixed;TA=K	NT=Oxidation;AC=UNIMOD:35;MT=Variable;TA=M	NT=Acetyl;AC=UNIMOD:1;MT=Variable;TA=K	NT=Phospho;AC=UNIMOD:21;MT=Variable;TA=STY	6 ppm	orbitrap	350m/z-1400m/z	35 NCE	20200317_KKL_CoV2_24h_5v5_F12.raw	v1.1.0	HAMLET-agentic v0.1.0	sars-cov-2 infection
PXD018357-Sample-28	Homo sapiens	colon	sars-cov-2 infection	epithelial cell	Caco-2, UKF-RC-2	not available	10	not available	not available	run 3	proteomic profiling by mass spectrometry	NT=data-dependent acquisition;AC=PRIDE:0000627	TMT130N	NT=Orbitrap Fusion Lumos;AC=MS:1002732	NT=Lys-C;AC=MS:1001309	1	1	NT=collision-induced dissociation;AC=MS:1000133	infection status (mock-infected, infected with SARS-CoV-2)	NT=Carbamidomethyl;AC=UNIMOD:4;MT=Fixed;TA=C	NT=TMT6plex;AC=UNIMOD:730;MT=Fixed;TA=K	NT=Oxidation;AC=UNIMOD:35;MT=Variable;TA=M	NT=Acetyl;AC=UNIMOD:1;MT=Variable;TA=K	NT=Phospho;AC=UNIMOD:21;MT=Variable;TA=STY	6 ppm	orbitrap	350m/z-1400m/z	35 NCE	20200317_KKL_CoV2_24h_5v5_F12.raw	v1.1.0	HAMLET-agentic v0.1.0	sars-cov-2 infection
PXD018357-Sample-29	Homo sapiens	colon	sars-cov-2 infection	epithelial cell	Caco-2, UKF-RC-2	not available	10	not available	not available	run 3	proteomic profiling by mass spectrometry	NT=data-dependent acquisition;AC=PRIDE:0000627	TMT130C	NT=Orbitrap Fusion Lumos;AC=MS:1002732	NT=Lys-C;AC=MS:1001309	1	1	NT=collision-induced dissociation;AC=MS:1000133	infection status (mock-infected, infected with SARS-CoV-2)	NT=Carbamidomethyl;AC=UNIMOD:4;MT=Fixed;TA=C	NT=TMT6plex;AC=UNIMOD:730;MT=Fixed;TA=K	NT=Oxidation;AC=UNIMOD:35;MT=Variable;TA=M	NT=Acetyl;AC=UNIMOD:1;MT=Variable;TA=K	NT=Phospho;AC=UNIMOD:21;MT=Variable;TA=STY	6 ppm	orbitrap	350m/z-1400m/z	35 NCE	20200317_KKL_CoV2_24h_5v5_F12.raw	v1.1.0	HAMLET-agentic v0.1.0	sars-cov-2 infection
PXD018357-Sample-30	Homo sapiens	colon	sars-cov-2 infection	epithelial cell	Caco-2, UKF-RC-2	not available	10	not available	not available	run 3	proteomic profiling by mass spectrometry	NT=data-dependent acquisition;AC=PRIDE:0000627	TMT131	NT=Orbitrap Fusion Lumos;AC=MS:1002732	NT=Lys-C;AC=MS:1001309	1	1	NT=collision-induced dissociation;AC=MS:1000133	infection status (mock-infected, infected with SARS-CoV-2)	NT=Carbamidomethyl;AC=UNIMOD:4;MT=Fixed;TA=C	NT=TMT6plex;AC=UNIMOD:730;MT=Fixed;TA=K	NT=Oxidation;AC=UNIMOD:35;MT=Variable;TA=M	NT=Acetyl;AC=UNIMOD:1;MT=Variable;TA=K	NT=Phospho;AC=UNIMOD:21;MT=Variable;TA=STY	6 ppm	orbitrap	350m/z-1400m/z	35 NCE	20200317_KKL_CoV2_24h_5v5_F12.raw	v1.1.0	HAMLET-agentic v0.1.0	sars-cov-2 infection
PXD018357-Sample-31	Homo sapiens	colon	sars-cov-2 infection	epithelial cell	Caco-2, UKF-RC-2	not available	10	not available	not available	run 4	proteomic profiling by mass spectrometry	NT=data-dependent acquisition;AC=PRIDE:0000627	TMT126	NT=Orbitrap Fusion Lumos;AC=MS:1002732	NT=Lys-C;AC=MS:1001309	1	1	NT=collision-induced dissociation;AC=MS:1000133	infection status (mock-infected, infected with SARS-CoV-2)	NT=Carbamidomethyl;AC=UNIMOD:4;MT=Fixed;TA=C	NT=TMT6plex;AC=UNIMOD:730;MT=Fixed;TA=K	NT=Oxidation;AC=UNIMOD:35;MT=Variable;TA=M	NT=Acetyl;AC=UNIMOD:1;MT=Variable;TA=K	NT=Phospho;AC=UNIMOD:21;MT=Variable;TA=STY	6 ppm	orbitrap	350m/z-1400m/z	35 NCE	20200317_KKL_CoV2_24h_5v5_F13.raw	v1.1.0	HAMLET-agentic v0.1.0	sars-cov-2 infection
PXD018357-Sample-32	Homo sapiens	colon	sars-cov-2 infection	epithelial cell	Caco-2, UKF-RC-2	not available	10	not available	not available	run 4	proteomic profiling by mass spectrometry	NT=data-dependent acquisition;AC=PRIDE:0000627	TMT127N	NT=Orbitrap Fusion Lumos;AC=MS:1002732	NT=Lys-C;AC=MS:1001309	1	1	NT=collision-induced dissociation;AC=MS:1000133	infection status (mock-infected, infected with SARS-CoV-2)	NT=Carbamidomethyl;AC=UNIMOD:4;MT=Fixed;TA=C	NT=TMT6plex;AC=UNIMOD:730;MT=Fixed;TA=K	NT=Oxidation;AC=UNIMOD:35;MT=Variable;TA=M	NT=Acetyl;AC=UNIMOD:1;MT=Variable;TA=K	NT=Phospho;AC=UNIMOD:21;MT=Variable;TA=STY	6 ppm	orbitrap	350m/z-1400m/z	35 NCE	20200317_KKL_CoV2_24h_5v5_F13.raw	v1.1.0	HAMLET-agentic v0.1.0	sars-cov-2 infection
PXD018357-Sample-33	Homo sapiens	colon	sars-cov-2 infection	epithelial cell	Caco-2, UKF-RC-2	not available	10	not available	not available	run 4	proteomic profiling by mass spectrometry	NT=data-dependent acquisition;AC=PRIDE:0000627	TMT127C	NT=Orbitrap Fusion Lumos;AC=MS:1002732	NT=Lys-C;AC=MS:1001309	1	1	NT=collision-induced dissociation;AC=MS:1000133	infection status (mock-infected, infected with SARS-CoV-2)	NT=Carbamidomethyl;AC=UNIMOD:4;MT=Fixed;TA=C	NT=TMT6plex;AC=UNIMOD:730;MT=Fixed;TA=K	NT=Oxidation;AC=UNIMOD:35;MT=Variable;TA=M	NT=Acetyl;AC=UNIMOD:1;MT=Variable;TA=K	NT=Phospho;AC=UNIMOD:21;MT=Variable;TA=STY	6 ppm	orbitrap	350m/z-1400m/z	35 NCE	20200317_KKL_CoV2_24h_5v5_F13.raw	v1.1.0	HAMLET-agentic v0.1.0	sars-cov-2 infection
PXD018357-Sample-34	Homo sapiens	colon	sars-cov-2 infection	epithelial cell	Caco-2, UKF-RC-2	not available	10	not available	not available	run 4	proteomic profiling by mass spectrometry	NT=data-dependent acquisition;AC=PRIDE:0000627	TMT128N	NT=Orbitrap Fusion Lumos;AC=MS:1002732	NT=Lys-C;AC=MS:1001309	1	1	NT=collision-induced dissociation;AC=MS:1000133	infection status (mock-infected, infected with SARS-CoV-2)	NT=Carbamidomethyl;AC=UNIMOD:4;MT=Fixed;TA=C	NT=TMT6plex;AC=UNIMOD:730;MT=Fixed;TA=K	NT=Oxidation;AC=UNIMOD:35;MT=Variable;TA=M	NT=Acetyl;AC=UNIMOD:1;MT=Variable;TA=K	NT=Phospho;AC=UNIMOD:21;MT=Variable;TA=STY	6 ppm	orbitrap	350m/z-1400m/z	35 NCE	20200317_KKL_CoV2_24h_5v5_F13.raw	v1.1.0	HAMLET-agentic v0.1.0	sars-cov-2 infection
PXD018357-Sample-35	Homo sapiens	colon	sars-cov-2 infection	epithelial cell	Caco-2, UKF-RC-2	not available	10	not available	not available	run 4	proteomic profiling by mass spectrometry	NT=data-dependent acquisition;AC=PRIDE:0000627	TMT128C	NT=Orbitrap Fusion Lumos;AC=MS:1002732	NT=Lys-C;AC=MS:1001309	1	1	NT=collision-induced dissociation;AC=MS:1000133	infection status (mock-infected, infected with SARS-CoV-2)	NT=Carbamidomethyl;AC=UNIMOD:4;MT=Fixed;TA=C	NT=TMT6plex;AC=UNIMOD:730;MT=Fixed;TA=K	NT=Oxidation;AC=UNIMOD:35;MT=Variable;TA=M	NT=Acetyl;AC=UNIMOD:1;MT=Variable;TA=K	NT=Phospho;AC=UNIMOD:21;MT=Variable;TA=STY	6 ppm	orbitrap	350m/z-1400m/z	35 NCE	20200317_KKL_CoV2_24h_5v5_F13.raw	v1.1.0	HAMLET-agentic v0.1.0	sars-cov-2 infection
PXD018357-Sample-36	Homo sapiens	colon	sars-cov-2 infection	epithelial cell	Caco-2, UKF-RC-2	not available	10	not available	not available	run 4	proteomic profiling by mass spectrometry	NT=data-dependent acquisition;AC=PRIDE:0000627	TMT129N	NT=Orbitrap Fusion Lumos;AC=MS:1002732	NT=Lys-C;AC=MS:1001309	1	1	NT=collision-induced dissociation;AC=MS:1000133	infection status (mock-infected, infected with SARS-CoV-2)	NT=Carbamidomethyl;AC=UNIMOD:4;MT=Fixed;TA=C	NT=TMT6plex;AC=UNIMOD:730;MT=Fixed;TA=K	NT=Oxidation;AC=UNIMOD:35;MT=Variable;TA=M	NT=Acetyl;AC=UNIMOD:1;MT=Variable;TA=K	NT=Phospho;AC=UNIMOD:21;MT=Variable;TA=STY	6 ppm	orbitrap	350m/z-1400m/z	35 NCE	20200317_KKL_CoV2_24h_5v5_F13.raw	v1.1.0	HAMLET-agentic v0.1.0	sars-cov-2 infection
PXD018357-Sample-37	Homo sapiens	colon	sars-cov-2 infection	epithelial cell	Caco-2, UKF-RC-2	not available	10	not available	not available	run 4	proteomic profiling by mass spectrometry	NT=data-dependent acquisition;AC=PRIDE:0000627	TMT129C	NT=Orbitrap Fusion Lumos;AC=MS:1002732	NT=Lys-C;AC=MS:1001309	1	1	NT=collision-induced dissociation;AC=MS:1000133	infection status (mock-infected, infected with SARS-CoV-2)	NT=Carbamidomethyl;AC=UNIMOD:4;MT=Fixed;TA=C	NT=TMT6plex;AC=UNIMOD:730;MT=Fixed;TA=K	NT=Oxidation;AC=UNIMOD:35;MT=Variable;TA=M	NT=Acetyl;AC=UNIMOD:1;MT=Variable;TA=K	NT=Phospho;AC=UNIMOD:21;MT=Variable;TA=STY	6 ppm	orbitrap	350m/z-1400m/z	35 NCE	20200317_KKL_CoV2_24h_5v5_F13.raw	v1.1.0	HAMLET-agentic v0.1.0	sars-cov-2 infection
PXD018357-Sample-38	Homo sapiens	colon	sars-cov-2 infection	epithelial cell	Caco-2, UKF-RC-2	not available	10	not available	not available	run 4	proteomic profiling by mass spectrometry	NT=data-dependent acquisition;AC=PRIDE:0000627	TMT130N	NT=Orbitrap Fusion Lumos;AC=MS:1002732	NT=Lys-C;AC=MS:1001309	1	1	NT=collision-induced dissociation;AC=MS:1000133	infection status (mock-infected, infected with SARS-CoV-2)	NT=Carbamidomethyl;AC=UNIMOD:4;MT=Fixed;TA=C	NT=TMT6plex;AC=UNIMOD:730;MT=Fixed;TA=K	NT=Oxidation;AC=UNIMOD:35;MT=Variable;TA=M	NT=Acetyl;AC=UNIMOD:1;MT=Variable;TA=K	NT=Phospho;AC=UNIMOD:21;MT=Variable;TA=STY	6 ppm	orbitrap	350m/z-1400m/z	35 NCE	20200317_KKL_CoV2_24h_5v5_F13.raw	v1.1.0	HAMLET-agentic v0.1.0	sars-cov-2 infection
PXD018357-Sample-39	Homo sapiens	colon	sars-cov-2 infection	epithelial cell	Caco-2, UKF-RC-2	not available	10	not available	not available	run 4	proteomic profiling by mass spectrometry	NT=data-dependent acquisition;AC=PRIDE:0000627	TMT130C	NT=Orbitrap Fusion Lumos;AC=MS:1002732	NT=Lys-C;AC=MS:1001309	1	1	NT=collision-induced dissociation;AC=MS:1000133	infection status (mock-infected, infected with SARS-CoV-2)	NT=Carbamidomethyl;AC=UNIMOD:4;MT=Fixed;TA=C	NT=TMT6plex;AC=UNIMOD:730;MT=Fixed;TA=K	NT=Oxidation;AC=UNIMOD:35;MT=Variable;TA=M	NT=Acetyl;AC=UNIMOD:1;MT=Variable;TA=K	NT=Phospho;AC=UNIMOD:21;MT=Variable;TA=STY	6 ppm	orbitrap	350m/z-1400m/z	35 NCE	20200317_KKL_CoV2_24h_5v5_F13.raw	v1.1.0	HAMLET-agentic v0.1.0	sars-cov-2 infection
PXD018357-Sample-40	Homo sapiens	colon	sars-cov-2 infection	epithelial cell	Caco-2, UKF-RC-2	not available	10	not available	not available	run 4	proteomic profiling by mass spectrometry	NT=data-dependent acquisition;AC=PRIDE:0000627	TMT131	NT=Orbitrap Fusion Lumos;AC=MS:1002732	NT=Lys-C;AC=MS:1001309	1	1	NT=collision-induced dissociation;AC=MS:1000133	infection status (mock-infected, infected with SARS-CoV-2)	NT=Carbamidomethyl;AC=UNIMOD:4;MT=Fixed;TA=C	NT=TMT6plex;AC=UNIMOD:730;MT=Fixed;TA=K	NT=Oxidation;AC=UNIMOD:35;MT=Variable;TA=M	NT=Acetyl;AC=UNIMOD:1;MT=Variable;TA=K	NT=Phospho;AC=UNIMOD:21;MT=Variable;TA=STY	6 ppm	orbitrap	350m/z-1400m/z	35 NCE	20200317_KKL_CoV2_24h_5v5_F13.raw	v1.1.0	HAMLET-agentic v0.1.0	sars-cov-2 infection
PXD018357-Sample-41	Homo sapiens	colon	sars-cov-2 infection	epithelial cell	Caco-2, UKF-RC-2	not available	10	not available	not available	run 5	proteomic profiling by mass spectrometry	NT=data-dependent acquisition;AC=PRIDE:0000627	TMT126	NT=Orbitrap Fusion Lumos;AC=MS:1002732	NT=Lys-C;AC=MS:1001309	1	1	NT=collision-induced dissociation;AC=MS:1000133	infection status (mock-infected, infected with SARS-CoV-2)	NT=Carbamidomethyl;AC=UNIMOD:4;MT=Fixed;TA=C	NT=TMT6plex;AC=UNIMOD:730;MT=Fixed;TA=K	NT=Oxidation;AC=UNIMOD:35;MT=Variable;TA=M	NT=Acetyl;AC=UNIMOD:1;MT=Variable;TA=K	NT=Phospho;AC=UNIMOD:21;MT=Variable;TA=STY	6 ppm	orbitrap	350m/z-1400m/z	35 NCE	20200317_KKL_CoV2_24h_5v5_F14.raw	v1.1.0	HAMLET-agentic v0.1.0	sars-cov-2 infection
PXD018357-Sample-42	Homo sapiens	colon	sars-cov-2 infection	epithelial cell	Caco-2, UKF-RC-2	not available	10	not available	not available	run 5	proteomic profiling by mass spectrometry	NT=data-dependent acquisition;AC=PRIDE:0000627	TMT127N	NT=Orbitrap Fusion Lumos;AC=MS:1002732	NT=Lys-C;AC=MS:1001309	1	1	NT=collision-induced dissociation;AC=MS:1000133	infection status (mock-infected, infected with SARS-CoV-2)	NT=Carbamidomethyl;AC=UNIMOD:4;MT=Fixed;TA=C	NT=TMT6plex;AC=UNIMOD:730;MT=Fixed;TA=K	NT=Oxidation;AC=UNIMOD:35;MT=Variable;TA=M	NT=Acetyl;AC=UNIMOD:1;MT=Variable;TA=K	NT=Phospho;AC=UNIMOD:21;MT=Variable;TA=STY	6 ppm	orbitrap	350m/z-1400m/z	35 NCE	20200317_KKL_CoV2_24h_5v5_F14.raw	v1.1.0	HAMLET-agentic v0.1.0	sars-cov-2 infection
PXD018357-Sample-43	Homo sapiens	colon	sars-cov-2 infection	epithelial cell	Caco-2, UKF-RC-2	not available	10	not available	not available	run 5	proteomic profiling by mass spectrometry	NT=data-dependent acquisition;AC=PRIDE:0000627	TMT127C	NT=Orbitrap Fusion Lumos;AC=MS:1002732	NT=Lys-C;AC=MS:1001309	1	1	NT=collision-induced dissociation;AC=MS:1000133	infection status (mock-infected, infected with SARS-CoV-2)	NT=Carbamidomethyl;AC=UNIMOD:4;MT=Fixed;TA=C	NT=TMT6plex;AC=UNIMOD:730;MT=Fixed;TA=K	NT=Oxidation;AC=UNIMOD:35;MT=Variable;TA=M	NT=Acetyl;AC=UNIMOD:1;MT=Variable;TA=K	NT=Phospho;AC=UNIMOD:21;MT=Variable;TA=STY	6 ppm	orbitrap	350m/z-1400m/z	35 NCE	20200317_KKL_CoV2_24h_5v5_F14.raw	v1.1.0	HAMLET-agentic v0.1.0	sars-cov-2 infection
PXD018357-Sample-44	Homo sapiens	colon	sars-cov-2 infection	epithelial cell	Caco-2, UKF-RC-2	not available	10	not available	not available	run 5	proteomic profiling by mass spectrometry	NT=data-dependent acquisition;AC=PRIDE:0000627	TMT128N	NT=Orbitrap Fusion Lumos;AC=MS:1002732	NT=Lys-C;AC=MS:1001309	1	1	NT=collision-induced dissociation;AC=MS:1000133	infection status (mock-infected, infected with SARS-CoV-2)	NT=Carbamidomethyl;AC=UNIMOD:4;MT=Fixed;TA=C	NT=TMT6plex;AC=UNIMOD:730;MT=Fixed;TA=K	NT=Oxidation;AC=UNIMOD:35;MT=Variable;TA=M	NT=Acetyl;AC=UNIMOD:1;MT=Variable;TA=K	NT=Phospho;AC=UNIMOD:21;MT=Variable;TA=STY	6 ppm	orbitrap	350m/z-1400m/z	35 NCE	20200317_KKL_CoV2_24h_5v5_F14.raw	v1.1.0	HAMLET-agentic v0.1.0	sars-cov-2 infection
PXD018357-Sample-45	Homo sapiens	colon	sars-cov-2 infection	epithelial cell	Caco-2, UKF-RC-2	not available	10	not available	not available	run 5	proteomic profiling by mass spectrometry	NT=data-dependent acquisition;AC=PRIDE:0000627	TMT128C	NT=Orbitrap Fusion Lumos;AC=MS:1002732	NT=Lys-C;AC=MS:1001309	1	1	NT=collision-induced dissociation;AC=MS:1000133	infection status (mock-infected, infected with SARS-CoV-2)	NT=Carbamidomethyl;AC=UNIMOD:4;MT=Fixed;TA=C	NT=TMT6plex;AC=UNIMOD:730;MT=Fixed;TA=K	NT=Oxidation;AC=UNIMOD:35;MT=Variable;TA=M	NT=Acetyl;AC=UNIMOD:1;MT=Variable;TA=K	NT=Phospho;AC=UNIMOD:21;MT=Variable;TA=STY	6 ppm	orbitrap	350m/z-1400m/z	35 NCE	20200317_KKL_CoV2_24h_5v5_F14.raw	v1.1.0	HAMLET-agentic v0.1.0	sars-cov-2 infection
PXD018357-Sample-46	Homo sapiens	colon	sars-cov-2 infection	epithelial cell	Caco-2, UKF-RC-2	not available	10	not available	not available	run 5	proteomic profiling by mass spectrometry	NT=data-dependent acquisition;AC=PRIDE:0000627	TMT129N	NT=Orbitrap Fusion Lumos;AC=MS:1002732	NT=Lys-C;AC=MS:1001309	1	1	NT=collision-induced dissociation;AC=MS:1000133	infection status (mock-infected, infected with SARS-CoV-2)	NT=Carbamidomethyl;AC=UNIMOD:4;MT=Fixed;TA=C	NT=TMT6plex;AC=UNIMOD:730;MT=Fixed;TA=K	NT=Oxidation;AC=UNIMOD:35;MT=Variable;TA=M	NT=Acetyl;AC=UNIMOD:1;MT=Variable;TA=K	NT=Phospho;AC=UNIMOD:21;MT=Variable;TA=STY	6 ppm	orbitrap	350m/z-1400m/z	35 NCE	20200317_KKL_CoV2_24h_5v5_F14.raw	v1.1.0	HAMLET-agentic v0.1.0	sars-cov-2 infection
PXD018357-Sample-47	Homo sapiens	colon	sars-cov-2 infection	epithelial cell	Caco-2, UKF-RC-2	not available	10	not available	not available	run 5	proteomic profiling by mass spectrometry	NT=data-dependent acquisition;AC=PRIDE:0000627	TMT129C	NT=Orbitrap Fusion Lumos;AC=MS:1002732	NT=Lys-C;AC=MS:1001309	1	1	NT=collision-induced dissociation;AC=MS:1000133	infection status (mock-infected, infected with SARS-CoV-2)	NT=Carbamidomethyl;AC=UNIMOD:4;MT=Fixed;TA=C	NT=TMT6plex;AC=UNIMOD:730;MT=Fixed;TA=K	NT=Oxidation;AC=UNIMOD:35;MT=Variable;TA=M	NT=Acetyl;AC=UNIMOD:1;MT=Variable;TA=K	NT=Phospho;AC=UNIMOD:21;MT=Variable;TA=STY	6 ppm	orbitrap	350m/z-1400m/z	35 NCE	20200317_KKL_CoV2_24h_5v5_F14.raw	v1.1.0	HAMLET-agentic v0.1.0	sars-cov-2 infection
PXD018357-Sample-48	Homo sapiens	colon	sars-cov-2 infection	epithelial cell	Caco-2, UKF-RC-2	not available	10	not available	not available	run 5	proteomic profiling by mass spectrometry	NT=data-dependent acquisition;AC=PRIDE:0000627	TMT130N	NT=Orbitrap Fusion Lumos;AC=MS:1002732	NT=Lys-C;AC=MS:1001309	1	1	NT=collision-induced dissociation;AC=MS:1000133	infection status (mock-infected, infected with SARS-CoV-2)	NT=Carbamidomethyl;AC=UNIMOD:4;MT=Fixed;TA=C	NT=TMT6plex;AC=UNIMOD:730;MT=Fixed;TA=K	NT=Oxidation;AC=UNIMOD:35;MT=Variable;TA=M	NT=Acetyl;AC=UNIMOD:1;MT=Variable;TA=K	NT=Phospho;AC=UNIMOD:21;MT=Variable;TA=STY	6 ppm	orbitrap	350m/z-1400m/z	35 NCE	20200317_KKL_CoV2_24h_5v5_F14.raw	v1.1.0	HAMLET-agentic v0.1.0	sars-cov-2 infection
PXD018357-Sample-49	Homo sapiens	colon	sars-cov-2 infection	epithelial cell	Caco-2, UKF-RC-2	not available	10	not available	not available	run 5	proteomic profiling by mass spectrometry	NT=data-dependent acquisition;AC=PRIDE:0000627	TMT130C	NT=Orbitrap Fusion Lumos;AC=MS:1002732	NT=Lys-C;AC=MS:1001309	1	1	NT=collision-induced dissociation;AC=MS:1000133	infection status (mock-infected, infected with SARS-CoV-2)	NT=Carbamidomethyl;AC=UNIMOD:4;MT=Fixed;TA=C	NT=TMT6plex;AC=UNIMOD:730;MT=Fixed;TA=K	NT=Oxidation;AC=UNIMOD:35;MT=Variable;TA=M	NT=Acetyl;AC=UNIMOD:1;MT=Variable;TA=K	NT=Phospho;AC=UNIMOD:21;MT=Variable;TA=STY	6 ppm	orbitrap	350m/z-1400m/z	35 NCE	20200317_KKL_CoV2_24h_5v5_F14.raw	v1.1.0	HAMLET-agentic v0.1.0	sars-cov-2 infection
PXD018357-Sample-50	Homo sapiens	colon	sars-cov-2 infection	epithelial cell	Caco-2, UKF-RC-2	not available	10	not available	not available	run 5	proteomic profiling by mass spectrometry	NT=data-dependent acquisition;AC=PRIDE:0000627	TMT131	NT=Orbitrap Fusion Lumos;AC=MS:1002732	NT=Lys-C;AC=MS:1001309	1	1	NT=collision-induced dissociation;AC=MS:1000133	infection status (mock-infected, infected with SARS-CoV-2)	NT=Carbamidomethyl;AC=UNIMOD:4;MT=Fixed;TA=C	NT=TMT6plex;AC=UNIMOD:730;MT=Fixed;TA=K	NT=Oxidation;AC=UNIMOD:35;MT=Variable;TA=M	NT=Acetyl;AC=UNIMOD:1;MT=Variable;TA=K	NT=Phospho;AC=UNIMOD:21;MT=Variable;TA=STY	6 ppm	orbitrap	350m/z-1400m/z	35 NCE	20200317_KKL_CoV2_24h_5v5_F14.raw	v1.1.0	HAMLET-agentic v0.1.0	sars-cov-2 infection
PXD018357-Sample-51	Homo sapiens	colon	sars-cov-2 infection	epithelial cell	Caco-2, UKF-RC-2	not available	10	not available	not available	run 6	proteomic profiling by mass spectrometry	NT=data-dependent acquisition;AC=PRIDE:0000627	TMT126	NT=Orbitrap Fusion Lumos;AC=MS:1002732	NT=Lys-C;AC=MS:1001309	1	1	NT=collision-induced dissociation;AC=MS:1000133	infection status (mock-infected, infected with SARS-CoV-2)	NT=Carbamidomethyl;AC=UNIMOD:4;MT=Fixed;TA=C	NT=TMT6plex;AC=UNIMOD:730;MT=Fixed;TA=K	NT=Oxidation;AC=UNIMOD:35;MT=Variable;TA=M	NT=Acetyl;AC=UNIMOD:1;MT=Variable;TA=K	NT=Phospho;AC=UNIMOD:21;MT=Variable;TA=STY	6 ppm	orbitrap	350m/z-1400m/z	35 NCE	20200317_KKL_CoV2_24h_5v5_F15.raw	v1.1.0	HAMLET-agentic v0.1.0	sars-cov-2 infection
PXD018357-Sample-52	Homo sapiens	colon	sars-cov-2 infection	epithelial cell	Caco-2, UKF-RC-2	not available	10	not available	not available	run 6	proteomic profiling by mass spectrometry	NT=data-dependent acquisition;AC=PRIDE:0000627	TMT127N	NT=Orbitrap Fusion Lumos;AC=MS:1002732	NT=Lys-C;AC=MS:1001309	1	1	NT=collision-induced dissociation;AC=MS:1000133	infection status (mock-infected, infected with SARS-CoV-2)	NT=Carbamidomethyl;AC=UNIMOD:4;MT=Fixed;TA=C	NT=TMT6plex;AC=UNIMOD:730;MT=Fixed;TA=K	NT=Oxidation;AC=UNIMOD:35;MT=Variable;TA=M	NT=Acetyl;AC=UNIMOD:1;MT=Variable;TA=K	NT=Phospho;AC=UNIMOD:21;MT=Variable;TA=STY	6 ppm	orbitrap	350m/z-1400m/z	35 NCE	20200317_KKL_CoV2_24h_5v5_F15.raw	v1.1.0	HAMLET-agentic v0.1.0	sars-cov-2 infection
PXD018357-Sample-53	Homo sapiens	colon	sars-cov-2 infection	epithelial cell	Caco-2, UKF-RC-2	not available	10	not available	not available	run 6	proteomic profiling by mass spectrometry	NT=data-dependent acquisition;AC=PRIDE:0000627	TMT127C	NT=Orbitrap Fusion Lumos;AC=MS:1002732	NT=Lys-C;AC=MS:1001309	1	1	NT=collision-induced dissociation;AC=MS:1000133	infection status (mock-infected, infected with SARS-CoV-2)	NT=Carbamidomethyl;AC=UNIMOD:4;MT=Fixed;TA=C	NT=TMT6plex;AC=UNIMOD:730;MT=Fixed;TA=K	NT=Oxidation;AC=UNIMOD:35;MT=Variable;TA=M	NT=Acetyl;AC=UNIMOD:1;MT=Variable;TA=K	NT=Phospho;AC=UNIMOD:21;MT=Variable;TA=STY	6 ppm	orbitrap	350m/z-1400m/z	35 NCE	20200317_KKL_CoV2_24h_5v5_F15.raw	v1.1.0	HAMLET-agentic v0.1.0	sars-cov-2 infection
PXD018357-Sample-54	Homo sapiens	colon	sars-cov-2 infection	epithelial cell	Caco-2, UKF-RC-2	not available	10	not available	not available	run 6	proteomic profiling by mass spectrometry	NT=data-dependent acquisition;AC=PRIDE:0000627	TMT128N	NT=Orbitrap Fusion Lumos;AC=MS:1002732	NT=Lys-C;AC=MS:1001309	1	1	NT=collision-induced dissociation;AC=MS:1000133	infection status (mock-infected, infected with SARS-CoV-2)	NT=Carbamidomethyl;AC=UNIMOD:4;MT=Fixed;TA=C	NT=TMT6plex;AC=UNIMOD:730;MT=Fixed;TA=K	NT=Oxidation;AC=UNIMOD:35;MT=Variable;TA=M	NT=Acetyl;AC=UNIMOD:1;MT=Variable;TA=K	NT=Phospho;AC=UNIMOD:21;MT=Variable;TA=STY	6 ppm	orbitrap	350m/z-1400m/z	35 NCE	20200317_KKL_CoV2_24h_5v5_F15.raw	v1.1.0	HAMLET-agentic v0.1.0	sars-cov-2 infection
PXD018357-Sample-55	Homo sapiens	colon	sars-cov-2 infection	epithelial cell	Caco-2, UKF-RC-2	not available	10	not available	not available	run 6	proteomic profiling by mass spectrometry	NT=data-dependent acquisition;AC=PRIDE:0000627	TMT128C	NT=Orbitrap Fusion Lumos;AC=MS:1002732	NT=Lys-C;AC=MS:1001309	1	1	NT=collision-induced dissociation;AC=MS:1000133	infection status (mock-infected, infected with SARS-CoV-2)	NT=Carbamidomethyl;AC=UNIMOD:4;MT=Fixed;TA=C	NT=TMT6plex;AC=UNIMOD:730;MT=Fixed;TA=K	NT=Oxidation;AC=UNIMOD:35;MT=Variable;TA=M	NT=Acetyl;AC=UNIMOD:1;MT=Variable;TA=K	NT=Phospho;AC=UNIMOD:21;MT=Variable;TA=STY	6 ppm	orbitrap	350m/z-1400m/z	35 NCE	20200317_KKL_CoV2_24h_5v5_F15.raw	v1.1.0	HAMLET-agentic v0.1.0	sars-cov-2 infection
PXD018357-Sample-56	Homo sapiens	colon	sars-cov-2 infection	epithelial cell	Caco-2, UKF-RC-2	not available	10	not available	not available	run 6	proteomic profiling by mass spectrometry	NT=data-dependent acquisition;AC=PRIDE:0000627	TMT129N	NT=Orbitrap Fusion Lumos;AC=MS:1002732	NT=Lys-C;AC=MS:1001309	1	1	NT=collision-induced dissociation;AC=MS:1000133	infection status (mock-infected, infected with SARS-CoV-2)	NT=Carbamidomethyl;AC=UNIMOD:4;MT=Fixed;TA=C	NT=TMT6plex;AC=UNIMOD:730;MT=Fixed;TA=K	NT=Oxidation;AC=UNIMOD:35;MT=Variable;TA=M	NT=Acetyl;AC=UNIMOD:1;MT=Variable;TA=K	NT=Phospho;AC=UNIMOD:21;MT=Variable;TA=STY	6 ppm	orbitrap	350m/z-1400m/z	35 NCE	20200317_KKL_CoV2_24h_5v5_F15.raw	v1.1.0	HAMLET-agentic v0.1.0	sars-cov-2 infection
PXD018357-Sample-57	Homo sapiens	colon	sars-cov-2 infection	epithelial cell	Caco-2, UKF-RC-2	not available	10	not available	not available	run 6	proteomic profiling by mass spectrometry	NT=data-dependent acquisition;AC=PRIDE:0000627	TMT129C	NT=Orbitrap Fusion Lumos;AC=MS:1002732	NT=Lys-C;AC=MS:1001309	1	1	NT=collision-induced dissociation;AC=MS:1000133	infection status (mock-infected, infected with SARS-CoV-2)	NT=Carbamidomethyl;AC=UNIMOD:4;MT=Fixed;TA=C	NT=TMT6plex;AC=UNIMOD:730;MT=Fixed;TA=K	NT=Oxidation;AC=UNIMOD:35;MT=Variable;TA=M	NT=Acetyl;AC=UNIMOD:1;MT=Variable;TA=K	NT=Phospho;AC=UNIMOD:21;MT=Variable;TA=STY	6 ppm	orbitrap	350m/z-1400m/z	35 NCE	20200317_KKL_CoV2_24h_5v5_F15.raw	v1.1.0	HAMLET-agentic v0.1.0	sars-cov-2 infection
PXD018357-Sample-58	Homo sapiens	colon	sars-cov-2 infection	epithelial cell	Caco-2, UKF-RC-2	not available	10	not available	not available	run 6	proteomic profiling by mass spectrometry	NT=data-dependent acquisition;AC=PRIDE:0000627	TMT130N	NT=Orbitrap Fusion Lumos;AC=MS:1002732	NT=Lys-C;AC=MS:1001309	1	1	NT=collision-induced dissociation;AC=MS:1000133	infection status (mock-infected, infected with SARS-CoV-2)	NT=Carbamidomethyl;AC=UNIMOD:4;MT=Fixed;TA=C	NT=TMT6plex;AC=UNIMOD:730;MT=Fixed;TA=K	NT=Oxidation;AC=UNIMOD:35;MT=Variable;TA=M	NT=Acetyl;AC=UNIMOD:1;MT=Variable;TA=K	NT=Phospho;AC=UNIMOD:21;MT=Variable;TA=STY	6 ppm	orbitrap	350m/z-1400m/z	35 NCE	20200317_KKL_CoV2_24h_5v5_F15.raw	v1.1.0	HAMLET-agentic v0.1.0	sars-cov-2 infection
PXD018357-Sample-59	Homo sapiens	colon	sars-cov-2 infection	epithelial cell	Caco-2, UKF-RC-2	not available	10	not available	not available	run 6	proteomic profiling by mass spectrometry	NT=data-dependent acquisition;AC=PRIDE:0000627	TMT130C	NT=Orbitrap Fusion Lumos;AC=MS:1002732	NT=Lys-C;AC=MS:1001309	1	1	NT=collision-induced dissociation;AC=MS:1000133	infection status (mock-infected, infected with SARS-CoV-2)	NT=Carbamidomethyl;AC=UNIMOD:4;MT=Fixed;TA=C	NT=TMT6plex;AC=UNIMOD:730;MT=Fixed;TA=K	NT=Oxidation;AC=UNIMOD:35;MT=Variable;TA=M	NT=Acetyl;AC=UNIMOD:1;MT=Variable;TA=K	NT=Phospho;AC=UNIMOD:21;MT=Variable;TA=STY	6 ppm	orbitrap	350m/z-1400m/z	35 NCE	20200317_KKL_CoV2_24h_5v5_F15.raw	v1.1.0	HAMLET-agentic v0.1.0	sars-cov-2 infection
PXD018357-Sample-60	Homo sapiens	colon	sars-cov-2 infection	epithelial cell	Caco-2, UKF-RC-2	not available	10	not available	not available	run 6	proteomic profiling by mass spectrometry	NT=data-dependent acquisition;AC=PRIDE:0000627	TMT131	NT=Orbitrap Fusion Lumos;AC=MS:1002732	NT=Lys-C;AC=MS:1001309	1	1	NT=collision-induced dissociation;AC=MS:1000133	infection status (mock-infected, infected with SARS-CoV-2)	NT=Carbamidomethyl;AC=UNIMOD:4;MT=Fixed;TA=C	NT=TMT6plex;AC=UNIMOD:730;MT=Fixed;TA=K	NT=Oxidation;AC=UNIMOD:35;MT=Variable;TA=M	NT=Acetyl;AC=UNIMOD:1;MT=Variable;TA=K	NT=Phospho;AC=UNIMOD:21;MT=Variable;TA=STY	6 ppm	orbitrap	350m/z-1400m/z	35 NCE	20200317_KKL_CoV2_24h_5v5_F15.raw	v1.1.0	HAMLET-agentic v0.1.0	sars-cov-2 infection
PXD018357-Sample-61	Homo sapiens	colon	sars-cov-2 infection	epithelial cell	Caco-2, UKF-RC-2	not available	10	not available	not available	run 7	proteomic profiling by mass spectrometry	NT=data-dependent acquisition;AC=PRIDE:0000627	TMT126	NT=Orbitrap Fusion Lumos;AC=MS:1002732	NT=Lys-C;AC=MS:1001309	1	1	NT=collision-induced dissociation;AC=MS:1000133	infection status (mock-infected, infected with SARS-CoV-2)	NT=Carbamidomethyl;AC=UNIMOD:4;MT=Fixed;TA=C	NT=TMT6plex;AC=UNIMOD:730;MT=Fixed;TA=K	NT=Oxidation;AC=UNIMOD:35;MT=Variable;TA=M	NT=Acetyl;AC=UNIMOD:1;MT=Variable;TA=K	NT=Phospho;AC=UNIMOD:21;MT=Variable;TA=STY	6 ppm	orbitrap	350m/z-1400m/z	35 NCE	20200317_KKL_CoV2_24h_5v5_F16.raw	v1.1.0	HAMLET-agentic v0.1.0	sars-cov-2 infection
PXD018357-Sample-62	Homo sapiens	colon	sars-cov-2 infection	epithelial cell	Caco-2, UKF-RC-2	not available	10	not available	not available	run 7	proteomic profiling by mass spectrometry	NT=data-dependent acquisition;AC=PRIDE:0000627	TMT127N	NT=Orbitrap Fusion Lumos;AC=MS:1002732	NT=Lys-C;AC=MS:1001309	1	1	NT=collision-induced dissociation;AC=MS:1000133	infection status (mock-infected, infected with SARS-CoV-2)	NT=Carbamidomethyl;AC=UNIMOD:4;MT=Fixed;TA=C	NT=TMT6plex;AC=UNIMOD:730;MT=Fixed;TA=K	NT=Oxidation;AC=UNIMOD:35;MT=Variable;TA=M	NT=Acetyl;AC=UNIMOD:1;MT=Variable;TA=K	NT=Phospho;AC=UNIMOD:21;MT=Variable;TA=STY	6 ppm	orbitrap	350m/z-1400m/z	35 NCE	20200317_KKL_CoV2_24h_5v5_F16.raw	v1.1.0	HAMLET-agentic v0.1.0	sars-cov-2 infection
PXD018357-Sample-63	Homo sapiens	colon	sars-cov-2 infection	epithelial cell	Caco-2, UKF-RC-2	not available	10	not available	not available	run 7	proteomic profiling by mass spectrometry	NT=data-dependent acquisition;AC=PRIDE:0000627	TMT127C	NT=Orbitrap Fusion Lumos;AC=MS:1002732	NT=Lys-C;AC=MS:1001309	1	1	NT=collision-induced dissociation;AC=MS:1000133	infection status (mock-infected, infected with SARS-CoV-2)	NT=Carbamidomethyl;AC=UNIMOD:4;MT=Fixed;TA=C	NT=TMT6plex;AC=UNIMOD:730;MT=Fixed;TA=K	NT=Oxidation;AC=UNIMOD:35;MT=Variable;TA=M	NT=Acetyl;AC=UNIMOD:1;MT=Variable;TA=K	NT=Phospho;AC=UNIMOD:21;MT=Variable;TA=STY	6 ppm	orbitrap	350m/z-1400m/z	35 NCE	20200317_KKL_CoV2_24h_5v5_F16.raw	v1.1.0	HAMLET-agentic v0.1.0	sars-cov-2 infection
PXD018357-Sample-64	Homo sapiens	colon	sars-cov-2 infection	epithelial cell	Caco-2, UKF-RC-2	not available	10	not available	not available	run 7	proteomic profiling by mass spectrometry	NT=data-dependent acquisition;AC=PRIDE:0000627	TMT128N	NT=Orbitrap Fusion Lumos;AC=MS:1002732	NT=Lys-C;AC=MS:1001309	1	1	NT=collision-induced dissociation;AC=MS:1000133	infection status (mock-infected, infected with SARS-CoV-2)	NT=Carbamidomethyl;AC=UNIMOD:4;MT=Fixed;TA=C	NT=TMT6plex;AC=UNIMOD:730;MT=Fixed;TA=K	NT=Oxidation;AC=UNIMOD:35;MT=Variable;TA=M	NT=Acetyl;AC=UNIMOD:1;MT=Variable;TA=K	NT=Phospho;AC=UNIMOD:21;MT=Variable;TA=STY	6 ppm	orbitrap	350m/z-1400m/z	35 NCE	20200317_KKL_CoV2_24h_5v5_F16.raw	v1.1.0	HAMLET-agentic v0.1.0	sars-cov-2 infection
PXD018357-Sample-65	Homo sapiens	colon	sars-cov-2 infection	epithelial cell	Caco-2, UKF-RC-2	not available	10	not available	not available	run 7	proteomic profiling by mass spectrometry	NT=data-dependent acquisition;AC=PRIDE:0000627	TMT128C	NT=Orbitrap Fusion Lumos;AC=MS:1002732	NT=Lys-C;AC=MS:1001309	1	1	NT=collision-induced dissociation;AC=MS:1000133	infection status (mock-infected, infected with SARS-CoV-2)	NT=Carbamidomethyl;AC=UNIMOD:4;MT=Fixed;TA=C	NT=TMT6plex;AC=UNIMOD:730;MT=Fixed;TA=K	NT=Oxidation;AC=UNIMOD:35;MT=Variable;TA=M	NT=Acetyl;AC=UNIMOD:1;MT=Variable;TA=K	NT=Phospho;AC=UNIMOD:21;MT=Variable;TA=STY	6 ppm	orbitrap	350m/z-1400m/z	35 NCE	20200317_KKL_CoV2_24h_5v5_F16.raw	v1.1.0	HAMLET-agentic v0.1.0	sars-cov-2 infection
PXD018357-Sample-66	Homo sapiens	colon	sars-cov-2 infection	epithelial cell	Caco-2, UKF-RC-2	not available	10	not available	not available	run 7	proteomic profiling by mass spectrometry	NT=data-dependent acquisition;AC=PRIDE:0000627	TMT129N	NT=Orbitrap Fusion Lumos;AC=MS:1002732	NT=Lys-C;AC=MS:1001309	1	1	NT=collision-induced dissociation;AC=MS:1000133	infection status (mock-infected, infected with SARS-CoV-2)	NT=Carbamidomethyl;AC=UNIMOD:4;MT=Fixed;TA=C	NT=TMT6plex;AC=UNIMOD:730;MT=Fixed;TA=K	NT=Oxidation;AC=UNIMOD:35;MT=Variable;TA=M	NT=Acetyl;AC=UNIMOD:1;MT=Variable;TA=K	NT=Phospho;AC=UNIMOD:21;MT=Variable;TA=STY	6 ppm	orbitrap	350m/z-1400m/z	35 NCE	20200317_KKL_CoV2_24h_5v5_F16.raw	v1.1.0	HAMLET-agentic v0.1.0	sars-cov-2 infection
PXD018357-Sample-67	Homo sapiens	colon	sars-cov-2 infection	epithelial cell	Caco-2, UKF-RC-2	not available	10	not available	not available	run 7	proteomic profiling by mass spectrometry	NT=data-dependent acquisition;AC=PRIDE:0000627	TMT129C	NT=Orbitrap Fusion Lumos;AC=MS:1002732	NT=Lys-C;AC=MS:1001309	1	1	NT=collision-induced dissociation;AC=MS:1000133	infection status (mock-infected, infected with SARS-CoV-2)	NT=Carbamidomethyl;AC=UNIMOD:4;MT=Fixed;TA=C	NT=TMT6plex;AC=UNIMOD:730;MT=Fixed;TA=K	NT=Oxidation;AC=UNIMOD:35;MT=Variable;TA=M	NT=Acetyl;AC=UNIMOD:1;MT=Variable;TA=K	NT=Phospho;AC=UNIMOD:21;MT=Variable;TA=STY	6 ppm	orbitrap	350m/z-1400m/z	35 NCE	20200317_KKL_CoV2_24h_5v5_F16.raw	v1.1.0	HAMLET-agentic v0.1.0	sars-cov-2 infection
PXD018357-Sample-68	Homo sapiens	colon	sars-cov-2 infection	epithelial cell	Caco-2, UKF-RC-2	not available	10	not available	not available	run 7	proteomic profiling by mass spectrometry	NT=data-dependent acquisition;AC=PRIDE:0000627	TMT130N	NT=Orbitrap Fusion Lumos;AC=MS:1002732	NT=Lys-C;AC=MS:1001309	1	1	NT=collision-induced dissociation;AC=MS:1000133	infection status (mock-infected, infected with SARS-CoV-2)	NT=Carbamidomethyl;AC=UNIMOD:4;MT=Fixed;TA=C	NT=TMT6plex;AC=UNIMOD:730;MT=Fixed;TA=K	NT=Oxidation;AC=UNIMOD:35;MT=Variable;TA=M	NT=Acetyl;AC=UNIMOD:1;MT=Variable;TA=K	NT=Phospho;AC=UNIMOD:21;MT=Variable;TA=STY	6 ppm	orbitrap	350m/z-1400m/z	35 NCE	20200317_KKL_CoV2_24h_5v5_F16.raw	v1.1.0	HAMLET-agentic v0.1.0	sars-cov-2 infection
PXD018357-Sample-69	Homo sapiens	colon	sars-cov-2 infection	epithelial cell	Caco-2, UKF-RC-2	not available	10	not available	not available	run 7	proteomic profiling by mass spectrometry	NT=data-dependent acquisition;AC=PRIDE:0000627	TMT130C	NT=Orbitrap Fusion Lumos;AC=MS:1002732	NT=Lys-C;AC=MS:1001309	1	1	NT=collision-induced dissociation;AC=MS:1000133	infection status (mock-infected, infected with SARS-CoV-2)	NT=Carbamidomethyl;AC=UNIMOD:4;MT=Fixed;TA=C	NT=TMT6plex;AC=UNIMOD:730;MT=Fixed;TA=K	NT=Oxidation;AC=UNIMOD:35;MT=Variable;TA=M	NT=Acetyl;AC=UNIMOD:1;MT=Variable;TA=K	NT=Phospho;AC=UNIMOD:21;MT=Variable;TA=STY	6 ppm	orbitrap	350m/z-1400m/z	35 NCE	20200317_KKL_CoV2_24h_5v5_F16.raw	v1.1.0	HAMLET-agentic v0.1.0	sars-cov-2 infection
PXD018357-Sample-70	Homo sapiens	colon	sars-cov-2 infection	epithelial cell	Caco-2, UKF-RC-2	not available	10	not available	not available	run 7	proteomic profiling by mass spectrometry	NT=data-dependent acquisition;AC=PRIDE:0000627	TMT131	NT=Orbitrap Fusion Lumos;AC=MS:1002732	NT=Lys-C;AC=MS:1001309	1	1	NT=collision-induced dissociation;AC=MS:1000133	infection status (mock-infected, infected with SARS-CoV-2)	NT=Carbamidomethyl;AC=UNIMOD:4;MT=Fixed;TA=C	NT=TMT6plex;AC=UNIMOD:730;MT=Fixed;TA=K	NT=Oxidation;AC=UNIMOD:35;MT=Variable;TA=M	NT=Acetyl;AC=UNIMOD:1;MT=Variable;TA=K	NT=Phospho;AC=UNIMOD:21;MT=Variable;TA=STY	6 ppm	orbitrap	350m/z-1400m/z	35 NCE	20200317_KKL_CoV2_24h_5v5_F16.raw	v1.1.0	HAMLET-agentic v0.1.0	sars-cov-2 infection
PXD018357-Sample-71	Homo sapiens	colon	sars-cov-2 infection	epithelial cell	Caco-2, UKF-RC-2	not available	10	not available	not available	run 8	proteomic profiling by mass spectrometry	NT=data-dependent acquisition;AC=PRIDE:0000627	TMT126	NT=Orbitrap Fusion Lumos;AC=MS:1002732	NT=Lys-C;AC=MS:1001309	1	1	NT=collision-induced dissociation;AC=MS:1000133	infection status (mock-infected, infected with SARS-CoV-2)	NT=Carbamidomethyl;AC=UNIMOD:4;MT=Fixed;TA=C	NT=TMT6plex;AC=UNIMOD:730;MT=Fixed;TA=K	NT=Oxidation;AC=UNIMOD:35;MT=Variable;TA=M	NT=Acetyl;AC=UNIMOD:1;MT=Variable;TA=K	NT=Phospho;AC=UNIMOD:21;MT=Variable;TA=STY	6 ppm	orbitrap	350m/z-1400m/z	35 NCE	20200317_KKL_CoV2_24h_5v5_F17.raw	v1.1.0	HAMLET-agentic v0.1.0	sars-cov-2 infection
PXD018357-Sample-72	Homo sapiens	colon	sars-cov-2 infection	epithelial cell	Caco-2, UKF-RC-2	not available	10	not available	not available	run 8	proteomic profiling by mass spectrometry	NT=data-dependent acquisition;AC=PRIDE:0000627	TMT127N	NT=Orbitrap Fusion Lumos;AC=MS:1002732	NT=Lys-C;AC=MS:1001309	1	1	NT=collision-induced dissociation;AC=MS:1000133	infection status (mock-infected, infected with SARS-CoV-2)	NT=Carbamidomethyl;AC=UNIMOD:4;MT=Fixed;TA=C	NT=TMT6plex;AC=UNIMOD:730;MT=Fixed;TA=K	NT=Oxidation;AC=UNIMOD:35;MT=Variable;TA=M	NT=Acetyl;AC=UNIMOD:1;MT=Variable;TA=K	NT=Phospho;AC=UNIMOD:21;MT=Variable;TA=STY	6 ppm	orbitrap	350m/z-1400m/z	35 NCE	20200317_KKL_CoV2_24h_5v5_F17.raw	v1.1.0	HAMLET-agentic v0.1.0	sars-cov-2 infection
PXD018357-Sample-73	Homo sapiens	colon	sars-cov-2 infection	epithelial cell	Caco-2, UKF-RC-2	not available	10	not available	not available	run 8	proteomic profiling by mass spectrometry	NT=data-dependent acquisition;AC=PRIDE:0000627	TMT127C	NT=Orbitrap Fusion Lumos;AC=MS:1002732	NT=Lys-C;AC=MS:1001309	1	1	NT=collision-induced dissociation;AC=MS:1000133	infection status (mock-infected, infected with SARS-CoV-2)	NT=Carbamidomethyl;AC=UNIMOD:4;MT=Fixed;TA=C	NT=TMT6plex;AC=UNIMOD:730;MT=Fixed;TA=K	NT=Oxidation;AC=UNIMOD:35;MT=Variable;TA=M	NT=Acetyl;AC=UNIMOD:1;MT=Variable;TA=K	NT=Phospho;AC=UNIMOD:21;MT=Variable;TA=STY	6 ppm	orbitrap	350m/z-1400m/z	35 NCE	20200317_KKL_CoV2_24h_5v5_F17.raw	v1.1.0	HAMLET-agentic v0.1.0	sars-cov-2 infection
PXD018357-Sample-74	Homo sapiens	colon	sars-cov-2 infection	epithelial cell	Caco-2, UKF-RC-2	not available	10	not available	not available	run 8	proteomic profiling by mass spectrometry	NT=data-dependent acquisition;AC=PRIDE:0000627	TMT128N	NT=Orbitrap Fusion Lumos;AC=MS:1002732	NT=Lys-C;AC=MS:1001309	1	1	NT=collision-induced dissociation;AC=MS:1000133	infection status (mock-infected, infected with SARS-CoV-2)	NT=Carbamidomethyl;AC=UNIMOD:4;MT=Fixed;TA=C	NT=TMT6plex;AC=UNIMOD:730;MT=Fixed;TA=K	NT=Oxidation;AC=UNIMOD:35;MT=Variable;TA=M	NT=Acetyl;AC=UNIMOD:1;MT=Variable;TA=K	NT=Phospho;AC=UNIMOD:21;MT=Variable;TA=STY	6 ppm	orbitrap	350m/z-1400m/z	35 NCE	20200317_KKL_CoV2_24h_5v5_F17.raw	v1.1.0	HAMLET-agentic v0.1.0	sars-cov-2 infection
PXD018357-Sample-75	Homo sapiens	colon	sars-cov-2 infection	epithelial cell	Caco-2, UKF-RC-2	not available	10	not available	not available	run 8	proteomic profiling by mass spectrometry	NT=data-dependent acquisition;AC=PRIDE:0000627	TMT128C	NT=Orbitrap Fusion Lumos;AC=MS:1002732	NT=Lys-C;AC=MS:1001309	1	1	NT=collision-induced dissociation;AC=MS:1000133	infection status (mock-infected, infected with SARS-CoV-2)	NT=Carbamidomethyl;AC=UNIMOD:4;MT=Fixed;TA=C	NT=TMT6plex;AC=UNIMOD:730;MT=Fixed;TA=K	NT=Oxidation;AC=UNIMOD:35;MT=Variable;TA=M	NT=Acetyl;AC=UNIMOD:1;MT=Variable;TA=K	NT=Phospho;AC=UNIMOD:21;MT=Variable;TA=STY	6 ppm	orbitrap	350m/z-1400m/z	35 NCE	20200317_KKL_CoV2_24h_5v5_F17.raw	v1.1.0	HAMLET-agentic v0.1.0	sars-cov-2 infection
PXD018357-Sample-76	Homo sapiens	colon	sars-cov-2 infection	epithelial cell	Caco-2, UKF-RC-2	not available	10	not available	not available	run 8	proteomic profiling by mass spectrometry	NT=data-dependent acquisition;AC=PRIDE:0000627	TMT129N	NT=Orbitrap Fusion Lumos;AC=MS:1002732	NT=Lys-C;AC=MS:1001309	1	1	NT=collision-induced dissociation;AC=MS:1000133	infection status (mock-infected, infected with SARS-CoV-2)	NT=Carbamidomethyl;AC=UNIMOD:4;MT=Fixed;TA=C	NT=TMT6plex;AC=UNIMOD:730;MT=Fixed;TA=K	NT=Oxidation;AC=UNIMOD:35;MT=Variable;TA=M	NT=Acetyl;AC=UNIMOD:1;MT=Variable;TA=K	NT=Phospho;AC=UNIMOD:21;MT=Variable;TA=STY	6 ppm	orbitrap	350m/z-1400m/z	35 NCE	20200317_KKL_CoV2_24h_5v5_F17.raw	v1.1.0	HAMLET-agentic v0.1.0	sars-cov-2 infection
PXD018357-Sample-77	Homo sapiens	colon	sars-cov-2 infection	epithelial cell	Caco-2, UKF-RC-2	not available	10	not available	not available	run 8	proteomic profiling by mass spectrometry	NT=data-dependent acquisition;AC=PRIDE:0000627	TMT129C	NT=Orbitrap Fusion Lumos;AC=MS:1002732	NT=Lys-C;AC=MS:1001309	1	1	NT=collision-induced dissociation;AC=MS:1000133	infection status (mock-infected, infected with SARS-CoV-2)	NT=Carbamidomethyl;AC=UNIMOD:4;MT=Fixed;TA=C	NT=TMT6plex;AC=UNIMOD:730;MT=Fixed;TA=K	NT=Oxidation;AC=UNIMOD:35;MT=Variable;TA=M	NT=Acetyl;AC=UNIMOD:1;MT=Variable;TA=K	NT=Phospho;AC=UNIMOD:21;MT=Variable;TA=STY	6 ppm	orbitrap	350m/z-1400m/z	35 NCE	20200317_KKL_CoV2_24h_5v5_F17.raw	v1.1.0	HAMLET-agentic v0.1.0	sars-cov-2 infection
PXD018357-Sample-78	Homo sapiens	colon	sars-cov-2 infection	epithelial cell	Caco-2, UKF-RC-2	not available	10	not available	not available	run 8	proteomic profiling by mass spectrometry	NT=data-dependent acquisition;AC=PRIDE:0000627	TMT130N	NT=Orbitrap Fusion Lumos;AC=MS:1002732	NT=Lys-C;AC=MS:1001309	1	1	NT=collision-induced dissociation;AC=MS:1000133	infection status (mock-infected, infected with SARS-CoV-2)	NT=Carbamidomethyl;AC=UNIMOD:4;MT=Fixed;TA=C	NT=TMT6plex;AC=UNIMOD:730;MT=Fixed;TA=K	NT=Oxidation;AC=UNIMOD:35;MT=Variable;TA=M	NT=Acetyl;AC=UNIMOD:1;MT=Variable;TA=K	NT=Phospho;AC=UNIMOD:21;MT=Variable;TA=STY	6 ppm	orbitrap	350m/z-1400m/z	35 NCE	20200317_KKL_CoV2_24h_5v5_F17.raw	v1.1.0	HAMLET-agentic v0.1.0	sars-cov-2 infection
PXD018357-Sample-79	Homo sapiens	colon	sars-cov-2 infection	epithelial cell	Caco-2, UKF-RC-2	not available	10	not available	not available	run 8	proteomic profiling by mass spectrometry	NT=data-dependent acquisition;AC=PRIDE:0000627	TMT130C	NT=Orbitrap Fusion Lumos;AC=MS:1002732	NT=Lys-C;AC=MS:1001309	1	1	NT=collision-induced dissociation;AC=MS:1000133	infection status (mock-infected, infected with SARS-CoV-2)	NT=Carbamidomethyl;AC=UNIMOD:4;MT=Fixed;TA=C	NT=TMT6plex;AC=UNIMOD:730;MT=Fixed;TA=K	NT=Oxidation;AC=UNIMOD:35;MT=Variable;TA=M	NT=Acetyl;AC=UNIMOD:1;MT=Variable;TA=K	NT=Phospho;AC=UNIMOD:21;MT=Variable;TA=STY	6 ppm	orbitrap	350m/z-1400m/z	35 NCE	20200317_KKL_CoV2_24h_5v5_F17.raw	v1.1.0	HAMLET-agentic v0.1.0	sars-cov-2 infection
PXD018357-Sample-80	Homo sapiens	colon	sars-cov-2 infection	epithelial cell	Caco-2, UKF-RC-2	not available	10	not available	not available	run 8	proteomic profiling by mass spectrometry	NT=data-dependent acquisition;AC=PRIDE:0000627	TMT131	NT=Orbitrap Fusion Lumos;AC=MS:1002732	NT=Lys-C;AC=MS:1001309	1	1	NT=collision-induced dissociation;AC=MS:1000133	infection status (mock-infected, infected with SARS-CoV-2)	NT=Carbamidomethyl;AC=UNIMOD:4;MT=Fixed;TA=C	NT=TMT6plex;AC=UNIMOD:730;MT=Fixed;TA=K	NT=Oxidation;AC=UNIMOD:35;MT=Variable;TA=M	NT=Acetyl;AC=UNIMOD:1;MT=Variable;TA=K	NT=Phospho;AC=UNIMOD:21;MT=Variable;TA=STY	6 ppm	orbitrap	350m/z-1400m/z	35 NCE	20200317_KKL_CoV2_24h_5v5_F17.raw	v1.1.0	HAMLET-agentic v0.1.0	sars-cov-2 infection
PXD018357-Sample-81	Homo sapiens	colon	sars-cov-2 infection	epithelial cell	Caco-2, UKF-RC-2	not available	10	not available	not available	run 9	proteomic profiling by mass spectrometry	NT=data-dependent acquisition;AC=PRIDE:0000627	TMT126	NT=Orbitrap Fusion Lumos;AC=MS:1002732	NT=Lys-C;AC=MS:1001309	1	1	NT=collision-induced dissociation;AC=MS:1000133	infection status (mock-infected, infected with SARS-CoV-2)	NT=Carbamidomethyl;AC=UNIMOD:4;MT=Fixed;TA=C	NT=TMT6plex;AC=UNIMOD:730;MT=Fixed;TA=K	NT=Oxidation;AC=UNIMOD:35;MT=Variable;TA=M	NT=Acetyl;AC=UNIMOD:1;MT=Variable;TA=K	NT=Phospho;AC=UNIMOD:21;MT=Variable;TA=STY	6 ppm	orbitrap	350m/z-1400m/z	35 NCE	20200317_KKL_CoV2_24h_5v5_F18.raw	v1.1.0	HAMLET-agentic v0.1.0	sars-cov-2 infection
PXD018357-Sample-82	Homo sapiens	colon	sars-cov-2 infection	epithelial cell	Caco-2, UKF-RC-2	not available	10	not available	not available	run 9	proteomic profiling by mass spectrometry	NT=data-dependent acquisition;AC=PRIDE:0000627	TMT127N	NT=Orbitrap Fusion Lumos;AC=MS:1002732	NT=Lys-C;AC=MS:1001309	1	1	NT=collision-induced dissociation;AC=MS:1000133	infection status (mock-infected, infected with SARS-CoV-2)	NT=Carbamidomethyl;AC=UNIMOD:4;MT=Fixed;TA=C	NT=TMT6plex;AC=UNIMOD:730;MT=Fixed;TA=K	NT=Oxidation;AC=UNIMOD:35;MT=Variable;TA=M	NT=Acetyl;AC=UNIMOD:1;MT=Variable;TA=K	NT=Phospho;AC=UNIMOD:21;MT=Variable;TA=STY	6 ppm	orbitrap	350m/z-1400m/z	35 NCE	20200317_KKL_CoV2_24h_5v5_F18.raw	v1.1.0	HAMLET-agentic v0.1.0	sars-cov-2 infection
PXD018357-Sample-83	Homo sapiens	colon	sars-cov-2 infection	epithelial cell	Caco-2, UKF-RC-2	not available	10	not available	not available	run 9	proteomic profiling by mass spectrometry	NT=data-dependent acquisition;AC=PRIDE:0000627	TMT127C	NT=Orbitrap Fusion Lumos;AC=MS:1002732	NT=Lys-C;AC=MS:1001309	1	1	NT=collision-induced dissociation;AC=MS:1000133	infection status (mock-infected, infected with SARS-CoV-2)	NT=Carbamidomethyl;AC=UNIMOD:4;MT=Fixed;TA=C	NT=TMT6plex;AC=UNIMOD:730;MT=Fixed;TA=K	NT=Oxidation;AC=UNIMOD:35;MT=Variable;TA=M	NT=Acetyl;AC=UNIMOD:1;MT=Variable;TA=K	NT=Phospho;AC=UNIMOD:21;MT=Variable;TA=STY	6 ppm	orbitrap	350m/z-1400m/z	35 NCE	20200317_KKL_CoV2_24h_5v5_F18.raw	v1.1.0	HAMLET-agentic v0.1.0	sars-cov-2 infection
PXD018357-Sample-84	Homo sapiens	colon	sars-cov-2 infection	epithelial cell	Caco-2, UKF-RC-2	not available	10	not available	not available	run 9	proteomic profiling by mass spectrometry	NT=data-dependent acquisition;AC=PRIDE:0000627	TMT128N	NT=Orbitrap Fusion Lumos;AC=MS:1002732	NT=Lys-C;AC=MS:1001309	1	1	NT=collision-induced dissociation;AC=MS:1000133	infection status (mock-infected, infected with SARS-CoV-2)	NT=Carbamidomethyl;AC=UNIMOD:4;MT=Fixed;TA=C	NT=TMT6plex;AC=UNIMOD:730;MT=Fixed;TA=K	NT=Oxidation;AC=UNIMOD:35;MT=Variable;TA=M	NT=Acetyl;AC=UNIMOD:1;MT=Variable;TA=K	NT=Phospho;AC=UNIMOD:21;MT=Variable;TA=STY	6 ppm	orbitrap	350m/z-1400m/z	35 NCE	20200317_KKL_CoV2_24h_5v5_F18.raw	v1.1.0	HAMLET-agentic v0.1.0	sars-cov-2 infection
PXD018357-Sample-85	Homo sapiens	colon	sars-cov-2 infection	epithelial cell	Caco-2, UKF-RC-2	not available	10	not available	not available	run 9	proteomic profiling by mass spectrometry	NT=data-dependent acquisition;AC=PRIDE:0000627	TMT128C	NT=Orbitrap Fusion Lumos;AC=MS:1002732	NT=Lys-C;AC=MS:1001309	1	1	NT=collision-induced dissociation;AC=MS:1000133	infection status (mock-infected, infected with SARS-CoV-2)	NT=Carbamidomethyl;AC=UNIMOD:4;MT=Fixed;TA=C	NT=TMT6plex;AC=UNIMOD:730;MT=Fixed;TA=K	NT=Oxidation;AC=UNIMOD:35;MT=Variable;TA=M	NT=Acetyl;AC=UNIMOD:1;MT=Variable;TA=K	NT=Phospho;AC=UNIMOD:21;MT=Variable;TA=STY	6 ppm	orbitrap	350m/z-1400m/z	35 NCE	20200317_KKL_CoV2_24h_5v5_F18.raw	v1.1.0	HAMLET-agentic v0.1.0	sars-cov-2 infection
PXD018357-Sample-86	Homo sapiens	colon	sars-cov-2 infection	epithelial cell	Caco-2, UKF-RC-2	not available	10	not available	not available	run 9	proteomic profiling by mass spectrometry	NT=data-dependent acquisition;AC=PRIDE:0000627	TMT129N	NT=Orbitrap Fusion Lumos;AC=MS:1002732	NT=Lys-C;AC=MS:1001309	1	1	NT=collision-induced dissociation;AC=MS:1000133	infection status (mock-infected, infected with SARS-CoV-2)	NT=Carbamidomethyl;AC=UNIMOD:4;MT=Fixed;TA=C	NT=TMT6plex;AC=UNIMOD:730;MT=Fixed;TA=K	NT=Oxidation;AC=UNIMOD:35;MT=Variable;TA=M	NT=Acetyl;AC=UNIMOD:1;MT=Variable;TA=K	NT=Phospho;AC=UNIMOD:21;MT=Variable;TA=STY	6 ppm	orbitrap	350m/z-1400m/z	35 NCE	20200317_KKL_CoV2_24h_5v5_F18.raw	v1.1.0	HAMLET-agentic v0.1.0	sars-cov-2 infection
PXD018357-Sample-87	Homo sapiens	colon	sars-cov-2 infection	epithelial cell	Caco-2, UKF-RC-2	not available	10	not available	not available	run 9	proteomic profiling by mass spectrometry	NT=data-dependent acquisition;AC=PRIDE:0000627	TMT129C	NT=Orbitrap Fusion Lumos;AC=MS:1002732	NT=Lys-C;AC=MS:1001309	1	1	NT=collision-induced dissociation;AC=MS:1000133	infection status (mock-infected, infected with SARS-CoV-2)	NT=Carbamidomethyl;AC=UNIMOD:4;MT=Fixed;TA=C	NT=TMT6plex;AC=UNIMOD:730;MT=Fixed;TA=K	NT=Oxidation;AC=UNIMOD:35;MT=Variable;TA=M	NT=Acetyl;AC=UNIMOD:1;MT=Variable;TA=K	NT=Phospho;AC=UNIMOD:21;MT=Variable;TA=STY	6 ppm	orbitrap	350m/z-1400m/z	35 NCE	20200317_KKL_CoV2_24h_5v5_F18.raw	v1.1.0	HAMLET-agentic v0.1.0	sars-cov-2 infection
PXD018357-Sample-88	Homo sapiens	colon	sars-cov-2 infection	epithelial cell	Caco-2, UKF-RC-2	not available	10	not available	not available	run 9	proteomic profiling by mass spectrometry	NT=data-dependent acquisition;AC=PRIDE:0000627	TMT130N	NT=Orbitrap Fusion Lumos;AC=MS:1002732	NT=Lys-C;AC=MS:1001309	1	1	NT=collision-induced dissociation;AC=MS:1000133	infection status (mock-infected, infected with SARS-CoV-2)	NT=Carbamidomethyl;AC=UNIMOD:4;MT=Fixed;TA=C	NT=TMT6plex;AC=UNIMOD:730;MT=Fixed;TA=K	NT=Oxidation;AC=UNIMOD:35;MT=Variable;TA=M	NT=Acetyl;AC=UNIMOD:1;MT=Variable;TA=K	NT=Phospho;AC=UNIMOD:21;MT=Variable;TA=STY	6 ppm	orbitrap	350m/z-1400m/z	35 NCE	20200317_KKL_CoV2_24h_5v5_F18.raw	v1.1.0	HAMLET-agentic v0.1.0	sars-cov-2 infection
PXD018357-Sample-89	Homo sapiens	colon	sars-cov-2 infection	epithelial cell	Caco-2, UKF-RC-2	not available	10	not available	not available	run 9	proteomic profiling by mass spectrometry	NT=data-dependent acquisition;AC=PRIDE:0000627	TMT130C	NT=Orbitrap Fusion Lumos;AC=MS:1002732	NT=Lys-C;AC=MS:1001309	1	1	NT=collision-induced dissociation;AC=MS:1000133	infection status (mock-infected, infected with SARS-CoV-2)	NT=Carbamidomethyl;AC=UNIMOD:4;MT=Fixed;TA=C	NT=TMT6plex;AC=UNIMOD:730;MT=Fixed;TA=K	NT=Oxidation;AC=UNIMOD:35;MT=Variable;TA=M	NT=Acetyl;AC=UNIMOD:1;MT=Variable;TA=K	NT=Phospho;AC=UNIMOD:21;MT=Variable;TA=STY	6 ppm	orbitrap	350m/z-1400m/z	35 NCE	20200317_KKL_CoV2_24h_5v5_F18.raw	v1.1.0	HAMLET-agentic v0.1.0	sars-cov-2 infection
PXD018357-Sample-90	Homo sapiens	colon	sars-cov-2 infection	epithelial cell	Caco-2, UKF-RC-2	not available	10	not available	not available	run 9	proteomic profiling by mass spectrometry	NT=data-dependent acquisition;AC=PRIDE:0000627	TMT131	NT=Orbitrap Fusion Lumos;AC=MS:1002732	NT=Lys-C;AC=MS:1001309	1	1	NT=collision-induced dissociation;AC=MS:1000133	infection status (mock-infected, infected with SARS-CoV-2)	NT=Carbamidomethyl;AC=UNIMOD:4;MT=Fixed;TA=C	NT=TMT6plex;AC=UNIMOD:730;MT=Fixed;TA=K	NT=Oxidation;AC=UNIMOD:35;MT=Variable;TA=M	NT=Acetyl;AC=UNIMOD:1;MT=Variable;TA=K	NT=Phospho;AC=UNIMOD:21;MT=Variable;TA=STY	6 ppm	orbitrap	350m/z-1400m/z	35 NCE	20200317_KKL_CoV2_24h_5v5_F18.raw	v1.1.0	HAMLET-agentic v0.1.0	sars-cov-2 infection
PXD018357-Sample-91	Homo sapiens	colon	sars-cov-2 infection	epithelial cell	Caco-2, UKF-RC-2	not available	10	not available	not available	run 10	proteomic profiling by mass spectrometry	NT=data-dependent acquisition;AC=PRIDE:0000627	TMT126	NT=Orbitrap Fusion Lumos;AC=MS:1002732	NT=Lys-C;AC=MS:1001309	1	1	NT=collision-induced dissociation;AC=MS:1000133	infection status (mock-infected, infected with SARS-CoV-2)	NT=Carbamidomethyl;AC=UNIMOD:4;MT=Fixed;TA=C	NT=TMT6plex;AC=UNIMOD:730;MT=Fixed;TA=K	NT=Oxidation;AC=UNIMOD:35;MT=Variable;TA=M	NT=Acetyl;AC=UNIMOD:1;MT=Variable;TA=K	NT=Phospho;AC=UNIMOD:21;MT=Variable;TA=STY	6 ppm	orbitrap	350m/z-1400m/z	35 NCE	20200317_KKL_CoV2_24h_5v5_F19.raw	v1.1.0	HAMLET-agentic v0.1.0	sars-cov-2 infection
PXD018357-Sample-92	Homo sapiens	colon	sars-cov-2 infection	epithelial cell	Caco-2, UKF-RC-2	not available	10	not available	not available	run 10	proteomic profiling by mass spectrometry	NT=data-dependent acquisition;AC=PRIDE:0000627	TMT127N	NT=Orbitrap Fusion Lumos;AC=MS:1002732	NT=Lys-C;AC=MS:1001309	1	1	NT=collision-induced dissociation;AC=MS:1000133	infection status (mock-infected, infected with SARS-CoV-2)	NT=Carbamidomethyl;AC=UNIMOD:4;MT=Fixed;TA=C	NT=TMT6plex;AC=UNIMOD:730;MT=Fixed;TA=K	NT=Oxidation;AC=UNIMOD:35;MT=Variable;TA=M	NT=Acetyl;AC=UNIMOD:1;MT=Variable;TA=K	NT=Phospho;AC=UNIMOD:21;MT=Variable;TA=STY	6 ppm	orbitrap	350m/z-1400m/z	35 NCE	20200317_KKL_CoV2_24h_5v5_F19.raw	v1.1.0	HAMLET-agentic v0.1.0	sars-cov-2 infection
PXD018357-Sample-93	Homo sapiens	colon	sars-cov-2 infection	epithelial cell	Caco-2, UKF-RC-2	not available	10	not available	not available	run 10	proteomic profiling by mass spectrometry	NT=data-dependent acquisition;AC=PRIDE:0000627	TMT127C	NT=Orbitrap Fusion Lumos;AC=MS:1002732	NT=Lys-C;AC=MS:1001309	1	1	NT=collision-induced dissociation;AC=MS:1000133	infection status (mock-infected, infected with SARS-CoV-2)	NT=Carbamidomethyl;AC=UNIMOD:4;MT=Fixed;TA=C	NT=TMT6plex;AC=UNIMOD:730;MT=Fixed;TA=K	NT=Oxidation;AC=UNIMOD:35;MT=Variable;TA=M	NT=Acetyl;AC=UNIMOD:1;MT=Variable;TA=K	NT=Phospho;AC=UNIMOD:21;MT=Variable;TA=STY	6 ppm	orbitrap	350m/z-1400m/z	35 NCE	20200317_KKL_CoV2_24h_5v5_F19.raw	v1.1.0	HAMLET-agentic v0.1.0	sars-cov-2 infection
PXD018357-Sample-94	Homo sapiens	colon	sars-cov-2 infection	epithelial cell	Caco-2, UKF-RC-2	not available	10	not available	not available	run 10	proteomic profiling by mass spectrometry	NT=data-dependent acquisition;AC=PRIDE:0000627	TMT128N	NT=Orbitrap Fusion Lumos;AC=MS:1002732	NT=Lys-C;AC=MS:1001309	1	1	NT=collision-induced dissociation;AC=MS:1000133	infection status (mock-infected, infected with SARS-CoV-2)	NT=Carbamidomethyl;AC=UNIMOD:4;MT=Fixed;TA=C	NT=TMT6plex;AC=UNIMOD:730;MT=Fixed;TA=K	NT=Oxidation;AC=UNIMOD:35;MT=Variable;TA=M	NT=Acetyl;AC=UNIMOD:1;MT=Variable;TA=K	NT=Phospho;AC=UNIMOD:21;MT=Variable;TA=STY	6 ppm	orbitrap	350m/z-1400m/z	35 NCE	20200317_KKL_CoV2_24h_5v5_F19.raw	v1.1.0	HAMLET-agentic v0.1.0	sars-cov-2 infection
PXD018357-Sample-95	Homo sapiens	colon	sars-cov-2 infection	epithelial cell	Caco-2, UKF-RC-2	not available	10	not available	not available	run 10	proteomic profiling by mass spectrometry	NT=data-dependent acquisition;AC=PRIDE:0000627	TMT128C	NT=Orbitrap Fusion Lumos;AC=MS:1002732	NT=Lys-C;AC=MS:1001309	1	1	NT=collision-induced dissociation;AC=MS:1000133	infection status (mock-infected, infected with SARS-CoV-2)	NT=Carbamidomethyl;AC=UNIMOD:4;MT=Fixed;TA=C	NT=TMT6plex;AC=UNIMOD:730;MT=Fixed;TA=K	NT=Oxidation;AC=UNIMOD:35;MT=Variable;TA=M	NT=Acetyl;AC=UNIMOD:1;MT=Variable;TA=K	NT=Phospho;AC=UNIMOD:21;MT=Variable;TA=STY	6 ppm	orbitrap	350m/z-1400m/z	35 NCE	20200317_KKL_CoV2_24h_5v5_F19.raw	v1.1.0	HAMLET-agentic v0.1.0	sars-cov-2 infection
PXD018357-Sample-96	Homo sapiens	colon	sars-cov-2 infection	epithelial cell	Caco-2, UKF-RC-2	not available	10	not available	not available	run 10	proteomic profiling by mass spectrometry	NT=data-dependent acquisition;AC=PRIDE:0000627	TMT129N	NT=Orbitrap Fusion Lumos;AC=MS:1002732	NT=Lys-C;AC=MS:1001309	1	1	NT=collision-induced dissociation;AC=MS:1000133	infection status (mock-infected, infected with SARS-CoV-2)	NT=Carbamidomethyl;AC=UNIMOD:4;MT=Fixed;TA=C	NT=TMT6plex;AC=UNIMOD:730;MT=Fixed;TA=K	NT=Oxidation;AC=UNIMOD:35;MT=Variable;TA=M	NT=Acetyl;AC=UNIMOD:1;MT=Variable;TA=K	NT=Phospho;AC=UNIMOD:21;MT=Variable;TA=STY	6 ppm	orbitrap	350m/z-1400m/z	35 NCE	20200317_KKL_CoV2_24h_5v5_F19.raw	v1.1.0	HAMLET-agentic v0.1.0	sars-cov-2 infection
PXD018357-Sample-97	Homo sapiens	colon	sars-cov-2 infection	epithelial cell	Caco-2, UKF-RC-2	not available	10	not available	not available	run 10	proteomic profiling by mass spectrometry	NT=data-dependent acquisition;AC=PRIDE:0000627	TMT129C	NT=Orbitrap Fusion Lumos;AC=MS:1002732	NT=Lys-C;AC=MS:1001309	1	1	NT=collision-induced dissociation;AC=MS:1000133	infection status (mock-infected, infected with SARS-CoV-2)	NT=Carbamidomethyl;AC=UNIMOD:4;MT=Fixed;TA=C	NT=TMT6plex;AC=UNIMOD:730;MT=Fixed;TA=K	NT=Oxidation;AC=UNIMOD:35;MT=Variable;TA=M	NT=Acetyl;AC=UNIMOD:1;MT=Variable;TA=K	NT=Phospho;AC=UNIMOD:21;MT=Variable;TA=STY	6 ppm	orbitrap	350m/z-1400m/z	35 NCE	20200317_KKL_CoV2_24h_5v5_F19.raw	v1.1.0	HAMLET-agentic v0.1.0	sars-cov-2 infection
PXD018357-Sample-98	Homo sapiens	colon	sars-cov-2 infection	epithelial cell	Caco-2, UKF-RC-2	not available	10	not available	not available	run 10	proteomic profiling by mass spectrometry	NT=data-dependent acquisition;AC=PRIDE:0000627	TMT130N	NT=Orbitrap Fusion Lumos;AC=MS:1002732	NT=Lys-C;AC=MS:1001309	1	1	NT=collision-induced dissociation;AC=MS:1000133	infection status (mock-infected, infected with SARS-CoV-2)	NT=Carbamidomethyl;AC=UNIMOD:4;MT=Fixed;TA=C	NT=TMT6plex;AC=UNIMOD:730;MT=Fixed;TA=K	NT=Oxidation;AC=UNIMOD:35;MT=Variable;TA=M	NT=Acetyl;AC=UNIMOD:1;MT=Variable;TA=K	NT=Phospho;AC=UNIMOD:21;MT=Variable;TA=STY	6 ppm	orbitrap	350m/z-1400m/z	35 NCE	20200317_KKL_CoV2_24h_5v5_F19.raw	v1.1.0	HAMLET-agentic v0.1.0	sars-cov-2 infection
PXD018357-Sample-99	Homo sapiens	colon	sars-cov-2 infection	epithelial cell	Caco-2, UKF-RC-2	not available	10	not available	not available	run 10	proteomic profiling by mass spectrometry	NT=data-dependent acquisition;AC=PRIDE:0000627	TMT130C	NT=Orbitrap Fusion Lumos;AC=MS:1002732	NT=Lys-C;AC=MS:1001309	1	1	NT=collision-induced dissociation;AC=MS:1000133	infection status (mock-infected, infected with SARS-CoV-2)	NT=Carbamidomethyl;AC=UNIMOD:4;MT=Fixed;TA=C	NT=TMT6plex;AC=UNIMOD:730;MT=Fixed;TA=K	NT=Oxidation;AC=UNIMOD:35;MT=Variable;TA=M	NT=Acetyl;AC=UNIMOD:1;MT=Variable;TA=K	NT=Phospho;AC=UNIMOD:21;MT=Variable;TA=STY	6 ppm	orbitrap	350m/z-1400m/z	35 NCE	20200317_KKL_CoV2_24h_5v5_F19.raw	v1.1.0	HAMLET-agentic v0.1.0	sars-cov-2 infection
PXD018357-Sample-100	Homo sapiens	colon	sars-cov-2 infection	epithelial cell	Caco-2, UKF-RC-2	not available	10	not available	not available	run 10	proteomic profiling by mass spectrometry	NT=data-dependent acquisition;AC=PRIDE:0000627	TMT131	NT=Orbitrap Fusion Lumos;AC=MS:1002732	NT=Lys-C;AC=MS:1001309	1	1	NT=collision-induced dissociation;AC=MS:1000133	infection status (mock-infected, infected with SARS-CoV-2)	NT=Carbamidomethyl;AC=UNIMOD:4;MT=Fixed;TA=C	NT=TMT6plex;AC=UNIMOD:730;MT=Fixed;TA=K	NT=Oxidation;AC=UNIMOD:35;MT=Variable;TA=M	NT=Acetyl;AC=UNIMOD:1;MT=Variable;TA=K	NT=Phospho;AC=UNIMOD:21;MT=Variable;TA=STY	6 ppm	orbitrap	350m/z-1400m/z	35 NCE	20200317_KKL_CoV2_24h_5v5_F19.raw	v1.1.0	HAMLET-agentic v0.1.0	sars-cov-2 infection
PXD018357-Sample-101	Homo sapiens	colon	sars-cov-2 infection	epithelial cell	Caco-2, UKF-RC-2	not available	10	not available	not available	run 11	proteomic profiling by mass spectrometry	NT=data-dependent acquisition;AC=PRIDE:0000627	TMT126	NT=Orbitrap Fusion Lumos;AC=MS:1002732	NT=Lys-C;AC=MS:1001309	1	1	NT=collision-induced dissociation;AC=MS:1000133	infection status (mock-infected, infected with SARS-CoV-2)	NT=Carbamidomethyl;AC=UNIMOD:4;MT=Fixed;TA=C	NT=TMT6plex;AC=UNIMOD:730;MT=Fixed;TA=K	NT=Oxidation;AC=UNIMOD:35;MT=Variable;TA=M	NT=Acetyl;AC=UNIMOD:1;MT=Variable;TA=K	NT=Phospho;AC=UNIMOD:21;MT=Variable;TA=STY	6 ppm	orbitrap	350m/z-1400m/z	35 NCE	20200317_KKL_CoV2_24h_5v5_F1_20200318175539.raw	v1.1.0	HAMLET-agentic v0.1.0	sars-cov-2 infection
PXD018357-Sample-102	Homo sapiens	colon	sars-cov-2 infection	epithelial cell	Caco-2, UKF-RC-2	not available	10	not available	not available	run 11	proteomic profiling by mass spectrometry	NT=data-dependent acquisition;AC=PRIDE:0000627	TMT127N	NT=Orbitrap Fusion Lumos;AC=MS:1002732	NT=Lys-C;AC=MS:1001309	1	1	NT=collision-induced dissociation;AC=MS:1000133	infection status (mock-infected, infected with SARS-CoV-2)	NT=Carbamidomethyl;AC=UNIMOD:4;MT=Fixed;TA=C	NT=TMT6plex;AC=UNIMOD:730;MT=Fixed;TA=K	NT=Oxidation;AC=UNIMOD:35;MT=Variable;TA=M	NT=Acetyl;AC=UNIMOD:1;MT=Variable;TA=K	NT=Phospho;AC=UNIMOD:21;MT=Variable;TA=STY	6 ppm	orbitrap	350m/z-1400m/z	35 NCE	20200317_KKL_CoV2_24h_5v5_F1_20200318175539.raw	v1.1.0	HAMLET-agentic v0.1.0	sars-cov-2 infection
PXD018357-Sample-103	Homo sapiens	colon	sars-cov-2 infection	epithelial cell	Caco-2, UKF-RC-2	not available	10	not available	not available	run 11	proteomic profiling by mass spectrometry	NT=data-dependent acquisition;AC=PRIDE:0000627	TMT127C	NT=Orbitrap Fusion Lumos;AC=MS:1002732	NT=Lys-C;AC=MS:1001309	1	1	NT=collision-induced dissociation;AC=MS:1000133	infection status (mock-infected, infected with SARS-CoV-2)	NT=Carbamidomethyl;AC=UNIMOD:4;MT=Fixed;TA=C	NT=TMT6plex;AC=UNIMOD:730;MT=Fixed;TA=K	NT=Oxidation;AC=UNIMOD:35;MT=Variable;TA=M	NT=Acetyl;AC=UNIMOD:1;MT=Variable;TA=K	NT=Phospho;AC=UNIMOD:21;MT=Variable;TA=STY	6 ppm	orbitrap	350m/z-1400m/z	35 NCE	20200317_KKL_CoV2_24h_5v5_F1_20200318175539.raw	v1.1.0	HAMLET-agentic v0.1.0	sars-cov-2 infection
PXD018357-Sample-104	Homo sapiens	colon	sars-cov-2 infection	epithelial cell	Caco-2, UKF-RC-2	not available	10	not available	not available	run 11	proteomic profiling by mass spectrometry	NT=data-dependent acquisition;AC=PRIDE:0000627	TMT128N	NT=Orbitrap Fusion Lumos;AC=MS:1002732	NT=Lys-C;AC=MS:1001309	1	1	NT=collision-induced dissociation;AC=MS:1000133	infection status (mock-infected, infected with SARS-CoV-2)	NT=Carbamidomethyl;AC=UNIMOD:4;MT=Fixed;TA=C	NT=TMT6plex;AC=UNIMOD:730;MT=Fixed;TA=K	NT=Oxidation;AC=UNIMOD:35;MT=Variable;TA=M	NT=Acetyl;AC=UNIMOD:1;MT=Variable;TA=K	NT=Phospho;AC=UNIMOD:21;MT=Variable;TA=STY	6 ppm	orbitrap	350m/z-1400m/z	35 NCE	20200317_KKL_CoV2_24h_5v5_F1_20200318175539.raw	v1.1.0	HAMLET-agentic v0.1.0	sars-cov-2 infection
PXD018357-Sample-105	Homo sapiens	colon	sars-cov-2 infection	epithelial cell	Caco-2, UKF-RC-2	not available	10	not available	not available	run 11	proteomic profiling by mass spectrometry	NT=data-dependent acquisition;AC=PRIDE:0000627	TMT128C	NT=Orbitrap Fusion Lumos;AC=MS:1002732	NT=Lys-C;AC=MS:1001309	1	1	NT=collision-induced dissociation;AC=MS:1000133	infection status (mock-infected, infected with SARS-CoV-2)	NT=Carbamidomethyl;AC=UNIMOD:4;MT=Fixed;TA=C	NT=TMT6plex;AC=UNIMOD:730;MT=Fixed;TA=K	NT=Oxidation;AC=UNIMOD:35;MT=Variable;TA=M	NT=Acetyl;AC=UNIMOD:1;MT=Variable;TA=K	NT=Phospho;AC=UNIMOD:21;MT=Variable;TA=STY	6 ppm	orbitrap	350m/z-1400m/z	35 NCE	20200317_KKL_CoV2_24h_5v5_F1_20200318175539.raw	v1.1.0	HAMLET-agentic v0.1.0	sars-cov-2 infection
PXD018357-Sample-106	Homo sapiens	colon	sars-cov-2 infection	epithelial cell	Caco-2, UKF-RC-2	not available	10	not available	not available	run 11	proteomic profiling by mass spectrometry	NT=data-dependent acquisition;AC=PRIDE:0000627	TMT129N	NT=Orbitrap Fusion Lumos;AC=MS:1002732	NT=Lys-C;AC=MS:1001309	1	1	NT=collision-induced dissociation;AC=MS:1000133	infection status (mock-infected, infected with SARS-CoV-2)	NT=Carbamidomethyl;AC=UNIMOD:4;MT=Fixed;TA=C	NT=TMT6plex;AC=UNIMOD:730;MT=Fixed;TA=K	NT=Oxidation;AC=UNIMOD:35;MT=Variable;TA=M	NT=Acetyl;AC=UNIMOD:1;MT=Variable;TA=K	NT=Phospho;AC=UNIMOD:21;MT=Variable;TA=STY	6 ppm	orbitrap	350m/z-1400m/z	35 NCE	20200317_KKL_CoV2_24h_5v5_F1_20200318175539.raw	v1.1.0	HAMLET-agentic v0.1.0	sars-cov-2 infection
PXD018357-Sample-107	Homo sapiens	colon	sars-cov-2 infection	epithelial cell	Caco-2, UKF-RC-2	not available	10	not available	not available	run 11	proteomic profiling by mass spectrometry	NT=data-dependent acquisition;AC=PRIDE:0000627	TMT129C	NT=Orbitrap Fusion Lumos;AC=MS:1002732	NT=Lys-C;AC=MS:1001309	1	1	NT=collision-induced dissociation;AC=MS:1000133	infection status (mock-infected, infected with SARS-CoV-2)	NT=Carbamidomethyl;AC=UNIMOD:4;MT=Fixed;TA=C	NT=TMT6plex;AC=UNIMOD:730;MT=Fixed;TA=K	NT=Oxidation;AC=UNIMOD:35;MT=Variable;TA=M	NT=Acetyl;AC=UNIMOD:1;MT=Variable;TA=K	NT=Phospho;AC=UNIMOD:21;MT=Variable;TA=STY	6 ppm	orbitrap	350m/z-1400m/z	35 NCE	20200317_KKL_CoV2_24h_5v5_F1_20200318175539.raw	v1.1.0	HAMLET-agentic v0.1.0	sars-cov-2 infection
PXD018357-Sample-108	Homo sapiens	colon	sars-cov-2 infection	epithelial cell	Caco-2, UKF-RC-2	not available	10	not available	not available	run 11	proteomic profiling by mass spectrometry	NT=data-dependent acquisition;AC=PRIDE:0000627	TMT130N	NT=Orbitrap Fusion Lumos;AC=MS:1002732	NT=Lys-C;AC=MS:1001309	1	1	NT=collision-induced dissociation;AC=MS:1000133	infection status (mock-infected, infected with SARS-CoV-2)	NT=Carbamidomethyl;AC=UNIMOD:4;MT=Fixed;TA=C	NT=TMT6plex;AC=UNIMOD:730;MT=Fixed;TA=K	NT=Oxidation;AC=UNIMOD:35;MT=Variable;TA=M	NT=Acetyl;AC=UNIMOD:1;MT=Variable;TA=K	NT=Phospho;AC=UNIMOD:21;MT=Variable;TA=STY	6 ppm	orbitrap	350m/z-1400m/z	35 NCE	20200317_KKL_CoV2_24h_5v5_F1_20200318175539.raw	v1.1.0	HAMLET-agentic v0.1.0	sars-cov-2 infection
PXD018357-Sample-109	Homo sapiens	colon	sars-cov-2 infection	epithelial cell	Caco-2, UKF-RC-2	not available	10	not available	not available	run 11	proteomic profiling by mass spectrometry	NT=data-dependent acquisition;AC=PRIDE:0000627	TMT130C	NT=Orbitrap Fusion Lumos;AC=MS:1002732	NT=Lys-C;AC=MS:1001309	1	1	NT=collision-induced dissociation;AC=MS:1000133	infection status (mock-infected, infected with SARS-CoV-2)	NT=Carbamidomethyl;AC=UNIMOD:4;MT=Fixed;TA=C	NT=TMT6plex;AC=UNIMOD:730;MT=Fixed;TA=K	NT=Oxidation;AC=UNIMOD:35;MT=Variable;TA=M	NT=Acetyl;AC=UNIMOD:1;MT=Variable;TA=K	NT=Phospho;AC=UNIMOD:21;MT=Variable;TA=STY	6 ppm	orbitrap	350m/z-1400m/z	35 NCE	20200317_KKL_CoV2_24h_5v5_F1_20200318175539.raw	v1.1.0	HAMLET-agentic v0.1.0	sars-cov-2 infection
PXD018357-Sample-110	Homo sapiens	colon	sars-cov-2 infection	epithelial cell	Caco-2, UKF-RC-2	not available	10	not available	not available	run 11	proteomic profiling by mass spectrometry	NT=data-dependent acquisition;AC=PRIDE:0000627	TMT131	NT=Orbitrap Fusion Lumos;AC=MS:1002732	NT=Lys-C;AC=MS:1001309	1	1	NT=collision-induced dissociation;AC=MS:1000133	infection status (mock-infected, infected with SARS-CoV-2)	NT=Carbamidomethyl;AC=UNIMOD:4;MT=Fixed;TA=C	NT=TMT6plex;AC=UNIMOD:730;MT=Fixed;TA=K	NT=Oxidation;AC=UNIMOD:35;MT=Variable;TA=M	NT=Acetyl;AC=UNIMOD:1;MT=Variable;TA=K	NT=Phospho;AC=UNIMOD:21;MT=Variable;TA=STY	6 ppm	orbitrap	350m/z-1400m/z	35 NCE	20200317_KKL_CoV2_24h_5v5_F1_20200318175539.raw	v1.1.0	HAMLET-agentic v0.1.0	sars-cov-2 infection
PXD018357-Sample-111	Homo sapiens	colon	sars-cov-2 infection	epithelial cell	Caco-2, UKF-RC-2	not available	10	not available	not available	run 12	proteomic profiling by mass spectrometry	NT=data-dependent acquisition;AC=PRIDE:0000627	TMT126	NT=Orbitrap Fusion Lumos;AC=MS:1002732	NT=Lys-C;AC=MS:1001309	1	1	NT=collision-induced dissociation;AC=MS:1000133	infection status (mock-infected, infected with SARS-CoV-2)	NT=Carbamidomethyl;AC=UNIMOD:4;MT=Fixed;TA=C	NT=TMT6plex;AC=UNIMOD:730;MT=Fixed;TA=K	NT=Oxidation;AC=UNIMOD:35;MT=Variable;TA=M	NT=Acetyl;AC=UNIMOD:1;MT=Variable;TA=K	NT=Phospho;AC=UNIMOD:21;MT=Variable;TA=STY	6 ppm	orbitrap	350m/z-1400m/z	35 NCE	20200317_KKL_CoV2_24h_5v5_F20.raw	v1.1.0	HAMLET-agentic v0.1.0	sars-cov-2 infection
PXD018357-Sample-112	Homo sapiens	colon	sars-cov-2 infection	epithelial cell	Caco-2, UKF-RC-2	not available	10	not available	not available	run 12	proteomic profiling by mass spectrometry	NT=data-dependent acquisition;AC=PRIDE:0000627	TMT127N	NT=Orbitrap Fusion Lumos;AC=MS:1002732	NT=Lys-C;AC=MS:1001309	1	1	NT=collision-induced dissociation;AC=MS:1000133	infection status (mock-infected, infected with SARS-CoV-2)	NT=Carbamidomethyl;AC=UNIMOD:4;MT=Fixed;TA=C	NT=TMT6plex;AC=UNIMOD:730;MT=Fixed;TA=K	NT=Oxidation;AC=UNIMOD:35;MT=Variable;TA=M	NT=Acetyl;AC=UNIMOD:1;MT=Variable;TA=K	NT=Phospho;AC=UNIMOD:21;MT=Variable;TA=STY	6 ppm	orbitrap	350m/z-1400m/z	35 NCE	20200317_KKL_CoV2_24h_5v5_F20.raw	v1.1.0	HAMLET-agentic v0.1.0	sars-cov-2 infection
PXD018357-Sample-113	Homo sapiens	colon	sars-cov-2 infection	epithelial cell	Caco-2, UKF-RC-2	not available	10	not available	not available	run 12	proteomic profiling by mass spectrometry	NT=data-dependent acquisition;AC=PRIDE:0000627	TMT127C	NT=Orbitrap Fusion Lumos;AC=MS:1002732	NT=Lys-C;AC=MS:1001309	1	1	NT=collision-induced dissociation;AC=MS:1000133	infection status (mock-infected, infected with SARS-CoV-2)	NT=Carbamidomethyl;AC=UNIMOD:4;MT=Fixed;TA=C	NT=TMT6plex;AC=UNIMOD:730;MT=Fixed;TA=K	NT=Oxidation;AC=UNIMOD:35;MT=Variable;TA=M	NT=Acetyl;AC=UNIMOD:1;MT=Variable;TA=K	NT=Phospho;AC=UNIMOD:21;MT=Variable;TA=STY	6 ppm	orbitrap	350m/z-1400m/z	35 NCE	20200317_KKL_CoV2_24h_5v5_F20.raw	v1.1.0	HAMLET-agentic v0.1.0	sars-cov-2 infection
PXD018357-Sample-114	Homo sapiens	colon	sars-cov-2 infection	epithelial cell	Caco-2, UKF-RC-2	not available	10	not available	not available	run 12	proteomic profiling by mass spectrometry	NT=data-dependent acquisition;AC=PRIDE:0000627	TMT128N	NT=Orbitrap Fusion Lumos;AC=MS:1002732	NT=Lys-C;AC=MS:1001309	1	1	NT=collision-induced dissociation;AC=MS:1000133	infection status (mock-infected, infected with SARS-CoV-2)	NT=Carbamidomethyl;AC=UNIMOD:4;MT=Fixed;TA=C	NT=TMT6plex;AC=UNIMOD:730;MT=Fixed;TA=K	NT=Oxidation;AC=UNIMOD:35;MT=Variable;TA=M	NT=Acetyl;AC=UNIMOD:1;MT=Variable;TA=K	NT=Phospho;AC=UNIMOD:21;MT=Variable;TA=STY	6 ppm	orbitrap	350m/z-1400m/z	35 NCE	20200317_KKL_CoV2_24h_5v5_F20.raw	v1.1.0	HAMLET-agentic v0.1.0	sars-cov-2 infection
PXD018357-Sample-115	Homo sapiens	colon	sars-cov-2 infection	epithelial cell	Caco-2, UKF-RC-2	not available	10	not available	not available	run 12	proteomic profiling by mass spectrometry	NT=data-dependent acquisition;AC=PRIDE:0000627	TMT128C	NT=Orbitrap Fusion Lumos;AC=MS:1002732	NT=Lys-C;AC=MS:1001309	1	1	NT=collision-induced dissociation;AC=MS:1000133	infection status (mock-infected, infected with SARS-CoV-2)	NT=Carbamidomethyl;AC=UNIMOD:4;MT=Fixed;TA=C	NT=TMT6plex;AC=UNIMOD:730;MT=Fixed;TA=K	NT=Oxidation;AC=UNIMOD:35;MT=Variable;TA=M	NT=Acetyl;AC=UNIMOD:1;MT=Variable;TA=K	NT=Phospho;AC=UNIMOD:21;MT=Variable;TA=STY	6 ppm	orbitrap	350m/z-1400m/z	35 NCE	20200317_KKL_CoV2_24h_5v5_F20.raw	v1.1.0	HAMLET-agentic v0.1.0	sars-cov-2 infection
PXD018357-Sample-116	Homo sapiens	colon	sars-cov-2 infection	epithelial cell	Caco-2, UKF-RC-2	not available	10	not available	not available	run 12	proteomic profiling by mass spectrometry	NT=data-dependent acquisition;AC=PRIDE:0000627	TMT129N	NT=Orbitrap Fusion Lumos;AC=MS:1002732	NT=Lys-C;AC=MS:1001309	1	1	NT=collision-induced dissociation;AC=MS:1000133	infection status (mock-infected, infected with SARS-CoV-2)	NT=Carbamidomethyl;AC=UNIMOD:4;MT=Fixed;TA=C	NT=TMT6plex;AC=UNIMOD:730;MT=Fixed;TA=K	NT=Oxidation;AC=UNIMOD:35;MT=Variable;TA=M	NT=Acetyl;AC=UNIMOD:1;MT=Variable;TA=K	NT=Phospho;AC=UNIMOD:21;MT=Variable;TA=STY	6 ppm	orbitrap	350m/z-1400m/z	35 NCE	20200317_KKL_CoV2_24h_5v5_F20.raw	v1.1.0	HAMLET-agentic v0.1.0	sars-cov-2 infection
PXD018357-Sample-117	Homo sapiens	colon	sars-cov-2 infection	epithelial cell	Caco-2, UKF-RC-2	not available	10	not available	not available	run 12	proteomic profiling by mass spectrometry	NT=data-dependent acquisition;AC=PRIDE:0000627	TMT129C	NT=Orbitrap Fusion Lumos;AC=MS:1002732	NT=Lys-C;AC=MS:1001309	1	1	NT=collision-induced dissociation;AC=MS:1000133	infection status (mock-infected, infected with SARS-CoV-2)	NT=Carbamidomethyl;AC=UNIMOD:4;MT=Fixed;TA=C	NT=TMT6plex;AC=UNIMOD:730;MT=Fixed;TA=K	NT=Oxidation;AC=UNIMOD:35;MT=Variable;TA=M	NT=Acetyl;AC=UNIMOD:1;MT=Variable;TA=K	NT=Phospho;AC=UNIMOD:21;MT=Variable;TA=STY	6 ppm	orbitrap	350m/z-1400m/z	35 NCE	20200317_KKL_CoV2_24h_5v5_F20.raw	v1.1.0	HAMLET-agentic v0.1.0	sars-cov-2 infection
PXD018357-Sample-118	Homo sapiens	colon	sars-cov-2 infection	epithelial cell	Caco-2, UKF-RC-2	not available	10	not available	not available	run 12	proteomic profiling by mass spectrometry	NT=data-dependent acquisition;AC=PRIDE:0000627	TMT130N	NT=Orbitrap Fusion Lumos;AC=MS:1002732	NT=Lys-C;AC=MS:1001309	1	1	NT=collision-induced dissociation;AC=MS:1000133	infection status (mock-infected, infected with SARS-CoV-2)	NT=Carbamidomethyl;AC=UNIMOD:4;MT=Fixed;TA=C	NT=TMT6plex;AC=UNIMOD:730;MT=Fixed;TA=K	NT=Oxidation;AC=UNIMOD:35;MT=Variable;TA=M	NT=Acetyl;AC=UNIMOD:1;MT=Variable;TA=K	NT=Phospho;AC=UNIMOD:21;MT=Variable;TA=STY	6 ppm	orbitrap	350m/z-1400m/z	35 NCE	20200317_KKL_CoV2_24h_5v5_F20.raw	v1.1.0	HAMLET-agentic v0.1.0	sars-cov-2 infection
PXD018357-Sample-119	Homo sapiens	colon	sars-cov-2 infection	epithelial cell	Caco-2, UKF-RC-2	not available	10	not available	not available	run 12	proteomic profiling by mass spectrometry	NT=data-dependent acquisition;AC=PRIDE:0000627	TMT130C	NT=Orbitrap Fusion Lumos;AC=MS:1002732	NT=Lys-C;AC=MS:1001309	1	1	NT=collision-induced dissociation;AC=MS:1000133	infection status (mock-infected, infected with SARS-CoV-2)	NT=Carbamidomethyl;AC=UNIMOD:4;MT=Fixed;TA=C	NT=TMT6plex;AC=UNIMOD:730;MT=Fixed;TA=K	NT=Oxidation;AC=UNIMOD:35;MT=Variable;TA=M	NT=Acetyl;AC=UNIMOD:1;MT=Variable;TA=K	NT=Phospho;AC=UNIMOD:21;MT=Variable;TA=STY	6 ppm	orbitrap	350m/z-1400m/z	35 NCE	20200317_KKL_CoV2_24h_5v5_F20.raw	v1.1.0	HAMLET-agentic v0.1.0	sars-cov-2 infection
PXD018357-Sample-120	Homo sapiens	colon	sars-cov-2 infection	epithelial cell	Caco-2, UKF-RC-2	not available	10	not available	not available	run 12	proteomic profiling by mass spectrometry	NT=data-dependent acquisition;AC=PRIDE:0000627	TMT131	NT=Orbitrap Fusion Lumos;AC=MS:1002732	NT=Lys-C;AC=MS:1001309	1	1	NT=collision-induced dissociation;AC=MS:1000133	infection status (mock-infected, infected with SARS-CoV-2)	NT=Carbamidomethyl;AC=UNIMOD:4;MT=Fixed;TA=C	NT=TMT6plex;AC=UNIMOD:730;MT=Fixed;TA=K	NT=Oxidation;AC=UNIMOD:35;MT=Variable;TA=M	NT=Acetyl;AC=UNIMOD:1;MT=Variable;TA=K	NT=Phospho;AC=UNIMOD:21;MT=Variable;TA=STY	6 ppm	orbitrap	350m/z-1400m/z	35 NCE	20200317_KKL_CoV2_24h_5v5_F20.raw	v1.1.0	HAMLET-agentic v0.1.0	sars-cov-2 infection
PXD018357-Sample-121	Homo sapiens	colon	sars-cov-2 infection	epithelial cell	Caco-2, UKF-RC-2	not available	10	not available	not available	run 13	proteomic profiling by mass spectrometry	NT=data-dependent acquisition;AC=PRIDE:0000627	TMT126	NT=Orbitrap Fusion Lumos;AC=MS:1002732	NT=Lys-C;AC=MS:1001309	1	1	NT=collision-induced dissociation;AC=MS:1000133	infection status (mock-infected, infected with SARS-CoV-2)	NT=Carbamidomethyl;AC=UNIMOD:4;MT=Fixed;TA=C	NT=TMT6plex;AC=UNIMOD:730;MT=Fixed;TA=K	NT=Oxidation;AC=UNIMOD:35;MT=Variable;TA=M	NT=Acetyl;AC=UNIMOD:1;MT=Variable;TA=K	NT=Phospho;AC=UNIMOD:21;MT=Variable;TA=STY	6 ppm	orbitrap	350m/z-1400m/z	35 NCE	20200317_KKL_CoV2_24h_5v5_F21.raw	v1.1.0	HAMLET-agentic v0.1.0	sars-cov-2 infection
PXD018357-Sample-122	Homo sapiens	colon	sars-cov-2 infection	epithelial cell	Caco-2, UKF-RC-2	not available	10	not available	not available	run 13	proteomic profiling by mass spectrometry	NT=data-dependent acquisition;AC=PRIDE:0000627	TMT127N	NT=Orbitrap Fusion Lumos;AC=MS:1002732	NT=Lys-C;AC=MS:1001309	1	1	NT=collision-induced dissociation;AC=MS:1000133	infection status (mock-infected, infected with SARS-CoV-2)	NT=Carbamidomethyl;AC=UNIMOD:4;MT=Fixed;TA=C	NT=TMT6plex;AC=UNIMOD:730;MT=Fixed;TA=K	NT=Oxidation;AC=UNIMOD:35;MT=Variable;TA=M	NT=Acetyl;AC=UNIMOD:1;MT=Variable;TA=K	NT=Phospho;AC=UNIMOD:21;MT=Variable;TA=STY	6 ppm	orbitrap	350m/z-1400m/z	35 NCE	20200317_KKL_CoV2_24h_5v5_F21.raw	v1.1.0	HAMLET-agentic v0.1.0	sars-cov-2 infection
PXD018357-Sample-123	Homo sapiens	colon	sars-cov-2 infection	epithelial cell	Caco-2, UKF-RC-2	not available	10	not available	not available	run 13	proteomic profiling by mass spectrometry	NT=data-dependent acquisition;AC=PRIDE:0000627	TMT127C	NT=Orbitrap Fusion Lumos;AC=MS:1002732	NT=Lys-C;AC=MS:1001309	1	1	NT=collision-induced dissociation;AC=MS:1000133	infection status (mock-infected, infected with SARS-CoV-2)	NT=Carbamidomethyl;AC=UNIMOD:4;MT=Fixed;TA=C	NT=TMT6plex;AC=UNIMOD:730;MT=Fixed;TA=K	NT=Oxidation;AC=UNIMOD:35;MT=Variable;TA=M	NT=Acetyl;AC=UNIMOD:1;MT=Variable;TA=K	NT=Phospho;AC=UNIMOD:21;MT=Variable;TA=STY	6 ppm	orbitrap	350m/z-1400m/z	35 NCE	20200317_KKL_CoV2_24h_5v5_F21.raw	v1.1.0	HAMLET-agentic v0.1.0	sars-cov-2 infection
PXD018357-Sample-124	Homo sapiens	colon	sars-cov-2 infection	epithelial cell	Caco-2, UKF-RC-2	not available	10	not available	not available	run 13	proteomic profiling by mass spectrometry	NT=data-dependent acquisition;AC=PRIDE:0000627	TMT128N	NT=Orbitrap Fusion Lumos;AC=MS:1002732	NT=Lys-C;AC=MS:1001309	1	1	NT=collision-induced dissociation;AC=MS:1000133	infection status (mock-infected, infected with SARS-CoV-2)	NT=Carbamidomethyl;AC=UNIMOD:4;MT=Fixed;TA=C	NT=TMT6plex;AC=UNIMOD:730;MT=Fixed;TA=K	NT=Oxidation;AC=UNIMOD:35;MT=Variable;TA=M	NT=Acetyl;AC=UNIMOD:1;MT=Variable;TA=K	NT=Phospho;AC=UNIMOD:21;MT=Variable;TA=STY	6 ppm	orbitrap	350m/z-1400m/z	35 NCE	20200317_KKL_CoV2_24h_5v5_F21.raw	v1.1.0	HAMLET-agentic v0.1.0	sars-cov-2 infection
PXD018357-Sample-125	Homo sapiens	colon	sars-cov-2 infection	epithelial cell	Caco-2, UKF-RC-2	not available	10	not available	not available	run 13	proteomic profiling by mass spectrometry	NT=data-dependent acquisition;AC=PRIDE:0000627	TMT128C	NT=Orbitrap Fusion Lumos;AC=MS:1002732	NT=Lys-C;AC=MS:1001309	1	1	NT=collision-induced dissociation;AC=MS:1000133	infection status (mock-infected, infected with SARS-CoV-2)	NT=Carbamidomethyl;AC=UNIMOD:4;MT=Fixed;TA=C	NT=TMT6plex;AC=UNIMOD:730;MT=Fixed;TA=K	NT=Oxidation;AC=UNIMOD:35;MT=Variable;TA=M	NT=Acetyl;AC=UNIMOD:1;MT=Variable;TA=K	NT=Phospho;AC=UNIMOD:21;MT=Variable;TA=STY	6 ppm	orbitrap	350m/z-1400m/z	35 NCE	20200317_KKL_CoV2_24h_5v5_F21.raw	v1.1.0	HAMLET-agentic v0.1.0	sars-cov-2 infection
PXD018357-Sample-126	Homo sapiens	colon	sars-cov-2 infection	epithelial cell	Caco-2, UKF-RC-2	not available	10	not available	not available	run 13	proteomic profiling by mass spectrometry	NT=data-dependent acquisition;AC=PRIDE:0000627	TMT129N	NT=Orbitrap Fusion Lumos;AC=MS:1002732	NT=Lys-C;AC=MS:1001309	1	1	NT=collision-induced dissociation;AC=MS:1000133	infection status (mock-infected, infected with SARS-CoV-2)	NT=Carbamidomethyl;AC=UNIMOD:4;MT=Fixed;TA=C	NT=TMT6plex;AC=UNIMOD:730;MT=Fixed;TA=K	NT=Oxidation;AC=UNIMOD:35;MT=Variable;TA=M	NT=Acetyl;AC=UNIMOD:1;MT=Variable;TA=K	NT=Phospho;AC=UNIMOD:21;MT=Variable;TA=STY	6 ppm	orbitrap	350m/z-1400m/z	35 NCE	20200317_KKL_CoV2_24h_5v5_F21.raw	v1.1.0	HAMLET-agentic v0.1.0	sars-cov-2 infection
PXD018357-Sample-127	Homo sapiens	colon	sars-cov-2 infection	epithelial cell	Caco-2, UKF-RC-2	not available	10	not available	not available	run 13	proteomic profiling by mass spectrometry	NT=data-dependent acquisition;AC=PRIDE:0000627	TMT129C	NT=Orbitrap Fusion Lumos;AC=MS:1002732	NT=Lys-C;AC=MS:1001309	1	1	NT=collision-induced dissociation;AC=MS:1000133	infection status (mock-infected, infected with SARS-CoV-2)	NT=Carbamidomethyl;AC=UNIMOD:4;MT=Fixed;TA=C	NT=TMT6plex;AC=UNIMOD:730;MT=Fixed;TA=K	NT=Oxidation;AC=UNIMOD:35;MT=Variable;TA=M	NT=Acetyl;AC=UNIMOD:1;MT=Variable;TA=K	NT=Phospho;AC=UNIMOD:21;MT=Variable;TA=STY	6 ppm	orbitrap	350m/z-1400m/z	35 NCE	20200317_KKL_CoV2_24h_5v5_F21.raw	v1.1.0	HAMLET-agentic v0.1.0	sars-cov-2 infection
PXD018357-Sample-128	Homo sapiens	colon	sars-cov-2 infection	epithelial cell	Caco-2, UKF-RC-2	not available	10	not available	not available	run 13	proteomic profiling by mass spectrometry	NT=data-dependent acquisition;AC=PRIDE:0000627	TMT130N	NT=Orbitrap Fusion Lumos;AC=MS:1002732	NT=Lys-C;AC=MS:1001309	1	1	NT=collision-induced dissociation;AC=MS:1000133	infection status (mock-infected, infected with SARS-CoV-2)	NT=Carbamidomethyl;AC=UNIMOD:4;MT=Fixed;TA=C	NT=TMT6plex;AC=UNIMOD:730;MT=Fixed;TA=K	NT=Oxidation;AC=UNIMOD:35;MT=Variable;TA=M	NT=Acetyl;AC=UNIMOD:1;MT=Variable;TA=K	NT=Phospho;AC=UNIMOD:21;MT=Variable;TA=STY	6 ppm	orbitrap	350m/z-1400m/z	35 NCE	20200317_KKL_CoV2_24h_5v5_F21.raw	v1.1.0	HAMLET-agentic v0.1.0	sars-cov-2 infection
PXD018357-Sample-129	Homo sapiens	colon	sars-cov-2 infection	epithelial cell	Caco-2, UKF-RC-2	not available	10	not available	not available	run 13	proteomic profiling by mass spectrometry	NT=data-dependent acquisition;AC=PRIDE:0000627	TMT130C	NT=Orbitrap Fusion Lumos;AC=MS:1002732	NT=Lys-C;AC=MS:1001309	1	1	NT=collision-induced dissociation;AC=MS:1000133	infection status (mock-infected, infected with SARS-CoV-2)	NT=Carbamidomethyl;AC=UNIMOD:4;MT=Fixed;TA=C	NT=TMT6plex;AC=UNIMOD:730;MT=Fixed;TA=K	NT=Oxidation;AC=UNIMOD:35;MT=Variable;TA=M	NT=Acetyl;AC=UNIMOD:1;MT=Variable;TA=K	NT=Phospho;AC=UNIMOD:21;MT=Variable;TA=STY	6 ppm	orbitrap	350m/z-1400m/z	35 NCE	20200317_KKL_CoV2_24h_5v5_F21.raw	v1.1.0	HAMLET-agentic v0.1.0	sars-cov-2 infection
PXD018357-Sample-130	Homo sapiens	colon	sars-cov-2 infection	epithelial cell	Caco-2, UKF-RC-2	not available	10	not available	not available	run 13	proteomic profiling by mass spectrometry	NT=data-dependent acquisition;AC=PRIDE:0000627	TMT131	NT=Orbitrap Fusion Lumos;AC=MS:1002732	NT=Lys-C;AC=MS:1001309	1	1	NT=collision-induced dissociation;AC=MS:1000133	infection status (mock-infected, infected with SARS-CoV-2)	NT=Carbamidomethyl;AC=UNIMOD:4;MT=Fixed;TA=C	NT=TMT6plex;AC=UNIMOD:730;MT=Fixed;TA=K	NT=Oxidation;AC=UNIMOD:35;MT=Variable;TA=M	NT=Acetyl;AC=UNIMOD:1;MT=Variable;TA=K	NT=Phospho;AC=UNIMOD:21;MT=Variable;TA=STY	6 ppm	orbitrap	350m/z-1400m/z	35 NCE	20200317_KKL_CoV2_24h_5v5_F21.raw	v1.1.0	HAMLET-agentic v0.1.0	sars-cov-2 infection
PXD018357-Sample-131	Homo sapiens	colon	sars-cov-2 infection	epithelial cell	Caco-2, UKF-RC-2	not available	10	not available	not available	run 14	proteomic profiling by mass spectrometry	NT=data-dependent acquisition;AC=PRIDE:0000627	TMT126	NT=Orbitrap Fusion Lumos;AC=MS:1002732	NT=Lys-C;AC=MS:1001309	1	1	NT=collision-induced dissociation;AC=MS:1000133	infection status (mock-infected, infected with SARS-CoV-2)	NT=Carbamidomethyl;AC=UNIMOD:4;MT=Fixed;TA=C	NT=TMT6plex;AC=UNIMOD:730;MT=Fixed;TA=K	NT=Oxidation;AC=UNIMOD:35;MT=Variable;TA=M	NT=Acetyl;AC=UNIMOD:1;MT=Variable;TA=K	NT=Phospho;AC=UNIMOD:21;MT=Variable;TA=STY	6 ppm	orbitrap	350m/z-1400m/z	35 NCE	20200317_KKL_CoV2_24h_5v5_F22.raw	v1.1.0	HAMLET-agentic v0.1.0	sars-cov-2 infection
PXD018357-Sample-132	Homo sapiens	colon	sars-cov-2 infection	epithelial cell	Caco-2, UKF-RC-2	not available	10	not available	not available	run 14	proteomic profiling by mass spectrometry	NT=data-dependent acquisition;AC=PRIDE:0000627	TMT127N	NT=Orbitrap Fusion Lumos;AC=MS:1002732	NT=Lys-C;AC=MS:1001309	1	1	NT=collision-induced dissociation;AC=MS:1000133	infection status (mock-infected, infected with SARS-CoV-2)	NT=Carbamidomethyl;AC=UNIMOD:4;MT=Fixed;TA=C	NT=TMT6plex;AC=UNIMOD:730;MT=Fixed;TA=K	NT=Oxidation;AC=UNIMOD:35;MT=Variable;TA=M	NT=Acetyl;AC=UNIMOD:1;MT=Variable;TA=K	NT=Phospho;AC=UNIMOD:21;MT=Variable;TA=STY	6 ppm	orbitrap	350m/z-1400m/z	35 NCE	20200317_KKL_CoV2_24h_5v5_F22.raw	v1.1.0	HAMLET-agentic v0.1.0	sars-cov-2 infection
PXD018357-Sample-133	Homo sapiens	colon	sars-cov-2 infection	epithelial cell	Caco-2, UKF-RC-2	not available	10	not available	not available	run 14	proteomic profiling by mass spectrometry	NT=data-dependent acquisition;AC=PRIDE:0000627	TMT127C	NT=Orbitrap Fusion Lumos;AC=MS:1002732	NT=Lys-C;AC=MS:1001309	1	1	NT=collision-induced dissociation;AC=MS:1000133	infection status (mock-infected, infected with SARS-CoV-2)	NT=Carbamidomethyl;AC=UNIMOD:4;MT=Fixed;TA=C	NT=TMT6plex;AC=UNIMOD:730;MT=Fixed;TA=K	NT=Oxidation;AC=UNIMOD:35;MT=Variable;TA=M	NT=Acetyl;AC=UNIMOD:1;MT=Variable;TA=K	NT=Phospho;AC=UNIMOD:21;MT=Variable;TA=STY	6 ppm	orbitrap	350m/z-1400m/z	35 NCE	20200317_KKL_CoV2_24h_5v5_F22.raw	v1.1.0	HAMLET-agentic v0.1.0	sars-cov-2 infection
PXD018357-Sample-134	Homo sapiens	colon	sars-cov-2 infection	epithelial cell	Caco-2, UKF-RC-2	not available	10	not available	not available	run 14	proteomic profiling by mass spectrometry	NT=data-dependent acquisition;AC=PRIDE:0000627	TMT128N	NT=Orbitrap Fusion Lumos;AC=MS:1002732	NT=Lys-C;AC=MS:1001309	1	1	NT=collision-induced dissociation;AC=MS:1000133	infection status (mock-infected, infected with SARS-CoV-2)	NT=Carbamidomethyl;AC=UNIMOD:4;MT=Fixed;TA=C	NT=TMT6plex;AC=UNIMOD:730;MT=Fixed;TA=K	NT=Oxidation;AC=UNIMOD:35;MT=Variable;TA=M	NT=Acetyl;AC=UNIMOD:1;MT=Variable;TA=K	NT=Phospho;AC=UNIMOD:21;MT=Variable;TA=STY	6 ppm	orbitrap	350m/z-1400m/z	35 NCE	20200317_KKL_CoV2_24h_5v5_F22.raw	v1.1.0	HAMLET-agentic v0.1.0	sars-cov-2 infection
PXD018357-Sample-135	Homo sapiens	colon	sars-cov-2 infection	epithelial cell	Caco-2, UKF-RC-2	not available	10	not available	not available	run 14	proteomic profiling by mass spectrometry	NT=data-dependent acquisition;AC=PRIDE:0000627	TMT128C	NT=Orbitrap Fusion Lumos;AC=MS:1002732	NT=Lys-C;AC=MS:1001309	1	1	NT=collision-induced dissociation;AC=MS:1000133	infection status (mock-infected, infected with SARS-CoV-2)	NT=Carbamidomethyl;AC=UNIMOD:4;MT=Fixed;TA=C	NT=TMT6plex;AC=UNIMOD:730;MT=Fixed;TA=K	NT=Oxidation;AC=UNIMOD:35;MT=Variable;TA=M	NT=Acetyl;AC=UNIMOD:1;MT=Variable;TA=K	NT=Phospho;AC=UNIMOD:21;MT=Variable;TA=STY	6 ppm	orbitrap	350m/z-1400m/z	35 NCE	20200317_KKL_CoV2_24h_5v5_F22.raw	v1.1.0	HAMLET-agentic v0.1.0	sars-cov-2 infection
PXD018357-Sample-136	Homo sapiens	colon	sars-cov-2 infection	epithelial cell	Caco-2, UKF-RC-2	not available	10	not available	not available	run 14	proteomic profiling by mass spectrometry	NT=data-dependent acquisition;AC=PRIDE:0000627	TMT129N	NT=Orbitrap Fusion Lumos;AC=MS:1002732	NT=Lys-C;AC=MS:1001309	1	1	NT=collision-induced dissociation;AC=MS:1000133	infection status (mock-infected, infected with SARS-CoV-2)	NT=Carbamidomethyl;AC=UNIMOD:4;MT=Fixed;TA=C	NT=TMT6plex;AC=UNIMOD:730;MT=Fixed;TA=K	NT=Oxidation;AC=UNIMOD:35;MT=Variable;TA=M	NT=Acetyl;AC=UNIMOD:1;MT=Variable;TA=K	NT=Phospho;AC=UNIMOD:21;MT=Variable;TA=STY	6 ppm	orbitrap	350m/z-1400m/z	35 NCE	20200317_KKL_CoV2_24h_5v5_F22.raw	v1.1.0	HAMLET-agentic v0.1.0	sars-cov-2 infection
PXD018357-Sample-137	Homo sapiens	colon	sars-cov-2 infection	epithelial cell	Caco-2, UKF-RC-2	not available	10	not available	not available	run 14	proteomic profiling by mass spectrometry	NT=data-dependent acquisition;AC=PRIDE:0000627	TMT129C	NT=Orbitrap Fusion Lumos;AC=MS:1002732	NT=Lys-C;AC=MS:1001309	1	1	NT=collision-induced dissociation;AC=MS:1000133	infection status (mock-infected, infected with SARS-CoV-2)	NT=Carbamidomethyl;AC=UNIMOD:4;MT=Fixed;TA=C	NT=TMT6plex;AC=UNIMOD:730;MT=Fixed;TA=K	NT=Oxidation;AC=UNIMOD:35;MT=Variable;TA=M	NT=Acetyl;AC=UNIMOD:1;MT=Variable;TA=K	NT=Phospho;AC=UNIMOD:21;MT=Variable;TA=STY	6 ppm	orbitrap	350m/z-1400m/z	35 NCE	20200317_KKL_CoV2_24h_5v5_F22.raw	v1.1.0	HAMLET-agentic v0.1.0	sars-cov-2 infection
PXD018357-Sample-138	Homo sapiens	colon	sars-cov-2 infection	epithelial cell	Caco-2, UKF-RC-2	not available	10	not available	not available	run 14	proteomic profiling by mass spectrometry	NT=data-dependent acquisition;AC=PRIDE:0000627	TMT130N	NT=Orbitrap Fusion Lumos;AC=MS:1002732	NT=Lys-C;AC=MS:1001309	1	1	NT=collision-induced dissociation;AC=MS:1000133	infection status (mock-infected, infected with SARS-CoV-2)	NT=Carbamidomethyl;AC=UNIMOD:4;MT=Fixed;TA=C	NT=TMT6plex;AC=UNIMOD:730;MT=Fixed;TA=K	NT=Oxidation;AC=UNIMOD:35;MT=Variable;TA=M	NT=Acetyl;AC=UNIMOD:1;MT=Variable;TA=K	NT=Phospho;AC=UNIMOD:21;MT=Variable;TA=STY	6 ppm	orbitrap	350m/z-1400m/z	35 NCE	20200317_KKL_CoV2_24h_5v5_F22.raw	v1.1.0	HAMLET-agentic v0.1.0	sars-cov-2 infection
PXD018357-Sample-139	Homo sapiens	colon	sars-cov-2 infection	epithelial cell	Caco-2, UKF-RC-2	not available	10	not available	not available	run 14	proteomic profiling by mass spectrometry	NT=data-dependent acquisition;AC=PRIDE:0000627	TMT130C	NT=Orbitrap Fusion Lumos;AC=MS:1002732	NT=Lys-C;AC=MS:1001309	1	1	NT=collision-induced dissociation;AC=MS:1000133	infection status (mock-infected, infected with SARS-CoV-2)	NT=Carbamidomethyl;AC=UNIMOD:4;MT=Fixed;TA=C	NT=TMT6plex;AC=UNIMOD:730;MT=Fixed;TA=K	NT=Oxidation;AC=UNIMOD:35;MT=Variable;TA=M	NT=Acetyl;AC=UNIMOD:1;MT=Variable;TA=K	NT=Phospho;AC=UNIMOD:21;MT=Variable;TA=STY	6 ppm	orbitrap	350m/z-1400m/z	35 NCE	20200317_KKL_CoV2_24h_5v5_F22.raw	v1.1.0	HAMLET-agentic v0.1.0	sars-cov-2 infection
PXD018357-Sample-140	Homo sapiens	colon	sars-cov-2 infection	epithelial cell	Caco-2, UKF-RC-2	not available	10	not available	not available	run 14	proteomic profiling by mass spectrometry	NT=data-dependent acquisition;AC=PRIDE:0000627	TMT131	NT=Orbitrap Fusion Lumos;AC=MS:1002732	NT=Lys-C;AC=MS:1001309	1	1	NT=collision-induced dissociation;AC=MS:1000133	infection status (mock-infected, infected with SARS-CoV-2)	NT=Carbamidomethyl;AC=UNIMOD:4;MT=Fixed;TA=C	NT=TMT6plex;AC=UNIMOD:730;MT=Fixed;TA=K	NT=Oxidation;AC=UNIMOD:35;MT=Variable;TA=M	NT=Acetyl;AC=UNIMOD:1;MT=Variable;TA=K	NT=Phospho;AC=UNIMOD:21;MT=Variable;TA=STY	6 ppm	orbitrap	350m/z-1400m/z	35 NCE	20200317_KKL_CoV2_24h_5v5_F22.raw	v1.1.0	HAMLET-agentic v0.1.0	sars-cov-2 infection
PXD018357-Sample-141	Homo sapiens	colon	sars-cov-2 infection	epithelial cell	Caco-2, UKF-RC-2	not available	10	not available	not available	run 15	proteomic profiling by mass spectrometry	NT=data-dependent acquisition;AC=PRIDE:0000627	TMT126	NT=Orbitrap Fusion Lumos;AC=MS:1002732	NT=Lys-C;AC=MS:1001309	1	1	NT=collision-induced dissociation;AC=MS:1000133	infection status (mock-infected, infected with SARS-CoV-2)	NT=Carbamidomethyl;AC=UNIMOD:4;MT=Fixed;TA=C	NT=TMT6plex;AC=UNIMOD:730;MT=Fixed;TA=K	NT=Oxidation;AC=UNIMOD:35;MT=Variable;TA=M	NT=Acetyl;AC=UNIMOD:1;MT=Variable;TA=K	NT=Phospho;AC=UNIMOD:21;MT=Variable;TA=STY	6 ppm	orbitrap	350m/z-1400m/z	35 NCE	20200317_KKL_CoV2_24h_5v5_F23.raw	v1.1.0	HAMLET-agentic v0.1.0	sars-cov-2 infection
PXD018357-Sample-142	Homo sapiens	colon	sars-cov-2 infection	epithelial cell	Caco-2, UKF-RC-2	not available	10	not available	not available	run 15	proteomic profiling by mass spectrometry	NT=data-dependent acquisition;AC=PRIDE:0000627	TMT127N	NT=Orbitrap Fusion Lumos;AC=MS:1002732	NT=Lys-C;AC=MS:1001309	1	1	NT=collision-induced dissociation;AC=MS:1000133	infection status (mock-infected, infected with SARS-CoV-2)	NT=Carbamidomethyl;AC=UNIMOD:4;MT=Fixed;TA=C	NT=TMT6plex;AC=UNIMOD:730;MT=Fixed;TA=K	NT=Oxidation;AC=UNIMOD:35;MT=Variable;TA=M	NT=Acetyl;AC=UNIMOD:1;MT=Variable;TA=K	NT=Phospho;AC=UNIMOD:21;MT=Variable;TA=STY	6 ppm	orbitrap	350m/z-1400m/z	35 NCE	20200317_KKL_CoV2_24h_5v5_F23.raw	v1.1.0	HAMLET-agentic v0.1.0	sars-cov-2 infection
PXD018357-Sample-143	Homo sapiens	colon	sars-cov-2 infection	epithelial cell	Caco-2, UKF-RC-2	not available	10	not available	not available	run 15	proteomic profiling by mass spectrometry	NT=data-dependent acquisition;AC=PRIDE:0000627	TMT127C	NT=Orbitrap Fusion Lumos;AC=MS:1002732	NT=Lys-C;AC=MS:1001309	1	1	NT=collision-induced dissociation;AC=MS:1000133	infection status (mock-infected, infected with SARS-CoV-2)	NT=Carbamidomethyl;AC=UNIMOD:4;MT=Fixed;TA=C	NT=TMT6plex;AC=UNIMOD:730;MT=Fixed;TA=K	NT=Oxidation;AC=UNIMOD:35;MT=Variable;TA=M	NT=Acetyl;AC=UNIMOD:1;MT=Variable;TA=K	NT=Phospho;AC=UNIMOD:21;MT=Variable;TA=STY	6 ppm	orbitrap	350m/z-1400m/z	35 NCE	20200317_KKL_CoV2_24h_5v5_F23.raw	v1.1.0	HAMLET-agentic v0.1.0	sars-cov-2 infection
PXD018357-Sample-144	Homo sapiens	colon	sars-cov-2 infection	epithelial cell	Caco-2, UKF-RC-2	not available	10	not available	not available	run 15	proteomic profiling by mass spectrometry	NT=data-dependent acquisition;AC=PRIDE:0000627	TMT128N	NT=Orbitrap Fusion Lumos;AC=MS:1002732	NT=Lys-C;AC=MS:1001309	1	1	NT=collision-induced dissociation;AC=MS:1000133	infection status (mock-infected, infected with SARS-CoV-2)	NT=Carbamidomethyl;AC=UNIMOD:4;MT=Fixed;TA=C	NT=TMT6plex;AC=UNIMOD:730;MT=Fixed;TA=K	NT=Oxidation;AC=UNIMOD:35;MT=Variable;TA=M	NT=Acetyl;AC=UNIMOD:1;MT=Variable;TA=K	NT=Phospho;AC=UNIMOD:21;MT=Variable;TA=STY	6 ppm	orbitrap	350m/z-1400m/z	35 NCE	20200317_KKL_CoV2_24h_5v5_F23.raw	v1.1.0	HAMLET-agentic v0.1.0	sars-cov-2 infection
PXD018357-Sample-145	Homo sapiens	colon	sars-cov-2 infection	epithelial cell	Caco-2, UKF-RC-2	not available	10	not available	not available	run 15	proteomic profiling by mass spectrometry	NT=data-dependent acquisition;AC=PRIDE:0000627	TMT128C	NT=Orbitrap Fusion Lumos;AC=MS:1002732	NT=Lys-C;AC=MS:1001309	1	1	NT=collision-induced dissociation;AC=MS:1000133	infection status (mock-infected, infected with SARS-CoV-2)	NT=Carbamidomethyl;AC=UNIMOD:4;MT=Fixed;TA=C	NT=TMT6plex;AC=UNIMOD:730;MT=Fixed;TA=K	NT=Oxidation;AC=UNIMOD:35;MT=Variable;TA=M	NT=Acetyl;AC=UNIMOD:1;MT=Variable;TA=K	NT=Phospho;AC=UNIMOD:21;MT=Variable;TA=STY	6 ppm	orbitrap	350m/z-1400m/z	35 NCE	20200317_KKL_CoV2_24h_5v5_F23.raw	v1.1.0	HAMLET-agentic v0.1.0	sars-cov-2 infection
PXD018357-Sample-146	Homo sapiens	colon	sars-cov-2 infection	epithelial cell	Caco-2, UKF-RC-2	not available	10	not available	not available	run 15	proteomic profiling by mass spectrometry	NT=data-dependent acquisition;AC=PRIDE:0000627	TMT129N	NT=Orbitrap Fusion Lumos;AC=MS:1002732	NT=Lys-C;AC=MS:1001309	1	1	NT=collision-induced dissociation;AC=MS:1000133	infection status (mock-infected, infected with SARS-CoV-2)	NT=Carbamidomethyl;AC=UNIMOD:4;MT=Fixed;TA=C	NT=TMT6plex;AC=UNIMOD:730;MT=Fixed;TA=K	NT=Oxidation;AC=UNIMOD:35;MT=Variable;TA=M	NT=Acetyl;AC=UNIMOD:1;MT=Variable;TA=K	NT=Phospho;AC=UNIMOD:21;MT=Variable;TA=STY	6 ppm	orbitrap	350m/z-1400m/z	35 NCE	20200317_KKL_CoV2_24h_5v5_F23.raw	v1.1.0	HAMLET-agentic v0.1.0	sars-cov-2 infection
PXD018357-Sample-147	Homo sapiens	colon	sars-cov-2 infection	epithelial cell	Caco-2, UKF-RC-2	not available	10	not available	not available	run 15	proteomic profiling by mass spectrometry	NT=data-dependent acquisition;AC=PRIDE:0000627	TMT129C	NT=Orbitrap Fusion Lumos;AC=MS:1002732	NT=Lys-C;AC=MS:1001309	1	1	NT=collision-induced dissociation;AC=MS:1000133	infection status (mock-infected, infected with SARS-CoV-2)	NT=Carbamidomethyl;AC=UNIMOD:4;MT=Fixed;TA=C	NT=TMT6plex;AC=UNIMOD:730;MT=Fixed;TA=K	NT=Oxidation;AC=UNIMOD:35;MT=Variable;TA=M	NT=Acetyl;AC=UNIMOD:1;MT=Variable;TA=K	NT=Phospho;AC=UNIMOD:21;MT=Variable;TA=STY	6 ppm	orbitrap	350m/z-1400m/z	35 NCE	20200317_KKL_CoV2_24h_5v5_F23.raw	v1.1.0	HAMLET-agentic v0.1.0	sars-cov-2 infection
PXD018357-Sample-148	Homo sapiens	colon	sars-cov-2 infection	epithelial cell	Caco-2, UKF-RC-2	not available	10	not available	not available	run 15	proteomic profiling by mass spectrometry	NT=data-dependent acquisition;AC=PRIDE:0000627	TMT130N	NT=Orbitrap Fusion Lumos;AC=MS:1002732	NT=Lys-C;AC=MS:1001309	1	1	NT=collision-induced dissociation;AC=MS:1000133	infection status (mock-infected, infected with SARS-CoV-2)	NT=Carbamidomethyl;AC=UNIMOD:4;MT=Fixed;TA=C	NT=TMT6plex;AC=UNIMOD:730;MT=Fixed;TA=K	NT=Oxidation;AC=UNIMOD:35;MT=Variable;TA=M	NT=Acetyl;AC=UNIMOD:1;MT=Variable;TA=K	NT=Phospho;AC=UNIMOD:21;MT=Variable;TA=STY	6 ppm	orbitrap	350m/z-1400m/z	35 NCE	20200317_KKL_CoV2_24h_5v5_F23.raw	v1.1.0	HAMLET-agentic v0.1.0	sars-cov-2 infection
PXD018357-Sample-149	Homo sapiens	colon	sars-cov-2 infection	epithelial cell	Caco-2, UKF-RC-2	not available	10	not available	not available	run 15	proteomic profiling by mass spectrometry	NT=data-dependent acquisition;AC=PRIDE:0000627	TMT130C	NT=Orbitrap Fusion Lumos;AC=MS:1002732	NT=Lys-C;AC=MS:1001309	1	1	NT=collision-induced dissociation;AC=MS:1000133	infection status (mock-infected, infected with SARS-CoV-2)	NT=Carbamidomethyl;AC=UNIMOD:4;MT=Fixed;TA=C	NT=TMT6plex;AC=UNIMOD:730;MT=Fixed;TA=K	NT=Oxidation;AC=UNIMOD:35;MT=Variable;TA=M	NT=Acetyl;AC=UNIMOD:1;MT=Variable;TA=K	NT=Phospho;AC=UNIMOD:21;MT=Variable;TA=STY	6 ppm	orbitrap	350m/z-1400m/z	35 NCE	20200317_KKL_CoV2_24h_5v5_F23.raw	v1.1.0	HAMLET-agentic v0.1.0	sars-cov-2 infection
PXD018357-Sample-150	Homo sapiens	colon	sars-cov-2 infection	epithelial cell	Caco-2, UKF-RC-2	not available	10	not available	not available	run 15	proteomic profiling by mass spectrometry	NT=data-dependent acquisition;AC=PRIDE:0000627	TMT131	NT=Orbitrap Fusion Lumos;AC=MS:1002732	NT=Lys-C;AC=MS:1001309	1	1	NT=collision-induced dissociation;AC=MS:1000133	infection status (mock-infected, infected with SARS-CoV-2)	NT=Carbamidomethyl;AC=UNIMOD:4;MT=Fixed;TA=C	NT=TMT6plex;AC=UNIMOD:730;MT=Fixed;TA=K	NT=Oxidation;AC=UNIMOD:35;MT=Variable;TA=M	NT=Acetyl;AC=UNIMOD:1;MT=Variable;TA=K	NT=Phospho;AC=UNIMOD:21;MT=Variable;TA=STY	6 ppm	orbitrap	350m/z-1400m/z	35 NCE	20200317_KKL_CoV2_24h_5v5_F23.raw	v1.1.0	HAMLET-agentic v0.1.0	sars-cov-2 infection
PXD018357-Sample-151	Homo sapiens	colon	sars-cov-2 infection	epithelial cell	Caco-2, UKF-RC-2	not available	10	not available	not available	run 16	proteomic profiling by mass spectrometry	NT=data-dependent acquisition;AC=PRIDE:0000627	TMT126	NT=Orbitrap Fusion Lumos;AC=MS:1002732	NT=Lys-C;AC=MS:1001309	1	1	NT=collision-induced dissociation;AC=MS:1000133	infection status (mock-infected, infected with SARS-CoV-2)	NT=Carbamidomethyl;AC=UNIMOD:4;MT=Fixed;TA=C	NT=TMT6plex;AC=UNIMOD:730;MT=Fixed;TA=K	NT=Oxidation;AC=UNIMOD:35;MT=Variable;TA=M	NT=Acetyl;AC=UNIMOD:1;MT=Variable;TA=K	NT=Phospho;AC=UNIMOD:21;MT=Variable;TA=STY	6 ppm	orbitrap	350m/z-1400m/z	35 NCE	20200317_KKL_CoV2_24h_5v5_F24.raw	v1.1.0	HAMLET-agentic v0.1.0	sars-cov-2 infection
PXD018357-Sample-152	Homo sapiens	colon	sars-cov-2 infection	epithelial cell	Caco-2, UKF-RC-2	not available	10	not available	not available	run 16	proteomic profiling by mass spectrometry	NT=data-dependent acquisition;AC=PRIDE:0000627	TMT127N	NT=Orbitrap Fusion Lumos;AC=MS:1002732	NT=Lys-C;AC=MS:1001309	1	1	NT=collision-induced dissociation;AC=MS:1000133	infection status (mock-infected, infected with SARS-CoV-2)	NT=Carbamidomethyl;AC=UNIMOD:4;MT=Fixed;TA=C	NT=TMT6plex;AC=UNIMOD:730;MT=Fixed;TA=K	NT=Oxidation;AC=UNIMOD:35;MT=Variable;TA=M	NT=Acetyl;AC=UNIMOD:1;MT=Variable;TA=K	NT=Phospho;AC=UNIMOD:21;MT=Variable;TA=STY	6 ppm	orbitrap	350m/z-1400m/z	35 NCE	20200317_KKL_CoV2_24h_5v5_F24.raw	v1.1.0	HAMLET-agentic v0.1.0	sars-cov-2 infection
PXD018357-Sample-153	Homo sapiens	colon	sars-cov-2 infection	epithelial cell	Caco-2, UKF-RC-2	not available	10	not available	not available	run 16	proteomic profiling by mass spectrometry	NT=data-dependent acquisition;AC=PRIDE:0000627	TMT127C	NT=Orbitrap Fusion Lumos;AC=MS:1002732	NT=Lys-C;AC=MS:1001309	1	1	NT=collision-induced dissociation;AC=MS:1000133	infection status (mock-infected, infected with SARS-CoV-2)	NT=Carbamidomethyl;AC=UNIMOD:4;MT=Fixed;TA=C	NT=TMT6plex;AC=UNIMOD:730;MT=Fixed;TA=K	NT=Oxidation;AC=UNIMOD:35;MT=Variable;TA=M	NT=Acetyl;AC=UNIMOD:1;MT=Variable;TA=K	NT=Phospho;AC=UNIMOD:21;MT=Variable;TA=STY	6 ppm	orbitrap	350m/z-1400m/z	35 NCE	20200317_KKL_CoV2_24h_5v5_F24.raw	v1.1.0	HAMLET-agentic v0.1.0	sars-cov-2 infection
PXD018357-Sample-154	Homo sapiens	colon	sars-cov-2 infection	epithelial cell	Caco-2, UKF-RC-2	not available	10	not available	not available	run 16	proteomic profiling by mass spectrometry	NT=data-dependent acquisition;AC=PRIDE:0000627	TMT128N	NT=Orbitrap Fusion Lumos;AC=MS:1002732	NT=Lys-C;AC=MS:1001309	1	1	NT=collision-induced dissociation;AC=MS:1000133	infection status (mock-infected, infected with SARS-CoV-2)	NT=Carbamidomethyl;AC=UNIMOD:4;MT=Fixed;TA=C	NT=TMT6plex;AC=UNIMOD:730;MT=Fixed;TA=K	NT=Oxidation;AC=UNIMOD:35;MT=Variable;TA=M	NT=Acetyl;AC=UNIMOD:1;MT=Variable;TA=K	NT=Phospho;AC=UNIMOD:21;MT=Variable;TA=STY	6 ppm	orbitrap	350m/z-1400m/z	35 NCE	20200317_KKL_CoV2_24h_5v5_F24.raw	v1.1.0	HAMLET-agentic v0.1.0	sars-cov-2 infection
PXD018357-Sample-155	Homo sapiens	colon	sars-cov-2 infection	epithelial cell	Caco-2, UKF-RC-2	not available	10	not available	not available	run 16	proteomic profiling by mass spectrometry	NT=data-dependent acquisition;AC=PRIDE:0000627	TMT128C	NT=Orbitrap Fusion Lumos;AC=MS:1002732	NT=Lys-C;AC=MS:1001309	1	1	NT=collision-induced dissociation;AC=MS:1000133	infection status (mock-infected, infected with SARS-CoV-2)	NT=Carbamidomethyl;AC=UNIMOD:4;MT=Fixed;TA=C	NT=TMT6plex;AC=UNIMOD:730;MT=Fixed;TA=K	NT=Oxidation;AC=UNIMOD:35;MT=Variable;TA=M	NT=Acetyl;AC=UNIMOD:1;MT=Variable;TA=K	NT=Phospho;AC=UNIMOD:21;MT=Variable;TA=STY	6 ppm	orbitrap	350m/z-1400m/z	35 NCE	20200317_KKL_CoV2_24h_5v5_F24.raw	v1.1.0	HAMLET-agentic v0.1.0	sars-cov-2 infection
PXD018357-Sample-156	Homo sapiens	colon	sars-cov-2 infection	epithelial cell	Caco-2, UKF-RC-2	not available	10	not available	not available	run 16	proteomic profiling by mass spectrometry	NT=data-dependent acquisition;AC=PRIDE:0000627	TMT129N	NT=Orbitrap Fusion Lumos;AC=MS:1002732	NT=Lys-C;AC=MS:1001309	1	1	NT=collision-induced dissociation;AC=MS:1000133	infection status (mock-infected, infected with SARS-CoV-2)	NT=Carbamidomethyl;AC=UNIMOD:4;MT=Fixed;TA=C	NT=TMT6plex;AC=UNIMOD:730;MT=Fixed;TA=K	NT=Oxidation;AC=UNIMOD:35;MT=Variable;TA=M	NT=Acetyl;AC=UNIMOD:1;MT=Variable;TA=K	NT=Phospho;AC=UNIMOD:21;MT=Variable;TA=STY	6 ppm	orbitrap	350m/z-1400m/z	35 NCE	20200317_KKL_CoV2_24h_5v5_F24.raw	v1.1.0	HAMLET-agentic v0.1.0	sars-cov-2 infection
PXD018357-Sample-157	Homo sapiens	colon	sars-cov-2 infection	epithelial cell	Caco-2, UKF-RC-2	not available	10	not available	not available	run 16	proteomic profiling by mass spectrometry	NT=data-dependent acquisition;AC=PRIDE:0000627	TMT129C	NT=Orbitrap Fusion Lumos;AC=MS:1002732	NT=Lys-C;AC=MS:1001309	1	1	NT=collision-induced dissociation;AC=MS:1000133	infection status (mock-infected, infected with SARS-CoV-2)	NT=Carbamidomethyl;AC=UNIMOD:4;MT=Fixed;TA=C	NT=TMT6plex;AC=UNIMOD:730;MT=Fixed;TA=K	NT=Oxidation;AC=UNIMOD:35;MT=Variable;TA=M	NT=Acetyl;AC=UNIMOD:1;MT=Variable;TA=K	NT=Phospho;AC=UNIMOD:21;MT=Variable;TA=STY	6 ppm	orbitrap	350m/z-1400m/z	35 NCE	20200317_KKL_CoV2_24h_5v5_F24.raw	v1.1.0	HAMLET-agentic v0.1.0	sars-cov-2 infection
PXD018357-Sample-158	Homo sapiens	colon	sars-cov-2 infection	epithelial cell	Caco-2, UKF-RC-2	not available	10	not available	not available	run 16	proteomic profiling by mass spectrometry	NT=data-dependent acquisition;AC=PRIDE:0000627	TMT130N	NT=Orbitrap Fusion Lumos;AC=MS:1002732	NT=Lys-C;AC=MS:1001309	1	1	NT=collision-induced dissociation;AC=MS:1000133	infection status (mock-infected, infected with SARS-CoV-2)	NT=Carbamidomethyl;AC=UNIMOD:4;MT=Fixed;TA=C	NT=TMT6plex;AC=UNIMOD:730;MT=Fixed;TA=K	NT=Oxidation;AC=UNIMOD:35;MT=Variable;TA=M	NT=Acetyl;AC=UNIMOD:1;MT=Variable;TA=K	NT=Phospho;AC=UNIMOD:21;MT=Variable;TA=STY	6 ppm	orbitrap	350m/z-1400m/z	35 NCE	20200317_KKL_CoV2_24h_5v5_F24.raw	v1.1.0	HAMLET-agentic v0.1.0	sars-cov-2 infection
PXD018357-Sample-159	Homo sapiens	colon	sars-cov-2 infection	epithelial cell	Caco-2, UKF-RC-2	not available	10	not available	not available	run 16	proteomic profiling by mass spectrometry	NT=data-dependent acquisition;AC=PRIDE:0000627	TMT130C	NT=Orbitrap Fusion Lumos;AC=MS:1002732	NT=Lys-C;AC=MS:1001309	1	1	NT=collision-induced dissociation;AC=MS:1000133	infection status (mock-infected, infected with SARS-CoV-2)	NT=Carbamidomethyl;AC=UNIMOD:4;MT=Fixed;TA=C	NT=TMT6plex;AC=UNIMOD:730;MT=Fixed;TA=K	NT=Oxidation;AC=UNIMOD:35;MT=Variable;TA=M	NT=Acetyl;AC=UNIMOD:1;MT=Variable;TA=K	NT=Phospho;AC=UNIMOD:21;MT=Variable;TA=STY	6 ppm	orbitrap	350m/z-1400m/z	35 NCE	20200317_KKL_CoV2_24h_5v5_F24.raw	v1.1.0	HAMLET-agentic v0.1.0	sars-cov-2 infection
PXD018357-Sample-160	Homo sapiens	colon	sars-cov-2 infection	epithelial cell	Caco-2, UKF-RC-2	not available	10	not available	not available	run 16	proteomic profiling by mass spectrometry	NT=data-dependent acquisition;AC=PRIDE:0000627	TMT131	NT=Orbitrap Fusion Lumos;AC=MS:1002732	NT=Lys-C;AC=MS:1001309	1	1	NT=collision-induced dissociation;AC=MS:1000133	infection status (mock-infected, infected with SARS-CoV-2)	NT=Carbamidomethyl;AC=UNIMOD:4;MT=Fixed;TA=C	NT=TMT6plex;AC=UNIMOD:730;MT=Fixed;TA=K	NT=Oxidation;AC=UNIMOD:35;MT=Variable;TA=M	NT=Acetyl;AC=UNIMOD:1;MT=Variable;TA=K	NT=Phospho;AC=UNIMOD:21;MT=Variable;TA=STY	6 ppm	orbitrap	350m/z-1400m/z	35 NCE	20200317_KKL_CoV2_24h_5v5_F24.raw	v1.1.0	HAMLET-agentic v0.1.0	sars-cov-2 infection
PXD018357-Sample-161	Homo sapiens	colon	sars-cov-2 infection	epithelial cell	Caco-2, UKF-RC-2	not available	10	not available	not available	run 17	proteomic profiling by mass spectrometry	NT=data-dependent acquisition;AC=PRIDE:0000627	TMT126	NT=Orbitrap Fusion Lumos;AC=MS:1002732	NT=Lys-C;AC=MS:1001309	1	1	NT=collision-induced dissociation;AC=MS:1000133	infection status (mock-infected, infected with SARS-CoV-2)	NT=Carbamidomethyl;AC=UNIMOD:4;MT=Fixed;TA=C	NT=TMT6plex;AC=UNIMOD:730;MT=Fixed;TA=K	NT=Oxidation;AC=UNIMOD:35;MT=Variable;TA=M	NT=Acetyl;AC=UNIMOD:1;MT=Variable;TA=K	NT=Phospho;AC=UNIMOD:21;MT=Variable;TA=STY	6 ppm	orbitrap	350m/z-1400m/z	35 NCE	20200317_KKL_CoV2_24h_5v5_F2_20200318195837.raw	v1.1.0	HAMLET-agentic v0.1.0	sars-cov-2 infection
PXD018357-Sample-162	Homo sapiens	colon	sars-cov-2 infection	epithelial cell	Caco-2, UKF-RC-2	not available	10	not available	not available	run 17	proteomic profiling by mass spectrometry	NT=data-dependent acquisition;AC=PRIDE:0000627	TMT127N	NT=Orbitrap Fusion Lumos;AC=MS:1002732	NT=Lys-C;AC=MS:1001309	1	1	NT=collision-induced dissociation;AC=MS:1000133	infection status (mock-infected, infected with SARS-CoV-2)	NT=Carbamidomethyl;AC=UNIMOD:4;MT=Fixed;TA=C	NT=TMT6plex;AC=UNIMOD:730;MT=Fixed;TA=K	NT=Oxidation;AC=UNIMOD:35;MT=Variable;TA=M	NT=Acetyl;AC=UNIMOD:1;MT=Variable;TA=K	NT=Phospho;AC=UNIMOD:21;MT=Variable;TA=STY	6 ppm	orbitrap	350m/z-1400m/z	35 NCE	20200317_KKL_CoV2_24h_5v5_F2_20200318195837.raw	v1.1.0	HAMLET-agentic v0.1.0	sars-cov-2 infection
PXD018357-Sample-163	Homo sapiens	colon	sars-cov-2 infection	epithelial cell	Caco-2, UKF-RC-2	not available	10	not available	not available	run 17	proteomic profiling by mass spectrometry	NT=data-dependent acquisition;AC=PRIDE:0000627	TMT127C	NT=Orbitrap Fusion Lumos;AC=MS:1002732	NT=Lys-C;AC=MS:1001309	1	1	NT=collision-induced dissociation;AC=MS:1000133	infection status (mock-infected, infected with SARS-CoV-2)	NT=Carbamidomethyl;AC=UNIMOD:4;MT=Fixed;TA=C	NT=TMT6plex;AC=UNIMOD:730;MT=Fixed;TA=K	NT=Oxidation;AC=UNIMOD:35;MT=Variable;TA=M	NT=Acetyl;AC=UNIMOD:1;MT=Variable;TA=K	NT=Phospho;AC=UNIMOD:21;MT=Variable;TA=STY	6 ppm	orbitrap	350m/z-1400m/z	35 NCE	20200317_KKL_CoV2_24h_5v5_F2_20200318195837.raw	v1.1.0	HAMLET-agentic v0.1.0	sars-cov-2 infection
PXD018357-Sample-164	Homo sapiens	colon	sars-cov-2 infection	epithelial cell	Caco-2, UKF-RC-2	not available	10	not available	not available	run 17	proteomic profiling by mass spectrometry	NT=data-dependent acquisition;AC=PRIDE:0000627	TMT128N	NT=Orbitrap Fusion Lumos;AC=MS:1002732	NT=Lys-C;AC=MS:1001309	1	1	NT=collision-induced dissociation;AC=MS:1000133	infection status (mock-infected, infected with SARS-CoV-2)	NT=Carbamidomethyl;AC=UNIMOD:4;MT=Fixed;TA=C	NT=TMT6plex;AC=UNIMOD:730;MT=Fixed;TA=K	NT=Oxidation;AC=UNIMOD:35;MT=Variable;TA=M	NT=Acetyl;AC=UNIMOD:1;MT=Variable;TA=K	NT=Phospho;AC=UNIMOD:21;MT=Variable;TA=STY	6 ppm	orbitrap	350m/z-1400m/z	35 NCE	20200317_KKL_CoV2_24h_5v5_F2_20200318195837.raw	v1.1.0	HAMLET-agentic v0.1.0	sars-cov-2 infection
PXD018357-Sample-165	Homo sapiens	colon	sars-cov-2 infection	epithelial cell	Caco-2, UKF-RC-2	not available	10	not available	not available	run 17	proteomic profiling by mass spectrometry	NT=data-dependent acquisition;AC=PRIDE:0000627	TMT128C	NT=Orbitrap Fusion Lumos;AC=MS:1002732	NT=Lys-C;AC=MS:1001309	1	1	NT=collision-induced dissociation;AC=MS:1000133	infection status (mock-infected, infected with SARS-CoV-2)	NT=Carbamidomethyl;AC=UNIMOD:4;MT=Fixed;TA=C	NT=TMT6plex;AC=UNIMOD:730;MT=Fixed;TA=K	NT=Oxidation;AC=UNIMOD:35;MT=Variable;TA=M	NT=Acetyl;AC=UNIMOD:1;MT=Variable;TA=K	NT=Phospho;AC=UNIMOD:21;MT=Variable;TA=STY	6 ppm	orbitrap	350m/z-1400m/z	35 NCE	20200317_KKL_CoV2_24h_5v5_F2_20200318195837.raw	v1.1.0	HAMLET-agentic v0.1.0	sars-cov-2 infection
PXD018357-Sample-166	Homo sapiens	colon	sars-cov-2 infection	epithelial cell	Caco-2, UKF-RC-2	not available	10	not available	not available	run 17	proteomic profiling by mass spectrometry	NT=data-dependent acquisition;AC=PRIDE:0000627	TMT129N	NT=Orbitrap Fusion Lumos;AC=MS:1002732	NT=Lys-C;AC=MS:1001309	1	1	NT=collision-induced dissociation;AC=MS:1000133	infection status (mock-infected, infected with SARS-CoV-2)	NT=Carbamidomethyl;AC=UNIMOD:4;MT=Fixed;TA=C	NT=TMT6plex;AC=UNIMOD:730;MT=Fixed;TA=K	NT=Oxidation;AC=UNIMOD:35;MT=Variable;TA=M	NT=Acetyl;AC=UNIMOD:1;MT=Variable;TA=K	NT=Phospho;AC=UNIMOD:21;MT=Variable;TA=STY	6 ppm	orbitrap	350m/z-1400m/z	35 NCE	20200317_KKL_CoV2_24h_5v5_F2_20200318195837.raw	v1.1.0	HAMLET-agentic v0.1.0	sars-cov-2 infection
PXD018357-Sample-167	Homo sapiens	colon	sars-cov-2 infection	epithelial cell	Caco-2, UKF-RC-2	not available	10	not available	not available	run 17	proteomic profiling by mass spectrometry	NT=data-dependent acquisition;AC=PRIDE:0000627	TMT129C	NT=Orbitrap Fusion Lumos;AC=MS:1002732	NT=Lys-C;AC=MS:1001309	1	1	NT=collision-induced dissociation;AC=MS:1000133	infection status (mock-infected, infected with SARS-CoV-2)	NT=Carbamidomethyl;AC=UNIMOD:4;MT=Fixed;TA=C	NT=TMT6plex;AC=UNIMOD:730;MT=Fixed;TA=K	NT=Oxidation;AC=UNIMOD:35;MT=Variable;TA=M	NT=Acetyl;AC=UNIMOD:1;MT=Variable;TA=K	NT=Phospho;AC=UNIMOD:21;MT=Variable;TA=STY	6 ppm	orbitrap	350m/z-1400m/z	35 NCE	20200317_KKL_CoV2_24h_5v5_F2_20200318195837.raw	v1.1.0	HAMLET-agentic v0.1.0	sars-cov-2 infection
PXD018357-Sample-168	Homo sapiens	colon	sars-cov-2 infection	epithelial cell	Caco-2, UKF-RC-2	not available	10	not available	not available	run 17	proteomic profiling by mass spectrometry	NT=data-dependent acquisition;AC=PRIDE:0000627	TMT130N	NT=Orbitrap Fusion Lumos;AC=MS:1002732	NT=Lys-C;AC=MS:1001309	1	1	NT=collision-induced dissociation;AC=MS:1000133	infection status (mock-infected, infected with SARS-CoV-2)	NT=Carbamidomethyl;AC=UNIMOD:4;MT=Fixed;TA=C	NT=TMT6plex;AC=UNIMOD:730;MT=Fixed;TA=K	NT=Oxidation;AC=UNIMOD:35;MT=Variable;TA=M	NT=Acetyl;AC=UNIMOD:1;MT=Variable;TA=K	NT=Phospho;AC=UNIMOD:21;MT=Variable;TA=STY	6 ppm	orbitrap	350m/z-1400m/z	35 NCE	20200317_KKL_CoV2_24h_5v5_F2_20200318195837.raw	v1.1.0	HAMLET-agentic v0.1.0	sars-cov-2 infection
PXD018357-Sample-169	Homo sapiens	colon	sars-cov-2 infection	epithelial cell	Caco-2, UKF-RC-2	not available	10	not available	not available	run 17	proteomic profiling by mass spectrometry	NT=data-dependent acquisition;AC=PRIDE:0000627	TMT130C	NT=Orbitrap Fusion Lumos;AC=MS:1002732	NT=Lys-C;AC=MS:1001309	1	1	NT=collision-induced dissociation;AC=MS:1000133	infection status (mock-infected, infected with SARS-CoV-2)	NT=Carbamidomethyl;AC=UNIMOD:4;MT=Fixed;TA=C	NT=TMT6plex;AC=UNIMOD:730;MT=Fixed;TA=K	NT=Oxidation;AC=UNIMOD:35;MT=Variable;TA=M	NT=Acetyl;AC=UNIMOD:1;MT=Variable;TA=K	NT=Phospho;AC=UNIMOD:21;MT=Variable;TA=STY	6 ppm	orbitrap	350m/z-1400m/z	35 NCE	20200317_KKL_CoV2_24h_5v5_F2_20200318195837.raw	v1.1.0	HAMLET-agentic v0.1.0	sars-cov-2 infection
PXD018357-Sample-170	Homo sapiens	colon	sars-cov-2 infection	epithelial cell	Caco-2, UKF-RC-2	not available	10	not available	not available	run 17	proteomic profiling by mass spectrometry	NT=data-dependent acquisition;AC=PRIDE:0000627	TMT131	NT=Orbitrap Fusion Lumos;AC=MS:1002732	NT=Lys-C;AC=MS:1001309	1	1	NT=collision-induced dissociation;AC=MS:1000133	infection status (mock-infected, infected with SARS-CoV-2)	NT=Carbamidomethyl;AC=UNIMOD:4;MT=Fixed;TA=C	NT=TMT6plex;AC=UNIMOD:730;MT=Fixed;TA=K	NT=Oxidation;AC=UNIMOD:35;MT=Variable;TA=M	NT=Acetyl;AC=UNIMOD:1;MT=Variable;TA=K	NT=Phospho;AC=UNIMOD:21;MT=Variable;TA=STY	6 ppm	orbitrap	350m/z-1400m/z	35 NCE	20200317_KKL_CoV2_24h_5v5_F2_20200318195837.raw	v1.1.0	HAMLET-agentic v0.1.0	sars-cov-2 infection
PXD018357-Sample-171	Homo sapiens	colon	sars-cov-2 infection	epithelial cell	Caco-2, UKF-RC-2	not available	10	not available	not available	run 18	proteomic profiling by mass spectrometry	NT=data-dependent acquisition;AC=PRIDE:0000627	TMT126	NT=Orbitrap Fusion Lumos;AC=MS:1002732	NT=Lys-C;AC=MS:1001309	1	1	NT=collision-induced dissociation;AC=MS:1000133	infection status (mock-infected, infected with SARS-CoV-2)	NT=Carbamidomethyl;AC=UNIMOD:4;MT=Fixed;TA=C	NT=TMT6plex;AC=UNIMOD:730;MT=Fixed;TA=K	NT=Oxidation;AC=UNIMOD:35;MT=Variable;TA=M	NT=Acetyl;AC=UNIMOD:1;MT=Variable;TA=K	NT=Phospho;AC=UNIMOD:21;MT=Variable;TA=STY	6 ppm	orbitrap	350m/z-1400m/z	35 NCE	20200317_KKL_CoV2_24h_5v5_F3.raw	v1.1.0	HAMLET-agentic v0.1.0	sars-cov-2 infection
PXD018357-Sample-172	Homo sapiens	colon	sars-cov-2 infection	epithelial cell	Caco-2, UKF-RC-2	not available	10	not available	not available	run 18	proteomic profiling by mass spectrometry	NT=data-dependent acquisition;AC=PRIDE:0000627	TMT127N	NT=Orbitrap Fusion Lumos;AC=MS:1002732	NT=Lys-C;AC=MS:1001309	1	1	NT=collision-induced dissociation;AC=MS:1000133	infection status (mock-infected, infected with SARS-CoV-2)	NT=Carbamidomethyl;AC=UNIMOD:4;MT=Fixed;TA=C	NT=TMT6plex;AC=UNIMOD:730;MT=Fixed;TA=K	NT=Oxidation;AC=UNIMOD:35;MT=Variable;TA=M	NT=Acetyl;AC=UNIMOD:1;MT=Variable;TA=K	NT=Phospho;AC=UNIMOD:21;MT=Variable;TA=STY	6 ppm	orbitrap	350m/z-1400m/z	35 NCE	20200317_KKL_CoV2_24h_5v5_F3.raw	v1.1.0	HAMLET-agentic v0.1.0	sars-cov-2 infection
PXD018357-Sample-173	Homo sapiens	colon	sars-cov-2 infection	epithelial cell	Caco-2, UKF-RC-2	not available	10	not available	not available	run 18	proteomic profiling by mass spectrometry	NT=data-dependent acquisition;AC=PRIDE:0000627	TMT127C	NT=Orbitrap Fusion Lumos;AC=MS:1002732	NT=Lys-C;AC=MS:1001309	1	1	NT=collision-induced dissociation;AC=MS:1000133	infection status (mock-infected, infected with SARS-CoV-2)	NT=Carbamidomethyl;AC=UNIMOD:4;MT=Fixed;TA=C	NT=TMT6plex;AC=UNIMOD:730;MT=Fixed;TA=K	NT=Oxidation;AC=UNIMOD:35;MT=Variable;TA=M	NT=Acetyl;AC=UNIMOD:1;MT=Variable;TA=K	NT=Phospho;AC=UNIMOD:21;MT=Variable;TA=STY	6 ppm	orbitrap	350m/z-1400m/z	35 NCE	20200317_KKL_CoV2_24h_5v5_F3.raw	v1.1.0	HAMLET-agentic v0.1.0	sars-cov-2 infection
PXD018357-Sample-174	Homo sapiens	colon	sars-cov-2 infection	epithelial cell	Caco-2, UKF-RC-2	not available	10	not available	not available	run 18	proteomic profiling by mass spectrometry	NT=data-dependent acquisition;AC=PRIDE:0000627	TMT128N	NT=Orbitrap Fusion Lumos;AC=MS:1002732	NT=Lys-C;AC=MS:1001309	1	1	NT=collision-induced dissociation;AC=MS:1000133	infection status (mock-infected, infected with SARS-CoV-2)	NT=Carbamidomethyl;AC=UNIMOD:4;MT=Fixed;TA=C	NT=TMT6plex;AC=UNIMOD:730;MT=Fixed;TA=K	NT=Oxidation;AC=UNIMOD:35;MT=Variable;TA=M	NT=Acetyl;AC=UNIMOD:1;MT=Variable;TA=K	NT=Phospho;AC=UNIMOD:21;MT=Variable;TA=STY	6 ppm	orbitrap	350m/z-1400m/z	35 NCE	20200317_KKL_CoV2_24h_5v5_F3.raw	v1.1.0	HAMLET-agentic v0.1.0	sars-cov-2 infection
PXD018357-Sample-175	Homo sapiens	colon	sars-cov-2 infection	epithelial cell	Caco-2, UKF-RC-2	not available	10	not available	not available	run 18	proteomic profiling by mass spectrometry	NT=data-dependent acquisition;AC=PRIDE:0000627	TMT128C	NT=Orbitrap Fusion Lumos;AC=MS:1002732	NT=Lys-C;AC=MS:1001309	1	1	NT=collision-induced dissociation;AC=MS:1000133	infection status (mock-infected, infected with SARS-CoV-2)	NT=Carbamidomethyl;AC=UNIMOD:4;MT=Fixed;TA=C	NT=TMT6plex;AC=UNIMOD:730;MT=Fixed;TA=K	NT=Oxidation;AC=UNIMOD:35;MT=Variable;TA=M	NT=Acetyl;AC=UNIMOD:1;MT=Variable;TA=K	NT=Phospho;AC=UNIMOD:21;MT=Variable;TA=STY	6 ppm	orbitrap	350m/z-1400m/z	35 NCE	20200317_KKL_CoV2_24h_5v5_F3.raw	v1.1.0	HAMLET-agentic v0.1.0	sars-cov-2 infection
PXD018357-Sample-176	Homo sapiens	colon	sars-cov-2 infection	epithelial cell	Caco-2, UKF-RC-2	not available	10	not available	not available	run 18	proteomic profiling by mass spectrometry	NT=data-dependent acquisition;AC=PRIDE:0000627	TMT129N	NT=Orbitrap Fusion Lumos;AC=MS:1002732	NT=Lys-C;AC=MS:1001309	1	1	NT=collision-induced dissociation;AC=MS:1000133	infection status (mock-infected, infected with SARS-CoV-2)	NT=Carbamidomethyl;AC=UNIMOD:4;MT=Fixed;TA=C	NT=TMT6plex;AC=UNIMOD:730;MT=Fixed;TA=K	NT=Oxidation;AC=UNIMOD:35;MT=Variable;TA=M	NT=Acetyl;AC=UNIMOD:1;MT=Variable;TA=K	NT=Phospho;AC=UNIMOD:21;MT=Variable;TA=STY	6 ppm	orbitrap	350m/z-1400m/z	35 NCE	20200317_KKL_CoV2_24h_5v5_F3.raw	v1.1.0	HAMLET-agentic v0.1.0	sars-cov-2 infection
PXD018357-Sample-177	Homo sapiens	colon	sars-cov-2 infection	epithelial cell	Caco-2, UKF-RC-2	not available	10	not available	not available	run 18	proteomic profiling by mass spectrometry	NT=data-dependent acquisition;AC=PRIDE:0000627	TMT129C	NT=Orbitrap Fusion Lumos;AC=MS:1002732	NT=Lys-C;AC=MS:1001309	1	1	NT=collision-induced dissociation;AC=MS:1000133	infection status (mock-infected, infected with SARS-CoV-2)	NT=Carbamidomethyl;AC=UNIMOD:4;MT=Fixed;TA=C	NT=TMT6plex;AC=UNIMOD:730;MT=Fixed;TA=K	NT=Oxidation;AC=UNIMOD:35;MT=Variable;TA=M	NT=Acetyl;AC=UNIMOD:1;MT=Variable;TA=K	NT=Phospho;AC=UNIMOD:21;MT=Variable;TA=STY	6 ppm	orbitrap	350m/z-1400m/z	35 NCE	20200317_KKL_CoV2_24h_5v5_F3.raw	v1.1.0	HAMLET-agentic v0.1.0	sars-cov-2 infection
PXD018357-Sample-178	Homo sapiens	colon	sars-cov-2 infection	epithelial cell	Caco-2, UKF-RC-2	not available	10	not available	not available	run 18	proteomic profiling by mass spectrometry	NT=data-dependent acquisition;AC=PRIDE:0000627	TMT130N	NT=Orbitrap Fusion Lumos;AC=MS:1002732	NT=Lys-C;AC=MS:1001309	1	1	NT=collision-induced dissociation;AC=MS:1000133	infection status (mock-infected, infected with SARS-CoV-2)	NT=Carbamidomethyl;AC=UNIMOD:4;MT=Fixed;TA=C	NT=TMT6plex;AC=UNIMOD:730;MT=Fixed;TA=K	NT=Oxidation;AC=UNIMOD:35;MT=Variable;TA=M	NT=Acetyl;AC=UNIMOD:1;MT=Variable;TA=K	NT=Phospho;AC=UNIMOD:21;MT=Variable;TA=STY	6 ppm	orbitrap	350m/z-1400m/z	35 NCE	20200317_KKL_CoV2_24h_5v5_F3.raw	v1.1.0	HAMLET-agentic v0.1.0	sars-cov-2 infection
PXD018357-Sample-179	Homo sapiens	colon	sars-cov-2 infection	epithelial cell	Caco-2, UKF-RC-2	not available	10	not available	not available	run 18	proteomic profiling by mass spectrometry	NT=data-dependent acquisition;AC=PRIDE:0000627	TMT130C	NT=Orbitrap Fusion Lumos;AC=MS:1002732	NT=Lys-C;AC=MS:1001309	1	1	NT=collision-induced dissociation;AC=MS:1000133	infection status (mock-infected, infected with SARS-CoV-2)	NT=Carbamidomethyl;AC=UNIMOD:4;MT=Fixed;TA=C	NT=TMT6plex;AC=UNIMOD:730;MT=Fixed;TA=K	NT=Oxidation;AC=UNIMOD:35;MT=Variable;TA=M	NT=Acetyl;AC=UNIMOD:1;MT=Variable;TA=K	NT=Phospho;AC=UNIMOD:21;MT=Variable;TA=STY	6 ppm	orbitrap	350m/z-1400m/z	35 NCE	20200317_KKL_CoV2_24h_5v5_F3.raw	v1.1.0	HAMLET-agentic v0.1.0	sars-cov-2 infection
PXD018357-Sample-180	Homo sapiens	colon	sars-cov-2 infection	epithelial cell	Caco-2, UKF-RC-2	not available	10	not available	not available	run 18	proteomic profiling by mass spectrometry	NT=data-dependent acquisition;AC=PRIDE:0000627	TMT131	NT=Orbitrap Fusion Lumos;AC=MS:1002732	NT=Lys-C;AC=MS:1001309	1	1	NT=collision-induced dissociation;AC=MS:1000133	infection status (mock-infected, infected with SARS-CoV-2)	NT=Carbamidomethyl;AC=UNIMOD:4;MT=Fixed;TA=C	NT=TMT6plex;AC=UNIMOD:730;MT=Fixed;TA=K	NT=Oxidation;AC=UNIMOD:35;MT=Variable;TA=M	NT=Acetyl;AC=UNIMOD:1;MT=Variable;TA=K	NT=Phospho;AC=UNIMOD:21;MT=Variable;TA=STY	6 ppm	orbitrap	350m/z-1400m/z	35 NCE	20200317_KKL_CoV2_24h_5v5_F3.raw	v1.1.0	HAMLET-agentic v0.1.0	sars-cov-2 infection
PXD018357-Sample-181	Homo sapiens	colon	sars-cov-2 infection	epithelial cell	Caco-2, UKF-RC-2	not available	10	not available	not available	run 19	proteomic profiling by mass spectrometry	NT=data-dependent acquisition;AC=PRIDE:0000627	TMT126	NT=Orbitrap Fusion Lumos;AC=MS:1002732	NT=Lys-C;AC=MS:1001309	1	1	NT=collision-induced dissociation;AC=MS:1000133	infection status (mock-infected, infected with SARS-CoV-2)	NT=Carbamidomethyl;AC=UNIMOD:4;MT=Fixed;TA=C	NT=TMT6plex;AC=UNIMOD:730;MT=Fixed;TA=K	NT=Oxidation;AC=UNIMOD:35;MT=Variable;TA=M	NT=Acetyl;AC=UNIMOD:1;MT=Variable;TA=K	NT=Phospho;AC=UNIMOD:21;MT=Variable;TA=STY	6 ppm	orbitrap	350m/z-1400m/z	35 NCE	20200317_KKL_CoV2_24h_5v5_F4.raw	v1.1.0	HAMLET-agentic v0.1.0	sars-cov-2 infection
PXD018357-Sample-182	Homo sapiens	colon	sars-cov-2 infection	epithelial cell	Caco-2, UKF-RC-2	not available	10	not available	not available	run 19	proteomic profiling by mass spectrometry	NT=data-dependent acquisition;AC=PRIDE:0000627	TMT127N	NT=Orbitrap Fusion Lumos;AC=MS:1002732	NT=Lys-C;AC=MS:1001309	1	1	NT=collision-induced dissociation;AC=MS:1000133	infection status (mock-infected, infected with SARS-CoV-2)	NT=Carbamidomethyl;AC=UNIMOD:4;MT=Fixed;TA=C	NT=TMT6plex;AC=UNIMOD:730;MT=Fixed;TA=K	NT=Oxidation;AC=UNIMOD:35;MT=Variable;TA=M	NT=Acetyl;AC=UNIMOD:1;MT=Variable;TA=K	NT=Phospho;AC=UNIMOD:21;MT=Variable;TA=STY	6 ppm	orbitrap	350m/z-1400m/z	35 NCE	20200317_KKL_CoV2_24h_5v5_F4.raw	v1.1.0	HAMLET-agentic v0.1.0	sars-cov-2 infection
PXD018357-Sample-183	Homo sapiens	colon	sars-cov-2 infection	epithelial cell	Caco-2, UKF-RC-2	not available	10	not available	not available	run 19	proteomic profiling by mass spectrometry	NT=data-dependent acquisition;AC=PRIDE:0000627	TMT127C	NT=Orbitrap Fusion Lumos;AC=MS:1002732	NT=Lys-C;AC=MS:1001309	1	1	NT=collision-induced dissociation;AC=MS:1000133	infection status (mock-infected, infected with SARS-CoV-2)	NT=Carbamidomethyl;AC=UNIMOD:4;MT=Fixed;TA=C	NT=TMT6plex;AC=UNIMOD:730;MT=Fixed;TA=K	NT=Oxidation;AC=UNIMOD:35;MT=Variable;TA=M	NT=Acetyl;AC=UNIMOD:1;MT=Variable;TA=K	NT=Phospho;AC=UNIMOD:21;MT=Variable;TA=STY	6 ppm	orbitrap	350m/z-1400m/z	35 NCE	20200317_KKL_CoV2_24h_5v5_F4.raw	v1.1.0	HAMLET-agentic v0.1.0	sars-cov-2 infection
PXD018357-Sample-184	Homo sapiens	colon	sars-cov-2 infection	epithelial cell	Caco-2, UKF-RC-2	not available	10	not available	not available	run 19	proteomic profiling by mass spectrometry	NT=data-dependent acquisition;AC=PRIDE:0000627	TMT128N	NT=Orbitrap Fusion Lumos;AC=MS:1002732	NT=Lys-C;AC=MS:1001309	1	1	NT=collision-induced dissociation;AC=MS:1000133	infection status (mock-infected, infected with SARS-CoV-2)	NT=Carbamidomethyl;AC=UNIMOD:4;MT=Fixed;TA=C	NT=TMT6plex;AC=UNIMOD:730;MT=Fixed;TA=K	NT=Oxidation;AC=UNIMOD:35;MT=Variable;TA=M	NT=Acetyl;AC=UNIMOD:1;MT=Variable;TA=K	NT=Phospho;AC=UNIMOD:21;MT=Variable;TA=STY	6 ppm	orbitrap	350m/z-1400m/z	35 NCE	20200317_KKL_CoV2_24h_5v5_F4.raw	v1.1.0	HAMLET-agentic v0.1.0	sars-cov-2 infection
PXD018357-Sample-185	Homo sapiens	colon	sars-cov-2 infection	epithelial cell	Caco-2, UKF-RC-2	not available	10	not available	not available	run 19	proteomic profiling by mass spectrometry	NT=data-dependent acquisition;AC=PRIDE:0000627	TMT128C	NT=Orbitrap Fusion Lumos;AC=MS:1002732	NT=Lys-C;AC=MS:1001309	1	1	NT=collision-induced dissociation;AC=MS:1000133	infection status (mock-infected, infected with SARS-CoV-2)	NT=Carbamidomethyl;AC=UNIMOD:4;MT=Fixed;TA=C	NT=TMT6plex;AC=UNIMOD:730;MT=Fixed;TA=K	NT=Oxidation;AC=UNIMOD:35;MT=Variable;TA=M	NT=Acetyl;AC=UNIMOD:1;MT=Variable;TA=K	NT=Phospho;AC=UNIMOD:21;MT=Variable;TA=STY	6 ppm	orbitrap	350m/z-1400m/z	35 NCE	20200317_KKL_CoV2_24h_5v5_F4.raw	v1.1.0	HAMLET-agentic v0.1.0	sars-cov-2 infection
PXD018357-Sample-186	Homo sapiens	colon	sars-cov-2 infection	epithelial cell	Caco-2, UKF-RC-2	not available	10	not available	not available	run 19	proteomic profiling by mass spectrometry	NT=data-dependent acquisition;AC=PRIDE:0000627	TMT129N	NT=Orbitrap Fusion Lumos;AC=MS:1002732	NT=Lys-C;AC=MS:1001309	1	1	NT=collision-induced dissociation;AC=MS:1000133	infection status (mock-infected, infected with SARS-CoV-2)	NT=Carbamidomethyl;AC=UNIMOD:4;MT=Fixed;TA=C	NT=TMT6plex;AC=UNIMOD:730;MT=Fixed;TA=K	NT=Oxidation;AC=UNIMOD:35;MT=Variable;TA=M	NT=Acetyl;AC=UNIMOD:1;MT=Variable;TA=K	NT=Phospho;AC=UNIMOD:21;MT=Variable;TA=STY	6 ppm	orbitrap	350m/z-1400m/z	35 NCE	20200317_KKL_CoV2_24h_5v5_F4.raw	v1.1.0	HAMLET-agentic v0.1.0	sars-cov-2 infection
PXD018357-Sample-187	Homo sapiens	colon	sars-cov-2 infection	epithelial cell	Caco-2, UKF-RC-2	not available	10	not available	not available	run 19	proteomic profiling by mass spectrometry	NT=data-dependent acquisition;AC=PRIDE:0000627	TMT129C	NT=Orbitrap Fusion Lumos;AC=MS:1002732	NT=Lys-C;AC=MS:1001309	1	1	NT=collision-induced dissociation;AC=MS:1000133	infection status (mock-infected, infected with SARS-CoV-2)	NT=Carbamidomethyl;AC=UNIMOD:4;MT=Fixed;TA=C	NT=TMT6plex;AC=UNIMOD:730;MT=Fixed;TA=K	NT=Oxidation;AC=UNIMOD:35;MT=Variable;TA=M	NT=Acetyl;AC=UNIMOD:1;MT=Variable;TA=K	NT=Phospho;AC=UNIMOD:21;MT=Variable;TA=STY	6 ppm	orbitrap	350m/z-1400m/z	35 NCE	20200317_KKL_CoV2_24h_5v5_F4.raw	v1.1.0	HAMLET-agentic v0.1.0	sars-cov-2 infection
PXD018357-Sample-188	Homo sapiens	colon	sars-cov-2 infection	epithelial cell	Caco-2, UKF-RC-2	not available	10	not available	not available	run 19	proteomic profiling by mass spectrometry	NT=data-dependent acquisition;AC=PRIDE:0000627	TMT130N	NT=Orbitrap Fusion Lumos;AC=MS:1002732	NT=Lys-C;AC=MS:1001309	1	1	NT=collision-induced dissociation;AC=MS:1000133	infection status (mock-infected, infected with SARS-CoV-2)	NT=Carbamidomethyl;AC=UNIMOD:4;MT=Fixed;TA=C	NT=TMT6plex;AC=UNIMOD:730;MT=Fixed;TA=K	NT=Oxidation;AC=UNIMOD:35;MT=Variable;TA=M	NT=Acetyl;AC=UNIMOD:1;MT=Variable;TA=K	NT=Phospho;AC=UNIMOD:21;MT=Variable;TA=STY	6 ppm	orbitrap	350m/z-1400m/z	35 NCE	20200317_KKL_CoV2_24h_5v5_F4.raw	v1.1.0	HAMLET-agentic v0.1.0	sars-cov-2 infection
PXD018357-Sample-189	Homo sapiens	colon	sars-cov-2 infection	epithelial cell	Caco-2, UKF-RC-2	not available	10	not available	not available	run 19	proteomic profiling by mass spectrometry	NT=data-dependent acquisition;AC=PRIDE:0000627	TMT130C	NT=Orbitrap Fusion Lumos;AC=MS:1002732	NT=Lys-C;AC=MS:1001309	1	1	NT=collision-induced dissociation;AC=MS:1000133	infection status (mock-infected, infected with SARS-CoV-2)	NT=Carbamidomethyl;AC=UNIMOD:4;MT=Fixed;TA=C	NT=TMT6plex;AC=UNIMOD:730;MT=Fixed;TA=K	NT=Oxidation;AC=UNIMOD:35;MT=Variable;TA=M	NT=Acetyl;AC=UNIMOD:1;MT=Variable;TA=K	NT=Phospho;AC=UNIMOD:21;MT=Variable;TA=STY	6 ppm	orbitrap	350m/z-1400m/z	35 NCE	20200317_KKL_CoV2_24h_5v5_F4.raw	v1.1.0	HAMLET-agentic v0.1.0	sars-cov-2 infection
PXD018357-Sample-190	Homo sapiens	colon	sars-cov-2 infection	epithelial cell	Caco-2, UKF-RC-2	not available	10	not available	not available	run 19	proteomic profiling by mass spectrometry	NT=data-dependent acquisition;AC=PRIDE:0000627	TMT131	NT=Orbitrap Fusion Lumos;AC=MS:1002732	NT=Lys-C;AC=MS:1001309	1	1	NT=collision-induced dissociation;AC=MS:1000133	infection status (mock-infected, infected with SARS-CoV-2)	NT=Carbamidomethyl;AC=UNIMOD:4;MT=Fixed;TA=C	NT=TMT6plex;AC=UNIMOD:730;MT=Fixed;TA=K	NT=Oxidation;AC=UNIMOD:35;MT=Variable;TA=M	NT=Acetyl;AC=UNIMOD:1;MT=Variable;TA=K	NT=Phospho;AC=UNIMOD:21;MT=Variable;TA=STY	6 ppm	orbitrap	350m/z-1400m/z	35 NCE	20200317_KKL_CoV2_24h_5v5_F4.raw	v1.1.0	HAMLET-agentic v0.1.0	sars-cov-2 infection
PXD018357-Sample-191	Homo sapiens	colon	sars-cov-2 infection	epithelial cell	Caco-2, UKF-RC-2	not available	10	not available	not available	run 20	proteomic profiling by mass spectrometry	NT=data-dependent acquisition;AC=PRIDE:0000627	TMT126	NT=Orbitrap Fusion Lumos;AC=MS:1002732	NT=Lys-C;AC=MS:1001309	1	1	NT=collision-induced dissociation;AC=MS:1000133	infection status (mock-infected, infected with SARS-CoV-2)	NT=Carbamidomethyl;AC=UNIMOD:4;MT=Fixed;TA=C	NT=TMT6plex;AC=UNIMOD:730;MT=Fixed;TA=K	NT=Oxidation;AC=UNIMOD:35;MT=Variable;TA=M	NT=Acetyl;AC=UNIMOD:1;MT=Variable;TA=K	NT=Phospho;AC=UNIMOD:21;MT=Variable;TA=STY	6 ppm	orbitrap	350m/z-1400m/z	35 NCE	20200317_KKL_CoV2_24h_5v5_F5.raw	v1.1.0	HAMLET-agentic v0.1.0	sars-cov-2 infection
PXD018357-Sample-192	Homo sapiens	colon	sars-cov-2 infection	epithelial cell	Caco-2, UKF-RC-2	not available	10	not available	not available	run 20	proteomic profiling by mass spectrometry	NT=data-dependent acquisition;AC=PRIDE:0000627	TMT127N	NT=Orbitrap Fusion Lumos;AC=MS:1002732	NT=Lys-C;AC=MS:1001309	1	1	NT=collision-induced dissociation;AC=MS:1000133	infection status (mock-infected, infected with SARS-CoV-2)	NT=Carbamidomethyl;AC=UNIMOD:4;MT=Fixed;TA=C	NT=TMT6plex;AC=UNIMOD:730;MT=Fixed;TA=K	NT=Oxidation;AC=UNIMOD:35;MT=Variable;TA=M	NT=Acetyl;AC=UNIMOD:1;MT=Variable;TA=K	NT=Phospho;AC=UNIMOD:21;MT=Variable;TA=STY	6 ppm	orbitrap	350m/z-1400m/z	35 NCE	20200317_KKL_CoV2_24h_5v5_F5.raw	v1.1.0	HAMLET-agentic v0.1.0	sars-cov-2 infection
PXD018357-Sample-193	Homo sapiens	colon	sars-cov-2 infection	epithelial cell	Caco-2, UKF-RC-2	not available	10	not available	not available	run 20	proteomic profiling by mass spectrometry	NT=data-dependent acquisition;AC=PRIDE:0000627	TMT127C	NT=Orbitrap Fusion Lumos;AC=MS:1002732	NT=Lys-C;AC=MS:1001309	1	1	NT=collision-induced dissociation;AC=MS:1000133	infection status (mock-infected, infected with SARS-CoV-2)	NT=Carbamidomethyl;AC=UNIMOD:4;MT=Fixed;TA=C	NT=TMT6plex;AC=UNIMOD:730;MT=Fixed;TA=K	NT=Oxidation;AC=UNIMOD:35;MT=Variable;TA=M	NT=Acetyl;AC=UNIMOD:1;MT=Variable;TA=K	NT=Phospho;AC=UNIMOD:21;MT=Variable;TA=STY	6 ppm	orbitrap	350m/z-1400m/z	35 NCE	20200317_KKL_CoV2_24h_5v5_F5.raw	v1.1.0	HAMLET-agentic v0.1.0	sars-cov-2 infection
PXD018357-Sample-194	Homo sapiens	colon	sars-cov-2 infection	epithelial cell	Caco-2, UKF-RC-2	not available	10	not available	not available	run 20	proteomic profiling by mass spectrometry	NT=data-dependent acquisition;AC=PRIDE:0000627	TMT128N	NT=Orbitrap Fusion Lumos;AC=MS:1002732	NT=Lys-C;AC=MS:1001309	1	1	NT=collision-induced dissociation;AC=MS:1000133	infection status (mock-infected, infected with SARS-CoV-2)	NT=Carbamidomethyl;AC=UNIMOD:4;MT=Fixed;TA=C	NT=TMT6plex;AC=UNIMOD:730;MT=Fixed;TA=K	NT=Oxidation;AC=UNIMOD:35;MT=Variable;TA=M	NT=Acetyl;AC=UNIMOD:1;MT=Variable;TA=K	NT=Phospho;AC=UNIMOD:21;MT=Variable;TA=STY	6 ppm	orbitrap	350m/z-1400m/z	35 NCE	20200317_KKL_CoV2_24h_5v5_F5.raw	v1.1.0	HAMLET-agentic v0.1.0	sars-cov-2 infection
PXD018357-Sample-195	Homo sapiens	colon	sars-cov-2 infection	epithelial cell	Caco-2, UKF-RC-2	not available	10	not available	not available	run 20	proteomic profiling by mass spectrometry	NT=data-dependent acquisition;AC=PRIDE:0000627	TMT128C	NT=Orbitrap Fusion Lumos;AC=MS:1002732	NT=Lys-C;AC=MS:1001309	1	1	NT=collision-induced dissociation;AC=MS:1000133	infection status (mock-infected, infected with SARS-CoV-2)	NT=Carbamidomethyl;AC=UNIMOD:4;MT=Fixed;TA=C	NT=TMT6plex;AC=UNIMOD:730;MT=Fixed;TA=K	NT=Oxidation;AC=UNIMOD:35;MT=Variable;TA=M	NT=Acetyl;AC=UNIMOD:1;MT=Variable;TA=K	NT=Phospho;AC=UNIMOD:21;MT=Variable;TA=STY	6 ppm	orbitrap	350m/z-1400m/z	35 NCE	20200317_KKL_CoV2_24h_5v5_F5.raw	v1.1.0	HAMLET-agentic v0.1.0	sars-cov-2 infection
PXD018357-Sample-196	Homo sapiens	colon	sars-cov-2 infection	epithelial cell	Caco-2, UKF-RC-2	not available	10	not available	not available	run 20	proteomic profiling by mass spectrometry	NT=data-dependent acquisition;AC=PRIDE:0000627	TMT129N	NT=Orbitrap Fusion Lumos;AC=MS:1002732	NT=Lys-C;AC=MS:1001309	1	1	NT=collision-induced dissociation;AC=MS:1000133	infection status (mock-infected, infected with SARS-CoV-2)	NT=Carbamidomethyl;AC=UNIMOD:4;MT=Fixed;TA=C	NT=TMT6plex;AC=UNIMOD:730;MT=Fixed;TA=K	NT=Oxidation;AC=UNIMOD:35;MT=Variable;TA=M	NT=Acetyl;AC=UNIMOD:1;MT=Variable;TA=K	NT=Phospho;AC=UNIMOD:21;MT=Variable;TA=STY	6 ppm	orbitrap	350m/z-1400m/z	35 NCE	20200317_KKL_CoV2_24h_5v5_F5.raw	v1.1.0	HAMLET-agentic v0.1.0	sars-cov-2 infection
PXD018357-Sample-197	Homo sapiens	colon	sars-cov-2 infection	epithelial cell	Caco-2, UKF-RC-2	not available	10	not available	not available	run 20	proteomic profiling by mass spectrometry	NT=data-dependent acquisition;AC=PRIDE:0000627	TMT129C	NT=Orbitrap Fusion Lumos;AC=MS:1002732	NT=Lys-C;AC=MS:1001309	1	1	NT=collision-induced dissociation;AC=MS:1000133	infection status (mock-infected, infected with SARS-CoV-2)	NT=Carbamidomethyl;AC=UNIMOD:4;MT=Fixed;TA=C	NT=TMT6plex;AC=UNIMOD:730;MT=Fixed;TA=K	NT=Oxidation;AC=UNIMOD:35;MT=Variable;TA=M	NT=Acetyl;AC=UNIMOD:1;MT=Variable;TA=K	NT=Phospho;AC=UNIMOD:21;MT=Variable;TA=STY	6 ppm	orbitrap	350m/z-1400m/z	35 NCE	20200317_KKL_CoV2_24h_5v5_F5.raw	v1.1.0	HAMLET-agentic v0.1.0	sars-cov-2 infection
PXD018357-Sample-198	Homo sapiens	colon	sars-cov-2 infection	epithelial cell	Caco-2, UKF-RC-2	not available	10	not available	not available	run 20	proteomic profiling by mass spectrometry	NT=data-dependent acquisition;AC=PRIDE:0000627	TMT130N	NT=Orbitrap Fusion Lumos;AC=MS:1002732	NT=Lys-C;AC=MS:1001309	1	1	NT=collision-induced dissociation;AC=MS:1000133	infection status (mock-infected, infected with SARS-CoV-2)	NT=Carbamidomethyl;AC=UNIMOD:4;MT=Fixed;TA=C	NT=TMT6plex;AC=UNIMOD:730;MT=Fixed;TA=K	NT=Oxidation;AC=UNIMOD:35;MT=Variable;TA=M	NT=Acetyl;AC=UNIMOD:1;MT=Variable;TA=K	NT=Phospho;AC=UNIMOD:21;MT=Variable;TA=STY	6 ppm	orbitrap	350m/z-1400m/z	35 NCE	20200317_KKL_CoV2_24h_5v5_F5.raw	v1.1.0	HAMLET-agentic v0.1.0	sars-cov-2 infection
PXD018357-Sample-199	Homo sapiens	colon	sars-cov-2 infection	epithelial cell	Caco-2, UKF-RC-2	not available	10	not available	not available	run 20	proteomic profiling by mass spectrometry	NT=data-dependent acquisition;AC=PRIDE:0000627	TMT130C	NT=Orbitrap Fusion Lumos;AC=MS:1002732	NT=Lys-C;AC=MS:1001309	1	1	NT=collision-induced dissociation;AC=MS:1000133	infection status (mock-infected, infected with SARS-CoV-2)	NT=Carbamidomethyl;AC=UNIMOD:4;MT=Fixed;TA=C	NT=TMT6plex;AC=UNIMOD:730;MT=Fixed;TA=K	NT=Oxidation;AC=UNIMOD:35;MT=Variable;TA=M	NT=Acetyl;AC=UNIMOD:1;MT=Variable;TA=K	NT=Phospho;AC=UNIMOD:21;MT=Variable;TA=STY	6 ppm	orbitrap	350m/z-1400m/z	35 NCE	20200317_KKL_CoV2_24h_5v5_F5.raw	v1.1.0	HAMLET-agentic v0.1.0	sars-cov-2 infection
PXD018357-Sample-200	Homo sapiens	colon	sars-cov-2 infection	epithelial cell	Caco-2, UKF-RC-2	not available	10	not available	not available	run 20	proteomic profiling by mass spectrometry	NT=data-dependent acquisition;AC=PRIDE:0000627	TMT131	NT=Orbitrap Fusion Lumos;AC=MS:1002732	NT=Lys-C;AC=MS:1001309	1	1	NT=collision-induced dissociation;AC=MS:1000133	infection status (mock-infected, infected with SARS-CoV-2)	NT=Carbamidomethyl;AC=UNIMOD:4;MT=Fixed;TA=C	NT=TMT6plex;AC=UNIMOD:730;MT=Fixed;TA=K	NT=Oxidation;AC=UNIMOD:35;MT=Variable;TA=M	NT=Acetyl;AC=UNIMOD:1;MT=Variable;TA=K	NT=Phospho;AC=UNIMOD:21;MT=Variable;TA=STY	6 ppm	orbitrap	350m/z-1400m/z	35 NCE	20200317_KKL_CoV2_24h_5v5_F5.raw	v1.1.0	HAMLET-agentic v0.1.0	sars-cov-2 infection
PXD018357-Sample-201	Homo sapiens	colon	sars-cov-2 infection	epithelial cell	Caco-2, UKF-RC-2	not available	10	not available	not available	run 21	proteomic profiling by mass spectrometry	NT=data-dependent acquisition;AC=PRIDE:0000627	TMT126	NT=Orbitrap Fusion Lumos;AC=MS:1002732	NT=Lys-C;AC=MS:1001309	1	1	NT=collision-induced dissociation;AC=MS:1000133	infection status (mock-infected, infected with SARS-CoV-2)	NT=Carbamidomethyl;AC=UNIMOD:4;MT=Fixed;TA=C	NT=TMT6plex;AC=UNIMOD:730;MT=Fixed;TA=K	NT=Oxidation;AC=UNIMOD:35;MT=Variable;TA=M	NT=Acetyl;AC=UNIMOD:1;MT=Variable;TA=K	NT=Phospho;AC=UNIMOD:21;MT=Variable;TA=STY	6 ppm	orbitrap	350m/z-1400m/z	35 NCE	20200317_KKL_CoV2_24h_5v5_F6.raw	v1.1.0	HAMLET-agentic v0.1.0	sars-cov-2 infection
PXD018357-Sample-202	Homo sapiens	colon	sars-cov-2 infection	epithelial cell	Caco-2, UKF-RC-2	not available	10	not available	not available	run 21	proteomic profiling by mass spectrometry	NT=data-dependent acquisition;AC=PRIDE:0000627	TMT127N	NT=Orbitrap Fusion Lumos;AC=MS:1002732	NT=Lys-C;AC=MS:1001309	1	1	NT=collision-induced dissociation;AC=MS:1000133	infection status (mock-infected, infected with SARS-CoV-2)	NT=Carbamidomethyl;AC=UNIMOD:4;MT=Fixed;TA=C	NT=TMT6plex;AC=UNIMOD:730;MT=Fixed;TA=K	NT=Oxidation;AC=UNIMOD:35;MT=Variable;TA=M	NT=Acetyl;AC=UNIMOD:1;MT=Variable;TA=K	NT=Phospho;AC=UNIMOD:21;MT=Variable;TA=STY	6 ppm	orbitrap	350m/z-1400m/z	35 NCE	20200317_KKL_CoV2_24h_5v5_F6.raw	v1.1.0	HAMLET-agentic v0.1.0	sars-cov-2 infection
PXD018357-Sample-203	Homo sapiens	colon	sars-cov-2 infection	epithelial cell	Caco-2, UKF-RC-2	not available	10	not available	not available	run 21	proteomic profiling by mass spectrometry	NT=data-dependent acquisition;AC=PRIDE:0000627	TMT127C	NT=Orbitrap Fusion Lumos;AC=MS:1002732	NT=Lys-C;AC=MS:1001309	1	1	NT=collision-induced dissociation;AC=MS:1000133	infection status (mock-infected, infected with SARS-CoV-2)	NT=Carbamidomethyl;AC=UNIMOD:4;MT=Fixed;TA=C	NT=TMT6plex;AC=UNIMOD:730;MT=Fixed;TA=K	NT=Oxidation;AC=UNIMOD:35;MT=Variable;TA=M	NT=Acetyl;AC=UNIMOD:1;MT=Variable;TA=K	NT=Phospho;AC=UNIMOD:21;MT=Variable;TA=STY	6 ppm	orbitrap	350m/z-1400m/z	35 NCE	20200317_KKL_CoV2_24h_5v5_F6.raw	v1.1.0	HAMLET-agentic v0.1.0	sars-cov-2 infection
PXD018357-Sample-204	Homo sapiens	colon	sars-cov-2 infection	epithelial cell	Caco-2, UKF-RC-2	not available	10	not available	not available	run 21	proteomic profiling by mass spectrometry	NT=data-dependent acquisition;AC=PRIDE:0000627	TMT128N	NT=Orbitrap Fusion Lumos;AC=MS:1002732	NT=Lys-C;AC=MS:1001309	1	1	NT=collision-induced dissociation;AC=MS:1000133	infection status (mock-infected, infected with SARS-CoV-2)	NT=Carbamidomethyl;AC=UNIMOD:4;MT=Fixed;TA=C	NT=TMT6plex;AC=UNIMOD:730;MT=Fixed;TA=K	NT=Oxidation;AC=UNIMOD:35;MT=Variable;TA=M	NT=Acetyl;AC=UNIMOD:1;MT=Variable;TA=K	NT=Phospho;AC=UNIMOD:21;MT=Variable;TA=STY	6 ppm	orbitrap	350m/z-1400m/z	35 NCE	20200317_KKL_CoV2_24h_5v5_F6.raw	v1.1.0	HAMLET-agentic v0.1.0	sars-cov-2 infection
PXD018357-Sample-205	Homo sapiens	colon	sars-cov-2 infection	epithelial cell	Caco-2, UKF-RC-2	not available	10	not available	not available	run 21	proteomic profiling by mass spectrometry	NT=data-dependent acquisition;AC=PRIDE:0000627	TMT128C	NT=Orbitrap Fusion Lumos;AC=MS:1002732	NT=Lys-C;AC=MS:1001309	1	1	NT=collision-induced dissociation;AC=MS:1000133	infection status (mock-infected, infected with SARS-CoV-2)	NT=Carbamidomethyl;AC=UNIMOD:4;MT=Fixed;TA=C	NT=TMT6plex;AC=UNIMOD:730;MT=Fixed;TA=K	NT=Oxidation;AC=UNIMOD:35;MT=Variable;TA=M	NT=Acetyl;AC=UNIMOD:1;MT=Variable;TA=K	NT=Phospho;AC=UNIMOD:21;MT=Variable;TA=STY	6 ppm	orbitrap	350m/z-1400m/z	35 NCE	20200317_KKL_CoV2_24h_5v5_F6.raw	v1.1.0	HAMLET-agentic v0.1.0	sars-cov-2 infection
PXD018357-Sample-206	Homo sapiens	colon	sars-cov-2 infection	epithelial cell	Caco-2, UKF-RC-2	not available	10	not available	not available	run 21	proteomic profiling by mass spectrometry	NT=data-dependent acquisition;AC=PRIDE:0000627	TMT129N	NT=Orbitrap Fusion Lumos;AC=MS:1002732	NT=Lys-C;AC=MS:1001309	1	1	NT=collision-induced dissociation;AC=MS:1000133	infection status (mock-infected, infected with SARS-CoV-2)	NT=Carbamidomethyl;AC=UNIMOD:4;MT=Fixed;TA=C	NT=TMT6plex;AC=UNIMOD:730;MT=Fixed;TA=K	NT=Oxidation;AC=UNIMOD:35;MT=Variable;TA=M	NT=Acetyl;AC=UNIMOD:1;MT=Variable;TA=K	NT=Phospho;AC=UNIMOD:21;MT=Variable;TA=STY	6 ppm	orbitrap	350m/z-1400m/z	35 NCE	20200317_KKL_CoV2_24h_5v5_F6.raw	v1.1.0	HAMLET-agentic v0.1.0	sars-cov-2 infection
PXD018357-Sample-207	Homo sapiens	colon	sars-cov-2 infection	epithelial cell	Caco-2, UKF-RC-2	not available	10	not available	not available	run 21	proteomic profiling by mass spectrometry	NT=data-dependent acquisition;AC=PRIDE:0000627	TMT129C	NT=Orbitrap Fusion Lumos;AC=MS:1002732	NT=Lys-C;AC=MS:1001309	1	1	NT=collision-induced dissociation;AC=MS:1000133	infection status (mock-infected, infected with SARS-CoV-2)	NT=Carbamidomethyl;AC=UNIMOD:4;MT=Fixed;TA=C	NT=TMT6plex;AC=UNIMOD:730;MT=Fixed;TA=K	NT=Oxidation;AC=UNIMOD:35;MT=Variable;TA=M	NT=Acetyl;AC=UNIMOD:1;MT=Variable;TA=K	NT=Phospho;AC=UNIMOD:21;MT=Variable;TA=STY	6 ppm	orbitrap	350m/z-1400m/z	35 NCE	20200317_KKL_CoV2_24h_5v5_F6.raw	v1.1.0	HAMLET-agentic v0.1.0	sars-cov-2 infection
PXD018357-Sample-208	Homo sapiens	colon	sars-cov-2 infection	epithelial cell	Caco-2, UKF-RC-2	not available	10	not available	not available	run 21	proteomic profiling by mass spectrometry	NT=data-dependent acquisition;AC=PRIDE:0000627	TMT130N	NT=Orbitrap Fusion Lumos;AC=MS:1002732	NT=Lys-C;AC=MS:1001309	1	1	NT=collision-induced dissociation;AC=MS:1000133	infection status (mock-infected, infected with SARS-CoV-2)	NT=Carbamidomethyl;AC=UNIMOD:4;MT=Fixed;TA=C	NT=TMT6plex;AC=UNIMOD:730;MT=Fixed;TA=K	NT=Oxidation;AC=UNIMOD:35;MT=Variable;TA=M	NT=Acetyl;AC=UNIMOD:1;MT=Variable;TA=K	NT=Phospho;AC=UNIMOD:21;MT=Variable;TA=STY	6 ppm	orbitrap	350m/z-1400m/z	35 NCE	20200317_KKL_CoV2_24h_5v5_F6.raw	v1.1.0	HAMLET-agentic v0.1.0	sars-cov-2 infection
PXD018357-Sample-209	Homo sapiens	colon	sars-cov-2 infection	epithelial cell	Caco-2, UKF-RC-2	not available	10	not available	not available	run 21	proteomic profiling by mass spectrometry	NT=data-dependent acquisition;AC=PRIDE:0000627	TMT130C	NT=Orbitrap Fusion Lumos;AC=MS:1002732	NT=Lys-C;AC=MS:1001309	1	1	NT=collision-induced dissociation;AC=MS:1000133	infection status (mock-infected, infected with SARS-CoV-2)	NT=Carbamidomethyl;AC=UNIMOD:4;MT=Fixed;TA=C	NT=TMT6plex;AC=UNIMOD:730;MT=Fixed;TA=K	NT=Oxidation;AC=UNIMOD:35;MT=Variable;TA=M	NT=Acetyl;AC=UNIMOD:1;MT=Variable;TA=K	NT=Phospho;AC=UNIMOD:21;MT=Variable;TA=STY	6 ppm	orbitrap	350m/z-1400m/z	35 NCE	20200317_KKL_CoV2_24h_5v5_F6.raw	v1.1.0	HAMLET-agentic v0.1.0	sars-cov-2 infection
PXD018357-Sample-210	Homo sapiens	colon	sars-cov-2 infection	epithelial cell	Caco-2, UKF-RC-2	not available	10	not available	not available	run 21	proteomic profiling by mass spectrometry	NT=data-dependent acquisition;AC=PRIDE:0000627	TMT131	NT=Orbitrap Fusion Lumos;AC=MS:1002732	NT=Lys-C;AC=MS:1001309	1	1	NT=collision-induced dissociation;AC=MS:1000133	infection status (mock-infected, infected with SARS-CoV-2)	NT=Carbamidomethyl;AC=UNIMOD:4;MT=Fixed;TA=C	NT=TMT6plex;AC=UNIMOD:730;MT=Fixed;TA=K	NT=Oxidation;AC=UNIMOD:35;MT=Variable;TA=M	NT=Acetyl;AC=UNIMOD:1;MT=Variable;TA=K	NT=Phospho;AC=UNIMOD:21;MT=Variable;TA=STY	6 ppm	orbitrap	350m/z-1400m/z	35 NCE	20200317_KKL_CoV2_24h_5v5_F6.raw	v1.1.0	HAMLET-agentic v0.1.0	sars-cov-2 infection
PXD018357-Sample-211	Homo sapiens	colon	sars-cov-2 infection	epithelial cell	Caco-2, UKF-RC-2	not available	10	not available	not available	run 22	proteomic profiling by mass spectrometry	NT=data-dependent acquisition;AC=PRIDE:0000627	TMT126	NT=Orbitrap Fusion Lumos;AC=MS:1002732	NT=Lys-C;AC=MS:1001309	1	1	NT=collision-induced dissociation;AC=MS:1000133	infection status (mock-infected, infected with SARS-CoV-2)	NT=Carbamidomethyl;AC=UNIMOD:4;MT=Fixed;TA=C	NT=TMT6plex;AC=UNIMOD:730;MT=Fixed;TA=K	NT=Oxidation;AC=UNIMOD:35;MT=Variable;TA=M	NT=Acetyl;AC=UNIMOD:1;MT=Variable;TA=K	NT=Phospho;AC=UNIMOD:21;MT=Variable;TA=STY	6 ppm	orbitrap	350m/z-1400m/z	35 NCE	20200317_KKL_CoV2_24h_5v5_F7.raw	v1.1.0	HAMLET-agentic v0.1.0	sars-cov-2 infection
PXD018357-Sample-212	Homo sapiens	colon	sars-cov-2 infection	epithelial cell	Caco-2, UKF-RC-2	not available	10	not available	not available	run 22	proteomic profiling by mass spectrometry	NT=data-dependent acquisition;AC=PRIDE:0000627	TMT127N	NT=Orbitrap Fusion Lumos;AC=MS:1002732	NT=Lys-C;AC=MS:1001309	1	1	NT=collision-induced dissociation;AC=MS:1000133	infection status (mock-infected, infected with SARS-CoV-2)	NT=Carbamidomethyl;AC=UNIMOD:4;MT=Fixed;TA=C	NT=TMT6plex;AC=UNIMOD:730;MT=Fixed;TA=K	NT=Oxidation;AC=UNIMOD:35;MT=Variable;TA=M	NT=Acetyl;AC=UNIMOD:1;MT=Variable;TA=K	NT=Phospho;AC=UNIMOD:21;MT=Variable;TA=STY	6 ppm	orbitrap	350m/z-1400m/z	35 NCE	20200317_KKL_CoV2_24h_5v5_F7.raw	v1.1.0	HAMLET-agentic v0.1.0	sars-cov-2 infection
PXD018357-Sample-213	Homo sapiens	colon	sars-cov-2 infection	epithelial cell	Caco-2, UKF-RC-2	not available	10	not available	not available	run 22	proteomic profiling by mass spectrometry	NT=data-dependent acquisition;AC=PRIDE:0000627	TMT127C	NT=Orbitrap Fusion Lumos;AC=MS:1002732	NT=Lys-C;AC=MS:1001309	1	1	NT=collision-induced dissociation;AC=MS:1000133	infection status (mock-infected, infected with SARS-CoV-2)	NT=Carbamidomethyl;AC=UNIMOD:4;MT=Fixed;TA=C	NT=TMT6plex;AC=UNIMOD:730;MT=Fixed;TA=K	NT=Oxidation;AC=UNIMOD:35;MT=Variable;TA=M	NT=Acetyl;AC=UNIMOD:1;MT=Variable;TA=K	NT=Phospho;AC=UNIMOD:21;MT=Variable;TA=STY	6 ppm	orbitrap	350m/z-1400m/z	35 NCE	20200317_KKL_CoV2_24h_5v5_F7.raw	v1.1.0	HAMLET-agentic v0.1.0	sars-cov-2 infection
PXD018357-Sample-214	Homo sapiens	colon	sars-cov-2 infection	epithelial cell	Caco-2, UKF-RC-2	not available	10	not available	not available	run 22	proteomic profiling by mass spectrometry	NT=data-dependent acquisition;AC=PRIDE:0000627	TMT128N	NT=Orbitrap Fusion Lumos;AC=MS:1002732	NT=Lys-C;AC=MS:1001309	1	1	NT=collision-induced dissociation;AC=MS:1000133	infection status (mock-infected, infected with SARS-CoV-2)	NT=Carbamidomethyl;AC=UNIMOD:4;MT=Fixed;TA=C	NT=TMT6plex;AC=UNIMOD:730;MT=Fixed;TA=K	NT=Oxidation;AC=UNIMOD:35;MT=Variable;TA=M	NT=Acetyl;AC=UNIMOD:1;MT=Variable;TA=K	NT=Phospho;AC=UNIMOD:21;MT=Variable;TA=STY	6 ppm	orbitrap	350m/z-1400m/z	35 NCE	20200317_KKL_CoV2_24h_5v5_F7.raw	v1.1.0	HAMLET-agentic v0.1.0	sars-cov-2 infection
PXD018357-Sample-215	Homo sapiens	colon	sars-cov-2 infection	epithelial cell	Caco-2, UKF-RC-2	not available	10	not available	not available	run 22	proteomic profiling by mass spectrometry	NT=data-dependent acquisition;AC=PRIDE:0000627	TMT128C	NT=Orbitrap Fusion Lumos;AC=MS:1002732	NT=Lys-C;AC=MS:1001309	1	1	NT=collision-induced dissociation;AC=MS:1000133	infection status (mock-infected, infected with SARS-CoV-2)	NT=Carbamidomethyl;AC=UNIMOD:4;MT=Fixed;TA=C	NT=TMT6plex;AC=UNIMOD:730;MT=Fixed;TA=K	NT=Oxidation;AC=UNIMOD:35;MT=Variable;TA=M	NT=Acetyl;AC=UNIMOD:1;MT=Variable;TA=K	NT=Phospho;AC=UNIMOD:21;MT=Variable;TA=STY	6 ppm	orbitrap	350m/z-1400m/z	35 NCE	20200317_KKL_CoV2_24h_5v5_F7.raw	v1.1.0	HAMLET-agentic v0.1.0	sars-cov-2 infection
PXD018357-Sample-216	Homo sapiens	colon	sars-cov-2 infection	epithelial cell	Caco-2, UKF-RC-2	not available	10	not available	not available	run 22	proteomic profiling by mass spectrometry	NT=data-dependent acquisition;AC=PRIDE:0000627	TMT129N	NT=Orbitrap Fusion Lumos;AC=MS:1002732	NT=Lys-C;AC=MS:1001309	1	1	NT=collision-induced dissociation;AC=MS:1000133	infection status (mock-infected, infected with SARS-CoV-2)	NT=Carbamidomethyl;AC=UNIMOD:4;MT=Fixed;TA=C	NT=TMT6plex;AC=UNIMOD:730;MT=Fixed;TA=K	NT=Oxidation;AC=UNIMOD:35;MT=Variable;TA=M	NT=Acetyl;AC=UNIMOD:1;MT=Variable;TA=K	NT=Phospho;AC=UNIMOD:21;MT=Variable;TA=STY	6 ppm	orbitrap	350m/z-1400m/z	35 NCE	20200317_KKL_CoV2_24h_5v5_F7.raw	v1.1.0	HAMLET-agentic v0.1.0	sars-cov-2 infection
PXD018357-Sample-217	Homo sapiens	colon	sars-cov-2 infection	epithelial cell	Caco-2, UKF-RC-2	not available	10	not available	not available	run 22	proteomic profiling by mass spectrometry	NT=data-dependent acquisition;AC=PRIDE:0000627	TMT129C	NT=Orbitrap Fusion Lumos;AC=MS:1002732	NT=Lys-C;AC=MS:1001309	1	1	NT=collision-induced dissociation;AC=MS:1000133	infection status (mock-infected, infected with SARS-CoV-2)	NT=Carbamidomethyl;AC=UNIMOD:4;MT=Fixed;TA=C	NT=TMT6plex;AC=UNIMOD:730;MT=Fixed;TA=K	NT=Oxidation;AC=UNIMOD:35;MT=Variable;TA=M	NT=Acetyl;AC=UNIMOD:1;MT=Variable;TA=K	NT=Phospho;AC=UNIMOD:21;MT=Variable;TA=STY	6 ppm	orbitrap	350m/z-1400m/z	35 NCE	20200317_KKL_CoV2_24h_5v5_F7.raw	v1.1.0	HAMLET-agentic v0.1.0	sars-cov-2 infection
PXD018357-Sample-218	Homo sapiens	colon	sars-cov-2 infection	epithelial cell	Caco-2, UKF-RC-2	not available	10	not available	not available	run 22	proteomic profiling by mass spectrometry	NT=data-dependent acquisition;AC=PRIDE:0000627	TMT130N	NT=Orbitrap Fusion Lumos;AC=MS:1002732	NT=Lys-C;AC=MS:1001309	1	1	NT=collision-induced dissociation;AC=MS:1000133	infection status (mock-infected, infected with SARS-CoV-2)	NT=Carbamidomethyl;AC=UNIMOD:4;MT=Fixed;TA=C	NT=TMT6plex;AC=UNIMOD:730;MT=Fixed;TA=K	NT=Oxidation;AC=UNIMOD:35;MT=Variable;TA=M	NT=Acetyl;AC=UNIMOD:1;MT=Variable;TA=K	NT=Phospho;AC=UNIMOD:21;MT=Variable;TA=STY	6 ppm	orbitrap	350m/z-1400m/z	35 NCE	20200317_KKL_CoV2_24h_5v5_F7.raw	v1.1.0	HAMLET-agentic v0.1.0	sars-cov-2 infection
PXD018357-Sample-219	Homo sapiens	colon	sars-cov-2 infection	epithelial cell	Caco-2, UKF-RC-2	not available	10	not available	not available	run 22	proteomic profiling by mass spectrometry	NT=data-dependent acquisition;AC=PRIDE:0000627	TMT130C	NT=Orbitrap Fusion Lumos;AC=MS:1002732	NT=Lys-C;AC=MS:1001309	1	1	NT=collision-induced dissociation;AC=MS:1000133	infection status (mock-infected, infected with SARS-CoV-2)	NT=Carbamidomethyl;AC=UNIMOD:4;MT=Fixed;TA=C	NT=TMT6plex;AC=UNIMOD:730;MT=Fixed;TA=K	NT=Oxidation;AC=UNIMOD:35;MT=Variable;TA=M	NT=Acetyl;AC=UNIMOD:1;MT=Variable;TA=K	NT=Phospho;AC=UNIMOD:21;MT=Variable;TA=STY	6 ppm	orbitrap	350m/z-1400m/z	35 NCE	20200317_KKL_CoV2_24h_5v5_F7.raw	v1.1.0	HAMLET-agentic v0.1.0	sars-cov-2 infection
PXD018357-Sample-220	Homo sapiens	colon	sars-cov-2 infection	epithelial cell	Caco-2, UKF-RC-2	not available	10	not available	not available	run 22	proteomic profiling by mass spectrometry	NT=data-dependent acquisition;AC=PRIDE:0000627	TMT131	NT=Orbitrap Fusion Lumos;AC=MS:1002732	NT=Lys-C;AC=MS:1001309	1	1	NT=collision-induced dissociation;AC=MS:1000133	infection status (mock-infected, infected with SARS-CoV-2)	NT=Carbamidomethyl;AC=UNIMOD:4;MT=Fixed;TA=C	NT=TMT6plex;AC=UNIMOD:730;MT=Fixed;TA=K	NT=Oxidation;AC=UNIMOD:35;MT=Variable;TA=M	NT=Acetyl;AC=UNIMOD:1;MT=Variable;TA=K	NT=Phospho;AC=UNIMOD:21;MT=Variable;TA=STY	6 ppm	orbitrap	350m/z-1400m/z	35 NCE	20200317_KKL_CoV2_24h_5v5_F7.raw	v1.1.0	HAMLET-agentic v0.1.0	sars-cov-2 infection
PXD018357-Sample-221	Homo sapiens	colon	sars-cov-2 infection	epithelial cell	Caco-2, UKF-RC-2	not available	10	not available	not available	run 23	proteomic profiling by mass spectrometry	NT=data-dependent acquisition;AC=PRIDE:0000627	TMT126	NT=Orbitrap Fusion Lumos;AC=MS:1002732	NT=Lys-C;AC=MS:1001309	1	1	NT=collision-induced dissociation;AC=MS:1000133	infection status (mock-infected, infected with SARS-CoV-2)	NT=Carbamidomethyl;AC=UNIMOD:4;MT=Fixed;TA=C	NT=TMT6plex;AC=UNIMOD:730;MT=Fixed;TA=K	NT=Oxidation;AC=UNIMOD:35;MT=Variable;TA=M	NT=Acetyl;AC=UNIMOD:1;MT=Variable;TA=K	NT=Phospho;AC=UNIMOD:21;MT=Variable;TA=STY	6 ppm	orbitrap	350m/z-1400m/z	35 NCE	20200317_KKL_CoV2_24h_5v5_F8.raw	v1.1.0	HAMLET-agentic v0.1.0	sars-cov-2 infection
PXD018357-Sample-222	Homo sapiens	colon	sars-cov-2 infection	epithelial cell	Caco-2, UKF-RC-2	not available	10	not available	not available	run 23	proteomic profiling by mass spectrometry	NT=data-dependent acquisition;AC=PRIDE:0000627	TMT127N	NT=Orbitrap Fusion Lumos;AC=MS:1002732	NT=Lys-C;AC=MS:1001309	1	1	NT=collision-induced dissociation;AC=MS:1000133	infection status (mock-infected, infected with SARS-CoV-2)	NT=Carbamidomethyl;AC=UNIMOD:4;MT=Fixed;TA=C	NT=TMT6plex;AC=UNIMOD:730;MT=Fixed;TA=K	NT=Oxidation;AC=UNIMOD:35;MT=Variable;TA=M	NT=Acetyl;AC=UNIMOD:1;MT=Variable;TA=K	NT=Phospho;AC=UNIMOD:21;MT=Variable;TA=STY	6 ppm	orbitrap	350m/z-1400m/z	35 NCE	20200317_KKL_CoV2_24h_5v5_F8.raw	v1.1.0	HAMLET-agentic v0.1.0	sars-cov-2 infection
PXD018357-Sample-223	Homo sapiens	colon	sars-cov-2 infection	epithelial cell	Caco-2, UKF-RC-2	not available	10	not available	not available	run 23	proteomic profiling by mass spectrometry	NT=data-dependent acquisition;AC=PRIDE:0000627	TMT127C	NT=Orbitrap Fusion Lumos;AC=MS:1002732	NT=Lys-C;AC=MS:1001309	1	1	NT=collision-induced dissociation;AC=MS:1000133	infection status (mock-infected, infected with SARS-CoV-2)	NT=Carbamidomethyl;AC=UNIMOD:4;MT=Fixed;TA=C	NT=TMT6plex;AC=UNIMOD:730;MT=Fixed;TA=K	NT=Oxidation;AC=UNIMOD:35;MT=Variable;TA=M	NT=Acetyl;AC=UNIMOD:1;MT=Variable;TA=K	NT=Phospho;AC=UNIMOD:21;MT=Variable;TA=STY	6 ppm	orbitrap	350m/z-1400m/z	35 NCE	20200317_KKL_CoV2_24h_5v5_F8.raw	v1.1.0	HAMLET-agentic v0.1.0	sars-cov-2 infection
PXD018357-Sample-224	Homo sapiens	colon	sars-cov-2 infection	epithelial cell	Caco-2, UKF-RC-2	not available	10	not available	not available	run 23	proteomic profiling by mass spectrometry	NT=data-dependent acquisition;AC=PRIDE:0000627	TMT128N	NT=Orbitrap Fusion Lumos;AC=MS:1002732	NT=Lys-C;AC=MS:1001309	1	1	NT=collision-induced dissociation;AC=MS:1000133	infection status (mock-infected, infected with SARS-CoV-2)	NT=Carbamidomethyl;AC=UNIMOD:4;MT=Fixed;TA=C	NT=TMT6plex;AC=UNIMOD:730;MT=Fixed;TA=K	NT=Oxidation;AC=UNIMOD:35;MT=Variable;TA=M	NT=Acetyl;AC=UNIMOD:1;MT=Variable;TA=K	NT=Phospho;AC=UNIMOD:21;MT=Variable;TA=STY	6 ppm	orbitrap	350m/z-1400m/z	35 NCE	20200317_KKL_CoV2_24h_5v5_F8.raw	v1.1.0	HAMLET-agentic v0.1.0	sars-cov-2 infection
PXD018357-Sample-225	Homo sapiens	colon	sars-cov-2 infection	epithelial cell	Caco-2, UKF-RC-2	not available	10	not available	not available	run 23	proteomic profiling by mass spectrometry	NT=data-dependent acquisition;AC=PRIDE:0000627	TMT128C	NT=Orbitrap Fusion Lumos;AC=MS:1002732	NT=Lys-C;AC=MS:1001309	1	1	NT=collision-induced dissociation;AC=MS:1000133	infection status (mock-infected, infected with SARS-CoV-2)	NT=Carbamidomethyl;AC=UNIMOD:4;MT=Fixed;TA=C	NT=TMT6plex;AC=UNIMOD:730;MT=Fixed;TA=K	NT=Oxidation;AC=UNIMOD:35;MT=Variable;TA=M	NT=Acetyl;AC=UNIMOD:1;MT=Variable;TA=K	NT=Phospho;AC=UNIMOD:21;MT=Variable;TA=STY	6 ppm	orbitrap	350m/z-1400m/z	35 NCE	20200317_KKL_CoV2_24h_5v5_F8.raw	v1.1.0	HAMLET-agentic v0.1.0	sars-cov-2 infection
PXD018357-Sample-226	Homo sapiens	colon	sars-cov-2 infection	epithelial cell	Caco-2, UKF-RC-2	not available	10	not available	not available	run 23	proteomic profiling by mass spectrometry	NT=data-dependent acquisition;AC=PRIDE:0000627	TMT129N	NT=Orbitrap Fusion Lumos;AC=MS:1002732	NT=Lys-C;AC=MS:1001309	1	1	NT=collision-induced dissociation;AC=MS:1000133	infection status (mock-infected, infected with SARS-CoV-2)	NT=Carbamidomethyl;AC=UNIMOD:4;MT=Fixed;TA=C	NT=TMT6plex;AC=UNIMOD:730;MT=Fixed;TA=K	NT=Oxidation;AC=UNIMOD:35;MT=Variable;TA=M	NT=Acetyl;AC=UNIMOD:1;MT=Variable;TA=K	NT=Phospho;AC=UNIMOD:21;MT=Variable;TA=STY	6 ppm	orbitrap	350m/z-1400m/z	35 NCE	20200317_KKL_CoV2_24h_5v5_F8.raw	v1.1.0	HAMLET-agentic v0.1.0	sars-cov-2 infection
PXD018357-Sample-227	Homo sapiens	colon	sars-cov-2 infection	epithelial cell	Caco-2, UKF-RC-2	not available	10	not available	not available	run 23	proteomic profiling by mass spectrometry	NT=data-dependent acquisition;AC=PRIDE:0000627	TMT129C	NT=Orbitrap Fusion Lumos;AC=MS:1002732	NT=Lys-C;AC=MS:1001309	1	1	NT=collision-induced dissociation;AC=MS:1000133	infection status (mock-infected, infected with SARS-CoV-2)	NT=Carbamidomethyl;AC=UNIMOD:4;MT=Fixed;TA=C	NT=TMT6plex;AC=UNIMOD:730;MT=Fixed;TA=K	NT=Oxidation;AC=UNIMOD:35;MT=Variable;TA=M	NT=Acetyl;AC=UNIMOD:1;MT=Variable;TA=K	NT=Phospho;AC=UNIMOD:21;MT=Variable;TA=STY	6 ppm	orbitrap	350m/z-1400m/z	35 NCE	20200317_KKL_CoV2_24h_5v5_F8.raw	v1.1.0	HAMLET-agentic v0.1.0	sars-cov-2 infection
PXD018357-Sample-228	Homo sapiens	colon	sars-cov-2 infection	epithelial cell	Caco-2, UKF-RC-2	not available	10	not available	not available	run 23	proteomic profiling by mass spectrometry	NT=data-dependent acquisition;AC=PRIDE:0000627	TMT130N	NT=Orbitrap Fusion Lumos;AC=MS:1002732	NT=Lys-C;AC=MS:1001309	1	1	NT=collision-induced dissociation;AC=MS:1000133	infection status (mock-infected, infected with SARS-CoV-2)	NT=Carbamidomethyl;AC=UNIMOD:4;MT=Fixed;TA=C	NT=TMT6plex;AC=UNIMOD:730;MT=Fixed;TA=K	NT=Oxidation;AC=UNIMOD:35;MT=Variable;TA=M	NT=Acetyl;AC=UNIMOD:1;MT=Variable;TA=K	NT=Phospho;AC=UNIMOD:21;MT=Variable;TA=STY	6 ppm	orbitrap	350m/z-1400m/z	35 NCE	20200317_KKL_CoV2_24h_5v5_F8.raw	v1.1.0	HAMLET-agentic v0.1.0	sars-cov-2 infection
PXD018357-Sample-229	Homo sapiens	colon	sars-cov-2 infection	epithelial cell	Caco-2, UKF-RC-2	not available	10	not available	not available	run 23	proteomic profiling by mass spectrometry	NT=data-dependent acquisition;AC=PRIDE:0000627	TMT130C	NT=Orbitrap Fusion Lumos;AC=MS:1002732	NT=Lys-C;AC=MS:1001309	1	1	NT=collision-induced dissociation;AC=MS:1000133	infection status (mock-infected, infected with SARS-CoV-2)	NT=Carbamidomethyl;AC=UNIMOD:4;MT=Fixed;TA=C	NT=TMT6plex;AC=UNIMOD:730;MT=Fixed;TA=K	NT=Oxidation;AC=UNIMOD:35;MT=Variable;TA=M	NT=Acetyl;AC=UNIMOD:1;MT=Variable;TA=K	NT=Phospho;AC=UNIMOD:21;MT=Variable;TA=STY	6 ppm	orbitrap	350m/z-1400m/z	35 NCE	20200317_KKL_CoV2_24h_5v5_F8.raw	v1.1.0	HAMLET-agentic v0.1.0	sars-cov-2 infection
PXD018357-Sample-230	Homo sapiens	colon	sars-cov-2 infection	epithelial cell	Caco-2, UKF-RC-2	not available	10	not available	not available	run 23	proteomic profiling by mass spectrometry	NT=data-dependent acquisition;AC=PRIDE:0000627	TMT131	NT=Orbitrap Fusion Lumos;AC=MS:1002732	NT=Lys-C;AC=MS:1001309	1	1	NT=collision-induced dissociation;AC=MS:1000133	infection status (mock-infected, infected with SARS-CoV-2)	NT=Carbamidomethyl;AC=UNIMOD:4;MT=Fixed;TA=C	NT=TMT6plex;AC=UNIMOD:730;MT=Fixed;TA=K	NT=Oxidation;AC=UNIMOD:35;MT=Variable;TA=M	NT=Acetyl;AC=UNIMOD:1;MT=Variable;TA=K	NT=Phospho;AC=UNIMOD:21;MT=Variable;TA=STY	6 ppm	orbitrap	350m/z-1400m/z	35 NCE	20200317_KKL_CoV2_24h_5v5_F8.raw	v1.1.0	HAMLET-agentic v0.1.0	sars-cov-2 infection
PXD018357-Sample-231	Homo sapiens	colon	sars-cov-2 infection	epithelial cell	Caco-2, UKF-RC-2	not available	10	not available	not available	run 24	proteomic profiling by mass spectrometry	NT=data-dependent acquisition;AC=PRIDE:0000627	TMT126	NT=Orbitrap Fusion Lumos;AC=MS:1002732	NT=Lys-C;AC=MS:1001309	1	1	NT=collision-induced dissociation;AC=MS:1000133	infection status (mock-infected, infected with SARS-CoV-2)	NT=Carbamidomethyl;AC=UNIMOD:4;MT=Fixed;TA=C	NT=TMT6plex;AC=UNIMOD:730;MT=Fixed;TA=K	NT=Oxidation;AC=UNIMOD:35;MT=Variable;TA=M	NT=Acetyl;AC=UNIMOD:1;MT=Variable;TA=K	NT=Phospho;AC=UNIMOD:21;MT=Variable;TA=STY	6 ppm	orbitrap	350m/z-1400m/z	35 NCE	20200317_KKL_CoV2_24h_5v5_F9.raw	v1.1.0	HAMLET-agentic v0.1.0	sars-cov-2 infection
PXD018357-Sample-232	Homo sapiens	colon	sars-cov-2 infection	epithelial cell	Caco-2, UKF-RC-2	not available	10	not available	not available	run 24	proteomic profiling by mass spectrometry	NT=data-dependent acquisition;AC=PRIDE:0000627	TMT127N	NT=Orbitrap Fusion Lumos;AC=MS:1002732	NT=Lys-C;AC=MS:1001309	1	1	NT=collision-induced dissociation;AC=MS:1000133	infection status (mock-infected, infected with SARS-CoV-2)	NT=Carbamidomethyl;AC=UNIMOD:4;MT=Fixed;TA=C	NT=TMT6plex;AC=UNIMOD:730;MT=Fixed;TA=K	NT=Oxidation;AC=UNIMOD:35;MT=Variable;TA=M	NT=Acetyl;AC=UNIMOD:1;MT=Variable;TA=K	NT=Phospho;AC=UNIMOD:21;MT=Variable;TA=STY	6 ppm	orbitrap	350m/z-1400m/z	35 NCE	20200317_KKL_CoV2_24h_5v5_F9.raw	v1.1.0	HAMLET-agentic v0.1.0	sars-cov-2 infection
PXD018357-Sample-233	Homo sapiens	colon	sars-cov-2 infection	epithelial cell	Caco-2, UKF-RC-2	not available	10	not available	not available	run 24	proteomic profiling by mass spectrometry	NT=data-dependent acquisition;AC=PRIDE:0000627	TMT127C	NT=Orbitrap Fusion Lumos;AC=MS:1002732	NT=Lys-C;AC=MS:1001309	1	1	NT=collision-induced dissociation;AC=MS:1000133	infection status (mock-infected, infected with SARS-CoV-2)	NT=Carbamidomethyl;AC=UNIMOD:4;MT=Fixed;TA=C	NT=TMT6plex;AC=UNIMOD:730;MT=Fixed;TA=K	NT=Oxidation;AC=UNIMOD:35;MT=Variable;TA=M	NT=Acetyl;AC=UNIMOD:1;MT=Variable;TA=K	NT=Phospho;AC=UNIMOD:21;MT=Variable;TA=STY	6 ppm	orbitrap	350m/z-1400m/z	35 NCE	20200317_KKL_CoV2_24h_5v5_F9.raw	v1.1.0	HAMLET-agentic v0.1.0	sars-cov-2 infection
PXD018357-Sample-234	Homo sapiens	colon	sars-cov-2 infection	epithelial cell	Caco-2, UKF-RC-2	not available	10	not available	not available	run 24	proteomic profiling by mass spectrometry	NT=data-dependent acquisition;AC=PRIDE:0000627	TMT128N	NT=Orbitrap Fusion Lumos;AC=MS:1002732	NT=Lys-C;AC=MS:1001309	1	1	NT=collision-induced dissociation;AC=MS:1000133	infection status (mock-infected, infected with SARS-CoV-2)	NT=Carbamidomethyl;AC=UNIMOD:4;MT=Fixed;TA=C	NT=TMT6plex;AC=UNIMOD:730;MT=Fixed;TA=K	NT=Oxidation;AC=UNIMOD:35;MT=Variable;TA=M	NT=Acetyl;AC=UNIMOD:1;MT=Variable;TA=K	NT=Phospho;AC=UNIMOD:21;MT=Variable;TA=STY	6 ppm	orbitrap	350m/z-1400m/z	35 NCE	20200317_KKL_CoV2_24h_5v5_F9.raw	v1.1.0	HAMLET-agentic v0.1.0	sars-cov-2 infection
PXD018357-Sample-235	Homo sapiens	colon	sars-cov-2 infection	epithelial cell	Caco-2, UKF-RC-2	not available	10	not available	not available	run 24	proteomic profiling by mass spectrometry	NT=data-dependent acquisition;AC=PRIDE:0000627	TMT128C	NT=Orbitrap Fusion Lumos;AC=MS:1002732	NT=Lys-C;AC=MS:1001309	1	1	NT=collision-induced dissociation;AC=MS:1000133	infection status (mock-infected, infected with SARS-CoV-2)	NT=Carbamidomethyl;AC=UNIMOD:4;MT=Fixed;TA=C	NT=TMT6plex;AC=UNIMOD:730;MT=Fixed;TA=K	NT=Oxidation;AC=UNIMOD:35;MT=Variable;TA=M	NT=Acetyl;AC=UNIMOD:1;MT=Variable;TA=K	NT=Phospho;AC=UNIMOD:21;MT=Variable;TA=STY	6 ppm	orbitrap	350m/z-1400m/z	35 NCE	20200317_KKL_CoV2_24h_5v5_F9.raw	v1.1.0	HAMLET-agentic v0.1.0	sars-cov-2 infection
PXD018357-Sample-236	Homo sapiens	colon	sars-cov-2 infection	epithelial cell	Caco-2, UKF-RC-2	not available	10	not available	not available	run 24	proteomic profiling by mass spectrometry	NT=data-dependent acquisition;AC=PRIDE:0000627	TMT129N	NT=Orbitrap Fusion Lumos;AC=MS:1002732	NT=Lys-C;AC=MS:1001309	1	1	NT=collision-induced dissociation;AC=MS:1000133	infection status (mock-infected, infected with SARS-CoV-2)	NT=Carbamidomethyl;AC=UNIMOD:4;MT=Fixed;TA=C	NT=TMT6plex;AC=UNIMOD:730;MT=Fixed;TA=K	NT=Oxidation;AC=UNIMOD:35;MT=Variable;TA=M	NT=Acetyl;AC=UNIMOD:1;MT=Variable;TA=K	NT=Phospho;AC=UNIMOD:21;MT=Variable;TA=STY	6 ppm	orbitrap	350m/z-1400m/z	35 NCE	20200317_KKL_CoV2_24h_5v5_F9.raw	v1.1.0	HAMLET-agentic v0.1.0	sars-cov-2 infection
PXD018357-Sample-237	Homo sapiens	colon	sars-cov-2 infection	epithelial cell	Caco-2, UKF-RC-2	not available	10	not available	not available	run 24	proteomic profiling by mass spectrometry	NT=data-dependent acquisition;AC=PRIDE:0000627	TMT129C	NT=Orbitrap Fusion Lumos;AC=MS:1002732	NT=Lys-C;AC=MS:1001309	1	1	NT=collision-induced dissociation;AC=MS:1000133	infection status (mock-infected, infected with SARS-CoV-2)	NT=Carbamidomethyl;AC=UNIMOD:4;MT=Fixed;TA=C	NT=TMT6plex;AC=UNIMOD:730;MT=Fixed;TA=K	NT=Oxidation;AC=UNIMOD:35;MT=Variable;TA=M	NT=Acetyl;AC=UNIMOD:1;MT=Variable;TA=K	NT=Phospho;AC=UNIMOD:21;MT=Variable;TA=STY	6 ppm	orbitrap	350m/z-1400m/z	35 NCE	20200317_KKL_CoV2_24h_5v5_F9.raw	v1.1.0	HAMLET-agentic v0.1.0	sars-cov-2 infection
PXD018357-Sample-238	Homo sapiens	colon	sars-cov-2 infection	epithelial cell	Caco-2, UKF-RC-2	not available	10	not available	not available	run 24	proteomic profiling by mass spectrometry	NT=data-dependent acquisition;AC=PRIDE:0000627	TMT130N	NT=Orbitrap Fusion Lumos;AC=MS:1002732	NT=Lys-C;AC=MS:1001309	1	1	NT=collision-induced dissociation;AC=MS:1000133	infection status (mock-infected, infected with SARS-CoV-2)	NT=Carbamidomethyl;AC=UNIMOD:4;MT=Fixed;TA=C	NT=TMT6plex;AC=UNIMOD:730;MT=Fixed;TA=K	NT=Oxidation;AC=UNIMOD:35;MT=Variable;TA=M	NT=Acetyl;AC=UNIMOD:1;MT=Variable;TA=K	NT=Phospho;AC=UNIMOD:21;MT=Variable;TA=STY	6 ppm	orbitrap	350m/z-1400m/z	35 NCE	20200317_KKL_CoV2_24h_5v5_F9.raw	v1.1.0	HAMLET-agentic v0.1.0	sars-cov-2 infection
PXD018357-Sample-239	Homo sapiens	colon	sars-cov-2 infection	epithelial cell	Caco-2, UKF-RC-2	not available	10	not available	not available	run 24	proteomic profiling by mass spectrometry	NT=data-dependent acquisition;AC=PRIDE:0000627	TMT130C	NT=Orbitrap Fusion Lumos;AC=MS:1002732	NT=Lys-C;AC=MS:1001309	1	1	NT=collision-induced dissociation;AC=MS:1000133	infection status (mock-infected, infected with SARS-CoV-2)	NT=Carbamidomethyl;AC=UNIMOD:4;MT=Fixed;TA=C	NT=TMT6plex;AC=UNIMOD:730;MT=Fixed;TA=K	NT=Oxidation;AC=UNIMOD:35;MT=Variable;TA=M	NT=Acetyl;AC=UNIMOD:1;MT=Variable;TA=K	NT=Phospho;AC=UNIMOD:21;MT=Variable;TA=STY	6 ppm	orbitrap	350m/z-1400m/z	35 NCE	20200317_KKL_CoV2_24h_5v5_F9.raw	v1.1.0	HAMLET-agentic v0.1.0	sars-cov-2 infection
PXD018357-Sample-240	Homo sapiens	colon	sars-cov-2 infection	epithelial cell	Caco-2, UKF-RC-2	not available	10	not available	not available	run 24	proteomic profiling by mass spectrometry	NT=data-dependent acquisition;AC=PRIDE:0000627	TMT131	NT=Orbitrap Fusion Lumos;AC=MS:1002732	NT=Lys-C;AC=MS:1001309	1	1	NT=collision-induced dissociation;AC=MS:1000133	infection status (mock-infected, infected with SARS-CoV-2)	NT=Carbamidomethyl;AC=UNIMOD:4;MT=Fixed;TA=C	NT=TMT6plex;AC=UNIMOD:730;MT=Fixed;TA=K	NT=Oxidation;AC=UNIMOD:35;MT=Variable;TA=M	NT=Acetyl;AC=UNIMOD:1;MT=Variable;TA=K	NT=Phospho;AC=UNIMOD:21;MT=Variable;TA=STY	6 ppm	orbitrap	350m/z-1400m/z	35 NCE	20200317_KKL_CoV2_24h_5v5_F9.raw	v1.1.0	HAMLET-agentic v0.1.0	sars-cov-2 infection
PXD018357-Sample-241	Homo sapiens	colon	sars-cov-2 infection	epithelial cell	Caco-2, UKF-RC-2	not available	10	not available	not available	run 25	proteomic profiling by mass spectrometry	NT=data-dependent acquisition;AC=PRIDE:0000627	TMT126	NT=Orbitrap Fusion Lumos;AC=MS:1002732	NT=Lys-C;AC=MS:1001309	1	1	NT=beam-type collision-induced dissociation;AC=MS:1000422	infection status (mock-infected, infected with SARS-CoV-2)	NT=Carbamidomethyl;AC=UNIMOD:4;MT=Fixed;TA=C	NT=TMT6plex;AC=UNIMOD:730;MT=Fixed;TA=K	NT=Oxidation;AC=UNIMOD:35;MT=Variable;TA=M	NT=Acetyl;AC=UNIMOD:1;MT=Variable;TA=K	NT=Phospho;AC=UNIMOD:21;MT=Variable;TA=STY	6 ppm	orbitrap	350m/z-1400m/z	35 NCE	20200317_KKL_CoV2_Phospho_F1.raw	v1.1.0	HAMLET-agentic v0.1.0	sars-cov-2 infection
PXD018357-Sample-242	Homo sapiens	colon	sars-cov-2 infection	epithelial cell	Caco-2, UKF-RC-2	not available	10	not available	not available	run 25	proteomic profiling by mass spectrometry	NT=data-dependent acquisition;AC=PRIDE:0000627	TMT127N	NT=Orbitrap Fusion Lumos;AC=MS:1002732	NT=Lys-C;AC=MS:1001309	1	1	NT=beam-type collision-induced dissociation;AC=MS:1000422	infection status (mock-infected, infected with SARS-CoV-2)	NT=Carbamidomethyl;AC=UNIMOD:4;MT=Fixed;TA=C	NT=TMT6plex;AC=UNIMOD:730;MT=Fixed;TA=K	NT=Oxidation;AC=UNIMOD:35;MT=Variable;TA=M	NT=Acetyl;AC=UNIMOD:1;MT=Variable;TA=K	NT=Phospho;AC=UNIMOD:21;MT=Variable;TA=STY	6 ppm	orbitrap	350m/z-1400m/z	35 NCE	20200317_KKL_CoV2_Phospho_F1.raw	v1.1.0	HAMLET-agentic v0.1.0	sars-cov-2 infection
PXD018357-Sample-243	Homo sapiens	colon	sars-cov-2 infection	epithelial cell	Caco-2, UKF-RC-2	not available	10	not available	not available	run 25	proteomic profiling by mass spectrometry	NT=data-dependent acquisition;AC=PRIDE:0000627	TMT127C	NT=Orbitrap Fusion Lumos;AC=MS:1002732	NT=Lys-C;AC=MS:1001309	1	1	NT=beam-type collision-induced dissociation;AC=MS:1000422	infection status (mock-infected, infected with SARS-CoV-2)	NT=Carbamidomethyl;AC=UNIMOD:4;MT=Fixed;TA=C	NT=TMT6plex;AC=UNIMOD:730;MT=Fixed;TA=K	NT=Oxidation;AC=UNIMOD:35;MT=Variable;TA=M	NT=Acetyl;AC=UNIMOD:1;MT=Variable;TA=K	NT=Phospho;AC=UNIMOD:21;MT=Variable;TA=STY	6 ppm	orbitrap	350m/z-1400m/z	35 NCE	20200317_KKL_CoV2_Phospho_F1.raw	v1.1.0	HAMLET-agentic v0.1.0	sars-cov-2 infection
PXD018357-Sample-244	Homo sapiens	colon	sars-cov-2 infection	epithelial cell	Caco-2, UKF-RC-2	not available	10	not available	not available	run 25	proteomic profiling by mass spectrometry	NT=data-dependent acquisition;AC=PRIDE:0000627	TMT128N	NT=Orbitrap Fusion Lumos;AC=MS:1002732	NT=Lys-C;AC=MS:1001309	1	1	NT=beam-type collision-induced dissociation;AC=MS:1000422	infection status (mock-infected, infected with SARS-CoV-2)	NT=Carbamidomethyl;AC=UNIMOD:4;MT=Fixed;TA=C	NT=TMT6plex;AC=UNIMOD:730;MT=Fixed;TA=K	NT=Oxidation;AC=UNIMOD:35;MT=Variable;TA=M	NT=Acetyl;AC=UNIMOD:1;MT=Variable;TA=K	NT=Phospho;AC=UNIMOD:21;MT=Variable;TA=STY	6 ppm	orbitrap	350m/z-1400m/z	35 NCE	20200317_KKL_CoV2_Phospho_F1.raw	v1.1.0	HAMLET-agentic v0.1.0	sars-cov-2 infection
PXD018357-Sample-245	Homo sapiens	colon	sars-cov-2 infection	epithelial cell	Caco-2, UKF-RC-2	not available	10	not available	not available	run 25	proteomic profiling by mass spectrometry	NT=data-dependent acquisition;AC=PRIDE:0000627	TMT128C	NT=Orbitrap Fusion Lumos;AC=MS:1002732	NT=Lys-C;AC=MS:1001309	1	1	NT=beam-type collision-induced dissociation;AC=MS:1000422	infection status (mock-infected, infected with SARS-CoV-2)	NT=Carbamidomethyl;AC=UNIMOD:4;MT=Fixed;TA=C	NT=TMT6plex;AC=UNIMOD:730;MT=Fixed;TA=K	NT=Oxidation;AC=UNIMOD:35;MT=Variable;TA=M	NT=Acetyl;AC=UNIMOD:1;MT=Variable;TA=K	NT=Phospho;AC=UNIMOD:21;MT=Variable;TA=STY	6 ppm	orbitrap	350m/z-1400m/z	35 NCE	20200317_KKL_CoV2_Phospho_F1.raw	v1.1.0	HAMLET-agentic v0.1.0	sars-cov-2 infection
PXD018357-Sample-246	Homo sapiens	colon	sars-cov-2 infection	epithelial cell	Caco-2, UKF-RC-2	not available	10	not available	not available	run 25	proteomic profiling by mass spectrometry	NT=data-dependent acquisition;AC=PRIDE:0000627	TMT129N	NT=Orbitrap Fusion Lumos;AC=MS:1002732	NT=Lys-C;AC=MS:1001309	1	1	NT=beam-type collision-induced dissociation;AC=MS:1000422	infection status (mock-infected, infected with SARS-CoV-2)	NT=Carbamidomethyl;AC=UNIMOD:4;MT=Fixed;TA=C	NT=TMT6plex;AC=UNIMOD:730;MT=Fixed;TA=K	NT=Oxidation;AC=UNIMOD:35;MT=Variable;TA=M	NT=Acetyl;AC=UNIMOD:1;MT=Variable;TA=K	NT=Phospho;AC=UNIMOD:21;MT=Variable;TA=STY	6 ppm	orbitrap	350m/z-1400m/z	35 NCE	20200317_KKL_CoV2_Phospho_F1.raw	v1.1.0	HAMLET-agentic v0.1.0	sars-cov-2 infection
PXD018357-Sample-247	Homo sapiens	colon	sars-cov-2 infection	epithelial cell	Caco-2, UKF-RC-2	not available	10	not available	not available	run 25	proteomic profiling by mass spectrometry	NT=data-dependent acquisition;AC=PRIDE:0000627	TMT129C	NT=Orbitrap Fusion Lumos;AC=MS:1002732	NT=Lys-C;AC=MS:1001309	1	1	NT=beam-type collision-induced dissociation;AC=MS:1000422	infection status (mock-infected, infected with SARS-CoV-2)	NT=Carbamidomethyl;AC=UNIMOD:4;MT=Fixed;TA=C	NT=TMT6plex;AC=UNIMOD:730;MT=Fixed;TA=K	NT=Oxidation;AC=UNIMOD:35;MT=Variable;TA=M	NT=Acetyl;AC=UNIMOD:1;MT=Variable;TA=K	NT=Phospho;AC=UNIMOD:21;MT=Variable;TA=STY	6 ppm	orbitrap	350m/z-1400m/z	35 NCE	20200317_KKL_CoV2_Phospho_F1.raw	v1.1.0	HAMLET-agentic v0.1.0	sars-cov-2 infection
PXD018357-Sample-248	Homo sapiens	colon	sars-cov-2 infection	epithelial cell	Caco-2, UKF-RC-2	not available	10	not available	not available	run 25	proteomic profiling by mass spectrometry	NT=data-dependent acquisition;AC=PRIDE:0000627	TMT130N	NT=Orbitrap Fusion Lumos;AC=MS:1002732	NT=Lys-C;AC=MS:1001309	1	1	NT=beam-type collision-induced dissociation;AC=MS:1000422	infection status (mock-infected, infected with SARS-CoV-2)	NT=Carbamidomethyl;AC=UNIMOD:4;MT=Fixed;TA=C	NT=TMT6plex;AC=UNIMOD:730;MT=Fixed;TA=K	NT=Oxidation;AC=UNIMOD:35;MT=Variable;TA=M	NT=Acetyl;AC=UNIMOD:1;MT=Variable;TA=K	NT=Phospho;AC=UNIMOD:21;MT=Variable;TA=STY	6 ppm	orbitrap	350m/z-1400m/z	35 NCE	20200317_KKL_CoV2_Phospho_F1.raw	v1.1.0	HAMLET-agentic v0.1.0	sars-cov-2 infection
PXD018357-Sample-249	Homo sapiens	colon	sars-cov-2 infection	epithelial cell	Caco-2, UKF-RC-2	not available	10	not available	not available	run 25	proteomic profiling by mass spectrometry	NT=data-dependent acquisition;AC=PRIDE:0000627	TMT130C	NT=Orbitrap Fusion Lumos;AC=MS:1002732	NT=Lys-C;AC=MS:1001309	1	1	NT=beam-type collision-induced dissociation;AC=MS:1000422	infection status (mock-infected, infected with SARS-CoV-2)	NT=Carbamidomethyl;AC=UNIMOD:4;MT=Fixed;TA=C	NT=TMT6plex;AC=UNIMOD:730;MT=Fixed;TA=K	NT=Oxidation;AC=UNIMOD:35;MT=Variable;TA=M	NT=Acetyl;AC=UNIMOD:1;MT=Variable;TA=K	NT=Phospho;AC=UNIMOD:21;MT=Variable;TA=STY	6 ppm	orbitrap	350m/z-1400m/z	35 NCE	20200317_KKL_CoV2_Phospho_F1.raw	v1.1.0	HAMLET-agentic v0.1.0	sars-cov-2 infection
PXD018357-Sample-250	Homo sapiens	colon	sars-cov-2 infection	epithelial cell	Caco-2, UKF-RC-2	not available	10	not available	not available	run 25	proteomic profiling by mass spectrometry	NT=data-dependent acquisition;AC=PRIDE:0000627	TMT131	NT=Orbitrap Fusion Lumos;AC=MS:1002732	NT=Lys-C;AC=MS:1001309	1	1	NT=beam-type collision-induced dissociation;AC=MS:1000422	infection status (mock-infected, infected with SARS-CoV-2)	NT=Carbamidomethyl;AC=UNIMOD:4;MT=Fixed;TA=C	NT=TMT6plex;AC=UNIMOD:730;MT=Fixed;TA=K	NT=Oxidation;AC=UNIMOD:35;MT=Variable;TA=M	NT=Acetyl;AC=UNIMOD:1;MT=Variable;TA=K	NT=Phospho;AC=UNIMOD:21;MT=Variable;TA=STY	6 ppm	orbitrap	350m/z-1400m/z	35 NCE	20200317_KKL_CoV2_Phospho_F1.raw	v1.1.0	HAMLET-agentic v0.1.0	sars-cov-2 infection
PXD018357-Sample-251	Homo sapiens	colon	sars-cov-2 infection	epithelial cell	Caco-2, UKF-RC-2	not available	10	not available	not available	run 26	proteomic profiling by mass spectrometry	NT=data-dependent acquisition;AC=PRIDE:0000627	TMT126	NT=Orbitrap Fusion Lumos;AC=MS:1002732	NT=Lys-C;AC=MS:1001309	1	1	NT=beam-type collision-induced dissociation;AC=MS:1000422	infection status (mock-infected, infected with SARS-CoV-2)	NT=Carbamidomethyl;AC=UNIMOD:4;MT=Fixed;TA=C	NT=TMT6plex;AC=UNIMOD:730;MT=Fixed;TA=K	NT=Oxidation;AC=UNIMOD:35;MT=Variable;TA=M	NT=Acetyl;AC=UNIMOD:1;MT=Variable;TA=K	NT=Phospho;AC=UNIMOD:21;MT=Variable;TA=STY	6 ppm	orbitrap	350m/z-1400m/z	35 NCE	20200317_KKL_CoV2_Phospho_F2.raw	v1.1.0	HAMLET-agentic v0.1.0	sars-cov-2 infection
PXD018357-Sample-252	Homo sapiens	colon	sars-cov-2 infection	epithelial cell	Caco-2, UKF-RC-2	not available	10	not available	not available	run 26	proteomic profiling by mass spectrometry	NT=data-dependent acquisition;AC=PRIDE:0000627	TMT127N	NT=Orbitrap Fusion Lumos;AC=MS:1002732	NT=Lys-C;AC=MS:1001309	1	1	NT=beam-type collision-induced dissociation;AC=MS:1000422	infection status (mock-infected, infected with SARS-CoV-2)	NT=Carbamidomethyl;AC=UNIMOD:4;MT=Fixed;TA=C	NT=TMT6plex;AC=UNIMOD:730;MT=Fixed;TA=K	NT=Oxidation;AC=UNIMOD:35;MT=Variable;TA=M	NT=Acetyl;AC=UNIMOD:1;MT=Variable;TA=K	NT=Phospho;AC=UNIMOD:21;MT=Variable;TA=STY	6 ppm	orbitrap	350m/z-1400m/z	35 NCE	20200317_KKL_CoV2_Phospho_F2.raw	v1.1.0	HAMLET-agentic v0.1.0	sars-cov-2 infection
PXD018357-Sample-253	Homo sapiens	colon	sars-cov-2 infection	epithelial cell	Caco-2, UKF-RC-2	not available	10	not available	not available	run 26	proteomic profiling by mass spectrometry	NT=data-dependent acquisition;AC=PRIDE:0000627	TMT127C	NT=Orbitrap Fusion Lumos;AC=MS:1002732	NT=Lys-C;AC=MS:1001309	1	1	NT=beam-type collision-induced dissociation;AC=MS:1000422	infection status (mock-infected, infected with SARS-CoV-2)	NT=Carbamidomethyl;AC=UNIMOD:4;MT=Fixed;TA=C	NT=TMT6plex;AC=UNIMOD:730;MT=Fixed;TA=K	NT=Oxidation;AC=UNIMOD:35;MT=Variable;TA=M	NT=Acetyl;AC=UNIMOD:1;MT=Variable;TA=K	NT=Phospho;AC=UNIMOD:21;MT=Variable;TA=STY	6 ppm	orbitrap	350m/z-1400m/z	35 NCE	20200317_KKL_CoV2_Phospho_F2.raw	v1.1.0	HAMLET-agentic v0.1.0	sars-cov-2 infection
PXD018357-Sample-254	Homo sapiens	colon	sars-cov-2 infection	epithelial cell	Caco-2, UKF-RC-2	not available	10	not available	not available	run 26	proteomic profiling by mass spectrometry	NT=data-dependent acquisition;AC=PRIDE:0000627	TMT128N	NT=Orbitrap Fusion Lumos;AC=MS:1002732	NT=Lys-C;AC=MS:1001309	1	1	NT=beam-type collision-induced dissociation;AC=MS:1000422	infection status (mock-infected, infected with SARS-CoV-2)	NT=Carbamidomethyl;AC=UNIMOD:4;MT=Fixed;TA=C	NT=TMT6plex;AC=UNIMOD:730;MT=Fixed;TA=K	NT=Oxidation;AC=UNIMOD:35;MT=Variable;TA=M	NT=Acetyl;AC=UNIMOD:1;MT=Variable;TA=K	NT=Phospho;AC=UNIMOD:21;MT=Variable;TA=STY	6 ppm	orbitrap	350m/z-1400m/z	35 NCE	20200317_KKL_CoV2_Phospho_F2.raw	v1.1.0	HAMLET-agentic v0.1.0	sars-cov-2 infection
PXD018357-Sample-255	Homo sapiens	colon	sars-cov-2 infection	epithelial cell	Caco-2, UKF-RC-2	not available	10	not available	not available	run 26	proteomic profiling by mass spectrometry	NT=data-dependent acquisition;AC=PRIDE:0000627	TMT128C	NT=Orbitrap Fusion Lumos;AC=MS:1002732	NT=Lys-C;AC=MS:1001309	1	1	NT=beam-type collision-induced dissociation;AC=MS:1000422	infection status (mock-infected, infected with SARS-CoV-2)	NT=Carbamidomethyl;AC=UNIMOD:4;MT=Fixed;TA=C	NT=TMT6plex;AC=UNIMOD:730;MT=Fixed;TA=K	NT=Oxidation;AC=UNIMOD:35;MT=Variable;TA=M	NT=Acetyl;AC=UNIMOD:1;MT=Variable;TA=K	NT=Phospho;AC=UNIMOD:21;MT=Variable;TA=STY	6 ppm	orbitrap	350m/z-1400m/z	35 NCE	20200317_KKL_CoV2_Phospho_F2.raw	v1.1.0	HAMLET-agentic v0.1.0	sars-cov-2 infection
PXD018357-Sample-256	Homo sapiens	colon	sars-cov-2 infection	epithelial cell	Caco-2, UKF-RC-2	not available	10	not available	not available	run 26	proteomic profiling by mass spectrometry	NT=data-dependent acquisition;AC=PRIDE:0000627	TMT129N	NT=Orbitrap Fusion Lumos;AC=MS:1002732	NT=Lys-C;AC=MS:1001309	1	1	NT=beam-type collision-induced dissociation;AC=MS:1000422	infection status (mock-infected, infected with SARS-CoV-2)	NT=Carbamidomethyl;AC=UNIMOD:4;MT=Fixed;TA=C	NT=TMT6plex;AC=UNIMOD:730;MT=Fixed;TA=K	NT=Oxidation;AC=UNIMOD:35;MT=Variable;TA=M	NT=Acetyl;AC=UNIMOD:1;MT=Variable;TA=K	NT=Phospho;AC=UNIMOD:21;MT=Variable;TA=STY	6 ppm	orbitrap	350m/z-1400m/z	35 NCE	20200317_KKL_CoV2_Phospho_F2.raw	v1.1.0	HAMLET-agentic v0.1.0	sars-cov-2 infection
PXD018357-Sample-257	Homo sapiens	colon	sars-cov-2 infection	epithelial cell	Caco-2, UKF-RC-2	not available	10	not available	not available	run 26	proteomic profiling by mass spectrometry	NT=data-dependent acquisition;AC=PRIDE:0000627	TMT129C	NT=Orbitrap Fusion Lumos;AC=MS:1002732	NT=Lys-C;AC=MS:1001309	1	1	NT=beam-type collision-induced dissociation;AC=MS:1000422	infection status (mock-infected, infected with SARS-CoV-2)	NT=Carbamidomethyl;AC=UNIMOD:4;MT=Fixed;TA=C	NT=TMT6plex;AC=UNIMOD:730;MT=Fixed;TA=K	NT=Oxidation;AC=UNIMOD:35;MT=Variable;TA=M	NT=Acetyl;AC=UNIMOD:1;MT=Variable;TA=K	NT=Phospho;AC=UNIMOD:21;MT=Variable;TA=STY	6 ppm	orbitrap	350m/z-1400m/z	35 NCE	20200317_KKL_CoV2_Phospho_F2.raw	v1.1.0	HAMLET-agentic v0.1.0	sars-cov-2 infection
PXD018357-Sample-258	Homo sapiens	colon	sars-cov-2 infection	epithelial cell	Caco-2, UKF-RC-2	not available	10	not available	not available	run 26	proteomic profiling by mass spectrometry	NT=data-dependent acquisition;AC=PRIDE:0000627	TMT130N	NT=Orbitrap Fusion Lumos;AC=MS:1002732	NT=Lys-C;AC=MS:1001309	1	1	NT=beam-type collision-induced dissociation;AC=MS:1000422	infection status (mock-infected, infected with SARS-CoV-2)	NT=Carbamidomethyl;AC=UNIMOD:4;MT=Fixed;TA=C	NT=TMT6plex;AC=UNIMOD:730;MT=Fixed;TA=K	NT=Oxidation;AC=UNIMOD:35;MT=Variable;TA=M	NT=Acetyl;AC=UNIMOD:1;MT=Variable;TA=K	NT=Phospho;AC=UNIMOD:21;MT=Variable;TA=STY	6 ppm	orbitrap	350m/z-1400m/z	35 NCE	20200317_KKL_CoV2_Phospho_F2.raw	v1.1.0	HAMLET-agentic v0.1.0	sars-cov-2 infection
PXD018357-Sample-259	Homo sapiens	colon	sars-cov-2 infection	epithelial cell	Caco-2, UKF-RC-2	not available	10	not available	not available	run 26	proteomic profiling by mass spectrometry	NT=data-dependent acquisition;AC=PRIDE:0000627	TMT130C	NT=Orbitrap Fusion Lumos;AC=MS:1002732	NT=Lys-C;AC=MS:1001309	1	1	NT=beam-type collision-induced dissociation;AC=MS:1000422	infection status (mock-infected, infected with SARS-CoV-2)	NT=Carbamidomethyl;AC=UNIMOD:4;MT=Fixed;TA=C	NT=TMT6plex;AC=UNIMOD:730;MT=Fixed;TA=K	NT=Oxidation;AC=UNIMOD:35;MT=Variable;TA=M	NT=Acetyl;AC=UNIMOD:1;MT=Variable;TA=K	NT=Phospho;AC=UNIMOD:21;MT=Variable;TA=STY	6 ppm	orbitrap	350m/z-1400m/z	35 NCE	20200317_KKL_CoV2_Phospho_F2.raw	v1.1.0	HAMLET-agentic v0.1.0	sars-cov-2 infection
PXD018357-Sample-260	Homo sapiens	colon	sars-cov-2 infection	epithelial cell	Caco-2, UKF-RC-2	not available	10	not available	not available	run 26	proteomic profiling by mass spectrometry	NT=data-dependent acquisition;AC=PRIDE:0000627	TMT131	NT=Orbitrap Fusion Lumos;AC=MS:1002732	NT=Lys-C;AC=MS:1001309	1	1	NT=beam-type collision-induced dissociation;AC=MS:1000422	infection status (mock-infected, infected with SARS-CoV-2)	NT=Carbamidomethyl;AC=UNIMOD:4;MT=Fixed;TA=C	NT=TMT6plex;AC=UNIMOD:730;MT=Fixed;TA=K	NT=Oxidation;AC=UNIMOD:35;MT=Variable;TA=M	NT=Acetyl;AC=UNIMOD:1;MT=Variable;TA=K	NT=Phospho;AC=UNIMOD:21;MT=Variable;TA=STY	6 ppm	orbitrap	350m/z-1400m/z	35 NCE	20200317_KKL_CoV2_Phospho_F2.raw	v1.1.0	HAMLET-agentic v0.1.0	sars-cov-2 infection
PXD018357-Sample-261	Homo sapiens	colon	sars-cov-2 infection	epithelial cell	Caco-2, UKF-RC-2	not available	10	not available	not available	run 27	proteomic profiling by mass spectrometry	NT=data-dependent acquisition;AC=PRIDE:0000627	TMT126	NT=Orbitrap Fusion Lumos;AC=MS:1002732	NT=Lys-C;AC=MS:1001309	1	1	NT=beam-type collision-induced dissociation;AC=MS:1000422	infection status (mock-infected, infected with SARS-CoV-2)	NT=Carbamidomethyl;AC=UNIMOD:4;MT=Fixed;TA=C	NT=TMT6plex;AC=UNIMOD:730;MT=Fixed;TA=K	NT=Oxidation;AC=UNIMOD:35;MT=Variable;TA=M	NT=Acetyl;AC=UNIMOD:1;MT=Variable;TA=K	NT=Phospho;AC=UNIMOD:21;MT=Variable;TA=STY	6 ppm	orbitrap	350m/z-1400m/z	35 NCE	20200317_KKL_CoV2_Phospho_F3.raw	v1.1.0	HAMLET-agentic v0.1.0	sars-cov-2 infection
PXD018357-Sample-262	Homo sapiens	colon	sars-cov-2 infection	epithelial cell	Caco-2, UKF-RC-2	not available	10	not available	not available	run 27	proteomic profiling by mass spectrometry	NT=data-dependent acquisition;AC=PRIDE:0000627	TMT127N	NT=Orbitrap Fusion Lumos;AC=MS:1002732	NT=Lys-C;AC=MS:1001309	1	1	NT=beam-type collision-induced dissociation;AC=MS:1000422	infection status (mock-infected, infected with SARS-CoV-2)	NT=Carbamidomethyl;AC=UNIMOD:4;MT=Fixed;TA=C	NT=TMT6plex;AC=UNIMOD:730;MT=Fixed;TA=K	NT=Oxidation;AC=UNIMOD:35;MT=Variable;TA=M	NT=Acetyl;AC=UNIMOD:1;MT=Variable;TA=K	NT=Phospho;AC=UNIMOD:21;MT=Variable;TA=STY	6 ppm	orbitrap	350m/z-1400m/z	35 NCE	20200317_KKL_CoV2_Phospho_F3.raw	v1.1.0	HAMLET-agentic v0.1.0	sars-cov-2 infection
PXD018357-Sample-263	Homo sapiens	colon	sars-cov-2 infection	epithelial cell	Caco-2, UKF-RC-2	not available	10	not available	not available	run 27	proteomic profiling by mass spectrometry	NT=data-dependent acquisition;AC=PRIDE:0000627	TMT127C	NT=Orbitrap Fusion Lumos;AC=MS:1002732	NT=Lys-C;AC=MS:1001309	1	1	NT=beam-type collision-induced dissociation;AC=MS:1000422	infection status (mock-infected, infected with SARS-CoV-2)	NT=Carbamidomethyl;AC=UNIMOD:4;MT=Fixed;TA=C	NT=TMT6plex;AC=UNIMOD:730;MT=Fixed;TA=K	NT=Oxidation;AC=UNIMOD:35;MT=Variable;TA=M	NT=Acetyl;AC=UNIMOD:1;MT=Variable;TA=K	NT=Phospho;AC=UNIMOD:21;MT=Variable;TA=STY	6 ppm	orbitrap	350m/z-1400m/z	35 NCE	20200317_KKL_CoV2_Phospho_F3.raw	v1.1.0	HAMLET-agentic v0.1.0	sars-cov-2 infection
PXD018357-Sample-264	Homo sapiens	colon	sars-cov-2 infection	epithelial cell	Caco-2, UKF-RC-2	not available	10	not available	not available	run 27	proteomic profiling by mass spectrometry	NT=data-dependent acquisition;AC=PRIDE:0000627	TMT128N	NT=Orbitrap Fusion Lumos;AC=MS:1002732	NT=Lys-C;AC=MS:1001309	1	1	NT=beam-type collision-induced dissociation;AC=MS:1000422	infection status (mock-infected, infected with SARS-CoV-2)	NT=Carbamidomethyl;AC=UNIMOD:4;MT=Fixed;TA=C	NT=TMT6plex;AC=UNIMOD:730;MT=Fixed;TA=K	NT=Oxidation;AC=UNIMOD:35;MT=Variable;TA=M	NT=Acetyl;AC=UNIMOD:1;MT=Variable;TA=K	NT=Phospho;AC=UNIMOD:21;MT=Variable;TA=STY	6 ppm	orbitrap	350m/z-1400m/z	35 NCE	20200317_KKL_CoV2_Phospho_F3.raw	v1.1.0	HAMLET-agentic v0.1.0	sars-cov-2 infection
PXD018357-Sample-265	Homo sapiens	colon	sars-cov-2 infection	epithelial cell	Caco-2, UKF-RC-2	not available	10	not available	not available	run 27	proteomic profiling by mass spectrometry	NT=data-dependent acquisition;AC=PRIDE:0000627	TMT128C	NT=Orbitrap Fusion Lumos;AC=MS:1002732	NT=Lys-C;AC=MS:1001309	1	1	NT=beam-type collision-induced dissociation;AC=MS:1000422	infection status (mock-infected, infected with SARS-CoV-2)	NT=Carbamidomethyl;AC=UNIMOD:4;MT=Fixed;TA=C	NT=TMT6plex;AC=UNIMOD:730;MT=Fixed;TA=K	NT=Oxidation;AC=UNIMOD:35;MT=Variable;TA=M	NT=Acetyl;AC=UNIMOD:1;MT=Variable;TA=K	NT=Phospho;AC=UNIMOD:21;MT=Variable;TA=STY	6 ppm	orbitrap	350m/z-1400m/z	35 NCE	20200317_KKL_CoV2_Phospho_F3.raw	v1.1.0	HAMLET-agentic v0.1.0	sars-cov-2 infection
PXD018357-Sample-266	Homo sapiens	colon	sars-cov-2 infection	epithelial cell	Caco-2, UKF-RC-2	not available	10	not available	not available	run 27	proteomic profiling by mass spectrometry	NT=data-dependent acquisition;AC=PRIDE:0000627	TMT129N	NT=Orbitrap Fusion Lumos;AC=MS:1002732	NT=Lys-C;AC=MS:1001309	1	1	NT=beam-type collision-induced dissociation;AC=MS:1000422	infection status (mock-infected, infected with SARS-CoV-2)	NT=Carbamidomethyl;AC=UNIMOD:4;MT=Fixed;TA=C	NT=TMT6plex;AC=UNIMOD:730;MT=Fixed;TA=K	NT=Oxidation;AC=UNIMOD:35;MT=Variable;TA=M	NT=Acetyl;AC=UNIMOD:1;MT=Variable;TA=K	NT=Phospho;AC=UNIMOD:21;MT=Variable;TA=STY	6 ppm	orbitrap	350m/z-1400m/z	35 NCE	20200317_KKL_CoV2_Phospho_F3.raw	v1.1.0	HAMLET-agentic v0.1.0	sars-cov-2 infection
PXD018357-Sample-267	Homo sapiens	colon	sars-cov-2 infection	epithelial cell	Caco-2, UKF-RC-2	not available	10	not available	not available	run 27	proteomic profiling by mass spectrometry	NT=data-dependent acquisition;AC=PRIDE:0000627	TMT129C	NT=Orbitrap Fusion Lumos;AC=MS:1002732	NT=Lys-C;AC=MS:1001309	1	1	NT=beam-type collision-induced dissociation;AC=MS:1000422	infection status (mock-infected, infected with SARS-CoV-2)	NT=Carbamidomethyl;AC=UNIMOD:4;MT=Fixed;TA=C	NT=TMT6plex;AC=UNIMOD:730;MT=Fixed;TA=K	NT=Oxidation;AC=UNIMOD:35;MT=Variable;TA=M	NT=Acetyl;AC=UNIMOD:1;MT=Variable;TA=K	NT=Phospho;AC=UNIMOD:21;MT=Variable;TA=STY	6 ppm	orbitrap	350m/z-1400m/z	35 NCE	20200317_KKL_CoV2_Phospho_F3.raw	v1.1.0	HAMLET-agentic v0.1.0	sars-cov-2 infection
PXD018357-Sample-268	Homo sapiens	colon	sars-cov-2 infection	epithelial cell	Caco-2, UKF-RC-2	not available	10	not available	not available	run 27	proteomic profiling by mass spectrometry	NT=data-dependent acquisition;AC=PRIDE:0000627	TMT130N	NT=Orbitrap Fusion Lumos;AC=MS:1002732	NT=Lys-C;AC=MS:1001309	1	1	NT=beam-type collision-induced dissociation;AC=MS:1000422	infection status (mock-infected, infected with SARS-CoV-2)	NT=Carbamidomethyl;AC=UNIMOD:4;MT=Fixed;TA=C	NT=TMT6plex;AC=UNIMOD:730;MT=Fixed;TA=K	NT=Oxidation;AC=UNIMOD:35;MT=Variable;TA=M	NT=Acetyl;AC=UNIMOD:1;MT=Variable;TA=K	NT=Phospho;AC=UNIMOD:21;MT=Variable;TA=STY	6 ppm	orbitrap	350m/z-1400m/z	35 NCE	20200317_KKL_CoV2_Phospho_F3.raw	v1.1.0	HAMLET-agentic v0.1.0	sars-cov-2 infection
PXD018357-Sample-269	Homo sapiens	colon	sars-cov-2 infection	epithelial cell	Caco-2, UKF-RC-2	not available	10	not available	not available	run 27	proteomic profiling by mass spectrometry	NT=data-dependent acquisition;AC=PRIDE:0000627	TMT130C	NT=Orbitrap Fusion Lumos;AC=MS:1002732	NT=Lys-C;AC=MS:1001309	1	1	NT=beam-type collision-induced dissociation;AC=MS:1000422	infection status (mock-infected, infected with SARS-CoV-2)	NT=Carbamidomethyl;AC=UNIMOD:4;MT=Fixed;TA=C	NT=TMT6plex;AC=UNIMOD:730;MT=Fixed;TA=K	NT=Oxidation;AC=UNIMOD:35;MT=Variable;TA=M	NT=Acetyl;AC=UNIMOD:1;MT=Variable;TA=K	NT=Phospho;AC=UNIMOD:21;MT=Variable;TA=STY	6 ppm	orbitrap	350m/z-1400m/z	35 NCE	20200317_KKL_CoV2_Phospho_F3.raw	v1.1.0	HAMLET-agentic v0.1.0	sars-cov-2 infection
PXD018357-Sample-270	Homo sapiens	colon	sars-cov-2 infection	epithelial cell	Caco-2, UKF-RC-2	not available	10	not available	not available	run 27	proteomic profiling by mass spectrometry	NT=data-dependent acquisition;AC=PRIDE:0000627	TMT131	NT=Orbitrap Fusion Lumos;AC=MS:1002732	NT=Lys-C;AC=MS:1001309	1	1	NT=beam-type collision-induced dissociation;AC=MS:1000422	infection status (mock-infected, infected with SARS-CoV-2)	NT=Carbamidomethyl;AC=UNIMOD:4;MT=Fixed;TA=C	NT=TMT6plex;AC=UNIMOD:730;MT=Fixed;TA=K	NT=Oxidation;AC=UNIMOD:35;MT=Variable;TA=M	NT=Acetyl;AC=UNIMOD:1;MT=Variable;TA=K	NT=Phospho;AC=UNIMOD:21;MT=Variable;TA=STY	6 ppm	orbitrap	350m/z-1400m/z	35 NCE	20200317_KKL_CoV2_Phospho_F3.raw	v1.1.0	HAMLET-agentic v0.1.0	sars-cov-2 infection
PXD018357-Sample-271	Homo sapiens	colon	sars-cov-2 infection	epithelial cell	Caco-2, UKF-RC-2	not available	10	not available	not available	run 28	proteomic profiling by mass spectrometry	NT=data-dependent acquisition;AC=PRIDE:0000627	TMT126	NT=Orbitrap Fusion Lumos;AC=MS:1002732	NT=Lys-C;AC=MS:1001309	1	1	NT=beam-type collision-induced dissociation;AC=MS:1000422	infection status (mock-infected, infected with SARS-CoV-2)	NT=Carbamidomethyl;AC=UNIMOD:4;MT=Fixed;TA=C	NT=TMT6plex;AC=UNIMOD:730;MT=Fixed;TA=K	NT=Oxidation;AC=UNIMOD:35;MT=Variable;TA=M	NT=Acetyl;AC=UNIMOD:1;MT=Variable;TA=K	NT=Phospho;AC=UNIMOD:21;MT=Variable;TA=STY	6 ppm	orbitrap	350m/z-1400m/z	35 NCE	20200317_KKL_CoV2_Phospho_F4.raw	v1.1.0	HAMLET-agentic v0.1.0	sars-cov-2 infection
PXD018357-Sample-272	Homo sapiens	colon	sars-cov-2 infection	epithelial cell	Caco-2, UKF-RC-2	not available	10	not available	not available	run 28	proteomic profiling by mass spectrometry	NT=data-dependent acquisition;AC=PRIDE:0000627	TMT127N	NT=Orbitrap Fusion Lumos;AC=MS:1002732	NT=Lys-C;AC=MS:1001309	1	1	NT=beam-type collision-induced dissociation;AC=MS:1000422	infection status (mock-infected, infected with SARS-CoV-2)	NT=Carbamidomethyl;AC=UNIMOD:4;MT=Fixed;TA=C	NT=TMT6plex;AC=UNIMOD:730;MT=Fixed;TA=K	NT=Oxidation;AC=UNIMOD:35;MT=Variable;TA=M	NT=Acetyl;AC=UNIMOD:1;MT=Variable;TA=K	NT=Phospho;AC=UNIMOD:21;MT=Variable;TA=STY	6 ppm	orbitrap	350m/z-1400m/z	35 NCE	20200317_KKL_CoV2_Phospho_F4.raw	v1.1.0	HAMLET-agentic v0.1.0	sars-cov-2 infection
PXD018357-Sample-273	Homo sapiens	colon	sars-cov-2 infection	epithelial cell	Caco-2, UKF-RC-2	not available	10	not available	not available	run 28	proteomic profiling by mass spectrometry	NT=data-dependent acquisition;AC=PRIDE:0000627	TMT127C	NT=Orbitrap Fusion Lumos;AC=MS:1002732	NT=Lys-C;AC=MS:1001309	1	1	NT=beam-type collision-induced dissociation;AC=MS:1000422	infection status (mock-infected, infected with SARS-CoV-2)	NT=Carbamidomethyl;AC=UNIMOD:4;MT=Fixed;TA=C	NT=TMT6plex;AC=UNIMOD:730;MT=Fixed;TA=K	NT=Oxidation;AC=UNIMOD:35;MT=Variable;TA=M	NT=Acetyl;AC=UNIMOD:1;MT=Variable;TA=K	NT=Phospho;AC=UNIMOD:21;MT=Variable;TA=STY	6 ppm	orbitrap	350m/z-1400m/z	35 NCE	20200317_KKL_CoV2_Phospho_F4.raw	v1.1.0	HAMLET-agentic v0.1.0	sars-cov-2 infection
PXD018357-Sample-274	Homo sapiens	colon	sars-cov-2 infection	epithelial cell	Caco-2, UKF-RC-2	not available	10	not available	not available	run 28	proteomic profiling by mass spectrometry	NT=data-dependent acquisition;AC=PRIDE:0000627	TMT128N	NT=Orbitrap Fusion Lumos;AC=MS:1002732	NT=Lys-C;AC=MS:1001309	1	1	NT=beam-type collision-induced dissociation;AC=MS:1000422	infection status (mock-infected, infected with SARS-CoV-2)	NT=Carbamidomethyl;AC=UNIMOD:4;MT=Fixed;TA=C	NT=TMT6plex;AC=UNIMOD:730;MT=Fixed;TA=K	NT=Oxidation;AC=UNIMOD:35;MT=Variable;TA=M	NT=Acetyl;AC=UNIMOD:1;MT=Variable;TA=K	NT=Phospho;AC=UNIMOD:21;MT=Variable;TA=STY	6 ppm	orbitrap	350m/z-1400m/z	35 NCE	20200317_KKL_CoV2_Phospho_F4.raw	v1.1.0	HAMLET-agentic v0.1.0	sars-cov-2 infection
PXD018357-Sample-275	Homo sapiens	colon	sars-cov-2 infection	epithelial cell	Caco-2, UKF-RC-2	not available	10	not available	not available	run 28	proteomic profiling by mass spectrometry	NT=data-dependent acquisition;AC=PRIDE:0000627	TMT128C	NT=Orbitrap Fusion Lumos;AC=MS:1002732	NT=Lys-C;AC=MS:1001309	1	1	NT=beam-type collision-induced dissociation;AC=MS:1000422	infection status (mock-infected, infected with SARS-CoV-2)	NT=Carbamidomethyl;AC=UNIMOD:4;MT=Fixed;TA=C	NT=TMT6plex;AC=UNIMOD:730;MT=Fixed;TA=K	NT=Oxidation;AC=UNIMOD:35;MT=Variable;TA=M	NT=Acetyl;AC=UNIMOD:1;MT=Variable;TA=K	NT=Phospho;AC=UNIMOD:21;MT=Variable;TA=STY	6 ppm	orbitrap	350m/z-1400m/z	35 NCE	20200317_KKL_CoV2_Phospho_F4.raw	v1.1.0	HAMLET-agentic v0.1.0	sars-cov-2 infection
PXD018357-Sample-276	Homo sapiens	colon	sars-cov-2 infection	epithelial cell	Caco-2, UKF-RC-2	not available	10	not available	not available	run 28	proteomic profiling by mass spectrometry	NT=data-dependent acquisition;AC=PRIDE:0000627	TMT129N	NT=Orbitrap Fusion Lumos;AC=MS:1002732	NT=Lys-C;AC=MS:1001309	1	1	NT=beam-type collision-induced dissociation;AC=MS:1000422	infection status (mock-infected, infected with SARS-CoV-2)	NT=Carbamidomethyl;AC=UNIMOD:4;MT=Fixed;TA=C	NT=TMT6plex;AC=UNIMOD:730;MT=Fixed;TA=K	NT=Oxidation;AC=UNIMOD:35;MT=Variable;TA=M	NT=Acetyl;AC=UNIMOD:1;MT=Variable;TA=K	NT=Phospho;AC=UNIMOD:21;MT=Variable;TA=STY	6 ppm	orbitrap	350m/z-1400m/z	35 NCE	20200317_KKL_CoV2_Phospho_F4.raw	v1.1.0	HAMLET-agentic v0.1.0	sars-cov-2 infection
PXD018357-Sample-277	Homo sapiens	colon	sars-cov-2 infection	epithelial cell	Caco-2, UKF-RC-2	not available	10	not available	not available	run 28	proteomic profiling by mass spectrometry	NT=data-dependent acquisition;AC=PRIDE:0000627	TMT129C	NT=Orbitrap Fusion Lumos;AC=MS:1002732	NT=Lys-C;AC=MS:1001309	1	1	NT=beam-type collision-induced dissociation;AC=MS:1000422	infection status (mock-infected, infected with SARS-CoV-2)	NT=Carbamidomethyl;AC=UNIMOD:4;MT=Fixed;TA=C	NT=TMT6plex;AC=UNIMOD:730;MT=Fixed;TA=K	NT=Oxidation;AC=UNIMOD:35;MT=Variable;TA=M	NT=Acetyl;AC=UNIMOD:1;MT=Variable;TA=K	NT=Phospho;AC=UNIMOD:21;MT=Variable;TA=STY	6 ppm	orbitrap	350m/z-1400m/z	35 NCE	20200317_KKL_CoV2_Phospho_F4.raw	v1.1.0	HAMLET-agentic v0.1.0	sars-cov-2 infection
PXD018357-Sample-278	Homo sapiens	colon	sars-cov-2 infection	epithelial cell	Caco-2, UKF-RC-2	not available	10	not available	not available	run 28	proteomic profiling by mass spectrometry	NT=data-dependent acquisition;AC=PRIDE:0000627	TMT130N	NT=Orbitrap Fusion Lumos;AC=MS:1002732	NT=Lys-C;AC=MS:1001309	1	1	NT=beam-type collision-induced dissociation;AC=MS:1000422	infection status (mock-infected, infected with SARS-CoV-2)	NT=Carbamidomethyl;AC=UNIMOD:4;MT=Fixed;TA=C	NT=TMT6plex;AC=UNIMOD:730;MT=Fixed;TA=K	NT=Oxidation;AC=UNIMOD:35;MT=Variable;TA=M	NT=Acetyl;AC=UNIMOD:1;MT=Variable;TA=K	NT=Phospho;AC=UNIMOD:21;MT=Variable;TA=STY	6 ppm	orbitrap	350m/z-1400m/z	35 NCE	20200317_KKL_CoV2_Phospho_F4.raw	v1.1.0	HAMLET-agentic v0.1.0	sars-cov-2 infection
PXD018357-Sample-279	Homo sapiens	colon	sars-cov-2 infection	epithelial cell	Caco-2, UKF-RC-2	not available	10	not available	not available	run 28	proteomic profiling by mass spectrometry	NT=data-dependent acquisition;AC=PRIDE:0000627	TMT130C	NT=Orbitrap Fusion Lumos;AC=MS:1002732	NT=Lys-C;AC=MS:1001309	1	1	NT=beam-type collision-induced dissociation;AC=MS:1000422	infection status (mock-infected, infected with SARS-CoV-2)	NT=Carbamidomethyl;AC=UNIMOD:4;MT=Fixed;TA=C	NT=TMT6plex;AC=UNIMOD:730;MT=Fixed;TA=K	NT=Oxidation;AC=UNIMOD:35;MT=Variable;TA=M	NT=Acetyl;AC=UNIMOD:1;MT=Variable;TA=K	NT=Phospho;AC=UNIMOD:21;MT=Variable;TA=STY	6 ppm	orbitrap	350m/z-1400m/z	35 NCE	20200317_KKL_CoV2_Phospho_F4.raw	v1.1.0	HAMLET-agentic v0.1.0	sars-cov-2 infection
PXD018357-Sample-280	Homo sapiens	colon	sars-cov-2 infection	epithelial cell	Caco-2, UKF-RC-2	not available	10	not available	not available	run 28	proteomic profiling by mass spectrometry	NT=data-dependent acquisition;AC=PRIDE:0000627	TMT131	NT=Orbitrap Fusion Lumos;AC=MS:1002732	NT=Lys-C;AC=MS:1001309	1	1	NT=beam-type collision-induced dissociation;AC=MS:1000422	infection status (mock-infected, infected with SARS-CoV-2)	NT=Carbamidomethyl;AC=UNIMOD:4;MT=Fixed;TA=C	NT=TMT6plex;AC=UNIMOD:730;MT=Fixed;TA=K	NT=Oxidation;AC=UNIMOD:35;MT=Variable;TA=M	NT=Acetyl;AC=UNIMOD:1;MT=Variable;TA=K	NT=Phospho;AC=UNIMOD:21;MT=Variable;TA=STY	6 ppm	orbitrap	350m/z-1400m/z	35 NCE	20200317_KKL_CoV2_Phospho_F4.raw	v1.1.0	HAMLET-agentic v0.1.0	sars-cov-2 infection
