"paper_id","agent","annotation_type","extracted_value","all_values_for_field","verdict","type_mismatch","correct_type","value_correct","value_complete","hallucination","issue_summary","corrected_value"
"PXD039035","BiologicalAgent","species","Mus musculus","Mus musculus","high","False","","True","True","False","TYPE CHECK:        The candidate value is a scientific name for a species, which matches the field definition.
SOURCE CHECK:      The paper explicitly mentions ""mice"" and specific mouse strains (e.g., ""C57BL/6"", ""OT-I mice"") throughout the text.
TRUTH CHECK:       ""Mus musculus"" is the scientific name for the mouse, which is the organism used in this study.
COMPLETENESS CHECK: The full set contains the only species used in the experiments.
TYPE_CORRECT:      yes
CORRECT_TYPE_NAME: NONE
VALUE_CORRECT:     yes
VALUE_COMPLETE:    yes
HALLUCINATED:      no
VERDICT:           high
CORRECTED_VALUE:   NONE",""
"PXD039035","BiologicalAgent","cell_type","DCs","","high","False","","True","True","False"," our our our our our our our our our our our our our our our our our our our our our our our our our our our our our our our our our our our our our our our our our our our our our our our our our our our our our our our our our our our our our our our our our our our our our our our our our our our our our our our our our our our our our our our our our our our our our our our our our our our our our our our our our our our our our our our our our our our our our our our our our our our our our our our our our our our our our our our our our our our our our our our our our our our our our our our our our our our our our our our our our our our our our our our our our our our our our our our our our our our our our our our our our our our our our our our our our our our our our our our our our our our our our our our our our our our our our our our our our our our our our our our our our our our our our our our our our our our our our our our our our our our our our our our our our our our our our our our our our our our our our our our our our our our our our our our our our our our our our our our our our our our our our our our our our our our our our our our our our our our our our our our our our our our our our our our our our our our our our our our our our our our our our our our our our our our our our our our our our our our our our our our our our our our our our our our our our our our our our our our our our our our our our our our our our our our our our our our our our our our our our our our our our our our our our our our our our our our our our our our our our our our our our our our our our our our our our our our our our our our our our our our our our our our our our our our our our our our our our our our our our our our our our our our our our our our our our our our our our our our our our our our our our our our our our our our our our our our our our our our our our our our our our our our our our our our our our our our our our our our our our our our our our our our our our our our our our our our our our our our our our our our our our our our our our our our our our our our our our our our our our our our our our our our our our our our our our our our our our our our our our our our our our our our our our our our our our our our our our our our our our our our our our our our our our our our our our our our our our our our our our our our our our our our our our our our our our our our our our our our our our our our our our our our our our our our our our our our our our our our our our our our our our our our our our our our our our our our our our our our our our our our our our our our our our our our our our our our our our our our our our our our our our our our our our our our our our our our our our our our our our our our our our our our our our our our our our our our our our our our our our our our our our our our our our our our our our our our our our our our our our our our our our our our our our our our our our our our our our our our our our our our our our our our our our our our our our our our our our our our our our our our our our our our our our our our our our our our our our our our our our our our our our our our our our our our our our our our our our our our our our our our our our our our our our our our our our our our our our our our our our our our our our our our our our our our our our our our our our our our our our our our our our our our our our our our our our our our our our our our our our our our our our our our our our our our our our our our our our our our our our our our our our our our our our our our our our our our our our our our our our our our our our our our our our our our our our our our our our our our our our our our our our our our our our our our our our our our our our our our our our our our our our our our our our our our our our our our our our our our our our our our our our our our our our our our our our our our our our our our our our our our our our our our our our our our our our our our our our our our our our our our our our our our our our our our our our our our our our our our our our our our our our our our our our our our our our our our our our our our our our our our our our our our our our our our our our our our our our our our our our our our our our our our our our our our our our our our our our our our our our our our our our our our our our our our our our our our our our our our our our our our our our our our our our our our our our our our our our our our our our our our our our our our our our our our our our our our our our our our our our our our our our our our our our our our our our our our our our our our our our our our our our our our our our our our our our our our our our our our our our our our our our our our our our our our our our our our our our our our our our our our our our our our our our our our our our our our our our our our our our our our our our our our our our our our our our our our our our our our our our our our our our our our our our our our our our our our our our our our our our our our our our our our our our our our our our our our our our our our our our our our our our our our our our our our our our our our our our our our our our our our our our our our our our our our our our our our our our our our our our our our our our our our our our our our our our our our our our our our our our our our our our our our our our our our our our our our our our our our our our our our our our our our our our our our our our our our our our our our our our our our our our our our our our our our our our our our our our our our our our our our our our our our our our our our our our our our our our our our our our our our our our our our our our our our our our our our our our our our our our our our our our our our our our our our our our our our our our our our our our our our our our our our our our our our our our our our our our our our our our our our our our our our our our our our our our our our our our our our our our our our our our our our our our our our our our our our our our our our our our our our our our our our our our our our our our our our our our our our our our our our our our our our our our our our our our our our our our our our our our our our our our our our our our our our our our our our our our our our our our our our our our our our our our our our our our our our our our our our our our our our our our our our our our our our our our our our our our our our our our our our our our our our our our our our our our our our our our our our our our our our our our our our our our our our our our our our our our our our our our our our our our our our our our our our our our our our our our our our our our our our our our our our our our our our our our our our our our our our our our our our our our our our our our our our our our our our our our our our our our our our our our our our our our our our our our our our our our our our our our our our our our our our our our our our our our our our our our our our our our our our our our our our our our our our our our our our our our our our our our our our our our our our our our our our our our our our our our our our our our our our our our our our our our our our our our our our our our our our our our our our our our our our our our our our our our our our our our our our our our our our our our our our our our our our our our our our our our our our our our our our our our our our our our our our our our our our our our our our our our our our our our our our our our our our our our our our our our our our our our our our our our our our our our our our our our our our our our our our our our our our our our our our our our our our our our our our our our our our our our our our our our our our our our our our our our our our our our our our our our our our our our our our our our our our our our our our our our our our our our our our our our our our our our our our our our our our our our our our our our our our our our our our our our our our our our our our our our our our our our our our our our our our our our our our our our our our our our our our our our our our our our our our our our our our our our our our our our our our our our our our our our our our our our our our our our our our our our our our our our our our our our our our our our our our our our our our our our our our our our our our our our our our our our our our our our our our our our our our our our our our our our our our our our our our our our our our our our our our our our our our our our our our our our our our our our our our our our our our our our our our our our our our our our our our our our our our our our our our our our our our our our our our our our our our our our our our our our our our our our our our our our our our our our our our our our our our our our our our our our our our our our our our our our our our our our our our our our our our our our our our our our our our our our our our our our our our our our our our our our our our our our our our our our our our our our our our our our our our our our our our our our our our our our our our our our our our our our our our our our our our our our our our our our our our our our our our our our our our our our our our our our our our our our our our our our our our our our our our our our our our our our our our our our our our our our our our our our our our our our our our our our our our our our our our our our our our our our our our our our our our our our our our our our our our our our our our our our our our our our our our our our our our our our our our our our our our our our our our our our our our our our our our our our our our our our our our our our our our our our our our our our our our our our our our our our our our our our our our our our our our our our our our our our our our our our our our our our our our our our our our our our our our our our our our our our our our our our our our our our our our our our our our our our our our our our our our our our our our our our our our our our our our our our our our our our our our our our our our our our our our our our our our our our our our our our our our our our our our our our our our our our our our our our our our our our our our our our our our our our our our our our our our our our our our our our our our our our our our our our our our our our our our our our our our our our our our our our our our our our our our our our our our our our our our our our our our our our our our our our our our our our our our our our our our our our our our our our our our our our our our our our our our our our our our our our our our our our our our our our our our our our our our our our our our our our our our our our our our our our our our our our our our our our our our our our our our our our our our our our our our our our our our our our our our our our our our our our our our our our our our our our our our our our our our our our our our our our our our our our our our our our our our our our our our our our our our our our our our our our our our our our our our our our our our our our our our our our our our our our our our our our our our our our our our our our our our our our our our our our our our our our our our our our our our our our our our our our our our our our our our our our our our our our our our our our our our our our our our our our our our our our our our our our our our our our our our our our our our our our our our our our our our our our our our our our our our our our our our our our our our our our our our our our our our our our our our our our our our our our our our our our our our our our our our our our our our our our our our our our our our our our our our our our our our our our our our our our our our our our our our our our our our our our our our our our our our our our our our our our our our our our our our our our our our our our our our our our our our our our our our our our our our our our our our our our our our our our our our our our our our our our our our our our our our our our our our our our our our our our our our our our our our our our our our our our our our our our our our our our our our our our our our our our our our our our our our our our our our our our our our our our our our our our our our our our our our our our our our our our our our our our our our our our our our our our our our our our our our our our our our our our our our our our our our our our our our our our our our our our our our our our our our our our our our our our our our our our our our our our our our our our our our our our our our our our our our our our our our our our our our our our our our our our our our our our our our our our our our our our our our our our our our our our our our our our our our our our our our our our our our our our our our our our our our our our our our our our our our our our our our our our our our our our our our our our our our our our our our our our our our our our our our our our our our our our our our our our our our our our our our our our our our our our our our our our our our our our our our our our our our our our our our our our our our our our our our our our our our our our our our our our our our our our our our our our our our our our our our our our our our our our our our our our our our our our our our our our our our our our our our our our our our our our our our our our our our our our our our our our our our our our our our our our our our our our our our our our our our our our our our our our our our our our our our our our our our our our our our our our our our our our our our our our our our our our our our our our our our our our our our our our our our our our our our our our our our our our our our our our our our our our our our our our our our our our our our our our our our our our our our our our our our our our our our our our our our our our our our our our our our our our our our our our our our our our our our our our our our our our our our our our our our our our our our our our our our our our our our our our our our our our our our our our our our our our our our our our our our our our our our our our our our our our our our our our our our our our our our our our our our our our our our our our our our our our our our our our our our our our our our our our our our our our our our our our our our our our our our our our our our our our our our our our our our our our our our our our our our our our our our our our our our our our our our our our our our our our our our our our our our our our our our our our our our our our our our our our our our our our our our our our our our our our our our our our our our our our our our our our our our our our our our our our our our our our our our our our our our our our our our our our our our our our our our our our our our our our our our our our our our our our our our our our our our our our our our our our our our our our our our our our our our our our our our our our our our our our our our our our our our our our our our our our our our our our our our our our our our our our our our our our our our our our our our our our our our our our our our our our our our our our our our our our our our our our our our our our our our our our our our our our our our our our our our our our our our our our our our our our our our our our our our our our our our our our our our our our our our our our our our our our our our our our our our our our our our our our our our our our our our our our our our our our our our our our our our our our our our our our our our our our our our our our our our our our our our our our our our our our our our our our our our our our our our our our our our our our our our our our our our our our our our our our our our our our our our our our our our our our our our our our our our our our our our our our our our our our our our our our our our our our our our our our our our our our our our our our our our our our our our our our our our our our our our our our our our our our our our our our our our our our our our our our our our our our our our our our our our our our our our our our our our our our our our our our our our our our our our our our our our our our our our our our our our our our our our our our our our our our our our our our our our our our our our our our our our our our our our our our our our our our our our our our our our our our our our our our our our our our our our our our our our our our our our our our our our our our our our our our our our our our our our our our our our our our our our our our our our our our our our our our our our our our our our our our our our our our our our our our our our our our our our our our our our our our our our our our our our our our our our our our our our our our our our our our our our our our our our our our our our our our our our our our our our our our our our our our our our our our our our our our our our our our our our our our our our our our our our our our our our our our our our our our our our our our our our our our our our our our our our our our our our our our our our our our our our our our our our our our our our our our our our our our our our our our our our our our our our our our our our our our our our our our our our our our our our our our our our our our our our our our our our our our our our our our our our our our our our our our our our our our our our our our our our our our our our our our our our our our our our our our our our our our our our our our our our our our our our our our our our our our our our our our our our our our our our our our our our our our our our our our our our our our our our our our our our our our our our our our our our our our our our our our our our our our our our our our our our our our our our our our our our our our our our our our our our our our our our our our our our our our our our our our our our our our our our our our our our our our our our our our our our our our our our our our our our our our our our our our our our our our our our our our our our our our our our our our our our our our our our our our our our our our our our our our our our our our our our our our our our our our our our our our our our our our our our our our our our our our our our our our our our our our our our our our our our our our our our our our our our our our our our our our our our our our our our our our our our our our our our our our our our our our our our our our our our our our our our our our our our our our our our our our our our our our our our our our our our our our our our our our our our our our our our our our our our our our our our our our our our our our our our our our our our our our our our our our our our our our our our our our our our our our our our our our our our our our our our our our our our our our our our our our our our our our our our our our our our our our our our our our our our our our our our our our our our our our our our our our our our our our our our our our our our our our our our our our our our our our our our our our our our our our our our our our our our our our our our our our our our our our our our our our our our our our our our our our our our our our our our our our our our our our our our our our our our our our our our our our our our our our our our our our our our our our our our our our our our our our our our our our our our our our our our our our our our our our our our our our our our our our our our our our our our our our our our our our our our our our our our our our our our our our our our our our our our our our our our our our our our our our our our our our our our our our our our our our our our our our our our our our our our our our our our our our our our our our our our our our our our our our our our our our our our our our our our our our our our our our our our our our our our our our our our our our our our our our our our our our our our our our our our our our our our our our our our our our our our our our our our our our our our our our our our our our our our our our our our our our our our our our our our our our our our our our our our our our our our our our our our our our our our our our our our our our our our our our our our our our our our our our our our our our our our our our our our our our our our our our our our our our our our our our our our our our our our our our our our our our our our our our our our our our our our our our our our our our our our our our our our our our our our our our our our our our our our our our our our our our our our our our our our our our our our our our our our our our our our our our our our our our our our our our our our our our our our our our our our our our our our our our our our our our our our our our our our our our our our our our our our our our our our our our our our our our our our our our our our our our our our our our our our our our our our our our our our our our our our our our our our our our our our our our our our our our our our our our our our our our our our our our our our our our our our our our our our our our our our our our our our our our our our our our our our our our our our our our our our our our our our our our our our our our our our our our our our our our our our our our our our our our our our our our our our our our our our our our our our our our our our our our our our our our our our our our our our our our our our our our our our our our our our our our our our our our our our our our our our our our our our our our our our our our our our our our our our our our our our our our our our our our our our our our our our our our our our our our our our our our our our our our our our our our our our our our our our our our our our our our our our our our our our our our our our our our our our our our our our our our our our our our our our our our our our our our our our our our our our our our our our our our our our our our our our our our our our our our our our our our our our our our our our our our our our our our our our our our our our our our our our our our our our our our our our our our our our our our our our our our our our our our our our our our our our our our our our our our our our our our our our our our our our our our our our our our our our our our our our our our our our our our our our our our our our our our our our our our our our our our our our our our our our our our our our our our our our our our our our our our our our our our our our our our our our our our our our our our our our our our our our our our our our our our our our our our our our our our our our our our our our our our our our our our our our our our our our our our our our our our our our our our our our our our our our our our our our our our our our our our our our our our our our our our our our our our our our our our our our our our our our our our our our our our our our our our our our our our our our our our our our our our our our our our our our our our our our our our our our our our our our our our our our our our our our our our our our our our our our our our our our our our our our our our our our our our our our our our our our our our our our our our our our our our our our our our our our our our our our our our our our our our our our our our our our our our our our our our our our our our our our our our our our our our our our our our our our our our our our our our our our our our our our our our our our our our our our our our our our our our our our our our our our our our our our our our our our our our our our our our our our our our our our our our our our our our our our our our our our our our our our our our our our our our our our our our our our our our our our our our our our our our our our our our our our our our our our our our our our our our our our our our our our our our our our our our our our our our our our our our our our our our our our our our our our our our our our our our our our our our our our our our our our our our our our our our our our our our our our our our our our our our our our our our our our our our our our our our our our our our our our our our our our our our our our our our our our our our our our our our our our our our our our our our our our our our our our our our our our our our our our our our our our our our our our our our our our our our our our our our our our our our our our our our our our our our our our our our our our our our our our our our our our our our our our our our our our our our our our our our our our our our our our our our our our our our our our our our our our our our our our our our our our our our our our our our our our our our our our our our our our our our our our our our our our our our our our our our our our our our our our our our our our our our our our our our our our our our our our our our our our our our our our our our our our our our our our our our our our our our our our our our our our our our our our our our our our our our our our our our our our our our our our our our our our our our our our our our our our our our our our our our our our our our our our our our our our our our our our our our our our our our our our our our our our our our our our our our our our our our our our our our our our our our our our our our our our our our our our our our our our our our our our our our our our our our our our our our our our our our our our our our our our our our our our our our our our our our our our our our our our our our our our our our our our our our our our our our our our our our our our our our our our our our our our our our our our our our our our our our our our our our our our our our our our our our our our our our our our our our our our our our our our our our our our our our our our our our our our our our our our our our our our our our our our our our our our our our our our our our our our our our our our our our our our our our our our our our our our our our our our our our our our our our our our our our our our our our our our our our our our our our our our our our our our our our our our our our our our our our our our our our our our our our our our our our our our our our our our our our our our our our our our our our our our our our our our our our our our our our our our our our our our our our our our our our our our our our our our our our our our our our our our our our our our our our our our our our our our our our our our our our our our our our our our our our our our our our our our our our our our our our our our our our our our our our our our our our our our our our our our our our our our our our our our our our our our our our our our our our our our our our our our our our our our our our our our our our our our our our our our our our our our our our our our our our our our our our our our our our our our our our our our our our our our our our our our our our our our our our our our our our our our our our our our our our our our our our our our our our our our our our our our our our our our our our our our our our our our our our our our our our our our our our our our our our our our our our our our our our our our our our our our our our our our our our our our our our our our our our our our our our our our our our our our our our our our our our our our our our our our our our our our our our our our our our our our our our our our our our our our our our our our our our our our our our our our our our our our our our our our our our our our our our our our our our our our our our our our our our our our our our our our our our our our our our our our our our our our our our our our our our our our our our our our our our our our our our our our our our our our our our our our our our our our our our our our our our our our our our our our our our our our our our our our our our our our our our our our our our our our our our our our our our our our our our our our our our our our our our our our our our our our our our our our our our our our our our our our our our our our our our our our our our our our our our our our our our our our our our our our our our our our our our our our our our our our our our our our our our our our our our our our our our our our our our our our our our our our our our our our our our our our our our our our our our our our our our our our our our our our our our our our our our our our our our our our our our our our our our our our our our our our our our our our our our our our our our our our our our our our our our our our our our our our our our our our our our our our our our our our our our our our our our our our our our our our our our our our our our our our our our our our our our our our our our our our our our our our our our our our our our our our our our our our our our our our our our our our our our our our our our our our our our our our our our our our our our our our our our our our our our our our our our our our our our our our our our our our our our our our our our our our our our our our our our our our our our our our our our our our our our our our our our our our our our our our our our our our our our our our our our our our our our our our our our our our our our our our our our our our our our our our our our our our our our our our our our our our our our our our our our our our our our our our our our our our our our our our our our our our our our our our our our our our our our our our our our our our our our our our our our our our our our our our our our our our our our our our our our our our our our our our our our our our our our our our our our our our our our our our our our our our our our our our our our our our our our our our our our our our our our our our our our our our our our our our our our our our our our our our our our our our our our our our our our our our our our our our our our our our our our our our our our our our our our our our our our our our our our our our our our our our our our our our our our our our our our our our our our our our our our our our our our our our our our our our our our our our our our our our our our our our our our our our our our our our our our our our our our our our our our our our our our our our our our our our our our our our our our our our our our our our our our our our our our our our our our our our our our our our our our our our our our our our our our our our our our our our our our our our our our our our our our our our our our our our our our our our our our our our our our our our our our our our our our our our our our our our our our our our our our our our our our our our our our our our our our our our our our our our our our our our our our our our our our our our our our our our our our our our our our our our our our our our our our our our our our our our our our our our our our our our our our our our our our our our our our our our our our our our our our our our our our our our our our our our our our our our our our our our our our our our our our our our our our our our our our our our our our our our our our our our our our our our our our our our our our our our our our our our our our our our our our our our our our our our our our our our our our our our our our our our our our our our our our our our our our our our our our our our our our our our our our our our our our our our our our our our our our our our our our our our our our our our our our our our our our our our our our our our our our our our our our our our our our our our our our our our our our our our our our our our our our our our our our our our our our our our our our our our our our our our our our our our our our our our our our our our our our our our our our our our our our our our our our our our our our our our our our our our our our our our our our our our our our our our our our our our our our our our our our our our our our our our our our our our our our our our our our our our our our our our our our our our our our our our our our our our our our our our our our our our our our our our our our our our our our our our our our our our our our our our our our our our our our our our our our our our our our our our our our our our our our our our our our our our our our our our our our our our our our our our our our our our our our our our our our our our our our our our our our our our our our our our our our our our our our our our our our our our our our our our our our our our our our our our our our our our our our our our our our our our our our our our our our our our our our our our our our our our our our our our our our our our our our our our our our our our our our our our our our our our our our our our our our our our our our our our our our our our our our our our our our our our our our our our our our our our our our our our our our our our our our our our our our our our our our our our our our our our our our our our our our our our our our our our our our our our our our our our our our our our our our our our our our our our our our our our our our our our our our our our our our our our our our our our our our our our our our our our our our our our our our our our our our our our our our our our our our our our our our our our our our our our our our our our our our our our our our our our our our our our our our our our our our our our our our our our our our our our our our our our our our our our our our our our our our our our our our our our our our our our our our our our our our our our our our our our our our our our our our our our our our our our our our our our our our our our our our our our our our our our our our our our our our our our our our our our our our our our our our our our our our our our our our our our our our our our our our our our our our our our our our our our our our our our our our our our our our our our our our our our our our our our our our our our our our our our our our our our our our our our our our our our our our our our our our our our our our our our our our our our our our our our our our our our our our our our our our our our our our our our our our our our our our our our our our our our our our our our our our our our our our our our our our our our our our our our our our our our our our our our our our our our our our our our our our our our our our our our our our our our our our our our our our our our our our our our our our our our our our our our our our our our our our our our our our our our our our our our our our our our our our our our our our our our our our our our our our our our our our our our our our our our our our our our our our our our our our our our our our our our our our our our our our our our our our our our our our our our our our our our our our our our our our our our our our our our our our our our our our our our our our our our our our our our our our our our our our our our our our our our our our our our our our our our our our our our our our our our our our our our our our our our our our our our our our our our our our our our our our our our our our our our our our our our our our our our our our our our our our our our our our our our our our our our our our our our our our our our our our our our our our our our our our our our our our our our our our our our our our our our our our our our our our our our our our our our our our our our our our our our our our our our our our our our our our our our our our our our our our our our our our our our our our our our our our our our our our our our our our our our our our our our our our our our our our our our our our our our our our our our our our our our our our our our our our our our our our our our our our our our our our our our our our our our our our our our our our our our our our our our our our our our our our our our our our our our our our our our our our our our our our our our our our our our our our our our our our our our our our our our our our our our our our our our our our our our our our our our our our our our our our our our our our our our our our our our our our our our our our our our our our our our our our our our our our our our our our our our our our our our our our our our our our our our our our our our our our our our our our our our our our our our our our our our our our our our our our our our our our our our our our our our our our our our our our our our our our our our our our our our our our our our our our our our our our our our our our our our our our our our our our our our our our our our our our our our our our our our our our our our our our our our our our our our our our our our our our our our our our our our our our our our our our our our our our our our our our our our our our our our our our our our our our our our our our our our our our our our our our our our our our our our our our our our our our our our our our our our our our our our our our our our our our our our our our our our our our our our our our our our our our our our our our our our our our our our our our our our our our our our our our our our our our our our our our our our our our our our our our our our our our our our our our our our our our our our our our our our our our our our our our our our our our our our our our our our our our our our our our our our our our our our our our our our our our our our our our our our our our our our our our our our our our our our our our our our our our our our our our our our our our our our our our our our our our our our our our our our our our our our our our our our our our our our our our our our our our our our our our our our our our our our our our our our our our our our our our our our our our our our our our our our our our our our our our our our our our our our our our our our our our our our our our our our our our our our our our our our our our our our our our our our our our our our our our our our our our our our our our our our our our our our our our our our our our our our our our our our our our our our our our our our our our our our our our our our our our our our our our our our our our our our our our our our our our our our our our our our our our our our our our our our our our our our our our our our our our our our our our our our our our our our our our our our our our our our our our our our our our our our our our our our our our our our our our our our our our our our our our our our our our our our our our our our our our our our our our our our our our our our our our our our our our our our our our our our our our our our our our our our our our our our our our our our our our our our our our our our our our our our our our our our our our our our our our our our our our our our our our our our our our our our our our our our our our our our our our our our our our our our our our our our our our our our our our our our our our our our our our our our our our our our our our our our our our our our our our our our our our our our our our our our our our our our our our our our our our our our our our our our our our our our our our our our our our our our our our our our our our our our our our our our our our our our our our our our our our our our our our our our our our our our our our our our our our our our our our our our our our our our our our our our our our our our our our our our our our our our our our our our our our our our our our our our our our our our our our our our our our our our our our our our our our our our our our our our our our our our our our our our our our our our our our our our our our our our our our our our our our our our our our our our our our our our our our our our our our our our our our our our our our our our our our our our our our our our our our our our our our our our our our our our our our our our our our our our our our our our our our our our our our our our our our our our our our our our our our our our our our our our our our our our our our our our our our our our our our our our our our our our our our our our our our our our our our our our our our our our our our our our our our our our our our our our our our our our our our our our our our our our our our our our our our our our our our our our our our our our our our our our our our our our our our our our our our our our our our our our our our our our our our our our our our our our our our our our our our our our our our our our our our our our our our our our our our our our our our our our our our our our our our our our our our our our our our our our our our our our our our our our our our our our our our our our our our our our our our our our our our our our our our our our our our our our our our our our our our our our our our our our our our our our our our our our our our our our our our our our our our our our our our our our our our our our our our our our our our our our our our our our our our our our our our our our our our our our our our our our our our our our our our our our our our our our our our our our our our our our our our our our our our our our our our our our our our our our our our our our our our our our our our our our our our our our our our our our our our our our our our our our our our our our our our our our our our our our our our our our our our our our our our our our our our our our our our our our our our our our our our our our our our our our our our our our our our our our our our our our our our our our our our our our our our our our our our our our our our our our our our our our our our our our our our our our our our our our our our our our our our our our our our our our our our our our our our our our our our our our our our our our our our our our our our our our our our our our our our our our our our our our our our our our our our our our our our our our our our our our our our our our our our our our our our our our our our our our our our our our our our our our our our our our our our our our our our our our our our our our our our our our our our our our our our our our our our our our our our our our our our our our our our our our our our our our our our our our our our our our our our our our our our our our our our our our our our our our our our our our our our our our our our our our our our our our our our our our our our our our our our our our our our our our our our our our our our our our our our our our our our our our our our our our our our our our our our our our our our our our our our our our our our our our our our our our our our our our our our our our our our our our our our our our our our our our our our our our our our our our our our our our our our our our our our our our our our our our our our our our our our our our our our our our our our our our our our our our our our our our our our our our our our our our our our our our our our our our our our our our our our our our our our our our our our our our our our our our our our our our our our our our our our our our our our our our our our our our our our our our our our our our our our our our our our our our our our our our our our our our our our our our our our our our our our our our our our our our our our our our our our our our our our our our our our our our our our our our our our our our our our our our our our our our our our our our our our our our our our our our our our our our our our our our our our our our our our our our our our our our our our our our our our our our our our our our our our our our our our our our our our our our our our our our our our our our our our our our our our our our our our our our our our our our our our our our our our our our our our our our our our our our our our our our our our our our our our our our our our our our our our our our our our our our our our our our our our our our our our our our our our our our our our our our our our our our our our our our our our our our our our our our our our our our our our our our our our our our our our our our our our our our our our our our our our our our our our our our our our our our our our our our our our our our our our our our our our our our our our our our our our our our our our our our our our our our our our our our our our our our our our our our our our our our our our our our our our our our our our our our our our our our our our our our our our our our our our our our our our our our our our our our our our our our our our our our our our our our our our our our our our our our our our our our our our our our our our our our our our our our our our our our our our our our our our our our our our our our our our our our our our our our our our our our our our our our our our our our our our our our our our our our our our our our our our our our our our our our our our our our our our our our our our our our our our our our our our our our our our our our our our our our our our our our our our our our our our our our our our our our our our our our our our our our our our our our our our our our our our our our our our our our our our our our our our our our our our our our our our our our our our our our our our our our our our our our our our our our our our our our our our our our our our our our our our our our our our our our our our our our our our our our our our our our our our our our our our our our our our our our our our our our our our our our our our our our our our our our our our our our our our our our our our our our our our our our our our our our our our our our our our our our our our our our our our our our our our our our our our our our our our our our our our our our our our our our our our our our our our our our our our our our our our our our our our our our our our our our our our our our our our our our our our our our our our our our our our our our our our our our our our our our our our our our our our our our our our our our our our our our our our our our our our our our our our our our our our our our our our our our our our our our our our our our our our our our our our our our our our our our our our our our our our our our our our our our our our our our our our our our our our our our our our our our our our our our our our our our our our our our our our our our our our our our our our our our our our our our our our our our our our our our our our our our our our our our our our our our our our our our our our our our our our our our our our our our our our our our our our our our our our our our our our our our our our our our our our our our our our our our our our our our our our our our our our our our our our our our our our our our our our our our our our our our our our our our our our our our our our our our our our our our our our our our our our our our our our our our our our our our our our our our our our our our our our our our our our our our our our our our our our our our our our our our our our our our our our our our our our our our our our our our our our our our our our our our our our our our our our our our our our our our our our our our our our our our our our our our our our our our our our our our our our our our our our our our our our our our our our our our our our our our our our our our our our our our our our our our our our our our our our our our our our our our our our our our our our our our our our our our our our our our our our our our our our our our our our our our our our our our our our our our our our our our our our our our our our our our our our our our our our our our our our our our our our our our our our our our our our our our our our our our our our our our our our our our our our our our our our our our our our our our our our our our our our our our our our our our our our our our our our our our our our our our our our our our our our our our our our our our our our our our our our our our our our our our our our our our our our our our our our our our our our our our our our our our our our our our our our our our our our our our our our our our our our our our our our our our our our our our our our our our our our our our our our our our our our our our our our our our our our our our our our our our our our our our our our our our our our our our our our our our our our our our our our our our our our our our our our our our our our our our our our our our our our our our our our our our our our our our our our our our our our our our our our our our our our our our our our our our our our our our our our our our our our our our our our our our our our our our our our our our our our our our our our our our our our our our our our our our our our our our our our our our our our our our our our our our our our our our our our our our our our our our our our our our our our our our our our our our our our our our our our our our our our our our our our our our our our our our our our our our our our our our our our our our our our our our our our our our our our our our our our our our our our our our our our our our our our our our our our our our our our our our our our our our our our our our our our our our our our our our our our our our our our our our our our our our our our our our our our our our our our our our our our our our our our our our our our our our our our our our our our our our our our our our our our our our our our our our our our our our our our our our our our our our our our our our our our our our our our our our our our our our our our our our our our our our our our our our our our our our our our our our our our our our our our our our our our our our our our our our our our our our our our our our our our our our our our our our our our our our our our our our our our our our our our our our our our our our our our our our our our our our our our our our our our our our our our our our our our our our our our our our our our our our our our our our our our our our our our our our our our our our our our our our our our our our our our our our our our our our our our our our our our our our our our our our our our our our our our our our our our our our our our our our our our our our our our our our our our our our our our our our our our our our our our our our our our our our our our our our our our our our our our our our our our our our our our our our our our our our our our our our our our our our our our our our our our our our our our our our our our our our our our our our our our our our our our our our our our our our our our our our our our our our our our our our our our our our our our our our our our our our our our our our our our our our our our our our our our our our our our our our our our our our our our our our our our our our our our our our our our our our our our our our our our our our our our our our our our our our our our our our our our our our our our our our our our our our our our our our our our our our our our our our our our our our our our our our our our our our our our our our our our our our our our our our our our our our our our our our our our our our our our our our our our our our our our our our our our our our our our our our our our our our our our our our our our our our our our our our our our our our our our our our our our our our our our our our our our our our our our our our our our our our our our our our our our our our our our our our our our our our our our our our our our our our our our our our our our our our our our our our our our our our our our our our our our our our our our our our our our our our our our our our our our our our our our our our our our our our our our our our our our our our our our our our our our our our our our our our our our our our our our our our our our our our our our our our our our our our our our our our our our our our our our our our our our our our our our our our our our our our our our our our our our our our our our our our our our our our our our our our our our our our our our our our our our our our our our our our our our our our our our our our our our our our our our our our our our our our our our our our our our our our our our our our our our our our our our our our our our our our our our our our our our our our our our our our our our our our our our our our our our our our our our our our our our our our our our our our our our our our our our our our our our our our our our our our our our our our our our our our our our our our our our our our our our our our our our our our our our our our our our our our our our our our our our our our our our our our our our our our our our our our our our our our our our our our our our our our our our our our our our our our our our our our our our our our our our our our our our our our our our our our our our our our our our our our our our our our our our our our our our our our our our our our our our our our our our our our our our our our our our our our our our our our our our our our our our our our our our our our our our our our our our our our our our our our our our our our our our our our our our our our our our our our our our our our our our our our our our our our our our our our our our our our our our our our our our our our our our our our our our our our our our our our our our our our our our our our our our our our our our our our our our our our our our our our our our our our our our our our our our our our our our our our our our our our our our our our our our our our our our our our our our our our our our our our our our our our our our our our our our our our our our our our our our our our our our our our our our our our our our our our our our our our our our our our our our our our our our our our our our our our our our our our our our our our our our our our our our our our our our our our our our our our our our our our our our our our our our our our our our our our our our our our our our our our our our our our our our our our our our our our our our our our our our our our our our our our our our our our our our our our our our our our our our our our our our our our our our our our our our our our our our our our our our our our our our our our our our our our our our our our our our our our our our our our our our our our our our our our our our our our our our our our our our our our our our our our our our our our our our our our our our our our our our our our our our our our our our our our our our our our our our our our our our our our our our our our our our our our our our our our our our our our our our our our our our our our our our our our our our our our our our our our our our our our our our our our our our our our our our our our our our our our our our our our our our our our our our our our our our our our our our our our our our our our our our our our our our our our our our our our our our our our our our our our our our our our our our our our our our our our our our our our our our our our our our our our our our our our our our our our our our our our our our our our our our our our our our our our our our our our our our our our our our our our our our our our our our our our our our our our our our our our our our our our our our our our our our our our our our our our our our our our our our our our our our our our our our our our our our our our our our our our our our our our our our our our our our our our our our our our our our our our our our our our our our our our our our our our our our our our our our our our our our our our our our our our our our our our our our our our our our our our our our our our our our our our our our our our our our our our our our our our our our our our our our our our our our our our our our our our our our our our our our our our our our our our our our our our our our our our our our our our our our our our our our our our our our our our our our our our our our our our our our our our our our our our our our our our our our our our our our our our our our our our our our our our our our our our our our our our our our our our our our our our our our our our our our our our our our our our our our our our our our our our our our our our our our our our our our our our our our our our our our our our our our our our our our our our our our our our our our our our our our our our our our our our our our our our our our our our our our our our our our our our our our our our our our our our our our our our our our our our our our our our our our our our our our our our our our our our our our our our our our our our our our our our our our our our our our our our our our our our our our our our our our our our our our our our our our our our our our our our our our our our our our our our our our our our our our our our our our our our our our our our our our our our our our our our our our our our our our our our our our our our our our our our our our our our our our our our our our our our our our our our our our our our our our our our our our our our our our our our our our our our our our our our our our our our our our our our our our our our our our our our our our our our our our our our our our our our our our our our our our our our our our our our our our our our our our our our our our our our our our our our our our our our our our our our our our our our our our our our our our our our our our our our our our our our our our our our our our our our our our our our our our our our our our our our our our our our our our our our our our our our our our our our our our our our our our our our our our our our our our our our our our our our our our our our our our our our our our our our our our our our our our our our our our our our our our our our our our our our our our our our our our our our our our our our our our our our our our our our our our our our our our our our our our our our our our our our our our our our our our our our our our our our our our our our our our our our our our our our our our our our our our our our our our our our our our our our our our our our our our our our our our our our our our our our our our our our our our our our our our our our our our our our our our our our our our our our our our our our our our our our our our our our our our our our our our our our our our our our our our our our our our our our our our our our our our our our our our our our our our our our our our our our our our our our our our our our our our our our our our our our our our our our our our our our our our our our our our our our our our our our our our our our our our our our our our our our our our our our our our our our our our our our our our our our our our our our our our our our our our our our our our our our our our our our our our our our our our our our our our our our our our our our our our our our our our our our our our our our our our our our our our our our our our our our our our our our our our our our our our our our our our our our our our our our our our our our our our our our our our our our our our our our our our our our our our our our our our our our our our our our our our our our our our our our our our our our our our our our our our our our our our our our our our our our our our our our our our our our our our our our our our our our our our our our our our our our our our our our our our our our our our our our our our our our our our our our our our our our our our our our our our our our our our our our our our our our our our our our our our our our our our our our our our our our our our our our our our our our our our our our our our our our our our our our our our our our our our our our our our our our our our our our our our our our our our our our our our our our our our our our our our our our our our our our our our our our our our our our our our our our our our our our our our our our our our our our our our our our our our our our our our our our our our our our our our our our our our our our our our our our our our our our our our our our our our our our our our our our our our our our our our our our our our our our our our our our our our our our our our our our our our our our our our our our our our our our our our our our our our our our our our our our our our our our our our our our our our our our our our our our our our our our our our our our our our our our our our our our our our our our our our our our our our our our our our our our our our our our our our our our our our our our our our our our our our our our our our our our our our our our our our our our our our our our our our our our our our our our our our our our our our our our our our our our our our our our our our our our our our our our our our our our our our our our our our our our our our our our our our our our our our our our our our our our our our our our our our our our our our our our our our our our our our our our our our our our our our our our our our our our our our our our our our our our our our our our our our our our our our our our our our our our our our our our our our our our our our our our our our our our our our our our our our our our our our our our our our our our our our our our our our our our our our our our our our our our our our our our our our our our our our our our our our our our our our our our our our our our our our our our our our our our our our our our our our our our our our our our our our our our our our our our our our our our our our our our our our our our our our our our our our our our our our our our our our our our our our our our our our our our our our our our our our our our our our our our our our our our our our our our our our our our our our our our our our our our our our our our our our our our our our our our our our our our our our our our our our our our our our our our our our our our our our our our our our our our our our our our our our our our our our our our our our our our our our our our our our our our our our our our our our our our our our our our our our our our our our our our our our our our our our our our our our our our our our our our our our our our our our our our our our our our our our our our our our our our our our our our our our our our our our our our our our our our our our our our our our our our our our our our our our our our our our our our our our our our our our our our our our our our our our our our our our our our our our our our our our our our our our our our our our our our our our our our our our our our our our our our our our our our our our our our our our our our our our our our our our our our our our our our our our our our our our our our our our our our our our our our our our our our our our our our our our our our our our our our our our our our our our our our our our our our our our our our our our our our our our our our our our our our our our our our our our our our our our our our our our our our our our our our our our our our our our our our our our our our our our our our our our our our our our our our our our our our our our our our our our our our our our our our our our our our our our our our our our our our our our our our our our our our our our our our our our our our our our our our our our our our our our our our our our our our our our our our our our our our our our our our our our our our our our our our our our our our our our our our our our our our our our our our our our our our our our our our our our our our our our our our our our our our our our our our our our our our our our our our our our our our our our our our our our our our our our our our our our our our our our our our our",""
"PXD039035","BiologicalAgent","disease","normal","normal","high","False","","True","True","False","TYPE CHECK:        The candidate value ""normal"" is a valid category for the disease field when describing healthy controls.
SOURCE CHECK:      The paper describes experiments using wild-type mice and healthy control groups (e.g., PBS-treated mice) to compare against infected or immunized states.
TRUTH CHECK:       The use of ""normal"" or ""healthy"" is a safe default for the control subjects in this experimental design.
COMPLETENESS CHECK: The full set contains ""normal"", which correctly identifies the baseline state of the control subjects.
TYPE_CORRECT:      yes
CORRECT_TYPE_NAME: NONE
VALUE_CORRECT:     yes
VALUE_COMPLETE:    yes
HALLUCINATED:      no
VERDICT:           high
CORRECTED_VALUE:   NONE",""
"PXD039035","BiologicalAgent","material_type","primary cells","primary cells","high","False","","True","True","False","TYPE CHECK: The candidate value ""primary cells"" is a valid category for the material_type field.
SOURCE CHECK: The paper describes the use of BMDCs (bone marrow-derived dendritic cells) and primary splenic DCs, which are primary cells.
TRUTH CHECK: The proteomics experiment was performed on DCs generated from bone marrow or isolated from spleens, both of which are primary cells.
COMPLETENESS CHECK: The full set of extracted values (""primary cells"") accurately covers the material used for the proteomics analysis.
TYPE_CORRECT: yes
CORRECT_TYPE_NAME: NONE
VALUE_CORRECT: yes
VALUE_COMPLETE: yes
HALLUCINATED: no
VERDICT: high
CORRECTED_VALUE: NONE",""
"PXD039035","BiologicalAgent","age","8–12-week-old","8–12-week-old","high","False","","True","True","False","TYPE CHECK:        The candidate value is a time-based age description, which matches the field definition.
SOURCE CHECK:      The text explicitly states ""Female 8–12-week-old mice were used unless otherwise indicated"" in the Methods section.
TRUTH CHECK:       The value is factually correct as per the provided text.
COMPLETENESS CHECK: The full set of extracted values contains the only age range mentioned for the subjects in the paper.
TYPE_CORRECT:      yes
CORRECT_TYPE_NAME: NONE
VALUE_CORRECT:     yes
VALUE_COMPLETE:    yes
HALLUCINATED:      no
VERDICT:           high
CORRECTED_VALUE:   NONE",""
"PXD039035","BiologicalAgent","sex","Female","","medium","False","","True","False","False"," our our our our our our our our our our our our our our our our our our our our our our our our our our our our our our our our our our our our our our our our our our our our our our our our our our our our our our our our our our our our our our our our our our our our our our our our our our our our our our our our our our our our our our our our our our our our our our our our our our our our our our our our our our our our our our our our our our our our our our our our our our our our our our our our our our our our our our our our our our our our our our our our our our our our our our our our our our our our our our our our our our our our our our our our our our our our our our our our our our our our our our our our our our our our our our our our our our our our our our our our our our our our our our our our our our our our our our our our our our our our our our our our our our our our our our our our our our our our our our our our our our our our our our our our our our our our our our our our our our our our our our our our our our our our our our our our our our our our our our our our our our our our our our our our our our our our our our our our our our our our our our our our our our our our our our our our our our our our our our our our our our our our our our our our our our our our our our our our our our our our our our our our our our our our our our our our our our our our our our our our our our our our our our our our our our our our our our our our our our our our our our our our our our our our our our our our our our our our our our our our our our our our our our our our our our our our our our our our our our our our our our our our our our our our our our our our our our our our our our our our our our our our our our our our our our our our our our our our our our our our our our our our our our our our our our our our our our our our our our our our our our our our our our our our our our our our our our our our our our our our our our our our our our our our our our our our our our our our our our our our our our our our our our our our our our our our our our our our our our our our our our our our our our our our our our our our our our our our our our our our our our our our our our our our our our our our our our our our our our our our our our our our our our our our our our our our our our our our our our our our our our our our our our our our our our our our our our our our our our our our our our our our our our our our our our our our our our our our our our our our our our our our our our our our our our our our our our our our our our our our our our our our our our our our our our our our our our our our our our our our our our our our our our our our our our our our our our our our our our our our our our our our our our our our our our our our our our our our our our our our our our our our our our our our our our our our our our our our our our our our our our our our our our our our our our our our our our our our our our our our our our our our our our our our our our our our our our our our our our our our our our our our our our our our our our our our our our our our our our our our our our our our our our our our our our our our our our our our our our our our our our our our our our our our our our our our our our our our our our our our our our our our our our our our our our our our our our our our our our our our our our our our our our our our our our our our our our our our our our our our our our our our our our our our our our our our our our our our our our our our our our our our our our our our our our our our our our our our our our our our our our our our our our our our our our our our our our our our our our our our our our our our our our our our our our our our our our our our our our our our our our our our our our our our our our our our our our our our our our our our our our our our our our our our our our our our our our our our our our our our our our our our our our our our our our our our our our our our our our our our our our our our our our our our our our our our our our our our our our our our our our our our our our our our our our our our our our our our our our our our our our our our our our our our our our our our our our our our our our our our our our our our our our our our our our our our our our our our our our our our our our our our our our our our our our our our our our our our our our our our our our our our our our our our our our our our our our our our our our our our our our our our our our our our our our our our our our our our our our our our our our our our our our our our our our our our our our our our our our our our our our our our our our our our our our our our our our our our our our our our our our our our our our our our our our our our our our our our our our our our our our our our our our our our our our our our our our our our our our our our our our our our our our our our our our our our our our our our our our our our our our our our our our our our our our our our our our our our our our our our our our our our our our our our our our our our our our our our our our our our our our our our our our our our our our our our our our our our our our our our our our our our our our our our our our our our our our our our our our our our our our our our our our our our our our our our our our our our our our our our our our our our our our our our our our our our our our our our our our our our our our our our our our our our our our our our our our our our our our our our our our our our our our our our our our our our our our our our our our our our our our our our our our our our our our our our our our our our our our our our our our our our our our our our our our our our our our our our our our our our our our our our our our our our our our our our our our our our our our our our our our our our our our our our our our our our our our our our our our our our our our our our our our our our our our our our our our our our our our our our our our our our our our our our our our our our our our our our our our our our our our our our our our our our our our our our our our our our our our our our our our our our our our our our our our our our our our our our our our our our our our our our our our our our our our our our our our our our our our our our our our our our our our our our our our our our our our our our our our our our our our our our our our our our our our our our our our our our our our our our our our our our our our our our our our our our our our our our our our our our our our our our our our our our our our our our our our our our our our our our our our our our our our our our our our our our our our our our our our our our our our our our our our our our our our our our our our our our our our our our our our our our our our our our our our our our our our our our our our our our our our our our our our our our our our our our our our our our our our our our our our our our our our our our our our our our our our our our our our our our our our our our our our our our our our our our our our our our our our our our our our our our our our our our our our our our our our our our our our our our our our our our our our our our our our our our our our our our our our our our our our our our our our our our our our our our our our our our our our our our our our our our our our our our our our our our our our our our our our our our our our our our our our our our our our our our our our our our our our our our our our our our our our our our our our our our our our our our our our our our our our our our our our our our our our our our our our our our our our our our our our our our our our our our our our our our our our our our our our our our our our our our our our our our our our our our our our our our our our our our our our our our our our our our our our our our our our our our our our our our our our our our our our our our our our our our our our our our our our our our our our our our our our our our our our our our our our our our our our our our our our our our our our our our our our our our our our our our our our our our our our our our our our our our our our our our our our our our our our our our our our our our our our our our our our our our our our our our our our our our our our our our our our our our our our our our our our our our our our our our our our our our our our our our our our our our our our our our our our our our our our our our our our our our our our our our our our our our our our our our our our our our our our our our our our our our our our our our our our our our our our our our our our our our our our our our our our our our our our our our our our our our our our our our our our our our our our our our our our our our our our our our our our our our our our our our our our our our our our our our our our our our our our our our our our our our our our our our our our our our our our our our our our our our our our our our our our our our our our our our our our our our our our our our our our our our our our our our our our our our our our our our our our our our our our our our our our our our our our our our our our our our our our our our our our our our our our our our our our our our our our our our our our our our our our our our our our our our our our our our our our our our our our our our our our our our our our our our our our our our our our our our our our our our our our our our our our our our our our our our our our our our our our our our our our our our our our our our our our our our our our our our our our our our our our our our our our our our our our our our our our our our our our our our our our our our our our our our our our our our our our our our our our our our our our our our our our our our our our our our our our our our our our our our our our our our our our our our our our our our our our our our our our our our our our our our our our our our our our our our our our our our our our our our our our our our our our our our our our our our our our our our our our our our our our our our our our our our our our our our our our our our our our our our our our our our our our our our our our our our our our our our our our our our our our our our our our our our our our our our our our our our our our our our our our our our our our our our our our our our our our our our our our our our our our our our our our our our our our our our our our our our our our our our our our our our our our our our our our our our our our our our our our our our our our our our our our our our our our our our our our our our our our our our our our our our our our our our our our our our our our our our our our our our our our our our our our our our our our our our our our our our our our our our our our our our our our our our our our our our our our our our our our our our our our our our our our our our our our our our our our our our our our our our our our our our our our our our our our our our our our our our our our our our our our our our our our our our our our our our our our our our our our our our our our our our our our our our our our our our our our our our our our our our our our our our our our our our our our our our our our our our our our our our our our our our our our our our our our our our our our our our our our our our our our our our our our our our our our our our our our our our our our our our our our our our our our our our our our our our our our our our our our our our our our our our our our our our our our our our our our our our our our our our our our our our our our our our our our our our our our our our our our our our our our our our our our our our our our our our our our our our our our our our our our our our our our our our our our our our our our our our our our our our our our our our our our our our our our our our our our our our our our our our our our our our our our our our our our our our our our our our our our our our our our our our our our our our our our our our our our our our our our our our our our our our our our our our our our our our our our our our our our our our our our our our our our our our our our our our our our our our our our our our our our our our our our our our our our our our our our our our our our our our our our our our our our our our our our our our our our our our our our our our our our our our our our our our our our our our our our our our our our our our our our our our our our our our our our our our our our our our our our our our our our our our our our our our our our our our our our our our our our our our our our our our our our our our our our our our our our our our our our our our our our our our our our our our our our our our our our our our our our our our our our our our our our our our our our our our our our our our our our our our our our our our our our our our our our our our our our our our our our our our our our our our our our our our our our our our our our our our our our our our our our our our our our our our our our our our our our our our our our our our our our our our our our our our our our our our our our our our our our our our our our our our our our our our our our our our our our our our our our our our our our our our our our our our our our our our our our our our our our our our our our our our our our our our our our our our our our our our our our our our our our our our our our our our our our our our our our our our our our our our our our our our our our our our our our our our our our our our our our our our our our our our our our our our our our our our our our our our our our our our our our our our our our our our our our our our our our our our our our our our our our our our our our our our our our our our our our our our our our our our our our our our our our our our our our our our our our our our our our our our our our our our our our our our our our our our our our our our our our our our our our our our our our our our our our our our our our our our our our our our our our our our our our our our our our our our our our our our our our our our our our our our our our our our our our our our our our our our our our our our our our our our our our our our our our our our our our our our our our our our our our our our our our our our our our our our our our our our our our our our our our our our our our our our our our our our our our our our our our our our our our our our our our our our our our our our our our our our our our our our our our our our our our our our our our our our our our our our our our our our our our our our our our our our our our our our our our our our our our our our our our our our our our our our our our our our our our our our our our our our our our our our our our our our our our our our our our our our our our our our our our our our our our our our our our our our our our our our our our our our our our our our our our our our our our our our our our our our our our our our our our our our our our our our our our our our our our our our our our our our our our our our our our our our our our our our our our our our our our our our our our our our our our our our our our our our our our our our our our our our our our our our our our our our our our our our our our our our our our our our our our our our our our our our our our our our our our our our our our our our our our our our our our our our our our our our our our our our our our our our our our our our our our our our our our our our our our our our our our our our our our our our our our our our our our our our our our our our our our our our our our our our our our our our our our our our our our our our our our our our our our our our our our our our our our our our our our our our our our our our our our our our our our our our our our our our our our our our our our our our our our our our our our our our our our our our our our our our our our our our our our our our our our our our our our our our our our our our our our our our our our our our our our our our our our our our our our our our our our our our our our our our our our our our our our our our our our our our our our our our our our our our our our our our our our our our our our our our our our our our our our our our our our our our our our our our our our our our our our our our our our our our our our our our our our our our our our our our our our our our our our our our our our our our our our our our our our our our our our our our our our our our our our our our our our our our our our our our our our our our our our our our our our our our our our our our our our our our our our our our our our our our our our our our our our our our our our our our our our our our our our our our our our our our our our our our our our our our our our our our our our our our our our our our our our our our our our our our our our our our our our our our our our our our our our our our our our our our our our our our our our our our our our our our our our our our our our our our our our our our our our our our our our our our our our our our our our our our our our our our our our our our our our our our our our our our our our our our our our our our our our our our our our our our our our our our our our our our our our our our our our our our our our our our our our our our our our our our our our our our our our our our our our our our our our our our our our our our our our our our our our our our our our our our our our our our our our our our our our our our our our our our our our our our our our our our our our our our our our our our our our our our our our our our our our our our our our our our our our our our our our our our our our our our our our our our our our our our our our our our our our our our our our our our our our our our our our our our our our our our our our our our our our our our our our our our our our our our our our our our our our our our our our our our our our our our our our our our our our our our our our our our our our our our our our our our our our our our our our our our our our our our our our our our our our our our our our our our our our our our our our our our our our our our our our our our our our our our our our our our our our our our our our our our our our our our our our our our our our our our our our our our our our our our our our our our our our our our our our our our our our our our our our our our our our our our our our our our our our our our our our our our our our our our our our our our our our our our our our our our our our our our our our our our our our our our our our our our our our our our our our our our our our our our our our our our our our our our our our our our our our our our our our our our our our our our our our our our our our our our our our our our our our our our our our our our our our our our our our our our our our our our our our our our our our our our our our our our our our our our our our our our our our our our our our our our our our our our our our our our our our our our our our our our our our our our our our our our our our our our our our our our our our our our our our our our our our our our our our our our our our our our our our our our our our our our our our our our our our our our our our our our our our our our our our our our our our our our our our our our our our our our our our our our our our our our our our our our our our our our our our our our our our our our our our our our our our our our our our our our our our our our our our our our our our our our our our our our our our our our our our our our our our our our our our our our our our our our our our our our our our our our our our our our our our our our our our our our our our our our our our our our our our our our our our our our our our our our our our our our our our our our our our our our our our our our our our our our our our our our our our our our our our our our our our our our our our our our our our our our our our our our our our our our our our our our our our our our our our our our our our our our our our our our our our our our our our our our our our our our our our our our our our our our our our our our our our our our our our our our our our our our our our our our our our our our our our our our our our our our our our our our our our our our our our our our our our our our our our our our our our our our our our our our our our our our our our our our our our our our our our our our our our our our our our our our our our our our our our our our our our our our our our our our our our our our our our our our our our our our our our our our our our our our our our our our our our our our our our our our our our our our our our our our our our our our our our our our our our our our our our our our our our our our our our our our our our our our our our our our our our our our our our our our our our our our our our our our our our our our our our our our our our our our our our our our our our our our our our our our our our our our our our our our our our our our our our our our our our our our our our our our our our our our our our our our our our our our our our our our our our our our our our our our our our our our our our our our our our our our our our our our our our our our our our our our our our our our our our our our our our our our our our our our our our our our our our our our our our our our our our our our our our our our our our our our our our our our our our our our our our our our our our our our our our our our our our our our our our our our our our our our our our our our our our our our our our our our our our our our our our our our our our our our our our our our our our our our our our our our our our our our our our our our our our our our our our our our our our our our our our our our our our our our our our our our our our our our our our our our our our our our our our our our our our our our our our our our our our our our our our our our our our our our our our our our our our our our our our our our our our our our our our our our our our our our our our our our our our our our our our our our our our our our our our our our our our our our our our our our our our our our our our our our our our our our our our our our our our our our our our our our our our our our our our our our our our our our our our our our our our our our our our our our our our our our our our our our our our our our our our our our our our our our our our our our our our our our our our our our our our our our our our our our our our our our our our our our our our our our our our our our our our our our our our our our our our our our our our our our our our our our our our our our our our our our our our our our our our our our our our our our our our our our our our our our our our our our our our our our our our our our our our our our our our our our our our our our our our our our our our our our our our our our our our our our our our our our our our our our our our our our our our our our our our our our our our our our our our our our our our our our our our our our our our our our our our our our our our our our our our our our our our our our our our our our our our our our our our our our our our our our our our our our our our our our our our our our our our our our our our our our our our our our our our our our our our our our our our our our our our our our our our our our our our our our our our our our our our our our our our our our our our our our our our our our our our our our our our our our our our our our our our our our our our our our our our our our our our our our our our our our our our our our our our our our our our our our our our our our our our our our our our our our our our our our our our our our our our our our our our our our our our our our our our our our our our our our our our our our our our our our our our our our our our our our our our our our our our our our our our our our our our our our our our our our our our our our our our our our our our our our our our our our our our our our our our our our our our our our our our our our our our our our our our our our our our our our our our our our our our our our our our our our our our our our our our our our our our our our our our our our our our our our our our our our our our our our our our our our our our our our our our our our our our our our our our our our our our our our our our our our our our our our our our our our our our our our our our our our our our our our our our our our our our our our our our our our our our our our our our our our our our our our our our our our our our our our our our our our our our our our our our our our our our our our our our our our our our our our our our our our our our our our our our our our our our our our our our our our our our our our our our our our our our our our our our our our our our our our our our our our our our our our our our our our our our our our our our our our our our our our our our our our our our our our our our our our our our our our our our our our our our our our our our our our our our our our our our our our our our our our our our our our our our our our our our our our our our our our our our our our our our our our our our our our our our our our our our our our our our our our our our our our our our our our our our our our our our our our our our our our our our our our our our our our our our our our our our our our our our our our our our our our our our our our our our our our our our our our our our our our our our our our our our our our our our our our our our our our our our our our our our our our our our our our our our our our our our our our our our our our our our our our our our our our our our our our our our our our our our our our our our our our our our our our our our our our our our our our our our our our our our our our our our our our our our our our our our our our our our our our our our our our our our our our our our our our our our our our our our our our our our our our our our our our our our our our our our our our our our our our our our our our our our our our our our our our our our our our our our our our our our our our our our our our our our our our our our our our our our our our our our our our our our our our our our our our our our our our our our our our our our our our our our our our our our our our our our our our our our our our our our our our our our our our our our our our our our our our our our our our our our our our our our our our our our our our our our our our our our our our our our our our our our our our our our our our our our our our our our our our our our our our our our our our our our our our our our our our our our our our our our our our our our our our our our our our our our our our our our our our our our our our our our our our our our our our our our our our our our our our our our our our our our our our our our our our our our our our our our our our our our our our our our our our our our our our our our our our our our our our our our our our our our our our our our our our our our our our our our our our our our our our our our our our our our our our our our our our our our our our our our our our our our our our our our our our our our our our our our our our our our our our our our our our our our our our our our our our our our our our our our our our our our our our our our our our our our our our our our our our our our our our our our our our our our our our our our our our our our our our our our our our our our our our our our our our our our our our our our our our our our our our our our our our our our our our our our our our our our our our our our our our our our our our our our our our our our our our our our our our our our our our our our our our our our our our our our our our our our our our our our our our our our our our our our our our our our our our our our our our our our our our our our our our our our our our our our our our our our our our our our our our our our our our our our our our our our our our our our our our our our our our our our our our our our our our our our our our our our our our our our our our our our our our our our our our our our our our our our our our our our our our our our our our our our our our our our our our our our our our our our our our our our our our our our our our our our our our our our our our our our our our our our our our our our our our our our our our our our our our our our our our our our our our our our our our our our our our our our our our our our our our our our our our our our our our our our our our our our our our our our our our our our our our our our our our our our our our our our our our our our our our our our our our our our our our our our our our our our our our our our our our our our our our our our our our our our our our our our our our our our our our our our our our our our our our our our our our our our our our our our our our our our our our our our our our our our our our our our our our our our our our our our our our our our our our our our our our our our our our our our our our our our our our our our our our our our our our our our our our our our our our our our our our our our our our our our our our our our our our our our our our our our our our our our our our our our our our our our our our our our our our our our our our our our our our our our our our our our our our our our our our our our our our our our our our our our our our our our our our our our our our our our our our our our our our our our our our our our our our our our our our our our our our our our our our our our our our our our our our our our our our our our our our our our our our our our our our our our our our our our our our our our our our our our our our our our our our our our our our our our our our our our our our our our our our our our our our our our our our our our our our our our our our our our our our our our our our our our our our our our our our our our our our our our our our our our our our our our our our our our our our our our our our our our our our our our our our our our our our our our our our our our our our our our our our our our our our our our our our our our our our our our our our our our our our our our our our our our our our our our our our our our our our our our our our our our our our our our our our our our our our our our our our our our our our our our our our our our our our our our our our our our our our our our our our our our our our our our our our our our our our our our our our our our our our our our our our our our our our our our our our our our our our our our our our our our our our our our our our our our our our our our our our our our our our our our our our our our our our our our our our our our our our our our our our our our our our our our our our our our our our our our our our our our our our our our our our our our our our our our our our our our our our our our our our our our our our our our our our our our our our our our our our our our our our our our our our our our our our our our our our our our our our our our our our our our our our our our our our our our our our our our our our our our our our our our our our our our our our our our our our our our our our our our our our our our our our our our our our our our our our our our our our our our our our our our our our our our our our our our our our our our our our our our our our our our our our our our our our our our our our our our our our our our our our our our our our our our our our our our our our our our our our our our our our our our our our our our our our our our our our our our our our our our our our our our our our our our our our our our our our our our our our our our our our our our our our our our our our our our our our our our our our our our our our our our our our our our our our our our our our our our our our our our our our our our our our our our our our our our our our our our our our our our our our our our our our our our our our our our our our our our our our our our our our our our our our our our our our our our our our our our our our our our our our our our our our our our our our our our our our our our our our our our our our our our our our our our our our our our our our our our our our our our our our our our our our our our our our our our our our our our our our our our our our our our our our our our our our our our our our our our our our our our our our our our our our our our our our our our our our our our our our our our our our our our our our our our our our our our our our our our our our our our our our our our our our our our our our our our our our our our our our our our our our our our our our our our our our our our our our our our our our our our our our our our our our our our our our our our our our our our our our our our our our our our our our our our our our our our our our our our our our our our our our our our our our our our our our our our our our our our our our our our our our our our our our our our our our our our our our our our our our our our our our our our our our our our our our our our our our our our our our our our our our our our our our our our our our our our our our our our our our our our our our our our our our our our our our our our our our our our our our our our our our our our our our our our our our our our our our our our our our our our our our our our our our our our our our our our our our our our our our our our our our our our our our our our our our our our our our our our our our our our our our our our our our our our our our our our our our our our our our our our our our our our our our our our our our our our our our our our our our our our our our our our our our our our our our our our our our our our our our our our our our our our our our our our our our our our our our our our our our our our our our our our our our our our our our our our our our our our our our our our our our our our our our our our our our our our our our our our our our our our our our our our our our our our our our our our our our our our our our our our our our our our our our our our our our our our our our our our our our our our our our our our our our our our our our our our our our our our our our our our our our our our our our our our our our our our our our our our our our our our our our our our our our our our our our our our our our our our our our our our our our our our our our our our our our our our our our our our our our our our our our our our our our our our our our our our our our our our our our our our our our our our our our our our our our our our our our our our our our our our our our our our our our our our our our our our our our our our our our our our our our our our our our our our our our our our our our our our our our our our our our our our our our our our our our our our our our our our our our our our our our our our our our our our our our our our our our our our our our our our our our our our our our our our our our our our our our our our our our our our our our our our our our our our our our our our our our our our our our our our our our our our our our our our our our our our our our our our our our our our our our our our our our our our our our our our our our our our our our our our our our our our our our our our our our our our our our our our our our our our our our our our our our our our our our our our our our our our our our our our our our our our our our our our our our our our our our our our our our our our our our our our our our our our our our our our our our our our our our our our our our our our our our our our our our our our our our our our our our our our our our our our our our our our our our our our our our our our our our our our our our our our our our our our our our our our our our our our our our our our our our our our our our our our our our our our our our our our our our our our our our our our our our our our our our our our our our our our our our our our our our our our our our our our our our our our our our our our our our our our our our our our our our our our our our our our our our our our our our our our our our our our our our our our our our our our our our our our our our our our our our our our our our our our our our our our our our our our our our our our our our our our our our our our our our our our our our our our our our our our our our our our our our our our our our our our our our our our our our our our our our our our our our our our our our our our our our our our our our our our our our our our our our our our our our our our our our our our our our our our our our our our our our our our our our our our our our our our our our our our our our our our our our our our our our our our our our our our our our our our our our our our our our our our our our our our our our our our our our our our our our our our our our our our our our our our our our our our our our our our our our our our our our our our our our our our our our our our our our our our our our our our our our our our our our our our our our our our our our our our our our our our our our our our our our our our our our our our our our our our our our our our our our our our our our our our our our our our our our our our our our our our our our our our our our our our our our our our our our our our our our our our our our our our our our our our our our our our our our our our our our our our our our our our our our our our our our our our our our our our our our our our our our our our our our our our our our our our our our our our our our our our our our our our our our our our our our our our our our our our our our our our our our our our our our our our our our our our our our our our our our our our our our our our our our our our our our our our our our our our our our our our our our our our our our our our our our our our our our our our our our our our our our our our our our our our our our our our our our our our our our our our our our our our our our our our our our our our our our our our our our our our our our our our our our our our our our our our our our our our our our our our our our our our our our our our our our our our our our our our our our our our our our our our our our our our our our our our our our our our our our our our our our our our our our our our our our our our our our our our our our our our our our our our our our our our our our our our our our our our our our our our our our our our our our our our our our our our our our our our our our our our our our our our our our our our our our our our our our our our our our our our our our our our our our our our our our our our our our our our our our our our our our our our our our our our our our our our our our our our our our our our our our our our our our our our our our our our our our our our our our our our our our our our our our our our our our our our our our our our our our our our our our our our our our our our our our our our our our our our our our our our our our our our our our our our our our our our our our our our our our our our our our our our our our our our our our our our our our our our our our our our our our our our our our our our our our our our our our our our our our our our our our our our our our our our our our our our our our our our our our our our our our our our our our our our our our our our our our our our our our our our our our our our our our our our our our our our our our our our our our our our our our our our our our our our our our our our our our our our our our our our our our our our our our our our our our our our our our our our our our our our our our our our our our our our our our our our our our our our our our our our our our our our our our our our our our our our our our our our our our our our our our our our our our our our our our our our our our our our our our our our our our our our our our our our our our our our our our our our our our our our our our our our our our our our our our our our our our our our our our our our our our our our our our our our our our our our our our our our our our our our our our our our our our our our our our our our our our our our our our our our our our our our our our our our our our our our our our our our our our our our our our our our our our our our our our our our our our our our our our our our our our our our our our our our our our our our our our our our our our our our our our our our our our our our our our our our our our our our our our our our our our our our our our our our our our our our our our our our our our our our our our our our our our our our our our our our our our our our our our our our our our our our our our our our our our our our our our our our our our our our our our our our our our our our our our our our our our our our our our our our our our our our our our our our our our our our our our our our our our our our our our our our our our our our our our our our our our our our our our our our our our our our our our our our our our our our our our our our our our our our our our our our our our our our our our our our our our our our our our our our our our our our our our our our our our our our our our our our our our our our our our our our our our our our our our our our our our our our our our our our our our our our our our our our our our our our our our our our our our our our our our our our our our our our our our our our our our our our our our our our our our our our our our our our our our our our our our our our our our our our our our our our our our our our our our our our our our our our our our our our our our our our our our our our our our our our our our our our our our our our our our our our our our our our our our our our our our our our our our our our our our our our our our our our our our our our our our our our our our our our our our our our our our our our our our our our our our our our our our our our our our our our our our our our our our our our our our our our our our our our our our our our our our our our our our our our our our our our our our our our our our our our our our our our our our our our our our our our our our our our our our our our our our our our our our our our our our our our our our our our our our our our our our our our our our our our our our our our our our our our our our our our our our our our our our our our our our our our our our our our our our our our our our our our our our our our our our our our our our our our our our our our our our our our our our our our our our our our our our our our our our our our our our our our our our our our our our our our our our our our our our our our our our our our our our our our our our our our our our our our our our our our our our our our our our our our our our our our our our our our our our our our our our our our our our our our our our our our our our our our our our our our our our our our our our our our our our our our our our our our our our our our our our our our our our our our our our our our our our our our our our our our our our our our our our our our our our our our our our our our our our our our our our our our our our our our our our our our our our our our our our our our our our our our our our our our our our our our our our our our our our our our our our our our our our our our our our our our our our our our our our our our our our our our our our our our our our our our our our our our our our our our our our our our our our our our our our our our our our our our our our our our our our our our our our our our our our our our our our our our our our our our our our our our our our our our our our our our our our our our our our our our our our our our our our our our our our our our our our our our our our our our our our our our our our our our our our our our our our our our our our our our our our our our our our our our our our our our our our our our our our our our our our our our our our our our our our our our our our our our our our our our our our our our our our our our our our our our our our our our our our our our our our our our our our our our our our our our our our our our our our our our our our our our our our our our our our our our our our our our our our our our our our our our our our our our our our our our our our our our our our our our our our our our our our our our our our our our our our our our our our our our our our our our our our our our our our our our our our our our our our our our our our our our our our our our our our our our our our our our our our our our our our our our our our our our our our our our our our our our our our our our our our our our our our our our our our our our our our our our our our our our our our our our our our our our our our our our our our our our our our our our our our our our our our our our our our our our our our our our our our our our our our our our our our our our our our our our our our our our our our our our our our our our our our our our our our our our our our our our our our our our our our our our our our our our our our our our our our our our our our our our our our our our our our our our our our our our our our our our our our our our our our our our our our our our our our our our our our our our our our our our our our our our our our our our our our our our our our our our our our our our our our our our our our our our our our our our our our our our our our our our our our our our our our our our our our our our our our our our our our our our our our our our our our our our our our our our our our our our our our our our our our our our our our our our our our our our our our our our our our our our our our our our our our our our our our our our our our our our our our our our our our our our our our our our our our our our our our our our our our our our our our our our our our our our our our our our our our our our our our our our our our our our our our our our our our our our our our our our our our our our our our our our our our our our our our our our our our our our our our our our our our our our our our our our our our our our our our our our our our our our our our our our our our our our our our our our our our our our our our our our our our our our our our our our our our our our our our our our our our our our our our our our our our our our our our our our our our our our our our our our our our our our our our our our our our our our our our our our our our our our our our our our our our our our our our our our our our our our our our our our our our our our our our our our our our our our our our our our our our our our our our our our our our our our our our our our our our our our our our our our our our our our our our our our our our our our our our our our our our our our our our our our our our our our our our our our our our our our our our our our our our our our our our our our our our our our our our our our our our our our our our our our our our our our our our our our our our our our our our our our our our our our our our our our our our our our our our our our our our our our our our our our our our our our our our our our our our our our our our our our our our our our our our our our our our our our our our our our our our our our our our our our our our our our our our our our our our our our our our our our our our our our our our our our our our our our our our our our our our our our our our our our our our our our our our our our our our our our our our our our our our our our our our our our our our our our our our our our our our our our our our our our our our our our our our our our our our our our our our our our our our our our our our our our our our our our our our our our our our our our our our our our our our our our our our our our our our our our our our our our our our our our our our our our our our our our our our our our our our our our our our our our our our our our our our our our our our our our our our our our our our our our our our our our our our our our our our our our our our our our our our our our our our our our our our our our our our our our our our our our our our our our our our our our our our our our our our our our our our our our our our our our our our our our our our our our our our our our our our our our our our our our our our our our our our our our our our our our our our our our our our our our our our our our our our our our our our our our our our our our our our our our our our our our our our our our our our our our our our our our our our our our our our our our our our our our our our our our our our our our our our our our our our our our our our our our our our our our our our our our our our our our our our our our our our our our our our our our our our our our our our our our our our our our our our our our our our our our our our our our our our our our our our our our our our our our our our our our our our our our our our our our our our our our our our our our our our our our our our our our our our our our our our our our our our our our our our our our our our our our our our our our our our our our our our our our our our our our our our our our our our our our our our our our our our our our our our our our our our our our our our our our our our our our our our our our our our our our our our our our our our our our our our our our our our our our our our our our our our our our our our our our our our our our our our our our our our our our our our our our our our our our our our our our our our our our our our our our our our our our our our our our our our our our our our our our our our our our our our our our our our our our our our our our our our our our our our our our our our our our our our our our our our our our our our our our our our our our our our our our our our our our our our our our our our our our our our our our our our our our our our our our our our our our our our our our our our our our our our our our our our our our our our our our our our our our our our our our our our our our our our our our our our our our our our our our our our our our our our our our our our our our our our our our our our our our our our our our our our our our our our our our our our our our our our our our our our our our our our our our our our our our our our our our our our our our our our our our our our our our our our our our our our our our our our our our our our our our our our our our our our our our our our our our our our our our our our our our our our our our our our our our our our our our our our our our our our our our our our our our our our our our our our our our our our our our our our our our our our our our our our our our our our our our our our our our our our our our our our our our our our our our our our our our our our our our our our our our our our our our our our our our our our our our our our our our our our our our our our our our our our our our our our our our our our our our our our our our our our our our our our our our our our our our our our our our our our our our our our our our our our our our our our our our our our our our our our our our our our our our our our our our our our our our our our our our our our our our our our our our our our our our our our our our our our our our our our our our our our our our our our our our our our our our our our our our our our our our our our our our our our our our our our our our our our our our our our our our our our our our our our our our our our our our our our our our our our our our our our our our our our our our our our our our our our our our our our our our our our our our our our our our our our our our our our our our our our our our our our our our our our our our our our our our our our our our our our our our our our our our our our our our our our our our our our our our our our our our our our our our our our our our our our our our our our our our our our our our our our our our our our our our our our our our our our our our our our our our our our our our our our our our our our our our our our our our our our our our our our our our our our our our our our our our our our our our our our our our our our our our our our our our our our our our our our our our our our our our our our our our our our our our our our our our our our our our our our our our our our our our our our our our our our our our our our our our our our our our our our our our our our our our our our our our our our our our our our our our our our our our our our our our our our our our our our our our our our our our our our our our our our our our our our our our our our our our our our our our our our our our our our our our our our our our our our our our our our our our our our our our our our our our our our our our our our our our our our our our our our our our our our our our our our our our our our our our our our our our our our our our our our our our our our our our our our our our our our our our our our our our our our our our our our our our our our our our our our our our our our our our our our our our our our our our our our our our our our our our our our our our our our our our our our our our our our our our our our our our our our our our our our our our our our our our our our our our our our our our our our our our our our our our our our our our our our our our our our our our our our our our our our our our our our our our our our our our our our our our our our our our our our our our our our our our our our our our our our our our our our our our our our our our our our our our our our our our our our our our our our our our our our our our our our our our our our our our our our our our our our our our our our our our our our our our our our our our our our our our our our our our our our our our our our our our our our our our our our our our our our our our our our our our our our our our our our our our our our our our our our our our our our our our our our our our our our our our our our our our our our our our our our our our our our our our our our our our our our our our our our our our our our our our our our our our our our our our our our our our our our our our our our our our our our our our our our our our our our our our our our our our our our our our our our our our our our our our our our our our our our our our our our our our our our our our our our our our our our our our our our our our our our our our our our our our our our our our our our our our our our our our our our our our our our our our our our our our our our our our our our our our our our our our our our our our our our our our our our our our our our our our our our our our our our our our our our our our our our our our our our our our our our our our our our our our our our our our our our our our our our our our our our our our our our our our our our our our our our our our our our our our our our our our our our our our our our our our our our our our our our our our our our our our our our our our our our our our our our our our our our our our our our our our our our our our our our our our our our our our our our our our our our our our our our our our our our our our our our our our our our our our our our our our our our our our our our our our our our our our our our our our our our our our our our our our our our our our our our our our our our our our our our our our our our our our our our our our our our our our our our our our our our our our our our our our our our our our our our our our our our our our our our our our our our our our our our our our our our our our our our our our our our our our our our our our our our our our our our our our our our our our our our our our our our our our our our our our our our our our our our our our our our our our our our our our our our our our our our our our our our our our our our our our our our our our our our our our our our our our our our our our our our our our our our our our our our our our our our our our our our our our our our our our our our our our our our our our our our our our our our our our our our our our our our our our our our our our our our our our our our our our our our our our our our our our our our our our our our our our our our our our our our our our our our our our our our our our our our our our our our our our our our our our our our our our our our our our our our our our our our our our our our our our our our our our our our our our our our our our our our our our our our our our our our our our our our our our our our our our our our our our our our our our our our our our our our our our our our our our our our our our our our our our our our our our our our our our our our our our our our our our our our our our our our our our our our our our our our our our our our our our our our our our our our our our our our our our our our our our our our our our our our our our our our our our our our our our our our our our our our our our our our our our our our our our our our our our our our our our our our our our our our our our our our our our our our our our our our our our our our our our our our our our our our our our our our our our our our our our our our our our our our our our our our our our our our our our our our our our our our our our our our our our our our our our our our our our our our our our our our our our our our our our our our our our our our our our our our our our our our our our our our our our our our our our our our our our our our our our our our our our our our our our our our our our our our our our our our our our our our our our our our our our our our our our our our our our our our our our our our our our our our our our our our our our our our our our our our our our our our our our our our our our our our our our our our our our our our our our our our our our our our our our our our our our our our our our our our our our our our our our our our our our our our our our our our our our our our our our our our our our our our our our our our our our our our our our our our our our our our our our our our our our our our our our our our our our our our our our our our our our our our our our our our our our our our our our our our our our our our our our our our our our our our our our our our our our our our our our our our our our our our our our our our our our our our our our our our our our our our our our our our our our our our our our our our our our our our our our our our our our our our our our our our our our our our our our our our our our our our our our our our our our our our our our our our our our our our our our our our our our our our our our our our our our our our our our our our our our our our our our our our our our our our our our our our our our our our our our our our our our our our our our our our our our our our our our our our our our our our our our our our our our our our our our our our our our our our our our our our our our our our our our our our our our our our our our our our our our our our our our our our our our our our our our our our our our our our our our our our our our our our our our our our our our our our our our our our our our our our our our our our our our our our our our our our our our our our our our our our our our our our our our our our our our our our our our our our our our our our our our our our our our our our our our our our our our our our our our our our our our our our our our our our our our our our our our our our our our our our our our our our our our our our our our our our our our our our our our our our our our our our our our our our our our our our our our our our our our our our our our our our our our our our our our our our our our our our our our our our our our our our our our our our our our our our our our our our our our our our our our our our our our our our our our our our our our our our our our our our our our our our our our our our our our our our our our our our our our our our our our our our our our our our our our our our our our our our our our our our our our our our our our our our our our our our our our our our our our our our our our our our our our our our our our our our our our our our our our our our our our our our our our our our our our our our our our our our our our our our our our our our our our our our our our our our our our our our our our our our our our our our our our our our our our our our our our our our our our our our our our our our our our our our our our our our our our our our our our our our our our our our our our our our our our our our our our our our our our our our our our our our our our our our our our our our our our our our our our our our our our our our our our our our our our our our our our our our our our our our our our our our our our our our our our our our our our our our our our our our our our our our our our our our our our our our our our our our our our our our our our our our our our our our our our our our our our our our our our our our our our our our our our our our our our our our our our our our our our our our our our our our our our our our our our our our our our our our our our our our our our our our our our our our our our our our our our our our our our our our our our our our our our our our our our our our our our our our our our our our our our our our our our our our our our our our our our our our our our our our our our our our our our our our our our our our our our our our our our our our our our our our our our our our our our our our our our our our our our our our our our our our our our our our our our our our our our our our our our our our our our our our our our our our our our our our our our our our our our our our our our our our our our our our our our our our our our our our our our our our our our our our our our our our our our our our our our our our our our our our our our our our our our our our our our our our our our our our our our our our our our our our our our our our our our our our our our our our our our our our our our our our our our our our our our our our our our our our our our our our our our our our our our our our our our our our our our our our our our our our our our our our our our our our our our our our our our our our our our our our our our our our our our our our our our our our our our our our our our our our our our our our our our our our our our our our our our our our our our our our our our our our our our our our our our our our our our our our our our our our our our our our our our our our our our our our our our our our our our our our our our our our our our our our our our our our our our our our our our our our our our our our our our our our our our our our our our our our our our our our our our our our our our our our our our our our our our our our our our our our our our our our our our our our our our our our our our our our our our our our our our our our our our our our our our our our our our our our our our our our our our our our our our our our our our our our our our our our our our our our our our our our our our our our our our our our our our our our our our our our our our our our our our our our our our our our our our our our our our our our our our our our our our our our our our our our our our our our our our our our our our our our our our our our our our our our",""
"PXD039035","BiologicalAgent","strain","C57BL/6","C57BL/6","medium","False","","False","False","False","TYPE CHECK:        The candidate value is a mouse strain, which matches the field definition.
SOURCE CHECK:      The value ""C57BL/6"" is explicitly mentioned in the ""Mice"" section of the methods (""C57BL/6JOlaHsd (or C57BL/6) wild-type mice"").
TRUTH CHECK:       The value is factually correct as it is the primary wild-type strain used in the study.
COMPLETENESS CHECK: The paper mentions several other specific strains/models (OT-II, OT-I, Rag1-/-, β2m-/-, Cd40G5, Cd40lgSrta, Batf3-/-). While ""C57BL/6"" is the background/wild-type, the full set of extracted values should include all distinct strains used to be exhaustive.
TYPE_CORRECT:      yes
CORRECT_TYPE_NAME: NONE
VALUE_CORRECT:     yes
VALUE_COMPLETE:    no
HALLUCINATED:      no
VERDICT:           medium
CORRECTED_VALUE:   [""C57BL/6"", ""OT-II"", ""OT-I"", ""Rag1-/-"", ""β2m-/-"", ""Cd40G5"", ""Cd40lgSrta"", ""Batf3-/-""]",""
"PXD039035","TechnicalAgent","acquisition_method","data-dependent","data-dependent","high","False","","False","False","False","TYPE CHECK: The candidate value ""data-dependent"" is a valid acquisition scheme name.
SOURCE CHECK: The paper explicitly states in the Proteomics section: ""MS/MS was performed in a data-dependent manner using the top-15 adquisition mode.""
TRUTH CHECK: The value is factually correct based on the text.
COMPLETENESS CHECK: The full set contains the only acquisition method mentioned in the paper.
TYPE_CORRECT: yes
CORRECT_TYPE_NAME: NONE
VALUE_CORRECT: yes
VALUE_COMPLETE: yes
HALLUCINATED: no
VERDICT: high
CORRECTED_VALUE: NONE",""
"PXD039035","TechnicalAgent","cleavage_agent","trypsin","trypsin","high","False","","True","True","False","TYPE CHECK:        The candidate value ""trypsin"" is a protease used for protein digestion, which matches the field definition.
SOURCE CHECK:      The paper explicitly mentions ""sequencing grade trypsin (Promega)"" in the Proteomics section.
TRUTH CHECK:       The value is factually correct as trypsin was the agent used for on-filter digestion.
COMPLETENESS CHECK: The full set of extracted values contains only ""trypsin"", which is the only cleavage agent mentioned in the text.
TYPE_CORRECT:      yes
CORRECT_TYPE_NAME: NONE
VALUE_CORRECT:     yes
VALUE_COMPLETE:    yes
HALLUCINATED:      no
VERDICT:           high
CORRECTED_VALUE:   NONE",""
"PXD039035","TechnicalAgent","collision_energy","30% of normalized collision energy","30% of normalized collision energy","high","False","","True","True","False","TYPE CHECK:        The candidate value describes the collision energy used for fragmentation, which matches the field definition.
SOURCE CHECK:      The value is explicitly stated in the Proteomics section: ""HCD fragmentation was performed at 30% of normalized collision energy"".
TRUTH CHECK:       The value is factually correct according to the text.
COMPLETENESS CHECK: The full set of extracted values contains the only mentioned collision energy setting in the paper.
TYPE_CORRECT:      yes
CORRECT_TYPE_NAME: NONE
VALUE_CORRECT:     yes
VALUE_COMPLETE:    yes
HALLUCINATED:      no
VERDICT:           high
CORRECTED_VALUE:   NONE",""
"PXD039035","TechnicalAgent","instrument","Q Exactive HF","Q Exactive HF","high","False","","True","True","False","TYPE CHECK: The candidate value is a mass spectrometer model, which matches the field definition.
SOURCE CHECK: The text explicitly mentions ""a Q Exactive HF mass spectrometer (Thermo Fisher Scientific)"".
TRUTH CHECK: The value is factually correct as stated in the proteomics section of the methods.
COMPLETENESS CHECK: The full set contains the only mass spectrometer mentioned in the paper.
TYPE_CORRECT: yes
CORRECT_TYPE_NAME: NONE
VALUE_CORRECT: yes
VALUE_COMPLETE: yes
HALLUCINATED: no
VERDICT: high
CORRECTED_VALUE: NONE",""
"PXD039035","TechnicalAgent","label","TMT","TMT","high","False","","True","True","False","TYPE CHECK:        The candidate value ""TMT"" is a recognized isobaric labeling method, which matches the field definition.
SOURCE CHECK:      The paper explicitly mentions ""multiplexed isobaric labeling (TMT; Thermo Fisher Scientific, Bremen, Germany)"" in the Proteomics section.
TRUTH CHECK:       The value is factually correct as it describes the labeling method used for the quantitative proteomics assay.
COMPLETENESS CHECK:    The full set of extracted values contains ""TMT"", which is the only labeling method mentioned in the text.
TYPE_CORRECT:      yes
CORRECT_TYPE_NAME: NONE
VALUE_CORRECT:     yes
VALUE_COMPLETE:    yes
HALLUCINATED:      no
VERDICT:           high
CORRECTED_VALUE:   NONE",""
"PXD039035","TechnicalAgent","reduction_reagent","DTT","DTT","high","False","","False","False","False","TYPE CHECK:        The candidate value ""DTT"" is a chemical used to reduce disulfide bonds, which matches the field definition.
SOURCE CHECK:      The text explicitly mentions ""Tris-HCl 100 mM pH6.8 with 10 mM DTT"" in the Proteomics section.
TRUTH CHECK:       The value is factually correct as DTT was used for protein extraction/reduction.
COMPLETENESS CHECK: The full set of extracted values contains ""DTT"", which is the only reduction reagent mentioned in the proteomics protocol.
TYPE_CORRECT:      yes
CORRECT_TYPE_NAME: NONE
VALUE_CORRECT:     yes
VALUE_COMPLETE:    yes
HALLUCINATED:      no
VERDICT:           high
CORRECTED_VALUE:   NONE",""
"PXD039035","ExperimentalDesignAgent","experimental_design","psDCs vs nsDCs comparison","psDCs vs nsDCs comparison","high","False","","True","True","False","TYPE CHECK:        The candidate value describes the comparison between two experimental groups, which fits the ""treated vs control"" style of experimental design.
SOURCE CHECK:      The paper explicitly compares ""postsynaptic DCs (psDCs)"" and ""nonsynaptic DCs (nsDCs)"" across multiple assays (proteomics, cross-presentation, and in vivo survival).
TRUTH CHECK:       The value is factually correct as the core of the study is the comparison between these two DC states.
COMPLETENESS CHECK:   The full set of extracted values captures the primary experimental design of the study.
TYPE_CORRECT:      yes
CORRECT_TYPE_NAME: NONE
VALUE_CORRECT:     yes
VALUE_COMPLETE:    yes
HALLUCINATED:      no
VERDICT:           high
CORRECTED_VALUE:   NONE",""
"PXD039035","ExperimentalDesignAgent","factor_value","DC state (psDCs, nsDCs)","DC state (psDCs, nsDCs)","high","False","","True","True","False","TYPE CHECK:        The candidate value describes the experimental variable (the state of the dendritic cells) being compared.
SOURCE CHECK:      The paper explicitly compares ""postsynaptic DCs (psDCs)"" and ""nonsynaptic DCs (nsDCs)"" throughout the results and methods.
TRUTH CHECK:       It is factually correct that the primary experimental factor is the state of the DCs (psDC vs nsDC).
COMPLETENESS CHECK: The full set captures the primary experimental variable used to drive the proteomic and functional comparisons in the study.
TYPE_CORRECT:      yes
CORRECT_TYPE_NAME: NONE
VALUE_CORRECT:     yes
VALUE_COMPLETE:    yes
HALLUCINATED:      no
VERDICT:           high
CORRECTED_VALUE:   NONE",""
"PXD039035","ExperimentalDesignAgent","fractions","1","1","high","False","","True","True","False","TYPE CHECK:        The candidate value is a numeric count, which is the correct category for the number of fractions.
SOURCE CHECK:      The paper does not mention any offline peptide or protein fractionation (e.g., high-pH RP or SAX) prior to LC-MS/MS; therefore, the safe default of ""1"" applies.
TRUTH CHECK:       The value is factually correct as no fractionation was described.
COMPLETENESS CHECK: The full set of extracted values consists of this single value, which accurately reflects the lack of fractionation in the experiment.
TYPE_CORRECT:      yes
CORRECT_TYPE_NAME: NONE
VALUE_CORRECT:     yes
VALUE_COMPLETE:    yes
HALLUCINATED:      no
VERDICT:           high
CORRECTED_VALUE:   NONE",""
