sdrf row	source name	logical field	sdrf header	selected value	selected source	evidence	agent status	agent confidence	judge verdict	judge hallucination	judge type mismatch	judge corrected value	resolution rule	assessment state	source records
1	PXD009815-Sample-1	source_name	source name	PXD009815-Sample-1	derived								legacy_derivation	derived	[]
1	PXD009815-Sample-1	organism	characteristics[organism]	Saccharomyces cerevisiae	biological_agent	The comparison was based on a standard (‘ground truth’) dataset generated from a yeast lysate in which 10 different levels of the equimolar UPS1 mix of 48 human proteins were spiked, as described elsewhere.	LLM_ONLY	0.5	high	False	False		source_precedence:biological_agent	derived	"[{""cv_accession"": null, ""cv_name"": null, ""metadata"": {""source_field"": ""species""}, ""scope"": ""sample"", ""source"": ""biological_agent"", ""value"": ""Saccharomyces cerevisiae""}]"
1	PXD009815-Sample-1	disease	characteristics[disease]	normal	biological_agent	The comparison was based on a standard (‘ground truth’) dataset generated from a yeast lysate in which 10 different levels of the equimolar UPS1 mix of 48 human proteins were spiked, as described elsewhere.	LLM_ONLY	0.5	high	False	False		source_precedence:biological_agent	derived	"[{""cv_accession"": null, ""cv_name"": null, ""metadata"": {""source_field"": ""disease_state""}, ""scope"": ""sample"", ""source"": ""biological_agent"", ""value"": ""normal""}]"
1	PXD009815-Sample-1	assay_name	assay name	run 1	derived								legacy_derivation	derived	[]
1	PXD009815-Sample-1	technology_type	technology type	proteomic profiling by mass spectrometry	derived								legacy_derivation	derived	[]
1	PXD009815-Sample-1	acquisition	comment[proteomics data acquisition method]	NT=data-dependent acquisition;AC=PRIDE:0000627	runassessor								source_precedence:runassessor	derived	"[{""cv_accession"": null, ""cv_name"": null, ""metadata"": {""source_path"": ""runAssessor.files.PXD009815/QEKAC160601_131.mzML.spectra_stats.acquisition_type""}, ""scope"": ""assay"", ""source"": ""runassessor"", ""value"": ""DDA""}]"
1	PXD009815-Sample-1	label	comment[label]	label free sample	technical_agent				high	False	False		source_precedence:technical_agent	derived	"[{""cv_accession"": null, ""cv_name"": null, ""metadata"": {}, ""scope"": ""study"", ""source"": ""technical_agent"", ""value"": ""label-free""}]"
1	PXD009815-Sample-1	instrument	comment[instrument]	NT=Q Exactive Plus;AC=MS:1002634	runassessor				high	False	False		source_precedence:runassessor	derived	"[{""cv_accession"": ""MS:1002634"", ""cv_name"": ""Q Exactive Plus"", ""metadata"": {""source_path"": ""runAssessor.files.PXD009815/QEKAC160601_131.mzML.instrument_model.name""}, ""scope"": ""assay"", ""source"": ""runassessor"", ""value"": ""Q Exactive Plus""}, {""cv_accession"": null, ""cv_name"": null, ""metadata"": {}, ""scope"": ""study"", ""source"": ""technical_agent"", ""value"": ""Q Exactive Plus""}]"
1	PXD009815-Sample-1	cleavage_agent	comment[cleavage agent details]	NT=Trypsin;AC=MS:1001251	derived								legacy_derivation	derived	[]
1	PXD009815-Sample-1	dissociation	comment[dissociation method]	NT=beam-type collision-induced dissociation;AC=MS:1000422	runassessor								source_precedence:runassessor	derived	"[{""cv_accession"": null, ""cv_name"": null, ""metadata"": {""source_path"": ""runAssessor.files.PXD009815/QEKAC160601_131.mzML.spectra_stats.fragmentation_type""}, ""scope"": ""assay"", ""source"": ""runassessor"", ""value"": ""HR_HCD""}]"
1	PXD009815-Sample-1	factor_value	factor value[experimental design]	UPS1 concentration (0.01, 0.05, 0.1, 0.250, 0.5, 1, 5, 10, 25, 50 fmol)	experimental_design_agent	spiking, respectively, 0.01–0.05–0.1–0.250–0.5–1–5–10–25–50 fmol of the UPS1 equimolar mix (Sigma) into 1 μg of yeast lysate (Merck)	LLM_ONLY	0.5	high	False	False		source_precedence:experimental_design_agent	derived	"[{""cv_accession"": null, ""cv_name"": null, ""metadata"": {""source_field"": ""factor_value""}, ""scope"": ""study"", ""source"": ""experimental_design_agent"", ""value"": ""UPS1 concentration (0.01, 0.05, 0.1, 0.250, 0.5, 1, 5, 10, 25, 50 fmol)""}]"
1	PXD009815-Sample-1	ms2_analyzer	comment[ms2 mass analyzer]	Orbitrap	technical_agent								source_precedence:technical_agent	derived	"[{""cv_accession"": null, ""cv_name"": null, ""metadata"": {}, ""scope"": ""study"", ""source"": ""technical_agent"", ""value"": ""Orbitrap""}]"
1	PXD009815-Sample-1	data_file	comment[data file]	QEKAC160601_131.raw	derived								legacy_derivation	derived	[]
1	PXD009815-Sample-1	sdrf_version	comment[sdrf version]	v1.1.0	derived								legacy_derivation	derived	[]
1	PXD009815-Sample-1	annotation_tool	comment[sdrf annotation tool]	HAMLET-agentic v2.2.5	derived								legacy_derivation	derived	[]
1	PXD009815-Sample-1	factor_disease	factor value[disease]	normal	derived								legacy_derivation	derived	[]
2	PXD009815-Sample-2	source_name	source name	PXD009815-Sample-2	derived								legacy_derivation	derived	[]
2	PXD009815-Sample-2	organism	characteristics[organism]	Saccharomyces cerevisiae	biological_agent	The comparison was based on a standard (‘ground truth’) dataset generated from a yeast lysate in which 10 different levels of the equimolar UPS1 mix of 48 human proteins were spiked, as described elsewhere.	LLM_ONLY	0.5	high	False	False		source_precedence:biological_agent	derived	"[{""cv_accession"": null, ""cv_name"": null, ""metadata"": {""source_field"": ""species""}, ""scope"": ""sample"", ""source"": ""biological_agent"", ""value"": ""Saccharomyces cerevisiae""}]"
2	PXD009815-Sample-2	disease	characteristics[disease]	normal	biological_agent	The comparison was based on a standard (‘ground truth’) dataset generated from a yeast lysate in which 10 different levels of the equimolar UPS1 mix of 48 human proteins were spiked, as described elsewhere.	LLM_ONLY	0.5	high	False	False		source_precedence:biological_agent	derived	"[{""cv_accession"": null, ""cv_name"": null, ""metadata"": {""source_field"": ""disease_state""}, ""scope"": ""sample"", ""source"": ""biological_agent"", ""value"": ""normal""}]"
2	PXD009815-Sample-2	assay_name	assay name	run 2	derived								legacy_derivation	derived	[]
2	PXD009815-Sample-2	technology_type	technology type	proteomic profiling by mass spectrometry	derived								legacy_derivation	derived	[]
2	PXD009815-Sample-2	acquisition	comment[proteomics data acquisition method]	NT=data-dependent acquisition;AC=PRIDE:0000627	runassessor								source_precedence:runassessor	derived	"[{""cv_accession"": null, ""cv_name"": null, ""metadata"": {""source_path"": ""runAssessor.files.PXD009815/QEKAC160601_73.mzML.spectra_stats.acquisition_type""}, ""scope"": ""assay"", ""source"": ""runassessor"", ""value"": ""DDA""}]"
2	PXD009815-Sample-2	label	comment[label]	label free sample	technical_agent				high	False	False		source_precedence:technical_agent	derived	"[{""cv_accession"": null, ""cv_name"": null, ""metadata"": {}, ""scope"": ""study"", ""source"": ""technical_agent"", ""value"": ""label-free""}]"
2	PXD009815-Sample-2	instrument	comment[instrument]	NT=Q Exactive Plus;AC=MS:1002634	runassessor				high	False	False		source_precedence:runassessor	derived	"[{""cv_accession"": ""MS:1002634"", ""cv_name"": ""Q Exactive Plus"", ""metadata"": {""source_path"": ""runAssessor.files.PXD009815/QEKAC160601_73.mzML.instrument_model.name""}, ""scope"": ""assay"", ""source"": ""runassessor"", ""value"": ""Q Exactive Plus""}, {""cv_accession"": null, ""cv_name"": null, ""metadata"": {}, ""scope"": ""study"", ""source"": ""technical_agent"", ""value"": ""Q Exactive Plus""}]"
2	PXD009815-Sample-2	cleavage_agent	comment[cleavage agent details]	NT=Trypsin;AC=MS:1001251	derived								legacy_derivation	derived	[]
2	PXD009815-Sample-2	dissociation	comment[dissociation method]	NT=beam-type collision-induced dissociation;AC=MS:1000422	runassessor								source_precedence:runassessor	derived	"[{""cv_accession"": null, ""cv_name"": null, ""metadata"": {""source_path"": ""runAssessor.files.PXD009815/QEKAC160601_73.mzML.spectra_stats.fragmentation_tag""}, ""scope"": ""assay"", ""source"": ""runassessor"", ""value"": ""HR HCD""}, {""cv_accession"": null, ""cv_name"": null, ""metadata"": {""source_path"": ""runAssessor.files.PXD009815/QEKAC160601_73.mzML.spectra_stats.fragmentation_type""}, ""scope"": ""assay"", ""source"": ""runassessor"", ""value"": ""HR_HCD""}]"
2	PXD009815-Sample-2	factor_value	factor value[experimental design]	UPS1 concentration (0.01, 0.05, 0.1, 0.250, 0.5, 1, 5, 10, 25, 50 fmol)	experimental_design_agent	spiking, respectively, 0.01–0.05–0.1–0.250–0.5–1–5–10–25–50 fmol of the UPS1 equimolar mix (Sigma) into 1 μg of yeast lysate (Merck)	LLM_ONLY	0.5	high	False	False		source_precedence:experimental_design_agent	derived	"[{""cv_accession"": null, ""cv_name"": null, ""metadata"": {""source_field"": ""factor_value""}, ""scope"": ""study"", ""source"": ""experimental_design_agent"", ""value"": ""UPS1 concentration (0.01, 0.05, 0.1, 0.250, 0.5, 1, 5, 10, 25, 50 fmol)""}]"
2	PXD009815-Sample-2	ms2_analyzer	comment[ms2 mass analyzer]	Orbitrap	technical_agent								source_precedence:technical_agent	derived	"[{""cv_accession"": null, ""cv_name"": null, ""metadata"": {}, ""scope"": ""study"", ""source"": ""technical_agent"", ""value"": ""Orbitrap""}]"
2	PXD009815-Sample-2	data_file	comment[data file]	QEKAC160601_73.raw	derived								legacy_derivation	derived	[]
2	PXD009815-Sample-2	sdrf_version	comment[sdrf version]	v1.1.0	derived								legacy_derivation	derived	[]
2	PXD009815-Sample-2	annotation_tool	comment[sdrf annotation tool]	HAMLET-agentic v2.2.5	derived								legacy_derivation	derived	[]
2	PXD009815-Sample-2	factor_disease	factor value[disease]	normal	derived								legacy_derivation	derived	[]
3	PXD009815-Sample-3	source_name	source name	PXD009815-Sample-3	derived								legacy_derivation	derived	[]
3	PXD009815-Sample-3	organism	characteristics[organism]	Saccharomyces cerevisiae	biological_agent	The comparison was based on a standard (‘ground truth’) dataset generated from a yeast lysate in which 10 different levels of the equimolar UPS1 mix of 48 human proteins were spiked, as described elsewhere.	LLM_ONLY	0.5	high	False	False		source_precedence:biological_agent	derived	"[{""cv_accession"": null, ""cv_name"": null, ""metadata"": {""source_field"": ""species""}, ""scope"": ""sample"", ""source"": ""biological_agent"", ""value"": ""Saccharomyces cerevisiae""}]"
3	PXD009815-Sample-3	disease	characteristics[disease]	normal	biological_agent	The comparison was based on a standard (‘ground truth’) dataset generated from a yeast lysate in which 10 different levels of the equimolar UPS1 mix of 48 human proteins were spiked, as described elsewhere.	LLM_ONLY	0.5	high	False	False		source_precedence:biological_agent	derived	"[{""cv_accession"": null, ""cv_name"": null, ""metadata"": {""source_field"": ""disease_state""}, ""scope"": ""sample"", ""source"": ""biological_agent"", ""value"": ""normal""}]"
3	PXD009815-Sample-3	assay_name	assay name	run 3	derived								legacy_derivation	derived	[]
3	PXD009815-Sample-3	technology_type	technology type	proteomic profiling by mass spectrometry	derived								legacy_derivation	derived	[]
3	PXD009815-Sample-3	acquisition	comment[proteomics data acquisition method]	NT=data-dependent acquisition;AC=PRIDE:0000627	runassessor								source_precedence:runassessor	derived	"[{""cv_accession"": null, ""cv_name"": null, ""metadata"": {""source_path"": ""runAssessor.files.PXD009815/QEKAC160601_40.mzML.spectra_stats.acquisition_type""}, ""scope"": ""assay"", ""source"": ""runassessor"", ""value"": ""DDA""}]"
3	PXD009815-Sample-3	label	comment[label]	label free sample	technical_agent				high	False	False		source_precedence:technical_agent	derived	"[{""cv_accession"": null, ""cv_name"": null, ""metadata"": {}, ""scope"": ""study"", ""source"": ""technical_agent"", ""value"": ""label-free""}]"
3	PXD009815-Sample-3	instrument	comment[instrument]	NT=Q Exactive Plus;AC=MS:1002634	runassessor				high	False	False		source_precedence:runassessor	derived	"[{""cv_accession"": ""MS:1002634"", ""cv_name"": ""Q Exactive Plus"", ""metadata"": {""source_path"": ""runAssessor.files.PXD009815/QEKAC160601_40.mzML.instrument_model.name""}, ""scope"": ""assay"", ""source"": ""runassessor"", ""value"": ""Q Exactive Plus""}, {""cv_accession"": null, ""cv_name"": null, ""metadata"": {}, ""scope"": ""study"", ""source"": ""technical_agent"", ""value"": ""Q Exactive Plus""}]"
3	PXD009815-Sample-3	cleavage_agent	comment[cleavage agent details]	NT=Trypsin;AC=MS:1001251	derived								legacy_derivation	derived	[]
3	PXD009815-Sample-3	dissociation	comment[dissociation method]	NT=beam-type collision-induced dissociation;AC=MS:1000422	runassessor								source_precedence:runassessor	derived	"[{""cv_accession"": null, ""cv_name"": null, ""metadata"": {""source_path"": ""runAssessor.files.PXD009815/QEKAC160601_40.mzML.spectra_stats.fragmentation_type""}, ""scope"": ""assay"", ""source"": ""runassessor"", ""value"": ""HR_HCD""}]"
3	PXD009815-Sample-3	factor_value	factor value[experimental design]	UPS1 concentration (0.01, 0.05, 0.1, 0.250, 0.5, 1, 5, 10, 25, 50 fmol)	experimental_design_agent	spiking, respectively, 0.01–0.05–0.1–0.250–0.5–1–5–10–25–50 fmol of the UPS1 equimolar mix (Sigma) into 1 μg of yeast lysate (Merck)	LLM_ONLY	0.5	high	False	False		source_precedence:experimental_design_agent	derived	"[{""cv_accession"": null, ""cv_name"": null, ""metadata"": {""source_field"": ""factor_value""}, ""scope"": ""study"", ""source"": ""experimental_design_agent"", ""value"": ""UPS1 concentration (0.01, 0.05, 0.1, 0.250, 0.5, 1, 5, 10, 25, 50 fmol)""}]"
3	PXD009815-Sample-3	ms2_analyzer	comment[ms2 mass analyzer]	Orbitrap	technical_agent								source_precedence:technical_agent	derived	"[{""cv_accession"": null, ""cv_name"": null, ""metadata"": {}, ""scope"": ""study"", ""source"": ""technical_agent"", ""value"": ""Orbitrap""}]"
3	PXD009815-Sample-3	data_file	comment[data file]	QEKAC160601_40.raw	derived								legacy_derivation	derived	[]
3	PXD009815-Sample-3	sdrf_version	comment[sdrf version]	v1.1.0	derived								legacy_derivation	derived	[]
3	PXD009815-Sample-3	annotation_tool	comment[sdrf annotation tool]	HAMLET-agentic v2.2.5	derived								legacy_derivation	derived	[]
3	PXD009815-Sample-3	factor_disease	factor value[disease]	normal	derived								legacy_derivation	derived	[]
4	PXD009815-Sample-4	source_name	source name	PXD009815-Sample-4	derived								legacy_derivation	derived	[]
4	PXD009815-Sample-4	organism	characteristics[organism]	Saccharomyces cerevisiae	biological_agent	The comparison was based on a standard (‘ground truth’) dataset generated from a yeast lysate in which 10 different levels of the equimolar UPS1 mix of 48 human proteins were spiked, as described elsewhere.	LLM_ONLY	0.5	high	False	False		source_precedence:biological_agent	derived	"[{""cv_accession"": null, ""cv_name"": null, ""metadata"": {""source_field"": ""species""}, ""scope"": ""sample"", ""source"": ""biological_agent"", ""value"": ""Saccharomyces cerevisiae""}]"
4	PXD009815-Sample-4	disease	characteristics[disease]	normal	biological_agent	The comparison was based on a standard (‘ground truth’) dataset generated from a yeast lysate in which 10 different levels of the equimolar UPS1 mix of 48 human proteins were spiked, as described elsewhere.	LLM_ONLY	0.5	high	False	False		source_precedence:biological_agent	derived	"[{""cv_accession"": null, ""cv_name"": null, ""metadata"": {""source_field"": ""disease_state""}, ""scope"": ""sample"", ""source"": ""biological_agent"", ""value"": ""normal""}]"
4	PXD009815-Sample-4	assay_name	assay name	run 4	derived								legacy_derivation	derived	[]
4	PXD009815-Sample-4	technology_type	technology type	proteomic profiling by mass spectrometry	derived								legacy_derivation	derived	[]
4	PXD009815-Sample-4	acquisition	comment[proteomics data acquisition method]	NT=data-dependent acquisition;AC=PRIDE:0000627	runassessor								source_precedence:runassessor	derived	"[{""cv_accession"": null, ""cv_name"": null, ""metadata"": {""source_path"": ""runAssessor.files.PXD009815/QEKAC160601_42.mzML.spectra_stats.acquisition_type""}, ""scope"": ""assay"", ""source"": ""runassessor"", ""value"": ""DDA""}]"
4	PXD009815-Sample-4	label	comment[label]	label free sample	technical_agent				high	False	False		source_precedence:technical_agent	derived	"[{""cv_accession"": null, ""cv_name"": null, ""metadata"": {}, ""scope"": ""study"", ""source"": ""technical_agent"", ""value"": ""label-free""}]"
4	PXD009815-Sample-4	instrument	comment[instrument]	NT=Q Exactive Plus;AC=MS:1002634	runassessor				high	False	False		source_precedence:runassessor	derived	"[{""cv_accession"": ""MS:1002634"", ""cv_name"": ""Q Exactive Plus"", ""metadata"": {""source_path"": ""runAssessor.files.PXD009815/QEKAC160601_42.mzML.instrument_model.name""}, ""scope"": ""assay"", ""source"": ""runassessor"", ""value"": ""Q Exactive Plus""}, {""cv_accession"": null, ""cv_name"": null, ""metadata"": {}, ""scope"": ""study"", ""source"": ""technical_agent"", ""value"": ""Q Exactive Plus""}]"
4	PXD009815-Sample-4	cleavage_agent	comment[cleavage agent details]	NT=Trypsin;AC=MS:1001251	derived								legacy_derivation	derived	[]
4	PXD009815-Sample-4	dissociation	comment[dissociation method]	NT=beam-type collision-induced dissociation;AC=MS:1000422	runassessor								source_precedence:runassessor	derived	"[{""cv_accession"": null, ""cv_name"": null, ""metadata"": {""source_path"": ""runAssessor.files.PXD009815/QEKAC160601_42.mzML.spectra_stats.fragmentation_type""}, ""scope"": ""assay"", ""source"": ""runassessor"", ""value"": ""HR_HCD""}]"
4	PXD009815-Sample-4	factor_value	factor value[experimental design]	UPS1 concentration (0.01, 0.05, 0.1, 0.250, 0.5, 1, 5, 10, 25, 50 fmol)	experimental_design_agent	spiking, respectively, 0.01–0.05–0.1–0.250–0.5–1–5–10–25–50 fmol of the UPS1 equimolar mix (Sigma) into 1 μg of yeast lysate (Merck)	LLM_ONLY	0.5	high	False	False		source_precedence:experimental_design_agent	derived	"[{""cv_accession"": null, ""cv_name"": null, ""metadata"": {""source_field"": ""factor_value""}, ""scope"": ""study"", ""source"": ""experimental_design_agent"", ""value"": ""UPS1 concentration (0.01, 0.05, 0.1, 0.250, 0.5, 1, 5, 10, 25, 50 fmol)""}]"
4	PXD009815-Sample-4	ms2_analyzer	comment[ms2 mass analyzer]	Orbitrap	technical_agent								source_precedence:technical_agent	derived	"[{""cv_accession"": null, ""cv_name"": null, ""metadata"": {}, ""scope"": ""study"", ""source"": ""technical_agent"", ""value"": ""Orbitrap""}]"
4	PXD009815-Sample-4	data_file	comment[data file]	QEKAC160601_42.raw	derived								legacy_derivation	derived	[]
4	PXD009815-Sample-4	sdrf_version	comment[sdrf version]	v1.1.0	derived								legacy_derivation	derived	[]
4	PXD009815-Sample-4	annotation_tool	comment[sdrf annotation tool]	HAMLET-agentic v2.2.5	derived								legacy_derivation	derived	[]
4	PXD009815-Sample-4	factor_disease	factor value[disease]	normal	derived								legacy_derivation	derived	[]
5	PXD009815-Sample-5	source_name	source name	PXD009815-Sample-5	derived								legacy_derivation	derived	[]
5	PXD009815-Sample-5	organism	characteristics[organism]	Saccharomyces cerevisiae	biological_agent	The comparison was based on a standard (‘ground truth’) dataset generated from a yeast lysate in which 10 different levels of the equimolar UPS1 mix of 48 human proteins were spiked, as described elsewhere.	LLM_ONLY	0.5	high	False	False		source_precedence:biological_agent	derived	"[{""cv_accession"": null, ""cv_name"": null, ""metadata"": {""source_field"": ""species""}, ""scope"": ""sample"", ""source"": ""biological_agent"", ""value"": ""Saccharomyces cerevisiae""}]"
5	PXD009815-Sample-5	disease	characteristics[disease]	normal	biological_agent	The comparison was based on a standard (‘ground truth’) dataset generated from a yeast lysate in which 10 different levels of the equimolar UPS1 mix of 48 human proteins were spiked, as described elsewhere.	LLM_ONLY	0.5	high	False	False		source_precedence:biological_agent	derived	"[{""cv_accession"": null, ""cv_name"": null, ""metadata"": {""source_field"": ""disease_state""}, ""scope"": ""sample"", ""source"": ""biological_agent"", ""value"": ""normal""}]"
5	PXD009815-Sample-5	assay_name	assay name	run 5	derived								legacy_derivation	derived	[]
5	PXD009815-Sample-5	technology_type	technology type	proteomic profiling by mass spectrometry	derived								legacy_derivation	derived	[]
5	PXD009815-Sample-5	acquisition	comment[proteomics data acquisition method]	NT=data-dependent acquisition;AC=PRIDE:0000627	runassessor								source_precedence:runassessor	derived	"[{""cv_accession"": null, ""cv_name"": null, ""metadata"": {""source_path"": ""runAssessor.files.PXD009815/QEKAC160601_38.mzML.spectra_stats.acquisition_type""}, ""scope"": ""assay"", ""source"": ""runassessor"", ""value"": ""DDA""}]"
5	PXD009815-Sample-5	label	comment[label]	label free sample	technical_agent				high	False	False		source_precedence:technical_agent	derived	"[{""cv_accession"": null, ""cv_name"": null, ""metadata"": {}, ""scope"": ""study"", ""source"": ""technical_agent"", ""value"": ""label-free""}]"
5	PXD009815-Sample-5	instrument	comment[instrument]	NT=Q Exactive Plus;AC=MS:1002634	runassessor				high	False	False		source_precedence:runassessor	derived	"[{""cv_accession"": ""MS:1002634"", ""cv_name"": ""Q Exactive Plus"", ""metadata"": {""source_path"": ""runAssessor.files.PXD009815/QEKAC160601_38.mzML.instrument_model.name""}, ""scope"": ""assay"", ""source"": ""runassessor"", ""value"": ""Q Exactive Plus""}, {""cv_accession"": null, ""cv_name"": null, ""metadata"": {}, ""scope"": ""study"", ""source"": ""technical_agent"", ""value"": ""Q Exactive Plus""}]"
5	PXD009815-Sample-5	cleavage_agent	comment[cleavage agent details]	NT=Trypsin;AC=MS:1001251	derived								legacy_derivation	derived	[]
5	PXD009815-Sample-5	dissociation	comment[dissociation method]	NT=beam-type collision-induced dissociation;AC=MS:1000422	runassessor								source_precedence:runassessor	derived	"[{""cv_accession"": null, ""cv_name"": null, ""metadata"": {""source_path"": ""runAssessor.files.PXD009815/QEKAC160601_38.mzML.spectra_stats.fragmentation_type""}, ""scope"": ""assay"", ""source"": ""runassessor"", ""value"": ""HR_HCD""}]"
5	PXD009815-Sample-5	factor_value	factor value[experimental design]	UPS1 concentration (0.01, 0.05, 0.1, 0.250, 0.5, 1, 5, 10, 25, 50 fmol)	experimental_design_agent	spiking, respectively, 0.01–0.05–0.1–0.250–0.5–1–5–10–25–50 fmol of the UPS1 equimolar mix (Sigma) into 1 μg of yeast lysate (Merck)	LLM_ONLY	0.5	high	False	False		source_precedence:experimental_design_agent	derived	"[{""cv_accession"": null, ""cv_name"": null, ""metadata"": {""source_field"": ""factor_value""}, ""scope"": ""study"", ""source"": ""experimental_design_agent"", ""value"": ""UPS1 concentration (0.01, 0.05, 0.1, 0.250, 0.5, 1, 5, 10, 25, 50 fmol)""}]"
5	PXD009815-Sample-5	ms2_analyzer	comment[ms2 mass analyzer]	Orbitrap	technical_agent								source_precedence:technical_agent	derived	"[{""cv_accession"": null, ""cv_name"": null, ""metadata"": {}, ""scope"": ""study"", ""source"": ""technical_agent"", ""value"": ""Orbitrap""}]"
5	PXD009815-Sample-5	data_file	comment[data file]	QEKAC160601_38.raw	derived								legacy_derivation	derived	[]
5	PXD009815-Sample-5	sdrf_version	comment[sdrf version]	v1.1.0	derived								legacy_derivation	derived	[]
5	PXD009815-Sample-5	annotation_tool	comment[sdrf annotation tool]	HAMLET-agentic v2.2.5	derived								legacy_derivation	derived	[]
5	PXD009815-Sample-5	factor_disease	factor value[disease]	normal	derived								legacy_derivation	derived	[]
6	PXD009815-Sample-6	source_name	source name	PXD009815-Sample-6	derived								legacy_derivation	derived	[]
6	PXD009815-Sample-6	organism	characteristics[organism]	Saccharomyces cerevisiae	biological_agent	The comparison was based on a standard (‘ground truth’) dataset generated from a yeast lysate in which 10 different levels of the equimolar UPS1 mix of 48 human proteins were spiked, as described elsewhere.	LLM_ONLY	0.5	high	False	False		source_precedence:biological_agent	derived	"[{""cv_accession"": null, ""cv_name"": null, ""metadata"": {""source_field"": ""species""}, ""scope"": ""sample"", ""source"": ""biological_agent"", ""value"": ""Saccharomyces cerevisiae""}]"
6	PXD009815-Sample-6	disease	characteristics[disease]	normal	biological_agent	The comparison was based on a standard (‘ground truth’) dataset generated from a yeast lysate in which 10 different levels of the equimolar UPS1 mix of 48 human proteins were spiked, as described elsewhere.	LLM_ONLY	0.5	high	False	False		source_precedence:biological_agent	derived	"[{""cv_accession"": null, ""cv_name"": null, ""metadata"": {""source_field"": ""disease_state""}, ""scope"": ""sample"", ""source"": ""biological_agent"", ""value"": ""normal""}]"
6	PXD009815-Sample-6	assay_name	assay name	run 6	derived								legacy_derivation	derived	[]
6	PXD009815-Sample-6	technology_type	technology type	proteomic profiling by mass spectrometry	derived								legacy_derivation	derived	[]
6	PXD009815-Sample-6	acquisition	comment[proteomics data acquisition method]	NT=data-dependent acquisition;AC=PRIDE:0000627	runassessor								source_precedence:runassessor	derived	"[{""cv_accession"": null, ""cv_name"": null, ""metadata"": {""source_path"": ""runAssessor.files.PXD009815/QEKAC160601_77.mzML.spectra_stats.acquisition_type""}, ""scope"": ""assay"", ""source"": ""runassessor"", ""value"": ""DDA""}]"
6	PXD009815-Sample-6	label	comment[label]	label free sample	technical_agent				high	False	False		source_precedence:technical_agent	derived	"[{""cv_accession"": null, ""cv_name"": null, ""metadata"": {}, ""scope"": ""study"", ""source"": ""technical_agent"", ""value"": ""label-free""}]"
6	PXD009815-Sample-6	instrument	comment[instrument]	NT=Q Exactive Plus;AC=MS:1002634	runassessor				high	False	False		source_precedence:runassessor	derived	"[{""cv_accession"": ""MS:1002634"", ""cv_name"": ""Q Exactive Plus"", ""metadata"": {""source_path"": ""runAssessor.files.PXD009815/QEKAC160601_77.mzML.instrument_model.name""}, ""scope"": ""assay"", ""source"": ""runassessor"", ""value"": ""Q Exactive Plus""}, {""cv_accession"": null, ""cv_name"": null, ""metadata"": {}, ""scope"": ""study"", ""source"": ""technical_agent"", ""value"": ""Q Exactive Plus""}]"
6	PXD009815-Sample-6	cleavage_agent	comment[cleavage agent details]	NT=Trypsin;AC=MS:1001251	derived								legacy_derivation	derived	[]
6	PXD009815-Sample-6	dissociation	comment[dissociation method]	NT=beam-type collision-induced dissociation;AC=MS:1000422	runassessor								source_precedence:runassessor	derived	"[{""cv_accession"": null, ""cv_name"": null, ""metadata"": {""source_path"": ""runAssessor.files.PXD009815/QEKAC160601_77.mzML.spectra_stats.fragmentation_type""}, ""scope"": ""assay"", ""source"": ""runassessor"", ""value"": ""HR_HCD""}]"
6	PXD009815-Sample-6	factor_value	factor value[experimental design]	UPS1 concentration (0.01, 0.05, 0.1, 0.250, 0.5, 1, 5, 10, 25, 50 fmol)	experimental_design_agent	spiking, respectively, 0.01–0.05–0.1–0.250–0.5–1–5–10–25–50 fmol of the UPS1 equimolar mix (Sigma) into 1 μg of yeast lysate (Merck)	LLM_ONLY	0.5	high	False	False		source_precedence:experimental_design_agent	derived	"[{""cv_accession"": null, ""cv_name"": null, ""metadata"": {""source_field"": ""factor_value""}, ""scope"": ""study"", ""source"": ""experimental_design_agent"", ""value"": ""UPS1 concentration (0.01, 0.05, 0.1, 0.250, 0.5, 1, 5, 10, 25, 50 fmol)""}]"
6	PXD009815-Sample-6	ms2_analyzer	comment[ms2 mass analyzer]	Orbitrap	technical_agent								source_precedence:technical_agent	derived	"[{""cv_accession"": null, ""cv_name"": null, ""metadata"": {}, ""scope"": ""study"", ""source"": ""technical_agent"", ""value"": ""Orbitrap""}]"
6	PXD009815-Sample-6	data_file	comment[data file]	QEKAC160601_77.raw	derived								legacy_derivation	derived	[]
6	PXD009815-Sample-6	sdrf_version	comment[sdrf version]	v1.1.0	derived								legacy_derivation	derived	[]
6	PXD009815-Sample-6	annotation_tool	comment[sdrf annotation tool]	HAMLET-agentic v2.2.5	derived								legacy_derivation	derived	[]
6	PXD009815-Sample-6	factor_disease	factor value[disease]	normal	derived								legacy_derivation	derived	[]
7	PXD009815-Sample-7	source_name	source name	PXD009815-Sample-7	derived								legacy_derivation	derived	[]
7	PXD009815-Sample-7	organism	characteristics[organism]	Saccharomyces cerevisiae	biological_agent	The comparison was based on a standard (‘ground truth’) dataset generated from a yeast lysate in which 10 different levels of the equimolar UPS1 mix of 48 human proteins were spiked, as described elsewhere.	LLM_ONLY	0.5	high	False	False		source_precedence:biological_agent	derived	"[{""cv_accession"": null, ""cv_name"": null, ""metadata"": {""source_field"": ""species""}, ""scope"": ""sample"", ""source"": ""biological_agent"", ""value"": ""Saccharomyces cerevisiae""}]"
7	PXD009815-Sample-7	disease	characteristics[disease]	normal	biological_agent	The comparison was based on a standard (‘ground truth’) dataset generated from a yeast lysate in which 10 different levels of the equimolar UPS1 mix of 48 human proteins were spiked, as described elsewhere.	LLM_ONLY	0.5	high	False	False		source_precedence:biological_agent	derived	"[{""cv_accession"": null, ""cv_name"": null, ""metadata"": {""source_field"": ""disease_state""}, ""scope"": ""sample"", ""source"": ""biological_agent"", ""value"": ""normal""}]"
7	PXD009815-Sample-7	assay_name	assay name	run 7	derived								legacy_derivation	derived	[]
7	PXD009815-Sample-7	technology_type	technology type	proteomic profiling by mass spectrometry	derived								legacy_derivation	derived	[]
7	PXD009815-Sample-7	acquisition	comment[proteomics data acquisition method]	NT=data-dependent acquisition;AC=PRIDE:0000627	runassessor								source_precedence:runassessor	derived	"[{""cv_accession"": null, ""cv_name"": null, ""metadata"": {""source_path"": ""runAssessor.files.PXD009815/QEKAC160601_125.mzML.spectra_stats.acquisition_type""}, ""scope"": ""assay"", ""source"": ""runassessor"", ""value"": ""DDA""}]"
7	PXD009815-Sample-7	label	comment[label]	label free sample	technical_agent				high	False	False		source_precedence:technical_agent	derived	"[{""cv_accession"": null, ""cv_name"": null, ""metadata"": {}, ""scope"": ""study"", ""source"": ""technical_agent"", ""value"": ""label-free""}]"
7	PXD009815-Sample-7	instrument	comment[instrument]	NT=Q Exactive Plus;AC=MS:1002634	runassessor				high	False	False		source_precedence:runassessor	derived	"[{""cv_accession"": ""MS:1002634"", ""cv_name"": ""Q Exactive Plus"", ""metadata"": {""source_path"": ""runAssessor.files.PXD009815/QEKAC160601_125.mzML.instrument_model.name""}, ""scope"": ""assay"", ""source"": ""runassessor"", ""value"": ""Q Exactive Plus""}, {""cv_accession"": null, ""cv_name"": null, ""metadata"": {}, ""scope"": ""study"", ""source"": ""technical_agent"", ""value"": ""Q Exactive Plus""}]"
7	PXD009815-Sample-7	cleavage_agent	comment[cleavage agent details]	NT=Trypsin;AC=MS:1001251	derived								legacy_derivation	derived	[]
7	PXD009815-Sample-7	dissociation	comment[dissociation method]	NT=beam-type collision-induced dissociation;AC=MS:1000422	runassessor								source_precedence:runassessor	derived	"[{""cv_accession"": null, ""cv_name"": null, ""metadata"": {""source_path"": ""runAssessor.files.PXD009815/QEKAC160601_125.mzML.spectra_stats.fragmentation_type""}, ""scope"": ""assay"", ""source"": ""runassessor"", ""value"": ""HR_HCD""}]"
7	PXD009815-Sample-7	factor_value	factor value[experimental design]	UPS1 concentration (0.01, 0.05, 0.1, 0.250, 0.5, 1, 5, 10, 25, 50 fmol)	experimental_design_agent	spiking, respectively, 0.01–0.05–0.1–0.250–0.5–1–5–10–25–50 fmol of the UPS1 equimolar mix (Sigma) into 1 μg of yeast lysate (Merck)	LLM_ONLY	0.5	high	False	False		source_precedence:experimental_design_agent	derived	"[{""cv_accession"": null, ""cv_name"": null, ""metadata"": {""source_field"": ""factor_value""}, ""scope"": ""study"", ""source"": ""experimental_design_agent"", ""value"": ""UPS1 concentration (0.01, 0.05, 0.1, 0.250, 0.5, 1, 5, 10, 25, 50 fmol)""}]"
7	PXD009815-Sample-7	ms2_analyzer	comment[ms2 mass analyzer]	Orbitrap	technical_agent								source_precedence:technical_agent	derived	"[{""cv_accession"": null, ""cv_name"": null, ""metadata"": {}, ""scope"": ""study"", ""source"": ""technical_agent"", ""value"": ""Orbitrap""}]"
7	PXD009815-Sample-7	data_file	comment[data file]	QEKAC160601_125.raw	derived								legacy_derivation	derived	[]
7	PXD009815-Sample-7	sdrf_version	comment[sdrf version]	v1.1.0	derived								legacy_derivation	derived	[]
7	PXD009815-Sample-7	annotation_tool	comment[sdrf annotation tool]	HAMLET-agentic v2.2.5	derived								legacy_derivation	derived	[]
7	PXD009815-Sample-7	factor_disease	factor value[disease]	normal	derived								legacy_derivation	derived	[]
8	PXD009815-Sample-8	source_name	source name	PXD009815-Sample-8	derived								legacy_derivation	derived	[]
8	PXD009815-Sample-8	organism	characteristics[organism]	Saccharomyces cerevisiae	biological_agent	The comparison was based on a standard (‘ground truth’) dataset generated from a yeast lysate in which 10 different levels of the equimolar UPS1 mix of 48 human proteins were spiked, as described elsewhere.	LLM_ONLY	0.5	high	False	False		source_precedence:biological_agent	derived	"[{""cv_accession"": null, ""cv_name"": null, ""metadata"": {""source_field"": ""species""}, ""scope"": ""sample"", ""source"": ""biological_agent"", ""value"": ""Saccharomyces cerevisiae""}]"
8	PXD009815-Sample-8	disease	characteristics[disease]	normal	biological_agent	The comparison was based on a standard (‘ground truth’) dataset generated from a yeast lysate in which 10 different levels of the equimolar UPS1 mix of 48 human proteins were spiked, as described elsewhere.	LLM_ONLY	0.5	high	False	False		source_precedence:biological_agent	derived	"[{""cv_accession"": null, ""cv_name"": null, ""metadata"": {""source_field"": ""disease_state""}, ""scope"": ""sample"", ""source"": ""biological_agent"", ""value"": ""normal""}]"
8	PXD009815-Sample-8	assay_name	assay name	run 8	derived								legacy_derivation	derived	[]
8	PXD009815-Sample-8	technology_type	technology type	proteomic profiling by mass spectrometry	derived								legacy_derivation	derived	[]
8	PXD009815-Sample-8	acquisition	comment[proteomics data acquisition method]	NT=data-dependent acquisition;AC=PRIDE:0000627	runassessor								source_precedence:runassessor	derived	"[{""cv_accession"": null, ""cv_name"": null, ""metadata"": {""source_path"": ""runAssessor.files.PXD009815/QEKAC160601_63.mzML.spectra_stats.acquisition_type""}, ""scope"": ""assay"", ""source"": ""runassessor"", ""value"": ""DDA""}]"
8	PXD009815-Sample-8	label	comment[label]	label free sample	technical_agent				high	False	False		source_precedence:technical_agent	derived	"[{""cv_accession"": null, ""cv_name"": null, ""metadata"": {}, ""scope"": ""study"", ""source"": ""technical_agent"", ""value"": ""label-free""}]"
8	PXD009815-Sample-8	instrument	comment[instrument]	NT=Q Exactive Plus;AC=MS:1002634	runassessor				high	False	False		source_precedence:runassessor	derived	"[{""cv_accession"": ""MS:1002634"", ""cv_name"": ""Q Exactive Plus"", ""metadata"": {""source_path"": ""runAssessor.files.PXD009815/QEKAC160601_63.mzML.instrument_model.name""}, ""scope"": ""assay"", ""source"": ""runassessor"", ""value"": ""Q Exactive Plus""}, {""cv_accession"": null, ""cv_name"": null, ""metadata"": {}, ""scope"": ""study"", ""source"": ""technical_agent"", ""value"": ""Q Exactive Plus""}]"
8	PXD009815-Sample-8	cleavage_agent	comment[cleavage agent details]	NT=Trypsin;AC=MS:1001251	derived								legacy_derivation	derived	[]
8	PXD009815-Sample-8	dissociation	comment[dissociation method]	NT=beam-type collision-induced dissociation;AC=MS:1000422	runassessor								source_precedence:runassessor	derived	"[{""cv_accession"": null, ""cv_name"": null, ""metadata"": {""source_path"": ""runAssessor.files.PXD009815/QEKAC160601_63.mzML.spectra_stats.fragmentation_type""}, ""scope"": ""assay"", ""source"": ""runassessor"", ""value"": ""HR_HCD""}]"
8	PXD009815-Sample-8	factor_value	factor value[experimental design]	UPS1 concentration (0.01, 0.05, 0.1, 0.250, 0.5, 1, 5, 10, 25, 50 fmol)	experimental_design_agent	spiking, respectively, 0.01–0.05–0.1–0.250–0.5–1–5–10–25–50 fmol of the UPS1 equimolar mix (Sigma) into 1 μg of yeast lysate (Merck)	LLM_ONLY	0.5	high	False	False		source_precedence:experimental_design_agent	derived	"[{""cv_accession"": null, ""cv_name"": null, ""metadata"": {""source_field"": ""factor_value""}, ""scope"": ""study"", ""source"": ""experimental_design_agent"", ""value"": ""UPS1 concentration (0.01, 0.05, 0.1, 0.250, 0.5, 1, 5, 10, 25, 50 fmol)""}]"
8	PXD009815-Sample-8	ms2_analyzer	comment[ms2 mass analyzer]	Orbitrap	technical_agent								source_precedence:technical_agent	derived	"[{""cv_accession"": null, ""cv_name"": null, ""metadata"": {}, ""scope"": ""study"", ""source"": ""technical_agent"", ""value"": ""Orbitrap""}]"
8	PXD009815-Sample-8	data_file	comment[data file]	QEKAC160601_63.raw	derived								legacy_derivation	derived	[]
8	PXD009815-Sample-8	sdrf_version	comment[sdrf version]	v1.1.0	derived								legacy_derivation	derived	[]
8	PXD009815-Sample-8	annotation_tool	comment[sdrf annotation tool]	HAMLET-agentic v2.2.5	derived								legacy_derivation	derived	[]
8	PXD009815-Sample-8	factor_disease	factor value[disease]	normal	derived								legacy_derivation	derived	[]
9	PXD009815-Sample-9	source_name	source name	PXD009815-Sample-9	derived								legacy_derivation	derived	[]
9	PXD009815-Sample-9	organism	characteristics[organism]	Saccharomyces cerevisiae	biological_agent	The comparison was based on a standard (‘ground truth’) dataset generated from a yeast lysate in which 10 different levels of the equimolar UPS1 mix of 48 human proteins were spiked, as described elsewhere.	LLM_ONLY	0.5	high	False	False		source_precedence:biological_agent	derived	"[{""cv_accession"": null, ""cv_name"": null, ""metadata"": {""source_field"": ""species""}, ""scope"": ""sample"", ""source"": ""biological_agent"", ""value"": ""Saccharomyces cerevisiae""}]"
9	PXD009815-Sample-9	disease	characteristics[disease]	normal	biological_agent	The comparison was based on a standard (‘ground truth’) dataset generated from a yeast lysate in which 10 different levels of the equimolar UPS1 mix of 48 human proteins were spiked, as described elsewhere.	LLM_ONLY	0.5	high	False	False		source_precedence:biological_agent	derived	"[{""cv_accession"": null, ""cv_name"": null, ""metadata"": {""source_field"": ""disease_state""}, ""scope"": ""sample"", ""source"": ""biological_agent"", ""value"": ""normal""}]"
9	PXD009815-Sample-9	assay_name	assay name	run 9	derived								legacy_derivation	derived	[]
9	PXD009815-Sample-9	technology_type	technology type	proteomic profiling by mass spectrometry	derived								legacy_derivation	derived	[]
9	PXD009815-Sample-9	acquisition	comment[proteomics data acquisition method]	NT=data-dependent acquisition;AC=PRIDE:0000627	runassessor								source_precedence:runassessor	derived	"[{""cv_accession"": null, ""cv_name"": null, ""metadata"": {""source_path"": ""runAssessor.files.PXD009815/QEKAC160601_44.mzML.spectra_stats.acquisition_type""}, ""scope"": ""assay"", ""source"": ""runassessor"", ""value"": ""DDA""}]"
9	PXD009815-Sample-9	label	comment[label]	label free sample	technical_agent				high	False	False		source_precedence:technical_agent	derived	"[{""cv_accession"": null, ""cv_name"": null, ""metadata"": {}, ""scope"": ""study"", ""source"": ""technical_agent"", ""value"": ""label-free""}]"
9	PXD009815-Sample-9	instrument	comment[instrument]	NT=Q Exactive Plus;AC=MS:1002634	runassessor				high	False	False		source_precedence:runassessor	derived	"[{""cv_accession"": ""MS:1002634"", ""cv_name"": ""Q Exactive Plus"", ""metadata"": {""source_path"": ""runAssessor.files.PXD009815/QEKAC160601_44.mzML.instrument_model.name""}, ""scope"": ""assay"", ""source"": ""runassessor"", ""value"": ""Q Exactive Plus""}, {""cv_accession"": null, ""cv_name"": null, ""metadata"": {}, ""scope"": ""study"", ""source"": ""technical_agent"", ""value"": ""Q Exactive Plus""}]"
9	PXD009815-Sample-9	cleavage_agent	comment[cleavage agent details]	NT=Trypsin;AC=MS:1001251	derived								legacy_derivation	derived	[]
9	PXD009815-Sample-9	dissociation	comment[dissociation method]	NT=beam-type collision-induced dissociation;AC=MS:1000422	runassessor								source_precedence:runassessor	derived	"[{""cv_accession"": null, ""cv_name"": null, ""metadata"": {""source_path"": ""runAssessor.files.PXD009815/QEKAC160601_44.mzML.spectra_stats.fragmentation_type""}, ""scope"": ""assay"", ""source"": ""runassessor"", ""value"": ""HR_HCD""}]"
9	PXD009815-Sample-9	factor_value	factor value[experimental design]	UPS1 concentration (0.01, 0.05, 0.1, 0.250, 0.5, 1, 5, 10, 25, 50 fmol)	experimental_design_agent	spiking, respectively, 0.01–0.05–0.1–0.250–0.5–1–5–10–25–50 fmol of the UPS1 equimolar mix (Sigma) into 1 μg of yeast lysate (Merck)	LLM_ONLY	0.5	high	False	False		source_precedence:experimental_design_agent	derived	"[{""cv_accession"": null, ""cv_name"": null, ""metadata"": {""source_field"": ""factor_value""}, ""scope"": ""study"", ""source"": ""experimental_design_agent"", ""value"": ""UPS1 concentration (0.01, 0.05, 0.1, 0.250, 0.5, 1, 5, 10, 25, 50 fmol)""}]"
9	PXD009815-Sample-9	ms2_analyzer	comment[ms2 mass analyzer]	Orbitrap	technical_agent								source_precedence:technical_agent	derived	"[{""cv_accession"": null, ""cv_name"": null, ""metadata"": {}, ""scope"": ""study"", ""source"": ""technical_agent"", ""value"": ""Orbitrap""}]"
9	PXD009815-Sample-9	data_file	comment[data file]	QEKAC160601_44.raw	derived								legacy_derivation	derived	[]
9	PXD009815-Sample-9	sdrf_version	comment[sdrf version]	v1.1.0	derived								legacy_derivation	derived	[]
9	PXD009815-Sample-9	annotation_tool	comment[sdrf annotation tool]	HAMLET-agentic v2.2.5	derived								legacy_derivation	derived	[]
9	PXD009815-Sample-9	factor_disease	factor value[disease]	normal	derived								legacy_derivation	derived	[]
10	PXD009815-Sample-10	source_name	source name	PXD009815-Sample-10	derived								legacy_derivation	derived	[]
10	PXD009815-Sample-10	organism	characteristics[organism]	Saccharomyces cerevisiae	biological_agent	The comparison was based on a standard (‘ground truth’) dataset generated from a yeast lysate in which 10 different levels of the equimolar UPS1 mix of 48 human proteins were spiked, as described elsewhere.	LLM_ONLY	0.5	high	False	False		source_precedence:biological_agent	derived	"[{""cv_accession"": null, ""cv_name"": null, ""metadata"": {""source_field"": ""species""}, ""scope"": ""sample"", ""source"": ""biological_agent"", ""value"": ""Saccharomyces cerevisiae""}]"
10	PXD009815-Sample-10	disease	characteristics[disease]	normal	biological_agent	The comparison was based on a standard (‘ground truth’) dataset generated from a yeast lysate in which 10 different levels of the equimolar UPS1 mix of 48 human proteins were spiked, as described elsewhere.	LLM_ONLY	0.5	high	False	False		source_precedence:biological_agent	derived	"[{""cv_accession"": null, ""cv_name"": null, ""metadata"": {""source_field"": ""disease_state""}, ""scope"": ""sample"", ""source"": ""biological_agent"", ""value"": ""normal""}]"
10	PXD009815-Sample-10	assay_name	assay name	run 10	derived								legacy_derivation	derived	[]
10	PXD009815-Sample-10	technology_type	technology type	proteomic profiling by mass spectrometry	derived								legacy_derivation	derived	[]
10	PXD009815-Sample-10	acquisition	comment[proteomics data acquisition method]	NT=data-dependent acquisition;AC=PRIDE:0000627	runassessor								source_precedence:runassessor	derived	"[{""cv_accession"": null, ""cv_name"": null, ""metadata"": {""source_path"": ""runAssessor.files.PXD009815/QEKAC160601_113.mzML.spectra_stats.acquisition_type""}, ""scope"": ""assay"", ""source"": ""runassessor"", ""value"": ""DDA""}]"
10	PXD009815-Sample-10	label	comment[label]	label free sample	technical_agent				high	False	False		source_precedence:technical_agent	derived	"[{""cv_accession"": null, ""cv_name"": null, ""metadata"": {}, ""scope"": ""study"", ""source"": ""technical_agent"", ""value"": ""label-free""}]"
10	PXD009815-Sample-10	instrument	comment[instrument]	NT=Q Exactive Plus;AC=MS:1002634	runassessor				high	False	False		source_precedence:runassessor	derived	"[{""cv_accession"": ""MS:1002634"", ""cv_name"": ""Q Exactive Plus"", ""metadata"": {""source_path"": ""runAssessor.files.PXD009815/QEKAC160601_113.mzML.instrument_model.name""}, ""scope"": ""assay"", ""source"": ""runassessor"", ""value"": ""Q Exactive Plus""}, {""cv_accession"": null, ""cv_name"": null, ""metadata"": {}, ""scope"": ""study"", ""source"": ""technical_agent"", ""value"": ""Q Exactive Plus""}]"
10	PXD009815-Sample-10	cleavage_agent	comment[cleavage agent details]	NT=Trypsin;AC=MS:1001251	derived								legacy_derivation	derived	[]
10	PXD009815-Sample-10	dissociation	comment[dissociation method]	NT=beam-type collision-induced dissociation;AC=MS:1000422	runassessor								source_precedence:runassessor	derived	"[{""cv_accession"": null, ""cv_name"": null, ""metadata"": {""source_path"": ""runAssessor.files.PXD009815/QEKAC160601_113.mzML.spectra_stats.fragmentation_type""}, ""scope"": ""assay"", ""source"": ""runassessor"", ""value"": ""HR_HCD""}]"
10	PXD009815-Sample-10	factor_value	factor value[experimental design]	UPS1 concentration (0.01, 0.05, 0.1, 0.250, 0.5, 1, 5, 10, 25, 50 fmol)	experimental_design_agent	spiking, respectively, 0.01–0.05–0.1–0.250–0.5–1–5–10–25–50 fmol of the UPS1 equimolar mix (Sigma) into 1 μg of yeast lysate (Merck)	LLM_ONLY	0.5	high	False	False		source_precedence:experimental_design_agent	derived	"[{""cv_accession"": null, ""cv_name"": null, ""metadata"": {""source_field"": ""factor_value""}, ""scope"": ""study"", ""source"": ""experimental_design_agent"", ""value"": ""UPS1 concentration (0.01, 0.05, 0.1, 0.250, 0.5, 1, 5, 10, 25, 50 fmol)""}]"
10	PXD009815-Sample-10	ms2_analyzer	comment[ms2 mass analyzer]	Orbitrap	technical_agent								source_precedence:technical_agent	derived	"[{""cv_accession"": null, ""cv_name"": null, ""metadata"": {}, ""scope"": ""study"", ""source"": ""technical_agent"", ""value"": ""Orbitrap""}]"
10	PXD009815-Sample-10	data_file	comment[data file]	QEKAC160601_113.raw	derived								legacy_derivation	derived	[]
10	PXD009815-Sample-10	sdrf_version	comment[sdrf version]	v1.1.0	derived								legacy_derivation	derived	[]
10	PXD009815-Sample-10	annotation_tool	comment[sdrf annotation tool]	HAMLET-agentic v2.2.5	derived								legacy_derivation	derived	[]
10	PXD009815-Sample-10	factor_disease	factor value[disease]	normal	derived								legacy_derivation	derived	[]
11	PXD009815-Sample-11	source_name	source name	PXD009815-Sample-11	derived								legacy_derivation	derived	[]
11	PXD009815-Sample-11	organism	characteristics[organism]	Saccharomyces cerevisiae	biological_agent	The comparison was based on a standard (‘ground truth’) dataset generated from a yeast lysate in which 10 different levels of the equimolar UPS1 mix of 48 human proteins were spiked, as described elsewhere.	LLM_ONLY	0.5	high	False	False		source_precedence:biological_agent	derived	"[{""cv_accession"": null, ""cv_name"": null, ""metadata"": {""source_field"": ""species""}, ""scope"": ""sample"", ""source"": ""biological_agent"", ""value"": ""Saccharomyces cerevisiae""}]"
11	PXD009815-Sample-11	disease	characteristics[disease]	normal	biological_agent	The comparison was based on a standard (‘ground truth’) dataset generated from a yeast lysate in which 10 different levels of the equimolar UPS1 mix of 48 human proteins were spiked, as described elsewhere.	LLM_ONLY	0.5	high	False	False		source_precedence:biological_agent	derived	"[{""cv_accession"": null, ""cv_name"": null, ""metadata"": {""source_field"": ""disease_state""}, ""scope"": ""sample"", ""source"": ""biological_agent"", ""value"": ""normal""}]"
11	PXD009815-Sample-11	assay_name	assay name	run 11	derived								legacy_derivation	derived	[]
11	PXD009815-Sample-11	technology_type	technology type	proteomic profiling by mass spectrometry	derived								legacy_derivation	derived	[]
11	PXD009815-Sample-11	acquisition	comment[proteomics data acquisition method]	NT=data-dependent acquisition;AC=PRIDE:0000627	runassessor								source_precedence:runassessor	derived	"[{""cv_accession"": null, ""cv_name"": null, ""metadata"": {""source_path"": ""runAssessor.files.PXD009815/QEKAC160601_123.mzML.spectra_stats.acquisition_type""}, ""scope"": ""assay"", ""source"": ""runassessor"", ""value"": ""DDA""}]"
11	PXD009815-Sample-11	label	comment[label]	label free sample	technical_agent				high	False	False		source_precedence:technical_agent	derived	"[{""cv_accession"": null, ""cv_name"": null, ""metadata"": {}, ""scope"": ""study"", ""source"": ""technical_agent"", ""value"": ""label-free""}]"
11	PXD009815-Sample-11	instrument	comment[instrument]	NT=Q Exactive Plus;AC=MS:1002634	runassessor				high	False	False		source_precedence:runassessor	derived	"[{""cv_accession"": ""MS:1002634"", ""cv_name"": ""Q Exactive Plus"", ""metadata"": {""source_path"": ""runAssessor.files.PXD009815/QEKAC160601_123.mzML.instrument_model.name""}, ""scope"": ""assay"", ""source"": ""runassessor"", ""value"": ""Q Exactive Plus""}, {""cv_accession"": null, ""cv_name"": null, ""metadata"": {}, ""scope"": ""study"", ""source"": ""technical_agent"", ""value"": ""Q Exactive Plus""}]"
11	PXD009815-Sample-11	cleavage_agent	comment[cleavage agent details]	NT=Trypsin;AC=MS:1001251	derived								legacy_derivation	derived	[]
11	PXD009815-Sample-11	dissociation	comment[dissociation method]	NT=beam-type collision-induced dissociation;AC=MS:1000422	runassessor								source_precedence:runassessor	derived	"[{""cv_accession"": null, ""cv_name"": null, ""metadata"": {""source_path"": ""runAssessor.files.PXD009815/QEKAC160601_123.mzML.spectra_stats.fragmentation_type""}, ""scope"": ""assay"", ""source"": ""runassessor"", ""value"": ""HR_HCD""}]"
11	PXD009815-Sample-11	factor_value	factor value[experimental design]	UPS1 concentration (0.01, 0.05, 0.1, 0.250, 0.5, 1, 5, 10, 25, 50 fmol)	experimental_design_agent	spiking, respectively, 0.01–0.05–0.1–0.250–0.5–1–5–10–25–50 fmol of the UPS1 equimolar mix (Sigma) into 1 μg of yeast lysate (Merck)	LLM_ONLY	0.5	high	False	False		source_precedence:experimental_design_agent	derived	"[{""cv_accession"": null, ""cv_name"": null, ""metadata"": {""source_field"": ""factor_value""}, ""scope"": ""study"", ""source"": ""experimental_design_agent"", ""value"": ""UPS1 concentration (0.01, 0.05, 0.1, 0.250, 0.5, 1, 5, 10, 25, 50 fmol)""}]"
11	PXD009815-Sample-11	ms2_analyzer	comment[ms2 mass analyzer]	Orbitrap	technical_agent								source_precedence:technical_agent	derived	"[{""cv_accession"": null, ""cv_name"": null, ""metadata"": {}, ""scope"": ""study"", ""source"": ""technical_agent"", ""value"": ""Orbitrap""}]"
11	PXD009815-Sample-11	data_file	comment[data file]	QEKAC160601_123.raw	derived								legacy_derivation	derived	[]
11	PXD009815-Sample-11	sdrf_version	comment[sdrf version]	v1.1.0	derived								legacy_derivation	derived	[]
11	PXD009815-Sample-11	annotation_tool	comment[sdrf annotation tool]	HAMLET-agentic v2.2.5	derived								legacy_derivation	derived	[]
11	PXD009815-Sample-11	factor_disease	factor value[disease]	normal	derived								legacy_derivation	derived	[]
12	PXD009815-Sample-12	source_name	source name	PXD009815-Sample-12	derived								legacy_derivation	derived	[]
12	PXD009815-Sample-12	organism	characteristics[organism]	Saccharomyces cerevisiae	biological_agent	The comparison was based on a standard (‘ground truth’) dataset generated from a yeast lysate in which 10 different levels of the equimolar UPS1 mix of 48 human proteins were spiked, as described elsewhere.	LLM_ONLY	0.5	high	False	False		source_precedence:biological_agent	derived	"[{""cv_accession"": null, ""cv_name"": null, ""metadata"": {""source_field"": ""species""}, ""scope"": ""sample"", ""source"": ""biological_agent"", ""value"": ""Saccharomyces cerevisiae""}]"
12	PXD009815-Sample-12	disease	characteristics[disease]	normal	biological_agent	The comparison was based on a standard (‘ground truth’) dataset generated from a yeast lysate in which 10 different levels of the equimolar UPS1 mix of 48 human proteins were spiked, as described elsewhere.	LLM_ONLY	0.5	high	False	False		source_precedence:biological_agent	derived	"[{""cv_accession"": null, ""cv_name"": null, ""metadata"": {""source_field"": ""disease_state""}, ""scope"": ""sample"", ""source"": ""biological_agent"", ""value"": ""normal""}]"
12	PXD009815-Sample-12	assay_name	assay name	run 12	derived								legacy_derivation	derived	[]
12	PXD009815-Sample-12	technology_type	technology type	proteomic profiling by mass spectrometry	derived								legacy_derivation	derived	[]
12	PXD009815-Sample-12	acquisition	comment[proteomics data acquisition method]	NT=data-dependent acquisition;AC=PRIDE:0000627	runassessor								source_precedence:runassessor	derived	"[{""cv_accession"": null, ""cv_name"": null, ""metadata"": {""source_path"": ""runAssessor.files.PXD009815/QEKAC160601_18.mzML.spectra_stats.acquisition_type""}, ""scope"": ""assay"", ""source"": ""runassessor"", ""value"": ""DDA""}]"
12	PXD009815-Sample-12	label	comment[label]	label free sample	technical_agent				high	False	False		source_precedence:technical_agent	derived	"[{""cv_accession"": null, ""cv_name"": null, ""metadata"": {}, ""scope"": ""study"", ""source"": ""technical_agent"", ""value"": ""label-free""}]"
12	PXD009815-Sample-12	instrument	comment[instrument]	NT=Q Exactive Plus;AC=MS:1002634	runassessor				high	False	False		source_precedence:runassessor	derived	"[{""cv_accession"": ""MS:1002634"", ""cv_name"": ""Q Exactive Plus"", ""metadata"": {""source_path"": ""runAssessor.files.PXD009815/QEKAC160601_18.mzML.instrument_model.name""}, ""scope"": ""assay"", ""source"": ""runassessor"", ""value"": ""Q Exactive Plus""}, {""cv_accession"": null, ""cv_name"": null, ""metadata"": {}, ""scope"": ""study"", ""source"": ""technical_agent"", ""value"": ""Q Exactive Plus""}]"
12	PXD009815-Sample-12	cleavage_agent	comment[cleavage agent details]	NT=Trypsin;AC=MS:1001251	derived								legacy_derivation	derived	[]
12	PXD009815-Sample-12	dissociation	comment[dissociation method]	NT=beam-type collision-induced dissociation;AC=MS:1000422	runassessor								source_precedence:runassessor	derived	"[{""cv_accession"": null, ""cv_name"": null, ""metadata"": {""source_path"": ""runAssessor.files.PXD009815/QEKAC160601_18.mzML.spectra_stats.fragmentation_type""}, ""scope"": ""assay"", ""source"": ""runassessor"", ""value"": ""HR_HCD""}]"
12	PXD009815-Sample-12	factor_value	factor value[experimental design]	UPS1 concentration (0.01, 0.05, 0.1, 0.250, 0.5, 1, 5, 10, 25, 50 fmol)	experimental_design_agent	spiking, respectively, 0.01–0.05–0.1–0.250–0.5–1–5–10–25–50 fmol of the UPS1 equimolar mix (Sigma) into 1 μg of yeast lysate (Merck)	LLM_ONLY	0.5	high	False	False		source_precedence:experimental_design_agent	derived	"[{""cv_accession"": null, ""cv_name"": null, ""metadata"": {""source_field"": ""factor_value""}, ""scope"": ""study"", ""source"": ""experimental_design_agent"", ""value"": ""UPS1 concentration (0.01, 0.05, 0.1, 0.250, 0.5, 1, 5, 10, 25, 50 fmol)""}]"
12	PXD009815-Sample-12	ms2_analyzer	comment[ms2 mass analyzer]	Orbitrap	technical_agent								source_precedence:technical_agent	derived	"[{""cv_accession"": null, ""cv_name"": null, ""metadata"": {}, ""scope"": ""study"", ""source"": ""technical_agent"", ""value"": ""Orbitrap""}]"
12	PXD009815-Sample-12	data_file	comment[data file]	QEKAC160601_18.raw	derived								legacy_derivation	derived	[]
12	PXD009815-Sample-12	sdrf_version	comment[sdrf version]	v1.1.0	derived								legacy_derivation	derived	[]
12	PXD009815-Sample-12	annotation_tool	comment[sdrf annotation tool]	HAMLET-agentic v2.2.5	derived								legacy_derivation	derived	[]
12	PXD009815-Sample-12	factor_disease	factor value[disease]	normal	derived								legacy_derivation	derived	[]
13	PXD009815-Sample-13	source_name	source name	PXD009815-Sample-13	derived								legacy_derivation	derived	[]
13	PXD009815-Sample-13	organism	characteristics[organism]	Saccharomyces cerevisiae	biological_agent	The comparison was based on a standard (‘ground truth’) dataset generated from a yeast lysate in which 10 different levels of the equimolar UPS1 mix of 48 human proteins were spiked, as described elsewhere.	LLM_ONLY	0.5	high	False	False		source_precedence:biological_agent	derived	"[{""cv_accession"": null, ""cv_name"": null, ""metadata"": {""source_field"": ""species""}, ""scope"": ""sample"", ""source"": ""biological_agent"", ""value"": ""Saccharomyces cerevisiae""}]"
13	PXD009815-Sample-13	disease	characteristics[disease]	normal	biological_agent	The comparison was based on a standard (‘ground truth’) dataset generated from a yeast lysate in which 10 different levels of the equimolar UPS1 mix of 48 human proteins were spiked, as described elsewhere.	LLM_ONLY	0.5	high	False	False		source_precedence:biological_agent	derived	"[{""cv_accession"": null, ""cv_name"": null, ""metadata"": {""source_field"": ""disease_state""}, ""scope"": ""sample"", ""source"": ""biological_agent"", ""value"": ""normal""}]"
13	PXD009815-Sample-13	assay_name	assay name	run 13	derived								legacy_derivation	derived	[]
13	PXD009815-Sample-13	technology_type	technology type	proteomic profiling by mass spectrometry	derived								legacy_derivation	derived	[]
13	PXD009815-Sample-13	acquisition	comment[proteomics data acquisition method]	NT=data-dependent acquisition;AC=PRIDE:0000627	runassessor								source_precedence:runassessor	derived	"[{""cv_accession"": null, ""cv_name"": null, ""metadata"": {""source_path"": ""runAssessor.files.PXD009815/QEKAC160601_50.mzML.spectra_stats.acquisition_type""}, ""scope"": ""assay"", ""source"": ""runassessor"", ""value"": ""DDA""}]"
13	PXD009815-Sample-13	label	comment[label]	label free sample	technical_agent				high	False	False		source_precedence:technical_agent	derived	"[{""cv_accession"": null, ""cv_name"": null, ""metadata"": {}, ""scope"": ""study"", ""source"": ""technical_agent"", ""value"": ""label-free""}]"
13	PXD009815-Sample-13	instrument	comment[instrument]	NT=Q Exactive Plus;AC=MS:1002634	runassessor				high	False	False		source_precedence:runassessor	derived	"[{""cv_accession"": ""MS:1002634"", ""cv_name"": ""Q Exactive Plus"", ""metadata"": {""source_path"": ""runAssessor.files.PXD009815/QEKAC160601_50.mzML.instrument_model.name""}, ""scope"": ""assay"", ""source"": ""runassessor"", ""value"": ""Q Exactive Plus""}, {""cv_accession"": null, ""cv_name"": null, ""metadata"": {}, ""scope"": ""study"", ""source"": ""technical_agent"", ""value"": ""Q Exactive Plus""}]"
13	PXD009815-Sample-13	cleavage_agent	comment[cleavage agent details]	NT=Trypsin;AC=MS:1001251	derived								legacy_derivation	derived	[]
13	PXD009815-Sample-13	dissociation	comment[dissociation method]	NT=beam-type collision-induced dissociation;AC=MS:1000422	runassessor								source_precedence:runassessor	derived	"[{""cv_accession"": null, ""cv_name"": null, ""metadata"": {""source_path"": ""runAssessor.files.PXD009815/QEKAC160601_50.mzML.spectra_stats.fragmentation_type""}, ""scope"": ""assay"", ""source"": ""runassessor"", ""value"": ""HR_HCD""}]"
13	PXD009815-Sample-13	factor_value	factor value[experimental design]	UPS1 concentration (0.01, 0.05, 0.1, 0.250, 0.5, 1, 5, 10, 25, 50 fmol)	experimental_design_agent	spiking, respectively, 0.01–0.05–0.1–0.250–0.5–1–5–10–25–50 fmol of the UPS1 equimolar mix (Sigma) into 1 μg of yeast lysate (Merck)	LLM_ONLY	0.5	high	False	False		source_precedence:experimental_design_agent	derived	"[{""cv_accession"": null, ""cv_name"": null, ""metadata"": {""source_field"": ""factor_value""}, ""scope"": ""study"", ""source"": ""experimental_design_agent"", ""value"": ""UPS1 concentration (0.01, 0.05, 0.1, 0.250, 0.5, 1, 5, 10, 25, 50 fmol)""}]"
13	PXD009815-Sample-13	ms2_analyzer	comment[ms2 mass analyzer]	Orbitrap	technical_agent								source_precedence:technical_agent	derived	"[{""cv_accession"": null, ""cv_name"": null, ""metadata"": {}, ""scope"": ""study"", ""source"": ""technical_agent"", ""value"": ""Orbitrap""}]"
13	PXD009815-Sample-13	data_file	comment[data file]	QEKAC160601_50.raw	derived								legacy_derivation	derived	[]
13	PXD009815-Sample-13	sdrf_version	comment[sdrf version]	v1.1.0	derived								legacy_derivation	derived	[]
13	PXD009815-Sample-13	annotation_tool	comment[sdrf annotation tool]	HAMLET-agentic v2.2.5	derived								legacy_derivation	derived	[]
13	PXD009815-Sample-13	factor_disease	factor value[disease]	normal	derived								legacy_derivation	derived	[]
14	PXD009815-Sample-14	source_name	source name	PXD009815-Sample-14	derived								legacy_derivation	derived	[]
14	PXD009815-Sample-14	organism	characteristics[organism]	Saccharomyces cerevisiae	biological_agent	The comparison was based on a standard (‘ground truth’) dataset generated from a yeast lysate in which 10 different levels of the equimolar UPS1 mix of 48 human proteins were spiked, as described elsewhere.	LLM_ONLY	0.5	high	False	False		source_precedence:biological_agent	derived	"[{""cv_accession"": null, ""cv_name"": null, ""metadata"": {""source_field"": ""species""}, ""scope"": ""sample"", ""source"": ""biological_agent"", ""value"": ""Saccharomyces cerevisiae""}]"
14	PXD009815-Sample-14	disease	characteristics[disease]	normal	biological_agent	The comparison was based on a standard (‘ground truth’) dataset generated from a yeast lysate in which 10 different levels of the equimolar UPS1 mix of 48 human proteins were spiked, as described elsewhere.	LLM_ONLY	0.5	high	False	False		source_precedence:biological_agent	derived	"[{""cv_accession"": null, ""cv_name"": null, ""metadata"": {""source_field"": ""disease_state""}, ""scope"": ""sample"", ""source"": ""biological_agent"", ""value"": ""normal""}]"
14	PXD009815-Sample-14	assay_name	assay name	run 14	derived								legacy_derivation	derived	[]
14	PXD009815-Sample-14	technology_type	technology type	proteomic profiling by mass spectrometry	derived								legacy_derivation	derived	[]
14	PXD009815-Sample-14	acquisition	comment[proteomics data acquisition method]	NT=data-dependent acquisition;AC=PRIDE:0000627	runassessor								source_precedence:runassessor	derived	"[{""cv_accession"": null, ""cv_name"": null, ""metadata"": {""source_path"": ""runAssessor.files.PXD009815/QEKAC160601_08.mzML.spectra_stats.acquisition_type""}, ""scope"": ""assay"", ""source"": ""runassessor"", ""value"": ""DDA""}]"
14	PXD009815-Sample-14	label	comment[label]	label free sample	technical_agent				high	False	False		source_precedence:technical_agent	derived	"[{""cv_accession"": null, ""cv_name"": null, ""metadata"": {}, ""scope"": ""study"", ""source"": ""technical_agent"", ""value"": ""label-free""}]"
14	PXD009815-Sample-14	instrument	comment[instrument]	NT=Q Exactive Plus;AC=MS:1002634	runassessor				high	False	False		source_precedence:runassessor	derived	"[{""cv_accession"": ""MS:1002634"", ""cv_name"": ""Q Exactive Plus"", ""metadata"": {""source_path"": ""runAssessor.files.PXD009815/QEKAC160601_08.mzML.instrument_model.name""}, ""scope"": ""assay"", ""source"": ""runassessor"", ""value"": ""Q Exactive Plus""}, {""cv_accession"": null, ""cv_name"": null, ""metadata"": {}, ""scope"": ""study"", ""source"": ""technical_agent"", ""value"": ""Q Exactive Plus""}]"
14	PXD009815-Sample-14	cleavage_agent	comment[cleavage agent details]	NT=Trypsin;AC=MS:1001251	derived								legacy_derivation	derived	[]
14	PXD009815-Sample-14	dissociation	comment[dissociation method]	NT=beam-type collision-induced dissociation;AC=MS:1000422	runassessor								source_precedence:runassessor	derived	"[{""cv_accession"": null, ""cv_name"": null, ""metadata"": {""source_path"": ""runAssessor.files.PXD009815/QEKAC160601_08.mzML.spectra_stats.fragmentation_type""}, ""scope"": ""assay"", ""source"": ""runassessor"", ""value"": ""HR_HCD""}]"
14	PXD009815-Sample-14	factor_value	factor value[experimental design]	UPS1 concentration (0.01, 0.05, 0.1, 0.250, 0.5, 1, 5, 10, 25, 50 fmol)	experimental_design_agent	spiking, respectively, 0.01–0.05–0.1–0.250–0.5–1–5–10–25–50 fmol of the UPS1 equimolar mix (Sigma) into 1 μg of yeast lysate (Merck)	LLM_ONLY	0.5	high	False	False		source_precedence:experimental_design_agent	derived	"[{""cv_accession"": null, ""cv_name"": null, ""metadata"": {""source_field"": ""factor_value""}, ""scope"": ""study"", ""source"": ""experimental_design_agent"", ""value"": ""UPS1 concentration (0.01, 0.05, 0.1, 0.250, 0.5, 1, 5, 10, 25, 50 fmol)""}]"
14	PXD009815-Sample-14	ms2_analyzer	comment[ms2 mass analyzer]	Orbitrap	technical_agent								source_precedence:technical_agent	derived	"[{""cv_accession"": null, ""cv_name"": null, ""metadata"": {}, ""scope"": ""study"", ""source"": ""technical_agent"", ""value"": ""Orbitrap""}]"
14	PXD009815-Sample-14	data_file	comment[data file]	QEKAC160601_08.raw	derived								legacy_derivation	derived	[]
14	PXD009815-Sample-14	sdrf_version	comment[sdrf version]	v1.1.0	derived								legacy_derivation	derived	[]
14	PXD009815-Sample-14	annotation_tool	comment[sdrf annotation tool]	HAMLET-agentic v2.2.5	derived								legacy_derivation	derived	[]
14	PXD009815-Sample-14	factor_disease	factor value[disease]	normal	derived								legacy_derivation	derived	[]
15	PXD009815-Sample-15	source_name	source name	PXD009815-Sample-15	derived								legacy_derivation	derived	[]
15	PXD009815-Sample-15	organism	characteristics[organism]	Saccharomyces cerevisiae	biological_agent	The comparison was based on a standard (‘ground truth’) dataset generated from a yeast lysate in which 10 different levels of the equimolar UPS1 mix of 48 human proteins were spiked, as described elsewhere.	LLM_ONLY	0.5	high	False	False		source_precedence:biological_agent	derived	"[{""cv_accession"": null, ""cv_name"": null, ""metadata"": {""source_field"": ""species""}, ""scope"": ""sample"", ""source"": ""biological_agent"", ""value"": ""Saccharomyces cerevisiae""}]"
15	PXD009815-Sample-15	disease	characteristics[disease]	normal	biological_agent	The comparison was based on a standard (‘ground truth’) dataset generated from a yeast lysate in which 10 different levels of the equimolar UPS1 mix of 48 human proteins were spiked, as described elsewhere.	LLM_ONLY	0.5	high	False	False		source_precedence:biological_agent	derived	"[{""cv_accession"": null, ""cv_name"": null, ""metadata"": {""source_field"": ""disease_state""}, ""scope"": ""sample"", ""source"": ""biological_agent"", ""value"": ""normal""}]"
15	PXD009815-Sample-15	assay_name	assay name	run 15	derived								legacy_derivation	derived	[]
15	PXD009815-Sample-15	technology_type	technology type	proteomic profiling by mass spectrometry	derived								legacy_derivation	derived	[]
15	PXD009815-Sample-15	acquisition	comment[proteomics data acquisition method]	NT=data-dependent acquisition;AC=PRIDE:0000627	runassessor								source_precedence:runassessor	derived	"[{""cv_accession"": null, ""cv_name"": null, ""metadata"": {""source_path"": ""runAssessor.files.PXD009815/QEKAC160601_04.mzML.spectra_stats.acquisition_type""}, ""scope"": ""assay"", ""source"": ""runassessor"", ""value"": ""DDA""}]"
15	PXD009815-Sample-15	label	comment[label]	label free sample	technical_agent				high	False	False		source_precedence:technical_agent	derived	"[{""cv_accession"": null, ""cv_name"": null, ""metadata"": {}, ""scope"": ""study"", ""source"": ""technical_agent"", ""value"": ""label-free""}]"
15	PXD009815-Sample-15	instrument	comment[instrument]	NT=Q Exactive Plus;AC=MS:1002634	runassessor				high	False	False		source_precedence:runassessor	derived	"[{""cv_accession"": ""MS:1002634"", ""cv_name"": ""Q Exactive Plus"", ""metadata"": {""source_path"": ""runAssessor.files.PXD009815/QEKAC160601_04.mzML.instrument_model.name""}, ""scope"": ""assay"", ""source"": ""runassessor"", ""value"": ""Q Exactive Plus""}, {""cv_accession"": null, ""cv_name"": null, ""metadata"": {}, ""scope"": ""study"", ""source"": ""technical_agent"", ""value"": ""Q Exactive Plus""}]"
15	PXD009815-Sample-15	cleavage_agent	comment[cleavage agent details]	NT=Trypsin;AC=MS:1001251	derived								legacy_derivation	derived	[]
15	PXD009815-Sample-15	dissociation	comment[dissociation method]	NT=beam-type collision-induced dissociation;AC=MS:1000422	runassessor								source_precedence:runassessor	derived	"[{""cv_accession"": null, ""cv_name"": null, ""metadata"": {""source_path"": ""runAssessor.files.PXD009815/QEKAC160601_04.mzML.spectra_stats.fragmentation_type""}, ""scope"": ""assay"", ""source"": ""runassessor"", ""value"": ""HR_HCD""}]"
15	PXD009815-Sample-15	factor_value	factor value[experimental design]	UPS1 concentration (0.01, 0.05, 0.1, 0.250, 0.5, 1, 5, 10, 25, 50 fmol)	experimental_design_agent	spiking, respectively, 0.01–0.05–0.1–0.250–0.5–1–5–10–25–50 fmol of the UPS1 equimolar mix (Sigma) into 1 μg of yeast lysate (Merck)	LLM_ONLY	0.5	high	False	False		source_precedence:experimental_design_agent	derived	"[{""cv_accession"": null, ""cv_name"": null, ""metadata"": {""source_field"": ""factor_value""}, ""scope"": ""study"", ""source"": ""experimental_design_agent"", ""value"": ""UPS1 concentration (0.01, 0.05, 0.1, 0.250, 0.5, 1, 5, 10, 25, 50 fmol)""}]"
15	PXD009815-Sample-15	ms2_analyzer	comment[ms2 mass analyzer]	Orbitrap	technical_agent								source_precedence:technical_agent	derived	"[{""cv_accession"": null, ""cv_name"": null, ""metadata"": {}, ""scope"": ""study"", ""source"": ""technical_agent"", ""value"": ""Orbitrap""}]"
15	PXD009815-Sample-15	data_file	comment[data file]	QEKAC160601_04.raw	derived								legacy_derivation	derived	[]
15	PXD009815-Sample-15	sdrf_version	comment[sdrf version]	v1.1.0	derived								legacy_derivation	derived	[]
15	PXD009815-Sample-15	annotation_tool	comment[sdrf annotation tool]	HAMLET-agentic v2.2.5	derived								legacy_derivation	derived	[]
15	PXD009815-Sample-15	factor_disease	factor value[disease]	normal	derived								legacy_derivation	derived	[]
16	PXD009815-Sample-16	source_name	source name	PXD009815-Sample-16	derived								legacy_derivation	derived	[]
16	PXD009815-Sample-16	organism	characteristics[organism]	Saccharomyces cerevisiae	biological_agent	The comparison was based on a standard (‘ground truth’) dataset generated from a yeast lysate in which 10 different levels of the equimolar UPS1 mix of 48 human proteins were spiked, as described elsewhere.	LLM_ONLY	0.5	high	False	False		source_precedence:biological_agent	derived	"[{""cv_accession"": null, ""cv_name"": null, ""metadata"": {""source_field"": ""species""}, ""scope"": ""sample"", ""source"": ""biological_agent"", ""value"": ""Saccharomyces cerevisiae""}]"
16	PXD009815-Sample-16	disease	characteristics[disease]	normal	biological_agent	The comparison was based on a standard (‘ground truth’) dataset generated from a yeast lysate in which 10 different levels of the equimolar UPS1 mix of 48 human proteins were spiked, as described elsewhere.	LLM_ONLY	0.5	high	False	False		source_precedence:biological_agent	derived	"[{""cv_accession"": null, ""cv_name"": null, ""metadata"": {""source_field"": ""disease_state""}, ""scope"": ""sample"", ""source"": ""biological_agent"", ""value"": ""normal""}]"
16	PXD009815-Sample-16	assay_name	assay name	run 16	derived								legacy_derivation	derived	[]
16	PXD009815-Sample-16	technology_type	technology type	proteomic profiling by mass spectrometry	derived								legacy_derivation	derived	[]
16	PXD009815-Sample-16	acquisition	comment[proteomics data acquisition method]	NT=data-dependent acquisition;AC=PRIDE:0000627	runassessor								source_precedence:runassessor	derived	"[{""cv_accession"": null, ""cv_name"": null, ""metadata"": {""source_path"": ""runAssessor.files.PXD009815/QEKAC160601_119.mzML.spectra_stats.acquisition_type""}, ""scope"": ""assay"", ""source"": ""runassessor"", ""value"": ""DDA""}]"
16	PXD009815-Sample-16	label	comment[label]	label free sample	technical_agent				high	False	False		source_precedence:technical_agent	derived	"[{""cv_accession"": null, ""cv_name"": null, ""metadata"": {}, ""scope"": ""study"", ""source"": ""technical_agent"", ""value"": ""label-free""}]"
16	PXD009815-Sample-16	instrument	comment[instrument]	NT=Q Exactive Plus;AC=MS:1002634	runassessor				high	False	False		source_precedence:runassessor	derived	"[{""cv_accession"": ""MS:1002634"", ""cv_name"": ""Q Exactive Plus"", ""metadata"": {""source_path"": ""runAssessor.files.PXD009815/QEKAC160601_119.mzML.instrument_model.name""}, ""scope"": ""assay"", ""source"": ""runassessor"", ""value"": ""Q Exactive Plus""}, {""cv_accession"": null, ""cv_name"": null, ""metadata"": {}, ""scope"": ""study"", ""source"": ""technical_agent"", ""value"": ""Q Exactive Plus""}]"
16	PXD009815-Sample-16	cleavage_agent	comment[cleavage agent details]	NT=Trypsin;AC=MS:1001251	derived								legacy_derivation	derived	[]
16	PXD009815-Sample-16	dissociation	comment[dissociation method]	NT=beam-type collision-induced dissociation;AC=MS:1000422	runassessor								source_precedence:runassessor	derived	"[{""cv_accession"": null, ""cv_name"": null, ""metadata"": {""source_path"": ""runAssessor.files.PXD009815/QEKAC160601_119.mzML.spectra_stats.fragmentation_type""}, ""scope"": ""assay"", ""source"": ""runassessor"", ""value"": ""HR_HCD""}]"
16	PXD009815-Sample-16	factor_value	factor value[experimental design]	UPS1 concentration (0.01, 0.05, 0.1, 0.250, 0.5, 1, 5, 10, 25, 50 fmol)	experimental_design_agent	spiking, respectively, 0.01–0.05–0.1–0.250–0.5–1–5–10–25–50 fmol of the UPS1 equimolar mix (Sigma) into 1 μg of yeast lysate (Merck)	LLM_ONLY	0.5	high	False	False		source_precedence:experimental_design_agent	derived	"[{""cv_accession"": null, ""cv_name"": null, ""metadata"": {""source_field"": ""factor_value""}, ""scope"": ""study"", ""source"": ""experimental_design_agent"", ""value"": ""UPS1 concentration (0.01, 0.05, 0.1, 0.250, 0.5, 1, 5, 10, 25, 50 fmol)""}]"
16	PXD009815-Sample-16	ms2_analyzer	comment[ms2 mass analyzer]	Orbitrap	technical_agent								source_precedence:technical_agent	derived	"[{""cv_accession"": null, ""cv_name"": null, ""metadata"": {}, ""scope"": ""study"", ""source"": ""technical_agent"", ""value"": ""Orbitrap""}]"
16	PXD009815-Sample-16	data_file	comment[data file]	QEKAC160601_119.raw	derived								legacy_derivation	derived	[]
16	PXD009815-Sample-16	sdrf_version	comment[sdrf version]	v1.1.0	derived								legacy_derivation	derived	[]
16	PXD009815-Sample-16	annotation_tool	comment[sdrf annotation tool]	HAMLET-agentic v2.2.5	derived								legacy_derivation	derived	[]
16	PXD009815-Sample-16	factor_disease	factor value[disease]	normal	derived								legacy_derivation	derived	[]
17	PXD009815-Sample-17	source_name	source name	PXD009815-Sample-17	derived								legacy_derivation	derived	[]
17	PXD009815-Sample-17	organism	characteristics[organism]	Saccharomyces cerevisiae	biological_agent	The comparison was based on a standard (‘ground truth’) dataset generated from a yeast lysate in which 10 different levels of the equimolar UPS1 mix of 48 human proteins were spiked, as described elsewhere.	LLM_ONLY	0.5	high	False	False		source_precedence:biological_agent	derived	"[{""cv_accession"": null, ""cv_name"": null, ""metadata"": {""source_field"": ""species""}, ""scope"": ""sample"", ""source"": ""biological_agent"", ""value"": ""Saccharomyces cerevisiae""}]"
17	PXD009815-Sample-17	disease	characteristics[disease]	normal	biological_agent	The comparison was based on a standard (‘ground truth’) dataset generated from a yeast lysate in which 10 different levels of the equimolar UPS1 mix of 48 human proteins were spiked, as described elsewhere.	LLM_ONLY	0.5	high	False	False		source_precedence:biological_agent	derived	"[{""cv_accession"": null, ""cv_name"": null, ""metadata"": {""source_field"": ""disease_state""}, ""scope"": ""sample"", ""source"": ""biological_agent"", ""value"": ""normal""}]"
17	PXD009815-Sample-17	assay_name	assay name	run 17	derived								legacy_derivation	derived	[]
17	PXD009815-Sample-17	technology_type	technology type	proteomic profiling by mass spectrometry	derived								legacy_derivation	derived	[]
17	PXD009815-Sample-17	acquisition	comment[proteomics data acquisition method]	NT=data-dependent acquisition;AC=PRIDE:0000627	runassessor								source_precedence:runassessor	derived	"[{""cv_accession"": null, ""cv_name"": null, ""metadata"": {""source_path"": ""runAssessor.files.PXD009815/QEKAC160601_46.mzML.spectra_stats.acquisition_type""}, ""scope"": ""assay"", ""source"": ""runassessor"", ""value"": ""DDA""}]"
17	PXD009815-Sample-17	label	comment[label]	label free sample	technical_agent				high	False	False		source_precedence:technical_agent	derived	"[{""cv_accession"": null, ""cv_name"": null, ""metadata"": {}, ""scope"": ""study"", ""source"": ""technical_agent"", ""value"": ""label-free""}]"
17	PXD009815-Sample-17	instrument	comment[instrument]	NT=Q Exactive Plus;AC=MS:1002634	runassessor				high	False	False		source_precedence:runassessor	derived	"[{""cv_accession"": ""MS:1002634"", ""cv_name"": ""Q Exactive Plus"", ""metadata"": {""source_path"": ""runAssessor.files.PXD009815/QEKAC160601_46.mzML.instrument_model.name""}, ""scope"": ""assay"", ""source"": ""runassessor"", ""value"": ""Q Exactive Plus""}, {""cv_accession"": null, ""cv_name"": null, ""metadata"": {}, ""scope"": ""study"", ""source"": ""technical_agent"", ""value"": ""Q Exactive Plus""}]"
17	PXD009815-Sample-17	cleavage_agent	comment[cleavage agent details]	NT=Trypsin;AC=MS:1001251	derived								legacy_derivation	derived	[]
17	PXD009815-Sample-17	dissociation	comment[dissociation method]	NT=beam-type collision-induced dissociation;AC=MS:1000422	runassessor								source_precedence:runassessor	derived	"[{""cv_accession"": null, ""cv_name"": null, ""metadata"": {""source_path"": ""runAssessor.files.PXD009815/QEKAC160601_46.mzML.spectra_stats.fragmentation_type""}, ""scope"": ""assay"", ""source"": ""runassessor"", ""value"": ""HR_HCD""}]"
17	PXD009815-Sample-17	factor_value	factor value[experimental design]	UPS1 concentration (0.01, 0.05, 0.1, 0.250, 0.5, 1, 5, 10, 25, 50 fmol)	experimental_design_agent	spiking, respectively, 0.01–0.05–0.1–0.250–0.5–1–5–10–25–50 fmol of the UPS1 equimolar mix (Sigma) into 1 μg of yeast lysate (Merck)	LLM_ONLY	0.5	high	False	False		source_precedence:experimental_design_agent	derived	"[{""cv_accession"": null, ""cv_name"": null, ""metadata"": {""source_field"": ""factor_value""}, ""scope"": ""study"", ""source"": ""experimental_design_agent"", ""value"": ""UPS1 concentration (0.01, 0.05, 0.1, 0.250, 0.5, 1, 5, 10, 25, 50 fmol)""}]"
17	PXD009815-Sample-17	ms2_analyzer	comment[ms2 mass analyzer]	Orbitrap	technical_agent								source_precedence:technical_agent	derived	"[{""cv_accession"": null, ""cv_name"": null, ""metadata"": {}, ""scope"": ""study"", ""source"": ""technical_agent"", ""value"": ""Orbitrap""}]"
17	PXD009815-Sample-17	data_file	comment[data file]	QEKAC160601_46.raw	derived								legacy_derivation	derived	[]
17	PXD009815-Sample-17	sdrf_version	comment[sdrf version]	v1.1.0	derived								legacy_derivation	derived	[]
17	PXD009815-Sample-17	annotation_tool	comment[sdrf annotation tool]	HAMLET-agentic v2.2.5	derived								legacy_derivation	derived	[]
17	PXD009815-Sample-17	factor_disease	factor value[disease]	normal	derived								legacy_derivation	derived	[]
18	PXD009815-Sample-18	source_name	source name	PXD009815-Sample-18	derived								legacy_derivation	derived	[]
18	PXD009815-Sample-18	organism	characteristics[organism]	Saccharomyces cerevisiae	biological_agent	The comparison was based on a standard (‘ground truth’) dataset generated from a yeast lysate in which 10 different levels of the equimolar UPS1 mix of 48 human proteins were spiked, as described elsewhere.	LLM_ONLY	0.5	high	False	False		source_precedence:biological_agent	derived	"[{""cv_accession"": null, ""cv_name"": null, ""metadata"": {""source_field"": ""species""}, ""scope"": ""sample"", ""source"": ""biological_agent"", ""value"": ""Saccharomyces cerevisiae""}]"
18	PXD009815-Sample-18	disease	characteristics[disease]	normal	biological_agent	The comparison was based on a standard (‘ground truth’) dataset generated from a yeast lysate in which 10 different levels of the equimolar UPS1 mix of 48 human proteins were spiked, as described elsewhere.	LLM_ONLY	0.5	high	False	False		source_precedence:biological_agent	derived	"[{""cv_accession"": null, ""cv_name"": null, ""metadata"": {""source_field"": ""disease_state""}, ""scope"": ""sample"", ""source"": ""biological_agent"", ""value"": ""normal""}]"
18	PXD009815-Sample-18	assay_name	assay name	run 18	derived								legacy_derivation	derived	[]
18	PXD009815-Sample-18	technology_type	technology type	proteomic profiling by mass spectrometry	derived								legacy_derivation	derived	[]
18	PXD009815-Sample-18	acquisition	comment[proteomics data acquisition method]	NT=data-dependent acquisition;AC=PRIDE:0000627	runassessor								source_precedence:runassessor	derived	"[{""cv_accession"": null, ""cv_name"": null, ""metadata"": {""source_path"": ""runAssessor.files.PXD009815/QEKAC160601_65.mzML.spectra_stats.acquisition_type""}, ""scope"": ""assay"", ""source"": ""runassessor"", ""value"": ""DDA""}]"
18	PXD009815-Sample-18	label	comment[label]	label free sample	technical_agent				high	False	False		source_precedence:technical_agent	derived	"[{""cv_accession"": null, ""cv_name"": null, ""metadata"": {}, ""scope"": ""study"", ""source"": ""technical_agent"", ""value"": ""label-free""}]"
18	PXD009815-Sample-18	instrument	comment[instrument]	NT=Q Exactive Plus;AC=MS:1002634	runassessor				high	False	False		source_precedence:runassessor	derived	"[{""cv_accession"": ""MS:1002634"", ""cv_name"": ""Q Exactive Plus"", ""metadata"": {""source_path"": ""runAssessor.files.PXD009815/QEKAC160601_65.mzML.instrument_model.name""}, ""scope"": ""assay"", ""source"": ""runassessor"", ""value"": ""Q Exactive Plus""}, {""cv_accession"": null, ""cv_name"": null, ""metadata"": {}, ""scope"": ""study"", ""source"": ""technical_agent"", ""value"": ""Q Exactive Plus""}]"
18	PXD009815-Sample-18	cleavage_agent	comment[cleavage agent details]	NT=Trypsin;AC=MS:1001251	derived								legacy_derivation	derived	[]
18	PXD009815-Sample-18	dissociation	comment[dissociation method]	NT=beam-type collision-induced dissociation;AC=MS:1000422	runassessor								source_precedence:runassessor	derived	"[{""cv_accession"": null, ""cv_name"": null, ""metadata"": {""source_path"": ""runAssessor.files.PXD009815/QEKAC160601_65.mzML.spectra_stats.fragmentation_type""}, ""scope"": ""assay"", ""source"": ""runassessor"", ""value"": ""HR_HCD""}]"
18	PXD009815-Sample-18	factor_value	factor value[experimental design]	UPS1 concentration (0.01, 0.05, 0.1, 0.250, 0.5, 1, 5, 10, 25, 50 fmol)	experimental_design_agent	spiking, respectively, 0.01–0.05–0.1–0.250–0.5–1–5–10–25–50 fmol of the UPS1 equimolar mix (Sigma) into 1 μg of yeast lysate (Merck)	LLM_ONLY	0.5	high	False	False		source_precedence:experimental_design_agent	derived	"[{""cv_accession"": null, ""cv_name"": null, ""metadata"": {""source_field"": ""factor_value""}, ""scope"": ""study"", ""source"": ""experimental_design_agent"", ""value"": ""UPS1 concentration (0.01, 0.05, 0.1, 0.250, 0.5, 1, 5, 10, 25, 50 fmol)""}]"
18	PXD009815-Sample-18	ms2_analyzer	comment[ms2 mass analyzer]	Orbitrap	technical_agent								source_precedence:technical_agent	derived	"[{""cv_accession"": null, ""cv_name"": null, ""metadata"": {}, ""scope"": ""study"", ""source"": ""technical_agent"", ""value"": ""Orbitrap""}]"
18	PXD009815-Sample-18	data_file	comment[data file]	QEKAC160601_65.raw	derived								legacy_derivation	derived	[]
18	PXD009815-Sample-18	sdrf_version	comment[sdrf version]	v1.1.0	derived								legacy_derivation	derived	[]
18	PXD009815-Sample-18	annotation_tool	comment[sdrf annotation tool]	HAMLET-agentic v2.2.5	derived								legacy_derivation	derived	[]
18	PXD009815-Sample-18	factor_disease	factor value[disease]	normal	derived								legacy_derivation	derived	[]
19	PXD009815-Sample-19	source_name	source name	PXD009815-Sample-19	derived								legacy_derivation	derived	[]
19	PXD009815-Sample-19	organism	characteristics[organism]	Saccharomyces cerevisiae	biological_agent	The comparison was based on a standard (‘ground truth’) dataset generated from a yeast lysate in which 10 different levels of the equimolar UPS1 mix of 48 human proteins were spiked, as described elsewhere.	LLM_ONLY	0.5	high	False	False		source_precedence:biological_agent	derived	"[{""cv_accession"": null, ""cv_name"": null, ""metadata"": {""source_field"": ""species""}, ""scope"": ""sample"", ""source"": ""biological_agent"", ""value"": ""Saccharomyces cerevisiae""}]"
19	PXD009815-Sample-19	disease	characteristics[disease]	normal	biological_agent	The comparison was based on a standard (‘ground truth’) dataset generated from a yeast lysate in which 10 different levels of the equimolar UPS1 mix of 48 human proteins were spiked, as described elsewhere.	LLM_ONLY	0.5	high	False	False		source_precedence:biological_agent	derived	"[{""cv_accession"": null, ""cv_name"": null, ""metadata"": {""source_field"": ""disease_state""}, ""scope"": ""sample"", ""source"": ""biological_agent"", ""value"": ""normal""}]"
19	PXD009815-Sample-19	assay_name	assay name	run 19	derived								legacy_derivation	derived	[]
19	PXD009815-Sample-19	technology_type	technology type	proteomic profiling by mass spectrometry	derived								legacy_derivation	derived	[]
19	PXD009815-Sample-19	acquisition	comment[proteomics data acquisition method]	NT=data-dependent acquisition;AC=PRIDE:0000627	runassessor								source_precedence:runassessor	derived	"[{""cv_accession"": null, ""cv_name"": null, ""metadata"": {""source_path"": ""runAssessor.files.PXD009815/QEKAC160601_61.mzML.spectra_stats.acquisition_type""}, ""scope"": ""assay"", ""source"": ""runassessor"", ""value"": ""DDA""}]"
19	PXD009815-Sample-19	label	comment[label]	label free sample	technical_agent				high	False	False		source_precedence:technical_agent	derived	"[{""cv_accession"": null, ""cv_name"": null, ""metadata"": {}, ""scope"": ""study"", ""source"": ""technical_agent"", ""value"": ""label-free""}]"
19	PXD009815-Sample-19	instrument	comment[instrument]	NT=Q Exactive Plus;AC=MS:1002634	runassessor				high	False	False		source_precedence:runassessor	derived	"[{""cv_accession"": ""MS:1002634"", ""cv_name"": ""Q Exactive Plus"", ""metadata"": {""source_path"": ""runAssessor.files.PXD009815/QEKAC160601_61.mzML.instrument_model.name""}, ""scope"": ""assay"", ""source"": ""runassessor"", ""value"": ""Q Exactive Plus""}, {""cv_accession"": null, ""cv_name"": null, ""metadata"": {}, ""scope"": ""study"", ""source"": ""technical_agent"", ""value"": ""Q Exactive Plus""}]"
19	PXD009815-Sample-19	cleavage_agent	comment[cleavage agent details]	NT=Trypsin;AC=MS:1001251	derived								legacy_derivation	derived	[]
19	PXD009815-Sample-19	dissociation	comment[dissociation method]	NT=beam-type collision-induced dissociation;AC=MS:1000422	runassessor								source_precedence:runassessor	derived	"[{""cv_accession"": null, ""cv_name"": null, ""metadata"": {""source_path"": ""runAssessor.files.PXD009815/QEKAC160601_61.mzML.spectra_stats.fragmentation_type""}, ""scope"": ""assay"", ""source"": ""runassessor"", ""value"": ""HR_HCD""}]"
19	PXD009815-Sample-19	factor_value	factor value[experimental design]	UPS1 concentration (0.01, 0.05, 0.1, 0.250, 0.5, 1, 5, 10, 25, 50 fmol)	experimental_design_agent	spiking, respectively, 0.01–0.05–0.1–0.250–0.5–1–5–10–25–50 fmol of the UPS1 equimolar mix (Sigma) into 1 μg of yeast lysate (Merck)	LLM_ONLY	0.5	high	False	False		source_precedence:experimental_design_agent	derived	"[{""cv_accession"": null, ""cv_name"": null, ""metadata"": {""source_field"": ""factor_value""}, ""scope"": ""study"", ""source"": ""experimental_design_agent"", ""value"": ""UPS1 concentration (0.01, 0.05, 0.1, 0.250, 0.5, 1, 5, 10, 25, 50 fmol)""}]"
19	PXD009815-Sample-19	ms2_analyzer	comment[ms2 mass analyzer]	Orbitrap	technical_agent								source_precedence:technical_agent	derived	"[{""cv_accession"": null, ""cv_name"": null, ""metadata"": {}, ""scope"": ""study"", ""source"": ""technical_agent"", ""value"": ""Orbitrap""}]"
19	PXD009815-Sample-19	data_file	comment[data file]	QEKAC160601_61.raw	derived								legacy_derivation	derived	[]
19	PXD009815-Sample-19	sdrf_version	comment[sdrf version]	v1.1.0	derived								legacy_derivation	derived	[]
19	PXD009815-Sample-19	annotation_tool	comment[sdrf annotation tool]	HAMLET-agentic v2.2.5	derived								legacy_derivation	derived	[]
19	PXD009815-Sample-19	factor_disease	factor value[disease]	normal	derived								legacy_derivation	derived	[]
20	PXD009815-Sample-20	source_name	source name	PXD009815-Sample-20	derived								legacy_derivation	derived	[]
20	PXD009815-Sample-20	organism	characteristics[organism]	Saccharomyces cerevisiae	biological_agent	The comparison was based on a standard (‘ground truth’) dataset generated from a yeast lysate in which 10 different levels of the equimolar UPS1 mix of 48 human proteins were spiked, as described elsewhere.	LLM_ONLY	0.5	high	False	False		source_precedence:biological_agent	derived	"[{""cv_accession"": null, ""cv_name"": null, ""metadata"": {""source_field"": ""species""}, ""scope"": ""sample"", ""source"": ""biological_agent"", ""value"": ""Saccharomyces cerevisiae""}]"
20	PXD009815-Sample-20	disease	characteristics[disease]	normal	biological_agent	The comparison was based on a standard (‘ground truth’) dataset generated from a yeast lysate in which 10 different levels of the equimolar UPS1 mix of 48 human proteins were spiked, as described elsewhere.	LLM_ONLY	0.5	high	False	False		source_precedence:biological_agent	derived	"[{""cv_accession"": null, ""cv_name"": null, ""metadata"": {""source_field"": ""disease_state""}, ""scope"": ""sample"", ""source"": ""biological_agent"", ""value"": ""normal""}]"
20	PXD009815-Sample-20	assay_name	assay name	run 20	derived								legacy_derivation	derived	[]
20	PXD009815-Sample-20	technology_type	technology type	proteomic profiling by mass spectrometry	derived								legacy_derivation	derived	[]
20	PXD009815-Sample-20	acquisition	comment[proteomics data acquisition method]	NT=data-dependent acquisition;AC=PRIDE:0000627	runassessor								source_precedence:runassessor	derived	"[{""cv_accession"": null, ""cv_name"": null, ""metadata"": {""source_path"": ""runAssessor.files.PXD009815/QEKAC160601_20.mzML.spectra_stats.acquisition_type""}, ""scope"": ""assay"", ""source"": ""runassessor"", ""value"": ""DDA""}]"
20	PXD009815-Sample-20	label	comment[label]	label free sample	technical_agent				high	False	False		source_precedence:technical_agent	derived	"[{""cv_accession"": null, ""cv_name"": null, ""metadata"": {}, ""scope"": ""study"", ""source"": ""technical_agent"", ""value"": ""label-free""}]"
20	PXD009815-Sample-20	instrument	comment[instrument]	NT=Q Exactive Plus;AC=MS:1002634	runassessor				high	False	False		source_precedence:runassessor	derived	"[{""cv_accession"": ""MS:1002634"", ""cv_name"": ""Q Exactive Plus"", ""metadata"": {""source_path"": ""runAssessor.files.PXD009815/QEKAC160601_20.mzML.instrument_model.name""}, ""scope"": ""assay"", ""source"": ""runassessor"", ""value"": ""Q Exactive Plus""}, {""cv_accession"": null, ""cv_name"": null, ""metadata"": {}, ""scope"": ""study"", ""source"": ""technical_agent"", ""value"": ""Q Exactive Plus""}]"
20	PXD009815-Sample-20	cleavage_agent	comment[cleavage agent details]	NT=Trypsin;AC=MS:1001251	derived								legacy_derivation	derived	[]
20	PXD009815-Sample-20	dissociation	comment[dissociation method]	NT=beam-type collision-induced dissociation;AC=MS:1000422	runassessor								source_precedence:runassessor	derived	"[{""cv_accession"": null, ""cv_name"": null, ""metadata"": {""source_path"": ""runAssessor.files.PXD009815/QEKAC160601_20.mzML.spectra_stats.fragmentation_type""}, ""scope"": ""assay"", ""source"": ""runassessor"", ""value"": ""HR_HCD""}]"
20	PXD009815-Sample-20	factor_value	factor value[experimental design]	UPS1 concentration (0.01, 0.05, 0.1, 0.250, 0.5, 1, 5, 10, 25, 50 fmol)	experimental_design_agent	spiking, respectively, 0.01–0.05–0.1–0.250–0.5–1–5–10–25–50 fmol of the UPS1 equimolar mix (Sigma) into 1 μg of yeast lysate (Merck)	LLM_ONLY	0.5	high	False	False		source_precedence:experimental_design_agent	derived	"[{""cv_accession"": null, ""cv_name"": null, ""metadata"": {""source_field"": ""factor_value""}, ""scope"": ""study"", ""source"": ""experimental_design_agent"", ""value"": ""UPS1 concentration (0.01, 0.05, 0.1, 0.250, 0.5, 1, 5, 10, 25, 50 fmol)""}]"
20	PXD009815-Sample-20	ms2_analyzer	comment[ms2 mass analyzer]	Orbitrap	technical_agent								source_precedence:technical_agent	derived	"[{""cv_accession"": null, ""cv_name"": null, ""metadata"": {}, ""scope"": ""study"", ""source"": ""technical_agent"", ""value"": ""Orbitrap""}]"
20	PXD009815-Sample-20	data_file	comment[data file]	QEKAC160601_20.raw	derived								legacy_derivation	derived	[]
20	PXD009815-Sample-20	sdrf_version	comment[sdrf version]	v1.1.0	derived								legacy_derivation	derived	[]
20	PXD009815-Sample-20	annotation_tool	comment[sdrf annotation tool]	HAMLET-agentic v2.2.5	derived								legacy_derivation	derived	[]
20	PXD009815-Sample-20	factor_disease	factor value[disease]	normal	derived								legacy_derivation	derived	[]
21	PXD009815-Sample-21	source_name	source name	PXD009815-Sample-21	derived								legacy_derivation	derived	[]
21	PXD009815-Sample-21	organism	characteristics[organism]	Saccharomyces cerevisiae	biological_agent	The comparison was based on a standard (‘ground truth’) dataset generated from a yeast lysate in which 10 different levels of the equimolar UPS1 mix of 48 human proteins were spiked, as described elsewhere.	LLM_ONLY	0.5	high	False	False		source_precedence:biological_agent	derived	"[{""cv_accession"": null, ""cv_name"": null, ""metadata"": {""source_field"": ""species""}, ""scope"": ""sample"", ""source"": ""biological_agent"", ""value"": ""Saccharomyces cerevisiae""}]"
21	PXD009815-Sample-21	disease	characteristics[disease]	normal	biological_agent	The comparison was based on a standard (‘ground truth’) dataset generated from a yeast lysate in which 10 different levels of the equimolar UPS1 mix of 48 human proteins were spiked, as described elsewhere.	LLM_ONLY	0.5	high	False	False		source_precedence:biological_agent	derived	"[{""cv_accession"": null, ""cv_name"": null, ""metadata"": {""source_field"": ""disease_state""}, ""scope"": ""sample"", ""source"": ""biological_agent"", ""value"": ""normal""}]"
21	PXD009815-Sample-21	assay_name	assay name	run 21	derived								legacy_derivation	derived	[]
21	PXD009815-Sample-21	technology_type	technology type	proteomic profiling by mass spectrometry	derived								legacy_derivation	derived	[]
21	PXD009815-Sample-21	acquisition	comment[proteomics data acquisition method]	NT=data-dependent acquisition;AC=PRIDE:0000627	runassessor								source_precedence:runassessor	derived	"[{""cv_accession"": null, ""cv_name"": null, ""metadata"": {""source_path"": ""runAssessor.files.PXD009815/QEKAC160601_06.mzML.spectra_stats.acquisition_type""}, ""scope"": ""assay"", ""source"": ""runassessor"", ""value"": ""DDA""}]"
21	PXD009815-Sample-21	label	comment[label]	label free sample	technical_agent				high	False	False		source_precedence:technical_agent	derived	"[{""cv_accession"": null, ""cv_name"": null, ""metadata"": {}, ""scope"": ""study"", ""source"": ""technical_agent"", ""value"": ""label-free""}]"
21	PXD009815-Sample-21	instrument	comment[instrument]	NT=Q Exactive Plus;AC=MS:1002634	runassessor				high	False	False		source_precedence:runassessor	derived	"[{""cv_accession"": ""MS:1002634"", ""cv_name"": ""Q Exactive Plus"", ""metadata"": {""source_path"": ""runAssessor.files.PXD009815/QEKAC160601_06.mzML.instrument_model.name""}, ""scope"": ""assay"", ""source"": ""runassessor"", ""value"": ""Q Exactive Plus""}, {""cv_accession"": null, ""cv_name"": null, ""metadata"": {}, ""scope"": ""study"", ""source"": ""technical_agent"", ""value"": ""Q Exactive Plus""}]"
21	PXD009815-Sample-21	cleavage_agent	comment[cleavage agent details]	NT=Trypsin;AC=MS:1001251	derived								legacy_derivation	derived	[]
21	PXD009815-Sample-21	dissociation	comment[dissociation method]	NT=beam-type collision-induced dissociation;AC=MS:1000422	runassessor								source_precedence:runassessor	derived	"[{""cv_accession"": null, ""cv_name"": null, ""metadata"": {""source_path"": ""runAssessor.files.PXD009815/QEKAC160601_06.mzML.spectra_stats.fragmentation_type""}, ""scope"": ""assay"", ""source"": ""runassessor"", ""value"": ""HR_HCD""}]"
21	PXD009815-Sample-21	factor_value	factor value[experimental design]	UPS1 concentration (0.01, 0.05, 0.1, 0.250, 0.5, 1, 5, 10, 25, 50 fmol)	experimental_design_agent	spiking, respectively, 0.01–0.05–0.1–0.250–0.5–1–5–10–25–50 fmol of the UPS1 equimolar mix (Sigma) into 1 μg of yeast lysate (Merck)	LLM_ONLY	0.5	high	False	False		source_precedence:experimental_design_agent	derived	"[{""cv_accession"": null, ""cv_name"": null, ""metadata"": {""source_field"": ""factor_value""}, ""scope"": ""study"", ""source"": ""experimental_design_agent"", ""value"": ""UPS1 concentration (0.01, 0.05, 0.1, 0.250, 0.5, 1, 5, 10, 25, 50 fmol)""}]"
21	PXD009815-Sample-21	ms2_analyzer	comment[ms2 mass analyzer]	Orbitrap	technical_agent								source_precedence:technical_agent	derived	"[{""cv_accession"": null, ""cv_name"": null, ""metadata"": {}, ""scope"": ""study"", ""source"": ""technical_agent"", ""value"": ""Orbitrap""}]"
21	PXD009815-Sample-21	data_file	comment[data file]	QEKAC160601_06.raw	derived								legacy_derivation	derived	[]
21	PXD009815-Sample-21	sdrf_version	comment[sdrf version]	v1.1.0	derived								legacy_derivation	derived	[]
21	PXD009815-Sample-21	annotation_tool	comment[sdrf annotation tool]	HAMLET-agentic v2.2.5	derived								legacy_derivation	derived	[]
21	PXD009815-Sample-21	factor_disease	factor value[disease]	normal	derived								legacy_derivation	derived	[]
22	PXD009815-Sample-22	source_name	source name	PXD009815-Sample-22	derived								legacy_derivation	derived	[]
22	PXD009815-Sample-22	organism	characteristics[organism]	Saccharomyces cerevisiae	biological_agent	The comparison was based on a standard (‘ground truth’) dataset generated from a yeast lysate in which 10 different levels of the equimolar UPS1 mix of 48 human proteins were spiked, as described elsewhere.	LLM_ONLY	0.5	high	False	False		source_precedence:biological_agent	derived	"[{""cv_accession"": null, ""cv_name"": null, ""metadata"": {""source_field"": ""species""}, ""scope"": ""sample"", ""source"": ""biological_agent"", ""value"": ""Saccharomyces cerevisiae""}]"
22	PXD009815-Sample-22	disease	characteristics[disease]	normal	biological_agent	The comparison was based on a standard (‘ground truth’) dataset generated from a yeast lysate in which 10 different levels of the equimolar UPS1 mix of 48 human proteins were spiked, as described elsewhere.	LLM_ONLY	0.5	high	False	False		source_precedence:biological_agent	derived	"[{""cv_accession"": null, ""cv_name"": null, ""metadata"": {""source_field"": ""disease_state""}, ""scope"": ""sample"", ""source"": ""biological_agent"", ""value"": ""normal""}]"
22	PXD009815-Sample-22	assay_name	assay name	run 22	derived								legacy_derivation	derived	[]
22	PXD009815-Sample-22	technology_type	technology type	proteomic profiling by mass spectrometry	derived								legacy_derivation	derived	[]
22	PXD009815-Sample-22	acquisition	comment[proteomics data acquisition method]	NT=data-dependent acquisition;AC=PRIDE:0000627	runassessor								source_precedence:runassessor	derived	"[{""cv_accession"": null, ""cv_name"": null, ""metadata"": {""source_path"": ""runAssessor.files.PXD009815/QEKAC160601_127.mzML.spectra_stats.acquisition_type""}, ""scope"": ""assay"", ""source"": ""runassessor"", ""value"": ""DDA""}]"
22	PXD009815-Sample-22	label	comment[label]	label free sample	technical_agent				high	False	False		source_precedence:technical_agent	derived	"[{""cv_accession"": null, ""cv_name"": null, ""metadata"": {}, ""scope"": ""study"", ""source"": ""technical_agent"", ""value"": ""label-free""}]"
22	PXD009815-Sample-22	instrument	comment[instrument]	NT=Q Exactive Plus;AC=MS:1002634	runassessor				high	False	False		source_precedence:runassessor	derived	"[{""cv_accession"": ""MS:1002634"", ""cv_name"": ""Q Exactive Plus"", ""metadata"": {""source_path"": ""runAssessor.files.PXD009815/QEKAC160601_127.mzML.instrument_model.name""}, ""scope"": ""assay"", ""source"": ""runassessor"", ""value"": ""Q Exactive Plus""}, {""cv_accession"": null, ""cv_name"": null, ""metadata"": {}, ""scope"": ""study"", ""source"": ""technical_agent"", ""value"": ""Q Exactive Plus""}]"
22	PXD009815-Sample-22	cleavage_agent	comment[cleavage agent details]	NT=Trypsin;AC=MS:1001251	derived								legacy_derivation	derived	[]
22	PXD009815-Sample-22	dissociation	comment[dissociation method]	NT=beam-type collision-induced dissociation;AC=MS:1000422	runassessor								source_precedence:runassessor	derived	"[{""cv_accession"": null, ""cv_name"": null, ""metadata"": {""source_path"": ""runAssessor.files.PXD009815/QEKAC160601_127.mzML.spectra_stats.fragmentation_type""}, ""scope"": ""assay"", ""source"": ""runassessor"", ""value"": ""HR_HCD""}]"
22	PXD009815-Sample-22	factor_value	factor value[experimental design]	UPS1 concentration (0.01, 0.05, 0.1, 0.250, 0.5, 1, 5, 10, 25, 50 fmol)	experimental_design_agent	spiking, respectively, 0.01–0.05–0.1–0.250–0.5–1–5–10–25–50 fmol of the UPS1 equimolar mix (Sigma) into 1 μg of yeast lysate (Merck)	LLM_ONLY	0.5	high	False	False		source_precedence:experimental_design_agent	derived	"[{""cv_accession"": null, ""cv_name"": null, ""metadata"": {""source_field"": ""factor_value""}, ""scope"": ""study"", ""source"": ""experimental_design_agent"", ""value"": ""UPS1 concentration (0.01, 0.05, 0.1, 0.250, 0.5, 1, 5, 10, 25, 50 fmol)""}]"
22	PXD009815-Sample-22	ms2_analyzer	comment[ms2 mass analyzer]	Orbitrap	technical_agent								source_precedence:technical_agent	derived	"[{""cv_accession"": null, ""cv_name"": null, ""metadata"": {}, ""scope"": ""study"", ""source"": ""technical_agent"", ""value"": ""Orbitrap""}]"
22	PXD009815-Sample-22	data_file	comment[data file]	QEKAC160601_127.raw	derived								legacy_derivation	derived	[]
22	PXD009815-Sample-22	sdrf_version	comment[sdrf version]	v1.1.0	derived								legacy_derivation	derived	[]
22	PXD009815-Sample-22	annotation_tool	comment[sdrf annotation tool]	HAMLET-agentic v2.2.5	derived								legacy_derivation	derived	[]
22	PXD009815-Sample-22	factor_disease	factor value[disease]	normal	derived								legacy_derivation	derived	[]
23	PXD009815-Sample-23	source_name	source name	PXD009815-Sample-23	derived								legacy_derivation	derived	[]
23	PXD009815-Sample-23	organism	characteristics[organism]	Saccharomyces cerevisiae	biological_agent	The comparison was based on a standard (‘ground truth’) dataset generated from a yeast lysate in which 10 different levels of the equimolar UPS1 mix of 48 human proteins were spiked, as described elsewhere.	LLM_ONLY	0.5	high	False	False		source_precedence:biological_agent	derived	"[{""cv_accession"": null, ""cv_name"": null, ""metadata"": {""source_field"": ""species""}, ""scope"": ""sample"", ""source"": ""biological_agent"", ""value"": ""Saccharomyces cerevisiae""}]"
23	PXD009815-Sample-23	disease	characteristics[disease]	normal	biological_agent	The comparison was based on a standard (‘ground truth’) dataset generated from a yeast lysate in which 10 different levels of the equimolar UPS1 mix of 48 human proteins were spiked, as described elsewhere.	LLM_ONLY	0.5	high	False	False		source_precedence:biological_agent	derived	"[{""cv_accession"": null, ""cv_name"": null, ""metadata"": {""source_field"": ""disease_state""}, ""scope"": ""sample"", ""source"": ""biological_agent"", ""value"": ""normal""}]"
23	PXD009815-Sample-23	assay_name	assay name	run 23	derived								legacy_derivation	derived	[]
23	PXD009815-Sample-23	technology_type	technology type	proteomic profiling by mass spectrometry	derived								legacy_derivation	derived	[]
23	PXD009815-Sample-23	acquisition	comment[proteomics data acquisition method]	NT=data-dependent acquisition;AC=PRIDE:0000627	runassessor								source_precedence:runassessor	derived	"[{""cv_accession"": null, ""cv_name"": null, ""metadata"": {""source_path"": ""runAssessor.files.PXD009815/QEKAC160601_75.mzML.spectra_stats.acquisition_type""}, ""scope"": ""assay"", ""source"": ""runassessor"", ""value"": ""DDA""}]"
23	PXD009815-Sample-23	label	comment[label]	label free sample	technical_agent				high	False	False		source_precedence:technical_agent	derived	"[{""cv_accession"": null, ""cv_name"": null, ""metadata"": {}, ""scope"": ""study"", ""source"": ""technical_agent"", ""value"": ""label-free""}]"
23	PXD009815-Sample-23	instrument	comment[instrument]	NT=Q Exactive Plus;AC=MS:1002634	runassessor				high	False	False		source_precedence:runassessor	derived	"[{""cv_accession"": ""MS:1002634"", ""cv_name"": ""Q Exactive Plus"", ""metadata"": {""source_path"": ""runAssessor.files.PXD009815/QEKAC160601_75.mzML.instrument_model.name""}, ""scope"": ""assay"", ""source"": ""runassessor"", ""value"": ""Q Exactive Plus""}, {""cv_accession"": null, ""cv_name"": null, ""metadata"": {}, ""scope"": ""study"", ""source"": ""technical_agent"", ""value"": ""Q Exactive Plus""}]"
23	PXD009815-Sample-23	cleavage_agent	comment[cleavage agent details]	NT=Trypsin;AC=MS:1001251	derived								legacy_derivation	derived	[]
23	PXD009815-Sample-23	dissociation	comment[dissociation method]	NT=beam-type collision-induced dissociation;AC=MS:1000422	runassessor								source_precedence:runassessor	derived	"[{""cv_accession"": null, ""cv_name"": null, ""metadata"": {""source_path"": ""runAssessor.files.PXD009815/QEKAC160601_75.mzML.spectra_stats.fragmentation_type""}, ""scope"": ""assay"", ""source"": ""runassessor"", ""value"": ""HR_HCD""}]"
23	PXD009815-Sample-23	factor_value	factor value[experimental design]	UPS1 concentration (0.01, 0.05, 0.1, 0.250, 0.5, 1, 5, 10, 25, 50 fmol)	experimental_design_agent	spiking, respectively, 0.01–0.05–0.1–0.250–0.5–1–5–10–25–50 fmol of the UPS1 equimolar mix (Sigma) into 1 μg of yeast lysate (Merck)	LLM_ONLY	0.5	high	False	False		source_precedence:experimental_design_agent	derived	"[{""cv_accession"": null, ""cv_name"": null, ""metadata"": {""source_field"": ""factor_value""}, ""scope"": ""study"", ""source"": ""experimental_design_agent"", ""value"": ""UPS1 concentration (0.01, 0.05, 0.1, 0.250, 0.5, 1, 5, 10, 25, 50 fmol)""}]"
23	PXD009815-Sample-23	ms2_analyzer	comment[ms2 mass analyzer]	Orbitrap	technical_agent								source_precedence:technical_agent	derived	"[{""cv_accession"": null, ""cv_name"": null, ""metadata"": {}, ""scope"": ""study"", ""source"": ""technical_agent"", ""value"": ""Orbitrap""}]"
23	PXD009815-Sample-23	data_file	comment[data file]	QEKAC160601_75.raw	derived								legacy_derivation	derived	[]
23	PXD009815-Sample-23	sdrf_version	comment[sdrf version]	v1.1.0	derived								legacy_derivation	derived	[]
23	PXD009815-Sample-23	annotation_tool	comment[sdrf annotation tool]	HAMLET-agentic v2.2.5	derived								legacy_derivation	derived	[]
23	PXD009815-Sample-23	factor_disease	factor value[disease]	normal	derived								legacy_derivation	derived	[]
24	PXD009815-Sample-24	source_name	source name	PXD009815-Sample-24	derived								legacy_derivation	derived	[]
24	PXD009815-Sample-24	organism	characteristics[organism]	Saccharomyces cerevisiae	biological_agent	The comparison was based on a standard (‘ground truth’) dataset generated from a yeast lysate in which 10 different levels of the equimolar UPS1 mix of 48 human proteins were spiked, as described elsewhere.	LLM_ONLY	0.5	high	False	False		source_precedence:biological_agent	derived	"[{""cv_accession"": null, ""cv_name"": null, ""metadata"": {""source_field"": ""species""}, ""scope"": ""sample"", ""source"": ""biological_agent"", ""value"": ""Saccharomyces cerevisiae""}]"
24	PXD009815-Sample-24	disease	characteristics[disease]	normal	biological_agent	The comparison was based on a standard (‘ground truth’) dataset generated from a yeast lysate in which 10 different levels of the equimolar UPS1 mix of 48 human proteins were spiked, as described elsewhere.	LLM_ONLY	0.5	high	False	False		source_precedence:biological_agent	derived	"[{""cv_accession"": null, ""cv_name"": null, ""metadata"": {""source_field"": ""disease_state""}, ""scope"": ""sample"", ""source"": ""biological_agent"", ""value"": ""normal""}]"
24	PXD009815-Sample-24	assay_name	assay name	run 24	derived								legacy_derivation	derived	[]
24	PXD009815-Sample-24	technology_type	technology type	proteomic profiling by mass spectrometry	derived								legacy_derivation	derived	[]
24	PXD009815-Sample-24	acquisition	comment[proteomics data acquisition method]	NT=data-dependent acquisition;AC=PRIDE:0000627	runassessor								source_precedence:runassessor	derived	"[{""cv_accession"": null, ""cv_name"": null, ""metadata"": {""source_path"": ""runAssessor.files.PXD009815/QEKAC160601_31.mzML.spectra_stats.acquisition_type""}, ""scope"": ""assay"", ""source"": ""runassessor"", ""value"": ""DDA""}]"
24	PXD009815-Sample-24	label	comment[label]	label free sample	technical_agent				high	False	False		source_precedence:technical_agent	derived	"[{""cv_accession"": null, ""cv_name"": null, ""metadata"": {}, ""scope"": ""study"", ""source"": ""technical_agent"", ""value"": ""label-free""}]"
24	PXD009815-Sample-24	instrument	comment[instrument]	NT=Q Exactive Plus;AC=MS:1002634	runassessor				high	False	False		source_precedence:runassessor	derived	"[{""cv_accession"": ""MS:1002634"", ""cv_name"": ""Q Exactive Plus"", ""metadata"": {""source_path"": ""runAssessor.files.PXD009815/QEKAC160601_31.mzML.instrument_model.name""}, ""scope"": ""assay"", ""source"": ""runassessor"", ""value"": ""Q Exactive Plus""}, {""cv_accession"": null, ""cv_name"": null, ""metadata"": {}, ""scope"": ""study"", ""source"": ""technical_agent"", ""value"": ""Q Exactive Plus""}]"
24	PXD009815-Sample-24	cleavage_agent	comment[cleavage agent details]	NT=Trypsin;AC=MS:1001251	derived								legacy_derivation	derived	[]
24	PXD009815-Sample-24	dissociation	comment[dissociation method]	NT=beam-type collision-induced dissociation;AC=MS:1000422	runassessor								source_precedence:runassessor	derived	"[{""cv_accession"": null, ""cv_name"": null, ""metadata"": {""source_path"": ""runAssessor.files.PXD009815/QEKAC160601_31.mzML.spectra_stats.fragmentation_type""}, ""scope"": ""assay"", ""source"": ""runassessor"", ""value"": ""HR_HCD""}]"
24	PXD009815-Sample-24	factor_value	factor value[experimental design]	UPS1 concentration (0.01, 0.05, 0.1, 0.250, 0.5, 1, 5, 10, 25, 50 fmol)	experimental_design_agent	spiking, respectively, 0.01–0.05–0.1–0.250–0.5–1–5–10–25–50 fmol of the UPS1 equimolar mix (Sigma) into 1 μg of yeast lysate (Merck)	LLM_ONLY	0.5	high	False	False		source_precedence:experimental_design_agent	derived	"[{""cv_accession"": null, ""cv_name"": null, ""metadata"": {""source_field"": ""factor_value""}, ""scope"": ""study"", ""source"": ""experimental_design_agent"", ""value"": ""UPS1 concentration (0.01, 0.05, 0.1, 0.250, 0.5, 1, 5, 10, 25, 50 fmol)""}]"
24	PXD009815-Sample-24	ms2_analyzer	comment[ms2 mass analyzer]	Orbitrap	technical_agent								source_precedence:technical_agent	derived	"[{""cv_accession"": null, ""cv_name"": null, ""metadata"": {}, ""scope"": ""study"", ""source"": ""technical_agent"", ""value"": ""Orbitrap""}]"
24	PXD009815-Sample-24	data_file	comment[data file]	QEKAC160601_31.raw	derived								legacy_derivation	derived	[]
24	PXD009815-Sample-24	sdrf_version	comment[sdrf version]	v1.1.0	derived								legacy_derivation	derived	[]
24	PXD009815-Sample-24	annotation_tool	comment[sdrf annotation tool]	HAMLET-agentic v2.2.5	derived								legacy_derivation	derived	[]
24	PXD009815-Sample-24	factor_disease	factor value[disease]	normal	derived								legacy_derivation	derived	[]
25	PXD009815-Sample-25	source_name	source name	PXD009815-Sample-25	derived								legacy_derivation	derived	[]
25	PXD009815-Sample-25	organism	characteristics[organism]	Saccharomyces cerevisiae	biological_agent	The comparison was based on a standard (‘ground truth’) dataset generated from a yeast lysate in which 10 different levels of the equimolar UPS1 mix of 48 human proteins were spiked, as described elsewhere.	LLM_ONLY	0.5	high	False	False		source_precedence:biological_agent	derived	"[{""cv_accession"": null, ""cv_name"": null, ""metadata"": {""source_field"": ""species""}, ""scope"": ""sample"", ""source"": ""biological_agent"", ""value"": ""Saccharomyces cerevisiae""}]"
25	PXD009815-Sample-25	disease	characteristics[disease]	normal	biological_agent	The comparison was based on a standard (‘ground truth’) dataset generated from a yeast lysate in which 10 different levels of the equimolar UPS1 mix of 48 human proteins were spiked, as described elsewhere.	LLM_ONLY	0.5	high	False	False		source_precedence:biological_agent	derived	"[{""cv_accession"": null, ""cv_name"": null, ""metadata"": {""source_field"": ""disease_state""}, ""scope"": ""sample"", ""source"": ""biological_agent"", ""value"": ""normal""}]"
25	PXD009815-Sample-25	assay_name	assay name	run 25	derived								legacy_derivation	derived	[]
25	PXD009815-Sample-25	technology_type	technology type	proteomic profiling by mass spectrometry	derived								legacy_derivation	derived	[]
25	PXD009815-Sample-25	acquisition	comment[proteomics data acquisition method]	NT=data-dependent acquisition;AC=PRIDE:0000627	runassessor								source_precedence:runassessor	derived	"[{""cv_accession"": null, ""cv_name"": null, ""metadata"": {""source_path"": ""runAssessor.files.PXD009815/QEKAC160601_79.mzML.spectra_stats.acquisition_type""}, ""scope"": ""assay"", ""source"": ""runassessor"", ""value"": ""DDA""}]"
25	PXD009815-Sample-25	label	comment[label]	label free sample	technical_agent				high	False	False		source_precedence:technical_agent	derived	"[{""cv_accession"": null, ""cv_name"": null, ""metadata"": {}, ""scope"": ""study"", ""source"": ""technical_agent"", ""value"": ""label-free""}]"
25	PXD009815-Sample-25	instrument	comment[instrument]	NT=Q Exactive Plus;AC=MS:1002634	runassessor				high	False	False		source_precedence:runassessor	derived	"[{""cv_accession"": ""MS:1002634"", ""cv_name"": ""Q Exactive Plus"", ""metadata"": {""source_path"": ""runAssessor.files.PXD009815/QEKAC160601_79.mzML.instrument_model.name""}, ""scope"": ""assay"", ""source"": ""runassessor"", ""value"": ""Q Exactive Plus""}, {""cv_accession"": null, ""cv_name"": null, ""metadata"": {}, ""scope"": ""study"", ""source"": ""technical_agent"", ""value"": ""Q Exactive Plus""}]"
25	PXD009815-Sample-25	cleavage_agent	comment[cleavage agent details]	NT=Trypsin;AC=MS:1001251	derived								legacy_derivation	derived	[]
25	PXD009815-Sample-25	dissociation	comment[dissociation method]	NT=beam-type collision-induced dissociation;AC=MS:1000422	runassessor								source_precedence:runassessor	derived	"[{""cv_accession"": null, ""cv_name"": null, ""metadata"": {""source_path"": ""runAssessor.files.PXD009815/QEKAC160601_79.mzML.spectra_stats.fragmentation_type""}, ""scope"": ""assay"", ""source"": ""runassessor"", ""value"": ""HR_HCD""}]"
25	PXD009815-Sample-25	factor_value	factor value[experimental design]	UPS1 concentration (0.01, 0.05, 0.1, 0.250, 0.5, 1, 5, 10, 25, 50 fmol)	experimental_design_agent	spiking, respectively, 0.01–0.05–0.1–0.250–0.5–1–5–10–25–50 fmol of the UPS1 equimolar mix (Sigma) into 1 μg of yeast lysate (Merck)	LLM_ONLY	0.5	high	False	False		source_precedence:experimental_design_agent	derived	"[{""cv_accession"": null, ""cv_name"": null, ""metadata"": {""source_field"": ""factor_value""}, ""scope"": ""study"", ""source"": ""experimental_design_agent"", ""value"": ""UPS1 concentration (0.01, 0.05, 0.1, 0.250, 0.5, 1, 5, 10, 25, 50 fmol)""}]"
25	PXD009815-Sample-25	ms2_analyzer	comment[ms2 mass analyzer]	Orbitrap	technical_agent								source_precedence:technical_agent	derived	"[{""cv_accession"": null, ""cv_name"": null, ""metadata"": {}, ""scope"": ""study"", ""source"": ""technical_agent"", ""value"": ""Orbitrap""}]"
25	PXD009815-Sample-25	data_file	comment[data file]	QEKAC160601_79.raw	derived								legacy_derivation	derived	[]
25	PXD009815-Sample-25	sdrf_version	comment[sdrf version]	v1.1.0	derived								legacy_derivation	derived	[]
25	PXD009815-Sample-25	annotation_tool	comment[sdrf annotation tool]	HAMLET-agentic v2.2.5	derived								legacy_derivation	derived	[]
25	PXD009815-Sample-25	factor_disease	factor value[disease]	normal	derived								legacy_derivation	derived	[]
26	PXD009815-Sample-26	source_name	source name	PXD009815-Sample-26	derived								legacy_derivation	derived	[]
26	PXD009815-Sample-26	organism	characteristics[organism]	Saccharomyces cerevisiae	biological_agent	The comparison was based on a standard (‘ground truth’) dataset generated from a yeast lysate in which 10 different levels of the equimolar UPS1 mix of 48 human proteins were spiked, as described elsewhere.	LLM_ONLY	0.5	high	False	False		source_precedence:biological_agent	derived	"[{""cv_accession"": null, ""cv_name"": null, ""metadata"": {""source_field"": ""species""}, ""scope"": ""sample"", ""source"": ""biological_agent"", ""value"": ""Saccharomyces cerevisiae""}]"
26	PXD009815-Sample-26	disease	characteristics[disease]	normal	biological_agent	The comparison was based on a standard (‘ground truth’) dataset generated from a yeast lysate in which 10 different levels of the equimolar UPS1 mix of 48 human proteins were spiked, as described elsewhere.	LLM_ONLY	0.5	high	False	False		source_precedence:biological_agent	derived	"[{""cv_accession"": null, ""cv_name"": null, ""metadata"": {""source_field"": ""disease_state""}, ""scope"": ""sample"", ""source"": ""biological_agent"", ""value"": ""normal""}]"
26	PXD009815-Sample-26	assay_name	assay name	run 26	derived								legacy_derivation	derived	[]
26	PXD009815-Sample-26	technology_type	technology type	proteomic profiling by mass spectrometry	derived								legacy_derivation	derived	[]
26	PXD009815-Sample-26	acquisition	comment[proteomics data acquisition method]	NT=data-dependent acquisition;AC=PRIDE:0000627	runassessor								source_precedence:runassessor	derived	"[{""cv_accession"": null, ""cv_name"": null, ""metadata"": {""source_path"": ""runAssessor.files.PXD009815/QEKAC160601_81.mzML.spectra_stats.acquisition_type""}, ""scope"": ""assay"", ""source"": ""runassessor"", ""value"": ""DDA""}]"
26	PXD009815-Sample-26	label	comment[label]	label free sample	technical_agent				high	False	False		source_precedence:technical_agent	derived	"[{""cv_accession"": null, ""cv_name"": null, ""metadata"": {}, ""scope"": ""study"", ""source"": ""technical_agent"", ""value"": ""label-free""}]"
26	PXD009815-Sample-26	instrument	comment[instrument]	NT=Q Exactive Plus;AC=MS:1002634	runassessor				high	False	False		source_precedence:runassessor	derived	"[{""cv_accession"": ""MS:1002634"", ""cv_name"": ""Q Exactive Plus"", ""metadata"": {""source_path"": ""runAssessor.files.PXD009815/QEKAC160601_81.mzML.instrument_model.name""}, ""scope"": ""assay"", ""source"": ""runassessor"", ""value"": ""Q Exactive Plus""}, {""cv_accession"": null, ""cv_name"": null, ""metadata"": {}, ""scope"": ""study"", ""source"": ""technical_agent"", ""value"": ""Q Exactive Plus""}]"
26	PXD009815-Sample-26	cleavage_agent	comment[cleavage agent details]	NT=Trypsin;AC=MS:1001251	derived								legacy_derivation	derived	[]
26	PXD009815-Sample-26	dissociation	comment[dissociation method]	NT=beam-type collision-induced dissociation;AC=MS:1000422	runassessor								source_precedence:runassessor	derived	"[{""cv_accession"": null, ""cv_name"": null, ""metadata"": {""source_path"": ""runAssessor.files.PXD009815/QEKAC160601_81.mzML.spectra_stats.fragmentation_type""}, ""scope"": ""assay"", ""source"": ""runassessor"", ""value"": ""HR_HCD""}]"
26	PXD009815-Sample-26	factor_value	factor value[experimental design]	UPS1 concentration (0.01, 0.05, 0.1, 0.250, 0.5, 1, 5, 10, 25, 50 fmol)	experimental_design_agent	spiking, respectively, 0.01–0.05–0.1–0.250–0.5–1–5–10–25–50 fmol of the UPS1 equimolar mix (Sigma) into 1 μg of yeast lysate (Merck)	LLM_ONLY	0.5	high	False	False		source_precedence:experimental_design_agent	derived	"[{""cv_accession"": null, ""cv_name"": null, ""metadata"": {""source_field"": ""factor_value""}, ""scope"": ""study"", ""source"": ""experimental_design_agent"", ""value"": ""UPS1 concentration (0.01, 0.05, 0.1, 0.250, 0.5, 1, 5, 10, 25, 50 fmol)""}]"
26	PXD009815-Sample-26	ms2_analyzer	comment[ms2 mass analyzer]	Orbitrap	technical_agent								source_precedence:technical_agent	derived	"[{""cv_accession"": null, ""cv_name"": null, ""metadata"": {}, ""scope"": ""study"", ""source"": ""technical_agent"", ""value"": ""Orbitrap""}]"
26	PXD009815-Sample-26	data_file	comment[data file]	QEKAC160601_81.raw	derived								legacy_derivation	derived	[]
26	PXD009815-Sample-26	sdrf_version	comment[sdrf version]	v1.1.0	derived								legacy_derivation	derived	[]
26	PXD009815-Sample-26	annotation_tool	comment[sdrf annotation tool]	HAMLET-agentic v2.2.5	derived								legacy_derivation	derived	[]
26	PXD009815-Sample-26	factor_disease	factor value[disease]	normal	derived								legacy_derivation	derived	[]
27	PXD009815-Sample-27	source_name	source name	PXD009815-Sample-27	derived								legacy_derivation	derived	[]
27	PXD009815-Sample-27	organism	characteristics[organism]	Saccharomyces cerevisiae	biological_agent	The comparison was based on a standard (‘ground truth’) dataset generated from a yeast lysate in which 10 different levels of the equimolar UPS1 mix of 48 human proteins were spiked, as described elsewhere.	LLM_ONLY	0.5	high	False	False		source_precedence:biological_agent	derived	"[{""cv_accession"": null, ""cv_name"": null, ""metadata"": {""source_field"": ""species""}, ""scope"": ""sample"", ""source"": ""biological_agent"", ""value"": ""Saccharomyces cerevisiae""}]"
27	PXD009815-Sample-27	disease	characteristics[disease]	normal	biological_agent	The comparison was based on a standard (‘ground truth’) dataset generated from a yeast lysate in which 10 different levels of the equimolar UPS1 mix of 48 human proteins were spiked, as described elsewhere.	LLM_ONLY	0.5	high	False	False		source_precedence:biological_agent	derived	"[{""cv_accession"": null, ""cv_name"": null, ""metadata"": {""source_field"": ""disease_state""}, ""scope"": ""sample"", ""source"": ""biological_agent"", ""value"": ""normal""}]"
27	PXD009815-Sample-27	assay_name	assay name	run 27	derived								legacy_derivation	derived	[]
27	PXD009815-Sample-27	technology_type	technology type	proteomic profiling by mass spectrometry	derived								legacy_derivation	derived	[]
27	PXD009815-Sample-27	acquisition	comment[proteomics data acquisition method]	NT=data-dependent acquisition;AC=PRIDE:0000627	runassessor								source_precedence:runassessor	derived	"[{""cv_accession"": null, ""cv_name"": null, ""metadata"": {""source_path"": ""runAssessor.files.PXD009815/QEKAC160601_121.mzML.spectra_stats.acquisition_type""}, ""scope"": ""assay"", ""source"": ""runassessor"", ""value"": ""DDA""}]"
27	PXD009815-Sample-27	label	comment[label]	label free sample	technical_agent				high	False	False		source_precedence:technical_agent	derived	"[{""cv_accession"": null, ""cv_name"": null, ""metadata"": {}, ""scope"": ""study"", ""source"": ""technical_agent"", ""value"": ""label-free""}]"
27	PXD009815-Sample-27	instrument	comment[instrument]	NT=Q Exactive Plus;AC=MS:1002634	runassessor				high	False	False		source_precedence:runassessor	derived	"[{""cv_accession"": ""MS:1002634"", ""cv_name"": ""Q Exactive Plus"", ""metadata"": {""source_path"": ""runAssessor.files.PXD009815/QEKAC160601_121.mzML.instrument_model.name""}, ""scope"": ""assay"", ""source"": ""runassessor"", ""value"": ""Q Exactive Plus""}, {""cv_accession"": null, ""cv_name"": null, ""metadata"": {}, ""scope"": ""study"", ""source"": ""technical_agent"", ""value"": ""Q Exactive Plus""}]"
27	PXD009815-Sample-27	cleavage_agent	comment[cleavage agent details]	NT=Trypsin;AC=MS:1001251	derived								legacy_derivation	derived	[]
27	PXD009815-Sample-27	dissociation	comment[dissociation method]	NT=beam-type collision-induced dissociation;AC=MS:1000422	runassessor								source_precedence:runassessor	derived	"[{""cv_accession"": null, ""cv_name"": null, ""metadata"": {""source_path"": ""runAssessor.files.PXD009815/QEKAC160601_121.mzML.spectra_stats.fragmentation_type""}, ""scope"": ""assay"", ""source"": ""runassessor"", ""value"": ""HR_HCD""}]"
27	PXD009815-Sample-27	factor_value	factor value[experimental design]	UPS1 concentration (0.01, 0.05, 0.1, 0.250, 0.5, 1, 5, 10, 25, 50 fmol)	experimental_design_agent	spiking, respectively, 0.01–0.05–0.1–0.250–0.5–1–5–10–25–50 fmol of the UPS1 equimolar mix (Sigma) into 1 μg of yeast lysate (Merck)	LLM_ONLY	0.5	high	False	False		source_precedence:experimental_design_agent	derived	"[{""cv_accession"": null, ""cv_name"": null, ""metadata"": {""source_field"": ""factor_value""}, ""scope"": ""study"", ""source"": ""experimental_design_agent"", ""value"": ""UPS1 concentration (0.01, 0.05, 0.1, 0.250, 0.5, 1, 5, 10, 25, 50 fmol)""}]"
27	PXD009815-Sample-27	ms2_analyzer	comment[ms2 mass analyzer]	Orbitrap	technical_agent								source_precedence:technical_agent	derived	"[{""cv_accession"": null, ""cv_name"": null, ""metadata"": {}, ""scope"": ""study"", ""source"": ""technical_agent"", ""value"": ""Orbitrap""}]"
27	PXD009815-Sample-27	data_file	comment[data file]	QEKAC160601_121.raw	derived								legacy_derivation	derived	[]
27	PXD009815-Sample-27	sdrf_version	comment[sdrf version]	v1.1.0	derived								legacy_derivation	derived	[]
27	PXD009815-Sample-27	annotation_tool	comment[sdrf annotation tool]	HAMLET-agentic v2.2.5	derived								legacy_derivation	derived	[]
27	PXD009815-Sample-27	factor_disease	factor value[disease]	normal	derived								legacy_derivation	derived	[]
28	PXD009815-Sample-28	source_name	source name	PXD009815-Sample-28	derived								legacy_derivation	derived	[]
28	PXD009815-Sample-28	organism	characteristics[organism]	Saccharomyces cerevisiae	biological_agent	The comparison was based on a standard (‘ground truth’) dataset generated from a yeast lysate in which 10 different levels of the equimolar UPS1 mix of 48 human proteins were spiked, as described elsewhere.	LLM_ONLY	0.5	high	False	False		source_precedence:biological_agent	derived	"[{""cv_accession"": null, ""cv_name"": null, ""metadata"": {""source_field"": ""species""}, ""scope"": ""sample"", ""source"": ""biological_agent"", ""value"": ""Saccharomyces cerevisiae""}]"
28	PXD009815-Sample-28	disease	characteristics[disease]	normal	biological_agent	The comparison was based on a standard (‘ground truth’) dataset generated from a yeast lysate in which 10 different levels of the equimolar UPS1 mix of 48 human proteins were spiked, as described elsewhere.	LLM_ONLY	0.5	high	False	False		source_precedence:biological_agent	derived	"[{""cv_accession"": null, ""cv_name"": null, ""metadata"": {""source_field"": ""disease_state""}, ""scope"": ""sample"", ""source"": ""biological_agent"", ""value"": ""normal""}]"
28	PXD009815-Sample-28	assay_name	assay name	run 28	derived								legacy_derivation	derived	[]
28	PXD009815-Sample-28	technology_type	technology type	proteomic profiling by mass spectrometry	derived								legacy_derivation	derived	[]
28	PXD009815-Sample-28	acquisition	comment[proteomics data acquisition method]	NT=data-dependent acquisition;AC=PRIDE:0000627	runassessor								source_precedence:runassessor	derived	"[{""cv_accession"": null, ""cv_name"": null, ""metadata"": {""source_path"": ""runAssessor.files.PXD009815/QEKAC160601_69.mzML.spectra_stats.acquisition_type""}, ""scope"": ""assay"", ""source"": ""runassessor"", ""value"": ""DDA""}]"
28	PXD009815-Sample-28	label	comment[label]	label free sample	technical_agent				high	False	False		source_precedence:technical_agent	derived	"[{""cv_accession"": null, ""cv_name"": null, ""metadata"": {}, ""scope"": ""study"", ""source"": ""technical_agent"", ""value"": ""label-free""}]"
28	PXD009815-Sample-28	instrument	comment[instrument]	NT=Q Exactive Plus;AC=MS:1002634	runassessor				high	False	False		source_precedence:runassessor	derived	"[{""cv_accession"": ""MS:1002634"", ""cv_name"": ""Q Exactive Plus"", ""metadata"": {""source_path"": ""runAssessor.files.PXD009815/QEKAC160601_69.mzML.instrument_model.name""}, ""scope"": ""assay"", ""source"": ""runassessor"", ""value"": ""Q Exactive Plus""}, {""cv_accession"": null, ""cv_name"": null, ""metadata"": {}, ""scope"": ""study"", ""source"": ""technical_agent"", ""value"": ""Q Exactive Plus""}]"
28	PXD009815-Sample-28	cleavage_agent	comment[cleavage agent details]	NT=Trypsin;AC=MS:1001251	derived								legacy_derivation	derived	[]
28	PXD009815-Sample-28	dissociation	comment[dissociation method]	NT=beam-type collision-induced dissociation;AC=MS:1000422	runassessor								source_precedence:runassessor	derived	"[{""cv_accession"": null, ""cv_name"": null, ""metadata"": {""source_path"": ""runAssessor.files.PXD009815/QEKAC160601_69.mzML.spectra_stats.fragmentation_type""}, ""scope"": ""assay"", ""source"": ""runassessor"", ""value"": ""HR_HCD""}]"
28	PXD009815-Sample-28	factor_value	factor value[experimental design]	UPS1 concentration (0.01, 0.05, 0.1, 0.250, 0.5, 1, 5, 10, 25, 50 fmol)	experimental_design_agent	spiking, respectively, 0.01–0.05–0.1–0.250–0.5–1–5–10–25–50 fmol of the UPS1 equimolar mix (Sigma) into 1 μg of yeast lysate (Merck)	LLM_ONLY	0.5	high	False	False		source_precedence:experimental_design_agent	derived	"[{""cv_accession"": null, ""cv_name"": null, ""metadata"": {""source_field"": ""factor_value""}, ""scope"": ""study"", ""source"": ""experimental_design_agent"", ""value"": ""UPS1 concentration (0.01, 0.05, 0.1, 0.250, 0.5, 1, 5, 10, 25, 50 fmol)""}]"
28	PXD009815-Sample-28	ms2_analyzer	comment[ms2 mass analyzer]	Orbitrap	technical_agent								source_precedence:technical_agent	derived	"[{""cv_accession"": null, ""cv_name"": null, ""metadata"": {}, ""scope"": ""study"", ""source"": ""technical_agent"", ""value"": ""Orbitrap""}]"
28	PXD009815-Sample-28	data_file	comment[data file]	QEKAC160601_69.raw	derived								legacy_derivation	derived	[]
28	PXD009815-Sample-28	sdrf_version	comment[sdrf version]	v1.1.0	derived								legacy_derivation	derived	[]
28	PXD009815-Sample-28	annotation_tool	comment[sdrf annotation tool]	HAMLET-agentic v2.2.5	derived								legacy_derivation	derived	[]
28	PXD009815-Sample-28	factor_disease	factor value[disease]	normal	derived								legacy_derivation	derived	[]
29	PXD009815-Sample-29	source_name	source name	PXD009815-Sample-29	derived								legacy_derivation	derived	[]
29	PXD009815-Sample-29	organism	characteristics[organism]	Saccharomyces cerevisiae	biological_agent	The comparison was based on a standard (‘ground truth’) dataset generated from a yeast lysate in which 10 different levels of the equimolar UPS1 mix of 48 human proteins were spiked, as described elsewhere.	LLM_ONLY	0.5	high	False	False		source_precedence:biological_agent	derived	"[{""cv_accession"": null, ""cv_name"": null, ""metadata"": {""source_field"": ""species""}, ""scope"": ""sample"", ""source"": ""biological_agent"", ""value"": ""Saccharomyces cerevisiae""}]"
29	PXD009815-Sample-29	disease	characteristics[disease]	normal	biological_agent	The comparison was based on a standard (‘ground truth’) dataset generated from a yeast lysate in which 10 different levels of the equimolar UPS1 mix of 48 human proteins were spiked, as described elsewhere.	LLM_ONLY	0.5	high	False	False		source_precedence:biological_agent	derived	"[{""cv_accession"": null, ""cv_name"": null, ""metadata"": {""source_field"": ""disease_state""}, ""scope"": ""sample"", ""source"": ""biological_agent"", ""value"": ""normal""}]"
29	PXD009815-Sample-29	assay_name	assay name	run 29	derived								legacy_derivation	derived	[]
29	PXD009815-Sample-29	technology_type	technology type	proteomic profiling by mass spectrometry	derived								legacy_derivation	derived	[]
29	PXD009815-Sample-29	acquisition	comment[proteomics data acquisition method]	NT=data-dependent acquisition;AC=PRIDE:0000627	runassessor								source_precedence:runassessor	derived	"[{""cv_accession"": null, ""cv_name"": null, ""metadata"": {""source_path"": ""runAssessor.files.PXD009815/QEKAC160601_10.mzML.spectra_stats.acquisition_type""}, ""scope"": ""assay"", ""source"": ""runassessor"", ""value"": ""DDA""}]"
29	PXD009815-Sample-29	label	comment[label]	label free sample	technical_agent				high	False	False		source_precedence:technical_agent	derived	"[{""cv_accession"": null, ""cv_name"": null, ""metadata"": {}, ""scope"": ""study"", ""source"": ""technical_agent"", ""value"": ""label-free""}]"
29	PXD009815-Sample-29	instrument	comment[instrument]	NT=Q Exactive Plus;AC=MS:1002634	runassessor				high	False	False		source_precedence:runassessor	derived	"[{""cv_accession"": ""MS:1002634"", ""cv_name"": ""Q Exactive Plus"", ""metadata"": {""source_path"": ""runAssessor.files.PXD009815/QEKAC160601_10.mzML.instrument_model.name""}, ""scope"": ""assay"", ""source"": ""runassessor"", ""value"": ""Q Exactive Plus""}, {""cv_accession"": null, ""cv_name"": null, ""metadata"": {}, ""scope"": ""study"", ""source"": ""technical_agent"", ""value"": ""Q Exactive Plus""}]"
29	PXD009815-Sample-29	cleavage_agent	comment[cleavage agent details]	NT=Trypsin;AC=MS:1001251	derived								legacy_derivation	derived	[]
29	PXD009815-Sample-29	dissociation	comment[dissociation method]	NT=beam-type collision-induced dissociation;AC=MS:1000422	runassessor								source_precedence:runassessor	derived	"[{""cv_accession"": null, ""cv_name"": null, ""metadata"": {""source_path"": ""runAssessor.files.PXD009815/QEKAC160601_10.mzML.spectra_stats.fragmentation_type""}, ""scope"": ""assay"", ""source"": ""runassessor"", ""value"": ""HR_HCD""}]"
29	PXD009815-Sample-29	factor_value	factor value[experimental design]	UPS1 concentration (0.01, 0.05, 0.1, 0.250, 0.5, 1, 5, 10, 25, 50 fmol)	experimental_design_agent	spiking, respectively, 0.01–0.05–0.1–0.250–0.5–1–5–10–25–50 fmol of the UPS1 equimolar mix (Sigma) into 1 μg of yeast lysate (Merck)	LLM_ONLY	0.5	high	False	False		source_precedence:experimental_design_agent	derived	"[{""cv_accession"": null, ""cv_name"": null, ""metadata"": {""source_field"": ""factor_value""}, ""scope"": ""study"", ""source"": ""experimental_design_agent"", ""value"": ""UPS1 concentration (0.01, 0.05, 0.1, 0.250, 0.5, 1, 5, 10, 25, 50 fmol)""}]"
29	PXD009815-Sample-29	ms2_analyzer	comment[ms2 mass analyzer]	Orbitrap	technical_agent								source_precedence:technical_agent	derived	"[{""cv_accession"": null, ""cv_name"": null, ""metadata"": {}, ""scope"": ""study"", ""source"": ""technical_agent"", ""value"": ""Orbitrap""}]"
29	PXD009815-Sample-29	data_file	comment[data file]	QEKAC160601_10.raw	derived								legacy_derivation	derived	[]
29	PXD009815-Sample-29	sdrf_version	comment[sdrf version]	v1.1.0	derived								legacy_derivation	derived	[]
29	PXD009815-Sample-29	annotation_tool	comment[sdrf annotation tool]	HAMLET-agentic v2.2.5	derived								legacy_derivation	derived	[]
29	PXD009815-Sample-29	factor_disease	factor value[disease]	normal	derived								legacy_derivation	derived	[]
30	PXD009815-Sample-30	source_name	source name	PXD009815-Sample-30	derived								legacy_derivation	derived	[]
30	PXD009815-Sample-30	organism	characteristics[organism]	Saccharomyces cerevisiae	biological_agent	The comparison was based on a standard (‘ground truth’) dataset generated from a yeast lysate in which 10 different levels of the equimolar UPS1 mix of 48 human proteins were spiked, as described elsewhere.	LLM_ONLY	0.5	high	False	False		source_precedence:biological_agent	derived	"[{""cv_accession"": null, ""cv_name"": null, ""metadata"": {""source_field"": ""species""}, ""scope"": ""sample"", ""source"": ""biological_agent"", ""value"": ""Saccharomyces cerevisiae""}]"
30	PXD009815-Sample-30	disease	characteristics[disease]	normal	biological_agent	The comparison was based on a standard (‘ground truth’) dataset generated from a yeast lysate in which 10 different levels of the equimolar UPS1 mix of 48 human proteins were spiked, as described elsewhere.	LLM_ONLY	0.5	high	False	False		source_precedence:biological_agent	derived	"[{""cv_accession"": null, ""cv_name"": null, ""metadata"": {""source_field"": ""disease_state""}, ""scope"": ""sample"", ""source"": ""biological_agent"", ""value"": ""normal""}]"
30	PXD009815-Sample-30	assay_name	assay name	run 30	derived								legacy_derivation	derived	[]
30	PXD009815-Sample-30	technology_type	technology type	proteomic profiling by mass spectrometry	derived								legacy_derivation	derived	[]
30	PXD009815-Sample-30	acquisition	comment[proteomics data acquisition method]	NT=data-dependent acquisition;AC=PRIDE:0000627	runassessor								source_precedence:runassessor	derived	"[{""cv_accession"": null, ""cv_name"": null, ""metadata"": {""source_path"": ""runAssessor.files.PXD009815/QEKAC160601_115.mzML.spectra_stats.acquisition_type""}, ""scope"": ""assay"", ""source"": ""runassessor"", ""value"": ""DDA""}]"
30	PXD009815-Sample-30	label	comment[label]	label free sample	technical_agent				high	False	False		source_precedence:technical_agent	derived	"[{""cv_accession"": null, ""cv_name"": null, ""metadata"": {}, ""scope"": ""study"", ""source"": ""technical_agent"", ""value"": ""label-free""}]"
30	PXD009815-Sample-30	instrument	comment[instrument]	NT=Q Exactive Plus;AC=MS:1002634	runassessor				high	False	False		source_precedence:runassessor	derived	"[{""cv_accession"": ""MS:1002634"", ""cv_name"": ""Q Exactive Plus"", ""metadata"": {""source_path"": ""runAssessor.files.PXD009815/QEKAC160601_115.mzML.instrument_model.name""}, ""scope"": ""assay"", ""source"": ""runassessor"", ""value"": ""Q Exactive Plus""}, {""cv_accession"": null, ""cv_name"": null, ""metadata"": {}, ""scope"": ""study"", ""source"": ""technical_agent"", ""value"": ""Q Exactive Plus""}]"
30	PXD009815-Sample-30	cleavage_agent	comment[cleavage agent details]	NT=Trypsin;AC=MS:1001251	derived								legacy_derivation	derived	[]
30	PXD009815-Sample-30	dissociation	comment[dissociation method]	NT=beam-type collision-induced dissociation;AC=MS:1000422	runassessor								source_precedence:runassessor	derived	"[{""cv_accession"": null, ""cv_name"": null, ""metadata"": {""source_path"": ""runAssessor.files.PXD009815/QEKAC160601_115.mzML.spectra_stats.fragmentation_type""}, ""scope"": ""assay"", ""source"": ""runassessor"", ""value"": ""HR_HCD""}]"
30	PXD009815-Sample-30	factor_value	factor value[experimental design]	UPS1 concentration (0.01, 0.05, 0.1, 0.250, 0.5, 1, 5, 10, 25, 50 fmol)	experimental_design_agent	spiking, respectively, 0.01–0.05–0.1–0.250–0.5–1–5–10–25–50 fmol of the UPS1 equimolar mix (Sigma) into 1 μg of yeast lysate (Merck)	LLM_ONLY	0.5	high	False	False		source_precedence:experimental_design_agent	derived	"[{""cv_accession"": null, ""cv_name"": null, ""metadata"": {""source_field"": ""factor_value""}, ""scope"": ""study"", ""source"": ""experimental_design_agent"", ""value"": ""UPS1 concentration (0.01, 0.05, 0.1, 0.250, 0.5, 1, 5, 10, 25, 50 fmol)""}]"
30	PXD009815-Sample-30	ms2_analyzer	comment[ms2 mass analyzer]	Orbitrap	technical_agent								source_precedence:technical_agent	derived	"[{""cv_accession"": null, ""cv_name"": null, ""metadata"": {}, ""scope"": ""study"", ""source"": ""technical_agent"", ""value"": ""Orbitrap""}]"
30	PXD009815-Sample-30	data_file	comment[data file]	QEKAC160601_115.raw	derived								legacy_derivation	derived	[]
30	PXD009815-Sample-30	sdrf_version	comment[sdrf version]	v1.1.0	derived								legacy_derivation	derived	[]
30	PXD009815-Sample-30	annotation_tool	comment[sdrf annotation tool]	HAMLET-agentic v2.2.5	derived								legacy_derivation	derived	[]
30	PXD009815-Sample-30	factor_disease	factor value[disease]	normal	derived								legacy_derivation	derived	[]
31	PXD009815-Sample-31	source_name	source name	PXD009815-Sample-31	derived								legacy_derivation	derived	[]
31	PXD009815-Sample-31	organism	characteristics[organism]	Saccharomyces cerevisiae	biological_agent	The comparison was based on a standard (‘ground truth’) dataset generated from a yeast lysate in which 10 different levels of the equimolar UPS1 mix of 48 human proteins were spiked, as described elsewhere.	LLM_ONLY	0.5	high	False	False		source_precedence:biological_agent	derived	"[{""cv_accession"": null, ""cv_name"": null, ""metadata"": {""source_field"": ""species""}, ""scope"": ""sample"", ""source"": ""biological_agent"", ""value"": ""Saccharomyces cerevisiae""}]"
31	PXD009815-Sample-31	disease	characteristics[disease]	normal	biological_agent	The comparison was based on a standard (‘ground truth’) dataset generated from a yeast lysate in which 10 different levels of the equimolar UPS1 mix of 48 human proteins were spiked, as described elsewhere.	LLM_ONLY	0.5	high	False	False		source_precedence:biological_agent	derived	"[{""cv_accession"": null, ""cv_name"": null, ""metadata"": {""source_field"": ""disease_state""}, ""scope"": ""sample"", ""source"": ""biological_agent"", ""value"": ""normal""}]"
31	PXD009815-Sample-31	assay_name	assay name	run 31	derived								legacy_derivation	derived	[]
31	PXD009815-Sample-31	technology_type	technology type	proteomic profiling by mass spectrometry	derived								legacy_derivation	derived	[]
31	PXD009815-Sample-31	label	comment[label]	label free sample	technical_agent				high	False	False		source_precedence:technical_agent	derived	"[{""cv_accession"": null, ""cv_name"": null, ""metadata"": {}, ""scope"": ""study"", ""source"": ""technical_agent"", ""value"": ""label-free""}]"
31	PXD009815-Sample-31	instrument	comment[instrument]	Q Exactive Plus	technical_agent				high	False	False		source_precedence:technical_agent	derived	"[{""cv_accession"": null, ""cv_name"": null, ""metadata"": {}, ""scope"": ""study"", ""source"": ""technical_agent"", ""value"": ""Q Exactive Plus""}]"
31	PXD009815-Sample-31	cleavage_agent	comment[cleavage agent details]	NT=Trypsin;AC=MS:1001251	derived								legacy_derivation	derived	[]
31	PXD009815-Sample-31	factor_value	factor value[experimental design]	UPS1 concentration (0.01, 0.05, 0.1, 0.250, 0.5, 1, 5, 10, 25, 50 fmol)	experimental_design_agent	spiking, respectively, 0.01–0.05–0.1–0.250–0.5–1–5–10–25–50 fmol of the UPS1 equimolar mix (Sigma) into 1 μg of yeast lysate (Merck)	LLM_ONLY	0.5	high	False	False		source_precedence:experimental_design_agent	derived	"[{""cv_accession"": null, ""cv_name"": null, ""metadata"": {""source_field"": ""factor_value""}, ""scope"": ""study"", ""source"": ""experimental_design_agent"", ""value"": ""UPS1 concentration (0.01, 0.05, 0.1, 0.250, 0.5, 1, 5, 10, 25, 50 fmol)""}]"
31	PXD009815-Sample-31	ms2_analyzer	comment[ms2 mass analyzer]	Orbitrap	technical_agent								source_precedence:technical_agent	derived	"[{""cv_accession"": null, ""cv_name"": null, ""metadata"": {}, ""scope"": ""study"", ""source"": ""technical_agent"", ""value"": ""Orbitrap""}]"
31	PXD009815-Sample-31	data_file	comment[data file]	QEKAC160601_16.raw	derived								legacy_derivation	derived	[]
31	PXD009815-Sample-31	sdrf_version	comment[sdrf version]	v1.1.0	derived								legacy_derivation	derived	[]
31	PXD009815-Sample-31	annotation_tool	comment[sdrf annotation tool]	HAMLET-agentic v2.2.5	derived								legacy_derivation	derived	[]
31	PXD009815-Sample-31	factor_disease	factor value[disease]	normal	derived								legacy_derivation	derived	[]
32	PXD009815-Sample-32	source_name	source name	PXD009815-Sample-32	derived								legacy_derivation	derived	[]
32	PXD009815-Sample-32	organism	characteristics[organism]	Saccharomyces cerevisiae	biological_agent	The comparison was based on a standard (‘ground truth’) dataset generated from a yeast lysate in which 10 different levels of the equimolar UPS1 mix of 48 human proteins were spiked, as described elsewhere.	LLM_ONLY	0.5	high	False	False		source_precedence:biological_agent	derived	"[{""cv_accession"": null, ""cv_name"": null, ""metadata"": {""source_field"": ""species""}, ""scope"": ""sample"", ""source"": ""biological_agent"", ""value"": ""Saccharomyces cerevisiae""}]"
32	PXD009815-Sample-32	disease	characteristics[disease]	normal	biological_agent	The comparison was based on a standard (‘ground truth’) dataset generated from a yeast lysate in which 10 different levels of the equimolar UPS1 mix of 48 human proteins were spiked, as described elsewhere.	LLM_ONLY	0.5	high	False	False		source_precedence:biological_agent	derived	"[{""cv_accession"": null, ""cv_name"": null, ""metadata"": {""source_field"": ""disease_state""}, ""scope"": ""sample"", ""source"": ""biological_agent"", ""value"": ""normal""}]"
32	PXD009815-Sample-32	assay_name	assay name	run 32	derived								legacy_derivation	derived	[]
32	PXD009815-Sample-32	technology_type	technology type	proteomic profiling by mass spectrometry	derived								legacy_derivation	derived	[]
32	PXD009815-Sample-32	label	comment[label]	label free sample	technical_agent				high	False	False		source_precedence:technical_agent	derived	"[{""cv_accession"": null, ""cv_name"": null, ""metadata"": {}, ""scope"": ""study"", ""source"": ""technical_agent"", ""value"": ""label-free""}]"
32	PXD009815-Sample-32	instrument	comment[instrument]	Q Exactive Plus	technical_agent				high	False	False		source_precedence:technical_agent	derived	"[{""cv_accession"": null, ""cv_name"": null, ""metadata"": {}, ""scope"": ""study"", ""source"": ""technical_agent"", ""value"": ""Q Exactive Plus""}]"
32	PXD009815-Sample-32	cleavage_agent	comment[cleavage agent details]	NT=Trypsin;AC=MS:1001251	derived								legacy_derivation	derived	[]
32	PXD009815-Sample-32	factor_value	factor value[experimental design]	UPS1 concentration (0.01, 0.05, 0.1, 0.250, 0.5, 1, 5, 10, 25, 50 fmol)	experimental_design_agent	spiking, respectively, 0.01–0.05–0.1–0.250–0.5–1–5–10–25–50 fmol of the UPS1 equimolar mix (Sigma) into 1 μg of yeast lysate (Merck)	LLM_ONLY	0.5	high	False	False		source_precedence:experimental_design_agent	derived	"[{""cv_accession"": null, ""cv_name"": null, ""metadata"": {""source_field"": ""factor_value""}, ""scope"": ""study"", ""source"": ""experimental_design_agent"", ""value"": ""UPS1 concentration (0.01, 0.05, 0.1, 0.250, 0.5, 1, 5, 10, 25, 50 fmol)""}]"
32	PXD009815-Sample-32	ms2_analyzer	comment[ms2 mass analyzer]	Orbitrap	technical_agent								source_precedence:technical_agent	derived	"[{""cv_accession"": null, ""cv_name"": null, ""metadata"": {}, ""scope"": ""study"", ""source"": ""technical_agent"", ""value"": ""Orbitrap""}]"
32	PXD009815-Sample-32	data_file	comment[data file]	QEKAC160601_02.raw	derived								legacy_derivation	derived	[]
32	PXD009815-Sample-32	sdrf_version	comment[sdrf version]	v1.1.0	derived								legacy_derivation	derived	[]
32	PXD009815-Sample-32	annotation_tool	comment[sdrf annotation tool]	HAMLET-agentic v2.2.5	derived								legacy_derivation	derived	[]
32	PXD009815-Sample-32	factor_disease	factor value[disease]	normal	derived								legacy_derivation	derived	[]
33	PXD009815-Sample-33	source_name	source name	PXD009815-Sample-33	derived								legacy_derivation	derived	[]
33	PXD009815-Sample-33	organism	characteristics[organism]	Saccharomyces cerevisiae	biological_agent	The comparison was based on a standard (‘ground truth’) dataset generated from a yeast lysate in which 10 different levels of the equimolar UPS1 mix of 48 human proteins were spiked, as described elsewhere.	LLM_ONLY	0.5	high	False	False		source_precedence:biological_agent	derived	"[{""cv_accession"": null, ""cv_name"": null, ""metadata"": {""source_field"": ""species""}, ""scope"": ""sample"", ""source"": ""biological_agent"", ""value"": ""Saccharomyces cerevisiae""}]"
33	PXD009815-Sample-33	disease	characteristics[disease]	normal	biological_agent	The comparison was based on a standard (‘ground truth’) dataset generated from a yeast lysate in which 10 different levels of the equimolar UPS1 mix of 48 human proteins were spiked, as described elsewhere.	LLM_ONLY	0.5	high	False	False		source_precedence:biological_agent	derived	"[{""cv_accession"": null, ""cv_name"": null, ""metadata"": {""source_field"": ""disease_state""}, ""scope"": ""sample"", ""source"": ""biological_agent"", ""value"": ""normal""}]"
33	PXD009815-Sample-33	assay_name	assay name	run 33	derived								legacy_derivation	derived	[]
33	PXD009815-Sample-33	technology_type	technology type	proteomic profiling by mass spectrometry	derived								legacy_derivation	derived	[]
33	PXD009815-Sample-33	label	comment[label]	label free sample	technical_agent				high	False	False		source_precedence:technical_agent	derived	"[{""cv_accession"": null, ""cv_name"": null, ""metadata"": {}, ""scope"": ""study"", ""source"": ""technical_agent"", ""value"": ""label-free""}]"
33	PXD009815-Sample-33	instrument	comment[instrument]	Q Exactive Plus	technical_agent				high	False	False		source_precedence:technical_agent	derived	"[{""cv_accession"": null, ""cv_name"": null, ""metadata"": {}, ""scope"": ""study"", ""source"": ""technical_agent"", ""value"": ""Q Exactive Plus""}]"
33	PXD009815-Sample-33	cleavage_agent	comment[cleavage agent details]	NT=Trypsin;AC=MS:1001251	derived								legacy_derivation	derived	[]
33	PXD009815-Sample-33	factor_value	factor value[experimental design]	UPS1 concentration (0.01, 0.05, 0.1, 0.250, 0.5, 1, 5, 10, 25, 50 fmol)	experimental_design_agent	spiking, respectively, 0.01–0.05–0.1–0.250–0.5–1–5–10–25–50 fmol of the UPS1 equimolar mix (Sigma) into 1 μg of yeast lysate (Merck)	LLM_ONLY	0.5	high	False	False		source_precedence:experimental_design_agent	derived	"[{""cv_accession"": null, ""cv_name"": null, ""metadata"": {""source_field"": ""factor_value""}, ""scope"": ""study"", ""source"": ""experimental_design_agent"", ""value"": ""UPS1 concentration (0.01, 0.05, 0.1, 0.250, 0.5, 1, 5, 10, 25, 50 fmol)""}]"
33	PXD009815-Sample-33	ms2_analyzer	comment[ms2 mass analyzer]	Orbitrap	technical_agent								source_precedence:technical_agent	derived	"[{""cv_accession"": null, ""cv_name"": null, ""metadata"": {}, ""scope"": ""study"", ""source"": ""technical_agent"", ""value"": ""Orbitrap""}]"
33	PXD009815-Sample-33	data_file	comment[data file]	QEKAC160601_14.raw	derived								legacy_derivation	derived	[]
33	PXD009815-Sample-33	sdrf_version	comment[sdrf version]	v1.1.0	derived								legacy_derivation	derived	[]
33	PXD009815-Sample-33	annotation_tool	comment[sdrf annotation tool]	HAMLET-agentic v2.2.5	derived								legacy_derivation	derived	[]
33	PXD009815-Sample-33	factor_disease	factor value[disease]	normal	derived								legacy_derivation	derived	[]
34	PXD009815-Sample-34	source_name	source name	PXD009815-Sample-34	derived								legacy_derivation	derived	[]
34	PXD009815-Sample-34	organism	characteristics[organism]	Saccharomyces cerevisiae	biological_agent	The comparison was based on a standard (‘ground truth’) dataset generated from a yeast lysate in which 10 different levels of the equimolar UPS1 mix of 48 human proteins were spiked, as described elsewhere.	LLM_ONLY	0.5	high	False	False		source_precedence:biological_agent	derived	"[{""cv_accession"": null, ""cv_name"": null, ""metadata"": {""source_field"": ""species""}, ""scope"": ""sample"", ""source"": ""biological_agent"", ""value"": ""Saccharomyces cerevisiae""}]"
34	PXD009815-Sample-34	disease	characteristics[disease]	normal	biological_agent	The comparison was based on a standard (‘ground truth’) dataset generated from a yeast lysate in which 10 different levels of the equimolar UPS1 mix of 48 human proteins were spiked, as described elsewhere.	LLM_ONLY	0.5	high	False	False		source_precedence:biological_agent	derived	"[{""cv_accession"": null, ""cv_name"": null, ""metadata"": {""source_field"": ""disease_state""}, ""scope"": ""sample"", ""source"": ""biological_agent"", ""value"": ""normal""}]"
34	PXD009815-Sample-34	assay_name	assay name	run 34	derived								legacy_derivation	derived	[]
34	PXD009815-Sample-34	technology_type	technology type	proteomic profiling by mass spectrometry	derived								legacy_derivation	derived	[]
34	PXD009815-Sample-34	label	comment[label]	label free sample	technical_agent				high	False	False		source_precedence:technical_agent	derived	"[{""cv_accession"": null, ""cv_name"": null, ""metadata"": {}, ""scope"": ""study"", ""source"": ""technical_agent"", ""value"": ""label-free""}]"
34	PXD009815-Sample-34	instrument	comment[instrument]	Q Exactive Plus	technical_agent				high	False	False		source_precedence:technical_agent	derived	"[{""cv_accession"": null, ""cv_name"": null, ""metadata"": {}, ""scope"": ""study"", ""source"": ""technical_agent"", ""value"": ""Q Exactive Plus""}]"
34	PXD009815-Sample-34	cleavage_agent	comment[cleavage agent details]	NT=Trypsin;AC=MS:1001251	derived								legacy_derivation	derived	[]
34	PXD009815-Sample-34	factor_value	factor value[experimental design]	UPS1 concentration (0.01, 0.05, 0.1, 0.250, 0.5, 1, 5, 10, 25, 50 fmol)	experimental_design_agent	spiking, respectively, 0.01–0.05–0.1–0.250–0.5–1–5–10–25–50 fmol of the UPS1 equimolar mix (Sigma) into 1 μg of yeast lysate (Merck)	LLM_ONLY	0.5	high	False	False		source_precedence:experimental_design_agent	derived	"[{""cv_accession"": null, ""cv_name"": null, ""metadata"": {""source_field"": ""factor_value""}, ""scope"": ""study"", ""source"": ""experimental_design_agent"", ""value"": ""UPS1 concentration (0.01, 0.05, 0.1, 0.250, 0.5, 1, 5, 10, 25, 50 fmol)""}]"
34	PXD009815-Sample-34	ms2_analyzer	comment[ms2 mass analyzer]	Orbitrap	technical_agent								source_precedence:technical_agent	derived	"[{""cv_accession"": null, ""cv_name"": null, ""metadata"": {}, ""scope"": ""study"", ""source"": ""technical_agent"", ""value"": ""Orbitrap""}]"
34	PXD009815-Sample-34	data_file	comment[data file]	QEKAC160601_34.raw	derived								legacy_derivation	derived	[]
34	PXD009815-Sample-34	sdrf_version	comment[sdrf version]	v1.1.0	derived								legacy_derivation	derived	[]
34	PXD009815-Sample-34	annotation_tool	comment[sdrf annotation tool]	HAMLET-agentic v2.2.5	derived								legacy_derivation	derived	[]
34	PXD009815-Sample-34	factor_disease	factor value[disease]	normal	derived								legacy_derivation	derived	[]
35	PXD009815-Sample-35	source_name	source name	PXD009815-Sample-35	derived								legacy_derivation	derived	[]
35	PXD009815-Sample-35	organism	characteristics[organism]	Saccharomyces cerevisiae	biological_agent	The comparison was based on a standard (‘ground truth’) dataset generated from a yeast lysate in which 10 different levels of the equimolar UPS1 mix of 48 human proteins were spiked, as described elsewhere.	LLM_ONLY	0.5	high	False	False		source_precedence:biological_agent	derived	"[{""cv_accession"": null, ""cv_name"": null, ""metadata"": {""source_field"": ""species""}, ""scope"": ""sample"", ""source"": ""biological_agent"", ""value"": ""Saccharomyces cerevisiae""}]"
35	PXD009815-Sample-35	disease	characteristics[disease]	normal	biological_agent	The comparison was based on a standard (‘ground truth’) dataset generated from a yeast lysate in which 10 different levels of the equimolar UPS1 mix of 48 human proteins were spiked, as described elsewhere.	LLM_ONLY	0.5	high	False	False		source_precedence:biological_agent	derived	"[{""cv_accession"": null, ""cv_name"": null, ""metadata"": {""source_field"": ""disease_state""}, ""scope"": ""sample"", ""source"": ""biological_agent"", ""value"": ""normal""}]"
35	PXD009815-Sample-35	assay_name	assay name	run 35	derived								legacy_derivation	derived	[]
35	PXD009815-Sample-35	technology_type	technology type	proteomic profiling by mass spectrometry	derived								legacy_derivation	derived	[]
35	PXD009815-Sample-35	label	comment[label]	label free sample	technical_agent				high	False	False		source_precedence:technical_agent	derived	"[{""cv_accession"": null, ""cv_name"": null, ""metadata"": {}, ""scope"": ""study"", ""source"": ""technical_agent"", ""value"": ""label-free""}]"
35	PXD009815-Sample-35	instrument	comment[instrument]	Q Exactive Plus	technical_agent				high	False	False		source_precedence:technical_agent	derived	"[{""cv_accession"": null, ""cv_name"": null, ""metadata"": {}, ""scope"": ""study"", ""source"": ""technical_agent"", ""value"": ""Q Exactive Plus""}]"
35	PXD009815-Sample-35	cleavage_agent	comment[cleavage agent details]	NT=Trypsin;AC=MS:1001251	derived								legacy_derivation	derived	[]
35	PXD009815-Sample-35	factor_value	factor value[experimental design]	UPS1 concentration (0.01, 0.05, 0.1, 0.250, 0.5, 1, 5, 10, 25, 50 fmol)	experimental_design_agent	spiking, respectively, 0.01–0.05–0.1–0.250–0.5–1–5–10–25–50 fmol of the UPS1 equimolar mix (Sigma) into 1 μg of yeast lysate (Merck)	LLM_ONLY	0.5	high	False	False		source_precedence:experimental_design_agent	derived	"[{""cv_accession"": null, ""cv_name"": null, ""metadata"": {""source_field"": ""factor_value""}, ""scope"": ""study"", ""source"": ""experimental_design_agent"", ""value"": ""UPS1 concentration (0.01, 0.05, 0.1, 0.250, 0.5, 1, 5, 10, 25, 50 fmol)""}]"
35	PXD009815-Sample-35	ms2_analyzer	comment[ms2 mass analyzer]	Orbitrap	technical_agent								source_precedence:technical_agent	derived	"[{""cv_accession"": null, ""cv_name"": null, ""metadata"": {}, ""scope"": ""study"", ""source"": ""technical_agent"", ""value"": ""Orbitrap""}]"
35	PXD009815-Sample-35	data_file	comment[data file]	QEKAC160601_48.raw	derived								legacy_derivation	derived	[]
35	PXD009815-Sample-35	sdrf_version	comment[sdrf version]	v1.1.0	derived								legacy_derivation	derived	[]
35	PXD009815-Sample-35	annotation_tool	comment[sdrf annotation tool]	HAMLET-agentic v2.2.5	derived								legacy_derivation	derived	[]
35	PXD009815-Sample-35	factor_disease	factor value[disease]	normal	derived								legacy_derivation	derived	[]
36	PXD009815-Sample-36	source_name	source name	PXD009815-Sample-36	derived								legacy_derivation	derived	[]
36	PXD009815-Sample-36	organism	characteristics[organism]	Saccharomyces cerevisiae	biological_agent	The comparison was based on a standard (‘ground truth’) dataset generated from a yeast lysate in which 10 different levels of the equimolar UPS1 mix of 48 human proteins were spiked, as described elsewhere.	LLM_ONLY	0.5	high	False	False		source_precedence:biological_agent	derived	"[{""cv_accession"": null, ""cv_name"": null, ""metadata"": {""source_field"": ""species""}, ""scope"": ""sample"", ""source"": ""biological_agent"", ""value"": ""Saccharomyces cerevisiae""}]"
36	PXD009815-Sample-36	disease	characteristics[disease]	normal	biological_agent	The comparison was based on a standard (‘ground truth’) dataset generated from a yeast lysate in which 10 different levels of the equimolar UPS1 mix of 48 human proteins were spiked, as described elsewhere.	LLM_ONLY	0.5	high	False	False		source_precedence:biological_agent	derived	"[{""cv_accession"": null, ""cv_name"": null, ""metadata"": {""source_field"": ""disease_state""}, ""scope"": ""sample"", ""source"": ""biological_agent"", ""value"": ""normal""}]"
36	PXD009815-Sample-36	assay_name	assay name	run 36	derived								legacy_derivation	derived	[]
36	PXD009815-Sample-36	technology_type	technology type	proteomic profiling by mass spectrometry	derived								legacy_derivation	derived	[]
36	PXD009815-Sample-36	label	comment[label]	label free sample	technical_agent				high	False	False		source_precedence:technical_agent	derived	"[{""cv_accession"": null, ""cv_name"": null, ""metadata"": {}, ""scope"": ""study"", ""source"": ""technical_agent"", ""value"": ""label-free""}]"
36	PXD009815-Sample-36	instrument	comment[instrument]	Q Exactive Plus	technical_agent				high	False	False		source_precedence:technical_agent	derived	"[{""cv_accession"": null, ""cv_name"": null, ""metadata"": {}, ""scope"": ""study"", ""source"": ""technical_agent"", ""value"": ""Q Exactive Plus""}]"
36	PXD009815-Sample-36	cleavage_agent	comment[cleavage agent details]	NT=Trypsin;AC=MS:1001251	derived								legacy_derivation	derived	[]
36	PXD009815-Sample-36	factor_value	factor value[experimental design]	UPS1 concentration (0.01, 0.05, 0.1, 0.250, 0.5, 1, 5, 10, 25, 50 fmol)	experimental_design_agent	spiking, respectively, 0.01–0.05–0.1–0.250–0.5–1–5–10–25–50 fmol of the UPS1 equimolar mix (Sigma) into 1 μg of yeast lysate (Merck)	LLM_ONLY	0.5	high	False	False		source_precedence:experimental_design_agent	derived	"[{""cv_accession"": null, ""cv_name"": null, ""metadata"": {""source_field"": ""factor_value""}, ""scope"": ""study"", ""source"": ""experimental_design_agent"", ""value"": ""UPS1 concentration (0.01, 0.05, 0.1, 0.250, 0.5, 1, 5, 10, 25, 50 fmol)""}]"
36	PXD009815-Sample-36	ms2_analyzer	comment[ms2 mass analyzer]	Orbitrap	technical_agent								source_precedence:technical_agent	derived	"[{""cv_accession"": null, ""cv_name"": null, ""metadata"": {}, ""scope"": ""study"", ""source"": ""technical_agent"", ""value"": ""Orbitrap""}]"
36	PXD009815-Sample-36	data_file	comment[data file]	QEKAC160601_71.raw	derived								legacy_derivation	derived	[]
36	PXD009815-Sample-36	sdrf_version	comment[sdrf version]	v1.1.0	derived								legacy_derivation	derived	[]
36	PXD009815-Sample-36	annotation_tool	comment[sdrf annotation tool]	HAMLET-agentic v2.2.5	derived								legacy_derivation	derived	[]
36	PXD009815-Sample-36	factor_disease	factor value[disease]	normal	derived								legacy_derivation	derived	[]
37	PXD009815-Sample-37	source_name	source name	PXD009815-Sample-37	derived								legacy_derivation	derived	[]
37	PXD009815-Sample-37	organism	characteristics[organism]	Saccharomyces cerevisiae	biological_agent	The comparison was based on a standard (‘ground truth’) dataset generated from a yeast lysate in which 10 different levels of the equimolar UPS1 mix of 48 human proteins were spiked, as described elsewhere.	LLM_ONLY	0.5	high	False	False		source_precedence:biological_agent	derived	"[{""cv_accession"": null, ""cv_name"": null, ""metadata"": {""source_field"": ""species""}, ""scope"": ""sample"", ""source"": ""biological_agent"", ""value"": ""Saccharomyces cerevisiae""}]"
37	PXD009815-Sample-37	disease	characteristics[disease]	normal	biological_agent	The comparison was based on a standard (‘ground truth’) dataset generated from a yeast lysate in which 10 different levels of the equimolar UPS1 mix of 48 human proteins were spiked, as described elsewhere.	LLM_ONLY	0.5	high	False	False		source_precedence:biological_agent	derived	"[{""cv_accession"": null, ""cv_name"": null, ""metadata"": {""source_field"": ""disease_state""}, ""scope"": ""sample"", ""source"": ""biological_agent"", ""value"": ""normal""}]"
37	PXD009815-Sample-37	assay_name	assay name	run 37	derived								legacy_derivation	derived	[]
37	PXD009815-Sample-37	technology_type	technology type	proteomic profiling by mass spectrometry	derived								legacy_derivation	derived	[]
37	PXD009815-Sample-37	label	comment[label]	label free sample	technical_agent				high	False	False		source_precedence:technical_agent	derived	"[{""cv_accession"": null, ""cv_name"": null, ""metadata"": {}, ""scope"": ""study"", ""source"": ""technical_agent"", ""value"": ""label-free""}]"
37	PXD009815-Sample-37	instrument	comment[instrument]	Q Exactive Plus	technical_agent				high	False	False		source_precedence:technical_agent	derived	"[{""cv_accession"": null, ""cv_name"": null, ""metadata"": {}, ""scope"": ""study"", ""source"": ""technical_agent"", ""value"": ""Q Exactive Plus""}]"
37	PXD009815-Sample-37	cleavage_agent	comment[cleavage agent details]	NT=Trypsin;AC=MS:1001251	derived								legacy_derivation	derived	[]
37	PXD009815-Sample-37	factor_value	factor value[experimental design]	UPS1 concentration (0.01, 0.05, 0.1, 0.250, 0.5, 1, 5, 10, 25, 50 fmol)	experimental_design_agent	spiking, respectively, 0.01–0.05–0.1–0.250–0.5–1–5–10–25–50 fmol of the UPS1 equimolar mix (Sigma) into 1 μg of yeast lysate (Merck)	LLM_ONLY	0.5	high	False	False		source_precedence:experimental_design_agent	derived	"[{""cv_accession"": null, ""cv_name"": null, ""metadata"": {""source_field"": ""factor_value""}, ""scope"": ""study"", ""source"": ""experimental_design_agent"", ""value"": ""UPS1 concentration (0.01, 0.05, 0.1, 0.250, 0.5, 1, 5, 10, 25, 50 fmol)""}]"
37	PXD009815-Sample-37	ms2_analyzer	comment[ms2 mass analyzer]	Orbitrap	technical_agent								source_precedence:technical_agent	derived	"[{""cv_accession"": null, ""cv_name"": null, ""metadata"": {}, ""scope"": ""study"", ""source"": ""technical_agent"", ""value"": ""Orbitrap""}]"
37	PXD009815-Sample-37	data_file	comment[data file]	QEKAC160601_117.raw	derived								legacy_derivation	derived	[]
37	PXD009815-Sample-37	sdrf_version	comment[sdrf version]	v1.1.0	derived								legacy_derivation	derived	[]
37	PXD009815-Sample-37	annotation_tool	comment[sdrf annotation tool]	HAMLET-agentic v2.2.5	derived								legacy_derivation	derived	[]
37	PXD009815-Sample-37	factor_disease	factor value[disease]	normal	derived								legacy_derivation	derived	[]
38	PXD009815-Sample-38	source_name	source name	PXD009815-Sample-38	derived								legacy_derivation	derived	[]
38	PXD009815-Sample-38	organism	characteristics[organism]	Saccharomyces cerevisiae	biological_agent	The comparison was based on a standard (‘ground truth’) dataset generated from a yeast lysate in which 10 different levels of the equimolar UPS1 mix of 48 human proteins were spiked, as described elsewhere.	LLM_ONLY	0.5	high	False	False		source_precedence:biological_agent	derived	"[{""cv_accession"": null, ""cv_name"": null, ""metadata"": {""source_field"": ""species""}, ""scope"": ""sample"", ""source"": ""biological_agent"", ""value"": ""Saccharomyces cerevisiae""}]"
38	PXD009815-Sample-38	disease	characteristics[disease]	normal	biological_agent	The comparison was based on a standard (‘ground truth’) dataset generated from a yeast lysate in which 10 different levels of the equimolar UPS1 mix of 48 human proteins were spiked, as described elsewhere.	LLM_ONLY	0.5	high	False	False		source_precedence:biological_agent	derived	"[{""cv_accession"": null, ""cv_name"": null, ""metadata"": {""source_field"": ""disease_state""}, ""scope"": ""sample"", ""source"": ""biological_agent"", ""value"": ""normal""}]"
38	PXD009815-Sample-38	assay_name	assay name	run 38	derived								legacy_derivation	derived	[]
38	PXD009815-Sample-38	technology_type	technology type	proteomic profiling by mass spectrometry	derived								legacy_derivation	derived	[]
38	PXD009815-Sample-38	label	comment[label]	label free sample	technical_agent				high	False	False		source_precedence:technical_agent	derived	"[{""cv_accession"": null, ""cv_name"": null, ""metadata"": {}, ""scope"": ""study"", ""source"": ""technical_agent"", ""value"": ""label-free""}]"
38	PXD009815-Sample-38	instrument	comment[instrument]	Q Exactive Plus	technical_agent				high	False	False		source_precedence:technical_agent	derived	"[{""cv_accession"": null, ""cv_name"": null, ""metadata"": {}, ""scope"": ""study"", ""source"": ""technical_agent"", ""value"": ""Q Exactive Plus""}]"
38	PXD009815-Sample-38	cleavage_agent	comment[cleavage agent details]	NT=Trypsin;AC=MS:1001251	derived								legacy_derivation	derived	[]
38	PXD009815-Sample-38	factor_value	factor value[experimental design]	UPS1 concentration (0.01, 0.05, 0.1, 0.250, 0.5, 1, 5, 10, 25, 50 fmol)	experimental_design_agent	spiking, respectively, 0.01–0.05–0.1–0.250–0.5–1–5–10–25–50 fmol of the UPS1 equimolar mix (Sigma) into 1 μg of yeast lysate (Merck)	LLM_ONLY	0.5	high	False	False		source_precedence:experimental_design_agent	derived	"[{""cv_accession"": null, ""cv_name"": null, ""metadata"": {""source_field"": ""factor_value""}, ""scope"": ""study"", ""source"": ""experimental_design_agent"", ""value"": ""UPS1 concentration (0.01, 0.05, 0.1, 0.250, 0.5, 1, 5, 10, 25, 50 fmol)""}]"
38	PXD009815-Sample-38	ms2_analyzer	comment[ms2 mass analyzer]	Orbitrap	technical_agent								source_precedence:technical_agent	derived	"[{""cv_accession"": null, ""cv_name"": null, ""metadata"": {}, ""scope"": ""study"", ""source"": ""technical_agent"", ""value"": ""Orbitrap""}]"
38	PXD009815-Sample-38	data_file	comment[data file]	QEKAC160601_36.raw	derived								legacy_derivation	derived	[]
38	PXD009815-Sample-38	sdrf_version	comment[sdrf version]	v1.1.0	derived								legacy_derivation	derived	[]
38	PXD009815-Sample-38	annotation_tool	comment[sdrf annotation tool]	HAMLET-agentic v2.2.5	derived								legacy_derivation	derived	[]
38	PXD009815-Sample-38	factor_disease	factor value[disease]	normal	derived								legacy_derivation	derived	[]
39	PXD009815-Sample-39	source_name	source name	PXD009815-Sample-39	derived								legacy_derivation	derived	[]
39	PXD009815-Sample-39	organism	characteristics[organism]	Saccharomyces cerevisiae	biological_agent	The comparison was based on a standard (‘ground truth’) dataset generated from a yeast lysate in which 10 different levels of the equimolar UPS1 mix of 48 human proteins were spiked, as described elsewhere.	LLM_ONLY	0.5	high	False	False		source_precedence:biological_agent	derived	"[{""cv_accession"": null, ""cv_name"": null, ""metadata"": {""source_field"": ""species""}, ""scope"": ""sample"", ""source"": ""biological_agent"", ""value"": ""Saccharomyces cerevisiae""}]"
39	PXD009815-Sample-39	disease	characteristics[disease]	normal	biological_agent	The comparison was based on a standard (‘ground truth’) dataset generated from a yeast lysate in which 10 different levels of the equimolar UPS1 mix of 48 human proteins were spiked, as described elsewhere.	LLM_ONLY	0.5	high	False	False		source_precedence:biological_agent	derived	"[{""cv_accession"": null, ""cv_name"": null, ""metadata"": {""source_field"": ""disease_state""}, ""scope"": ""sample"", ""source"": ""biological_agent"", ""value"": ""normal""}]"
39	PXD009815-Sample-39	assay_name	assay name	run 39	derived								legacy_derivation	derived	[]
39	PXD009815-Sample-39	technology_type	technology type	proteomic profiling by mass spectrometry	derived								legacy_derivation	derived	[]
39	PXD009815-Sample-39	label	comment[label]	label free sample	technical_agent				high	False	False		source_precedence:technical_agent	derived	"[{""cv_accession"": null, ""cv_name"": null, ""metadata"": {}, ""scope"": ""study"", ""source"": ""technical_agent"", ""value"": ""label-free""}]"
39	PXD009815-Sample-39	instrument	comment[instrument]	Q Exactive Plus	technical_agent				high	False	False		source_precedence:technical_agent	derived	"[{""cv_accession"": null, ""cv_name"": null, ""metadata"": {}, ""scope"": ""study"", ""source"": ""technical_agent"", ""value"": ""Q Exactive Plus""}]"
39	PXD009815-Sample-39	cleavage_agent	comment[cleavage agent details]	NT=Trypsin;AC=MS:1001251	derived								legacy_derivation	derived	[]
39	PXD009815-Sample-39	factor_value	factor value[experimental design]	UPS1 concentration (0.01, 0.05, 0.1, 0.250, 0.5, 1, 5, 10, 25, 50 fmol)	experimental_design_agent	spiking, respectively, 0.01–0.05–0.1–0.250–0.5–1–5–10–25–50 fmol of the UPS1 equimolar mix (Sigma) into 1 μg of yeast lysate (Merck)	LLM_ONLY	0.5	high	False	False		source_precedence:experimental_design_agent	derived	"[{""cv_accession"": null, ""cv_name"": null, ""metadata"": {""source_field"": ""factor_value""}, ""scope"": ""study"", ""source"": ""experimental_design_agent"", ""value"": ""UPS1 concentration (0.01, 0.05, 0.1, 0.250, 0.5, 1, 5, 10, 25, 50 fmol)""}]"
39	PXD009815-Sample-39	ms2_analyzer	comment[ms2 mass analyzer]	Orbitrap	technical_agent								source_precedence:technical_agent	derived	"[{""cv_accession"": null, ""cv_name"": null, ""metadata"": {}, ""scope"": ""study"", ""source"": ""technical_agent"", ""value"": ""Orbitrap""}]"
39	PXD009815-Sample-39	data_file	comment[data file]	QEKAC160601_12.raw	derived								legacy_derivation	derived	[]
39	PXD009815-Sample-39	sdrf_version	comment[sdrf version]	v1.1.0	derived								legacy_derivation	derived	[]
39	PXD009815-Sample-39	annotation_tool	comment[sdrf annotation tool]	HAMLET-agentic v2.2.5	derived								legacy_derivation	derived	[]
39	PXD009815-Sample-39	factor_disease	factor value[disease]	normal	derived								legacy_derivation	derived	[]
40	PXD009815-Sample-40	source_name	source name	PXD009815-Sample-40	derived								legacy_derivation	derived	[]
40	PXD009815-Sample-40	organism	characteristics[organism]	Saccharomyces cerevisiae	biological_agent	The comparison was based on a standard (‘ground truth’) dataset generated from a yeast lysate in which 10 different levels of the equimolar UPS1 mix of 48 human proteins were spiked, as described elsewhere.	LLM_ONLY	0.5	high	False	False		source_precedence:biological_agent	derived	"[{""cv_accession"": null, ""cv_name"": null, ""metadata"": {""source_field"": ""species""}, ""scope"": ""sample"", ""source"": ""biological_agent"", ""value"": ""Saccharomyces cerevisiae""}]"
40	PXD009815-Sample-40	disease	characteristics[disease]	normal	biological_agent	The comparison was based on a standard (‘ground truth’) dataset generated from a yeast lysate in which 10 different levels of the equimolar UPS1 mix of 48 human proteins were spiked, as described elsewhere.	LLM_ONLY	0.5	high	False	False		source_precedence:biological_agent	derived	"[{""cv_accession"": null, ""cv_name"": null, ""metadata"": {""source_field"": ""disease_state""}, ""scope"": ""sample"", ""source"": ""biological_agent"", ""value"": ""normal""}]"
40	PXD009815-Sample-40	assay_name	assay name	run 40	derived								legacy_derivation	derived	[]
40	PXD009815-Sample-40	technology_type	technology type	proteomic profiling by mass spectrometry	derived								legacy_derivation	derived	[]
40	PXD009815-Sample-40	label	comment[label]	label free sample	technical_agent				high	False	False		source_precedence:technical_agent	derived	"[{""cv_accession"": null, ""cv_name"": null, ""metadata"": {}, ""scope"": ""study"", ""source"": ""technical_agent"", ""value"": ""label-free""}]"
40	PXD009815-Sample-40	instrument	comment[instrument]	Q Exactive Plus	technical_agent				high	False	False		source_precedence:technical_agent	derived	"[{""cv_accession"": null, ""cv_name"": null, ""metadata"": {}, ""scope"": ""study"", ""source"": ""technical_agent"", ""value"": ""Q Exactive Plus""}]"
40	PXD009815-Sample-40	cleavage_agent	comment[cleavage agent details]	NT=Trypsin;AC=MS:1001251	derived								legacy_derivation	derived	[]
40	PXD009815-Sample-40	factor_value	factor value[experimental design]	UPS1 concentration (0.01, 0.05, 0.1, 0.250, 0.5, 1, 5, 10, 25, 50 fmol)	experimental_design_agent	spiking, respectively, 0.01–0.05–0.1–0.250–0.5–1–5–10–25–50 fmol of the UPS1 equimolar mix (Sigma) into 1 μg of yeast lysate (Merck)	LLM_ONLY	0.5	high	False	False		source_precedence:experimental_design_agent	derived	"[{""cv_accession"": null, ""cv_name"": null, ""metadata"": {""source_field"": ""factor_value""}, ""scope"": ""study"", ""source"": ""experimental_design_agent"", ""value"": ""UPS1 concentration (0.01, 0.05, 0.1, 0.250, 0.5, 1, 5, 10, 25, 50 fmol)""}]"
40	PXD009815-Sample-40	ms2_analyzer	comment[ms2 mass analyzer]	Orbitrap	technical_agent								source_precedence:technical_agent	derived	"[{""cv_accession"": null, ""cv_name"": null, ""metadata"": {}, ""scope"": ""study"", ""source"": ""technical_agent"", ""value"": ""Orbitrap""}]"
40	PXD009815-Sample-40	data_file	comment[data file]	QEKAC160601_129.raw	derived								legacy_derivation	derived	[]
40	PXD009815-Sample-40	sdrf_version	comment[sdrf version]	v1.1.0	derived								legacy_derivation	derived	[]
40	PXD009815-Sample-40	annotation_tool	comment[sdrf annotation tool]	HAMLET-agentic v2.2.5	derived								legacy_derivation	derived	[]
40	PXD009815-Sample-40	factor_disease	factor value[disease]	normal	derived								legacy_derivation	derived	[]
