sdrf row	source name	logical field	sdrf header	selected value	selected source	evidence	agent status	agent confidence	judge verdict	judge hallucination	judge type mismatch	judge corrected value	resolution rule	assessment state	source records
1	PXD012337-Sample-1	source_name	source name	PXD012337-Sample-1	derived								legacy_derivation	derived	[]
1	PXD012337-Sample-1	organism	characteristics[organism]	Mus musculus	biological_agent	3T3-L1 cells, a mouse-derived pre-adipocyte model	AGREE	0.9999969601631165					source_precedence:biological_agent	derived	"[{""cv_accession"": null, ""cv_name"": ""Mus musculus"", ""metadata"": {""source_field"": ""species""}, ""scope"": ""sample"", ""source"": ""biological_agent"", ""value"": ""Mus musculus""}]"
1	PXD012337-Sample-1	disease	characteristics[disease]	normal	biological_agent		LLM_ONLY	0.5					source_precedence:biological_agent	derived	"[{""cv_accession"": null, ""cv_name"": null, ""metadata"": {""source_field"": ""disease_state""}, ""scope"": ""sample"", ""source"": ""biological_agent"", ""value"": ""normal""}]"
1	PXD012337-Sample-1	cell_type	characteristics[cell type]	adipocytes	biological_agent	proteomic analyses with differentiated and treated 3T3-L1s	LLM_ONLY	0.5					source_precedence:biological_agent	derived	"[{""cv_accession"": null, ""cv_name"": null, ""metadata"": {""source_field"": ""cell_type""}, ""scope"": ""sample"", ""source"": ""biological_agent"", ""value"": ""adipocytes""}]"
1	PXD012337-Sample-1	cell_line	characteristics[cell line]	3T3-L1	biological_agent	proteomic analyses with differentiated and treated 3T3-L1s	LLM_ONLY	0.5					source_precedence:biological_agent	derived	"[{""cv_accession"": null, ""cv_name"": null, ""metadata"": {""source_field"": ""cell_line""}, ""scope"": ""sample"", ""source"": ""biological_agent"", ""value"": ""3T3-L1""}]"
1	PXD012337-Sample-1	assay_name	assay name	run 1	derived								legacy_derivation	derived	[]
1	PXD012337-Sample-1	technology_type	technology type	proteomic profiling by mass spectrometry	derived								legacy_derivation	derived	[]
1	PXD012337-Sample-1	acquisition	comment[proteomics data acquisition method]	NT=data-dependent acquisition;AC=PRIDE:0000627	runassessor								source_precedence:runassessor	derived	"[{""cv_accession"": null, ""cv_name"": null, ""metadata"": {""source_path"": ""runAssessor.files.PXD012337/20180919_RH_SKim_Proteome-2e5.mzML.spectra_stats.acquisition_type""}, ""scope"": ""assay"", ""source"": ""runassessor"", ""value"": ""DDA""}]"
1	PXD012337-Sample-1	label	comment[label]	TMT126	technical_agent								source_precedence:technical_agent	derived	"[{""cv_accession"": null, ""cv_name"": null, ""metadata"": {}, ""scope"": ""study"", ""source"": ""technical_agent"", ""value"": ""TMT10plex""}]"
1	PXD012337-Sample-1	instrument	comment[instrument]	NT=Q Exactive HF-X;AC=MS:1002877	runassessor				high	False	False		source_precedence:runassessor	derived	"[{""cv_accession"": ""MS:1002877"", ""cv_name"": ""Q Exactive HF-X"", ""metadata"": {""source_path"": ""runAssessor.files.PXD012337/20180919_RH_SKim_Proteome-2e5.mzML.instrument_model.name""}, ""scope"": ""assay"", ""source"": ""runassessor"", ""value"": ""Q Exactive HF-X""}, {""cv_accession"": null, ""cv_name"": null, ""metadata"": {}, ""scope"": ""study"", ""source"": ""technical_agent"", ""value"": ""Q Exactive HF-X""}]"
1	PXD012337-Sample-1	cleavage_agent	comment[cleavage agent details]	NT=Trypsin;AC=MS:1001251	derived								legacy_derivation	derived	[]
1	PXD012337-Sample-1	dissociation	comment[dissociation method]	NT=beam-type collision-induced dissociation;AC=MS:1000422	runassessor								source_precedence:runassessor	derived	"[{""cv_accession"": null, ""cv_name"": null, ""metadata"": {""source_path"": ""runAssessor.files.PXD012337/20180919_RH_SKim_Proteome-2e5.mzML.spectra_stats.fragmentation_type""}, ""scope"": ""assay"", ""source"": ""runassessor"", ""value"": ""HR_HCD""}]"
1	PXD012337-Sample-1	factor_value	factor value[experimental design]	treatment (Vh, Rosi, TPhP), diet (low fat diet, high fat diet)	experimental_design_agent	During differentiation, cells were treated with Vh (DMSO), Rosi (20 μM), or TPhP (20 μM).	LLM_ONLY	0.5	medium	False	False	treatment (Vh, Rosi, TPhP), diet (low fat diet, high fat diet)	source_precedence:experimental_design_agent	derived	"[{""cv_accession"": null, ""cv_name"": null, ""metadata"": {""source_field"": ""factor_value""}, ""scope"": ""study"", ""source"": ""experimental_design_agent"", ""value"": ""treatment (Vh, Rosi, TPhP)""}]"
1	PXD012337-Sample-1	modification	comment[modification parameters]	NT=phosphorylated residue;AC=MOD:00696;MT=?	pride	phosphorylated residue							normalized_source_union	derived	"[{""fraction_modified"": null, ""raw_stem"": null, ""scope"": ""study"", ""source"": ""pride"", ""source_path"": ""pride_metadata.project.identifiedPTMStrings[0]"", ""source_value"": ""phosphorylated residue""}]"
1	PXD012337-Sample-1	modification	comment[modification parameters]	NT=Sixplex Tandem Mass Tag®;AC=UNIMOD:737;MT=?;TA=HKSTY,N-term	technical_agent;ptm_shepherd	Sixplex Tandem Mass Tag® | Sixplex Tandem Mass Tag® | Sixplex Tandem Mass Tag®							normalized_source_union	derived	"[{""fraction_modified"": null, ""raw_stem"": null, ""scope"": ""study"", ""source"": ""technical_agent"", ""source_path"": ""TechnicalAgent.ptm.resolved[0]"", ""source_value"": ""Sixplex Tandem Mass Tag\u00ae""}, {""fraction_modified"": null, ""raw_stem"": null, ""scope"": ""study"", ""source"": ""technical_agent"", ""source_path"": ""TechnicalAgent.modification.resolved[0]"", ""source_value"": ""Sixplex Tandem Mass Tag\u00ae""}, {""fraction_modified"": 0.376473, ""raw_stem"": ""20180919_RH_SKim_Proteome-2e5"", ""scope"": ""assay"", ""source"": ""ptm_shepherd"", ""source_path"": ""modification_site_fractions.dda_closed_search.per_sample_files.20180919_RH_SKim_Proteome-2e5.data[0]"", ""source_value"": ""Sixplex Tandem Mass Tag\u00ae""}]"
1	PXD012337-Sample-1	modification	comment[modification parameters]	NT=Iodoacetamide derivative;AC=UNIMOD:4;MT=?;TA=CDEHKMSTUY,N-term	technical_agent;ptm_shepherd	Iodoacetamide derivative | Iodoacetamide derivative | Iodoacetamide derivative							normalized_source_union	derived	"[{""fraction_modified"": null, ""raw_stem"": null, ""scope"": ""study"", ""source"": ""technical_agent"", ""source_path"": ""TechnicalAgent.ptm.resolved[1]"", ""source_value"": ""Iodoacetamide derivative""}, {""fraction_modified"": null, ""raw_stem"": null, ""scope"": ""study"", ""source"": ""technical_agent"", ""source_path"": ""TechnicalAgent.modification.resolved[1]"", ""source_value"": ""Iodoacetamide derivative""}, {""fraction_modified"": 0.084868, ""raw_stem"": ""20180919_RH_SKim_Proteome-2e5"", ""scope"": ""assay"", ""source"": ""ptm_shepherd"", ""source_path"": ""modification_site_fractions.dda_closed_search.per_sample_files.20180919_RH_SKim_Proteome-2e5.data[1]"", ""source_value"": ""Iodoacetamide derivative""}]"
1	PXD012337-Sample-1	modification	comment[modification parameters]	NT=ubiquitinylation residue;AC=UNIMOD:121;MT=?;TA=CKST	technical_agent;ptm_shepherd	ubiquitinylation residue | ubiquitinylation residue | ubiquitinylation residue							normalized_source_union	derived	"[{""fraction_modified"": null, ""raw_stem"": null, ""scope"": ""study"", ""source"": ""technical_agent"", ""source_path"": ""TechnicalAgent.ptm.resolved[2]"", ""source_value"": ""ubiquitinylation residue""}, {""fraction_modified"": null, ""raw_stem"": null, ""scope"": ""study"", ""source"": ""technical_agent"", ""source_path"": ""TechnicalAgent.modification.resolved[2]"", ""source_value"": ""ubiquitinylation residue""}, {""fraction_modified"": 0.079691, ""raw_stem"": ""20180919_RH_SKim_Proteome-2e5"", ""scope"": ""assay"", ""source"": ""ptm_shepherd"", ""source_path"": ""modification_site_fractions.dda_closed_search.per_sample_files.20180919_RH_SKim_Proteome-2e5.data[2]"", ""source_value"": ""ubiquitinylation residue""}]"
1	PXD012337-Sample-1	reduction_reagent	comment[reduction reagent]	dithiothreitol	derived								legacy_derivation	derived	[]
1	PXD012337-Sample-1	alkylation_reagent	comment[alkylation reagent]	iodoacetamide	derived								legacy_derivation	derived	[]
1	PXD012337-Sample-1	ms2_analyzer	comment[ms2 mass analyzer]	Orbitrap	technical_agent								source_precedence:technical_agent	derived	"[{""cv_accession"": null, ""cv_name"": null, ""metadata"": {}, ""scope"": ""study"", ""source"": ""technical_agent"", ""value"": ""Orbitrap""}]"
1	PXD012337-Sample-1	collision_energy	comment[collision energy]	NCE 33	derived								legacy_derivation	derived	[]
1	PXD012337-Sample-1	data_file	comment[data file]	20180919_RH_SKim_Proteome-2e5.raw	derived								legacy_derivation	derived	[]
1	PXD012337-Sample-1	sdrf_version	comment[sdrf version]	v1.1.0	derived								legacy_derivation	derived	[]
1	PXD012337-Sample-1	annotation_tool	comment[sdrf annotation tool]	HAMLET-agentic v2.2.5	derived								legacy_derivation	derived	[]
1	PXD012337-Sample-1	factor_disease	factor value[disease]	normal	derived								legacy_derivation	derived	[]
2	PXD012337-Sample-2	source_name	source name	PXD012337-Sample-2	derived								legacy_derivation	derived	[]
2	PXD012337-Sample-2	organism	characteristics[organism]	Mus musculus	biological_agent	3T3-L1 cells, a mouse-derived pre-adipocyte model	AGREE	0.9999969601631165					source_precedence:biological_agent	derived	"[{""cv_accession"": null, ""cv_name"": ""Mus musculus"", ""metadata"": {""source_field"": ""species""}, ""scope"": ""sample"", ""source"": ""biological_agent"", ""value"": ""Mus musculus""}]"
2	PXD012337-Sample-2	disease	characteristics[disease]	normal	biological_agent		LLM_ONLY	0.5					source_precedence:biological_agent	derived	"[{""cv_accession"": null, ""cv_name"": null, ""metadata"": {""source_field"": ""disease_state""}, ""scope"": ""sample"", ""source"": ""biological_agent"", ""value"": ""normal""}]"
2	PXD012337-Sample-2	cell_type	characteristics[cell type]	adipocytes	biological_agent	proteomic analyses with differentiated and treated 3T3-L1s	LLM_ONLY	0.5					source_precedence:biological_agent	derived	"[{""cv_accession"": null, ""cv_name"": null, ""metadata"": {""source_field"": ""cell_type""}, ""scope"": ""sample"", ""source"": ""biological_agent"", ""value"": ""adipocytes""}]"
2	PXD012337-Sample-2	cell_line	characteristics[cell line]	3T3-L1	biological_agent	proteomic analyses with differentiated and treated 3T3-L1s	LLM_ONLY	0.5					source_precedence:biological_agent	derived	"[{""cv_accession"": null, ""cv_name"": null, ""metadata"": {""source_field"": ""cell_line""}, ""scope"": ""sample"", ""source"": ""biological_agent"", ""value"": ""3T3-L1""}]"
2	PXD012337-Sample-2	assay_name	assay name	run 1	derived								legacy_derivation	derived	[]
2	PXD012337-Sample-2	technology_type	technology type	proteomic profiling by mass spectrometry	derived								legacy_derivation	derived	[]
2	PXD012337-Sample-2	acquisition	comment[proteomics data acquisition method]	NT=data-dependent acquisition;AC=PRIDE:0000627	runassessor								source_precedence:runassessor	derived	"[{""cv_accession"": null, ""cv_name"": null, ""metadata"": {""source_path"": ""runAssessor.files.PXD012337/20180919_RH_SKim_Proteome-2e5.mzML.spectra_stats.acquisition_type""}, ""scope"": ""assay"", ""source"": ""runassessor"", ""value"": ""DDA""}]"
2	PXD012337-Sample-2	label	comment[label]	TMT127N	technical_agent								source_precedence:technical_agent	derived	"[{""cv_accession"": null, ""cv_name"": null, ""metadata"": {}, ""scope"": ""study"", ""source"": ""technical_agent"", ""value"": ""TMT10plex""}]"
2	PXD012337-Sample-2	instrument	comment[instrument]	NT=Q Exactive HF-X;AC=MS:1002877	runassessor				high	False	False		source_precedence:runassessor	derived	"[{""cv_accession"": ""MS:1002877"", ""cv_name"": ""Q Exactive HF-X"", ""metadata"": {""source_path"": ""runAssessor.files.PXD012337/20180919_RH_SKim_Proteome-2e5.mzML.instrument_model.name""}, ""scope"": ""assay"", ""source"": ""runassessor"", ""value"": ""Q Exactive HF-X""}, {""cv_accession"": null, ""cv_name"": null, ""metadata"": {}, ""scope"": ""study"", ""source"": ""technical_agent"", ""value"": ""Q Exactive HF-X""}]"
2	PXD012337-Sample-2	cleavage_agent	comment[cleavage agent details]	NT=Trypsin;AC=MS:1001251	derived								legacy_derivation	derived	[]
2	PXD012337-Sample-2	dissociation	comment[dissociation method]	NT=beam-type collision-induced dissociation;AC=MS:1000422	runassessor								source_precedence:runassessor	derived	"[{""cv_accession"": null, ""cv_name"": null, ""metadata"": {""source_path"": ""runAssessor.files.PXD012337/20180919_RH_SKim_Proteome-2e5.mzML.spectra_stats.fragmentation_type""}, ""scope"": ""assay"", ""source"": ""runassessor"", ""value"": ""HR_HCD""}]"
2	PXD012337-Sample-2	factor_value	factor value[experimental design]	treatment (Vh, Rosi, TPhP), diet (low fat diet, high fat diet)	experimental_design_agent	During differentiation, cells were treated with Vh (DMSO), Rosi (20 μM), or TPhP (20 μM).	LLM_ONLY	0.5	medium	False	False	treatment (Vh, Rosi, TPhP), diet (low fat diet, high fat diet)	source_precedence:experimental_design_agent	derived	"[{""cv_accession"": null, ""cv_name"": null, ""metadata"": {""source_field"": ""factor_value""}, ""scope"": ""study"", ""source"": ""experimental_design_agent"", ""value"": ""treatment (Vh, Rosi, TPhP)""}]"
2	PXD012337-Sample-2	modification	comment[modification parameters]	NT=phosphorylated residue;AC=MOD:00696;MT=?	pride	phosphorylated residue							normalized_source_union	derived	"[{""fraction_modified"": null, ""raw_stem"": null, ""scope"": ""study"", ""source"": ""pride"", ""source_path"": ""pride_metadata.project.identifiedPTMStrings[0]"", ""source_value"": ""phosphorylated residue""}]"
2	PXD012337-Sample-2	modification	comment[modification parameters]	NT=Sixplex Tandem Mass Tag®;AC=UNIMOD:737;MT=?;TA=HKSTY,N-term	technical_agent;ptm_shepherd	Sixplex Tandem Mass Tag® | Sixplex Tandem Mass Tag® | Sixplex Tandem Mass Tag®							normalized_source_union	derived	"[{""fraction_modified"": null, ""raw_stem"": null, ""scope"": ""study"", ""source"": ""technical_agent"", ""source_path"": ""TechnicalAgent.ptm.resolved[0]"", ""source_value"": ""Sixplex Tandem Mass Tag\u00ae""}, {""fraction_modified"": null, ""raw_stem"": null, ""scope"": ""study"", ""source"": ""technical_agent"", ""source_path"": ""TechnicalAgent.modification.resolved[0]"", ""source_value"": ""Sixplex Tandem Mass Tag\u00ae""}, {""fraction_modified"": 0.376473, ""raw_stem"": ""20180919_RH_SKim_Proteome-2e5"", ""scope"": ""assay"", ""source"": ""ptm_shepherd"", ""source_path"": ""modification_site_fractions.dda_closed_search.per_sample_files.20180919_RH_SKim_Proteome-2e5.data[0]"", ""source_value"": ""Sixplex Tandem Mass Tag\u00ae""}]"
2	PXD012337-Sample-2	modification	comment[modification parameters]	NT=Iodoacetamide derivative;AC=UNIMOD:4;MT=?;TA=CDEHKMSTUY,N-term	technical_agent;ptm_shepherd	Iodoacetamide derivative | Iodoacetamide derivative | Iodoacetamide derivative							normalized_source_union	derived	"[{""fraction_modified"": null, ""raw_stem"": null, ""scope"": ""study"", ""source"": ""technical_agent"", ""source_path"": ""TechnicalAgent.ptm.resolved[1]"", ""source_value"": ""Iodoacetamide derivative""}, {""fraction_modified"": null, ""raw_stem"": null, ""scope"": ""study"", ""source"": ""technical_agent"", ""source_path"": ""TechnicalAgent.modification.resolved[1]"", ""source_value"": ""Iodoacetamide derivative""}, {""fraction_modified"": 0.084868, ""raw_stem"": ""20180919_RH_SKim_Proteome-2e5"", ""scope"": ""assay"", ""source"": ""ptm_shepherd"", ""source_path"": ""modification_site_fractions.dda_closed_search.per_sample_files.20180919_RH_SKim_Proteome-2e5.data[1]"", ""source_value"": ""Iodoacetamide derivative""}]"
2	PXD012337-Sample-2	modification	comment[modification parameters]	NT=ubiquitinylation residue;AC=UNIMOD:121;MT=?;TA=CKST	technical_agent;ptm_shepherd	ubiquitinylation residue | ubiquitinylation residue | ubiquitinylation residue							normalized_source_union	derived	"[{""fraction_modified"": null, ""raw_stem"": null, ""scope"": ""study"", ""source"": ""technical_agent"", ""source_path"": ""TechnicalAgent.ptm.resolved[2]"", ""source_value"": ""ubiquitinylation residue""}, {""fraction_modified"": null, ""raw_stem"": null, ""scope"": ""study"", ""source"": ""technical_agent"", ""source_path"": ""TechnicalAgent.modification.resolved[2]"", ""source_value"": ""ubiquitinylation residue""}, {""fraction_modified"": 0.079691, ""raw_stem"": ""20180919_RH_SKim_Proteome-2e5"", ""scope"": ""assay"", ""source"": ""ptm_shepherd"", ""source_path"": ""modification_site_fractions.dda_closed_search.per_sample_files.20180919_RH_SKim_Proteome-2e5.data[2]"", ""source_value"": ""ubiquitinylation residue""}]"
2	PXD012337-Sample-2	reduction_reagent	comment[reduction reagent]	dithiothreitol	derived								legacy_derivation	derived	[]
2	PXD012337-Sample-2	alkylation_reagent	comment[alkylation reagent]	iodoacetamide	derived								legacy_derivation	derived	[]
2	PXD012337-Sample-2	ms2_analyzer	comment[ms2 mass analyzer]	Orbitrap	technical_agent								source_precedence:technical_agent	derived	"[{""cv_accession"": null, ""cv_name"": null, ""metadata"": {}, ""scope"": ""study"", ""source"": ""technical_agent"", ""value"": ""Orbitrap""}]"
2	PXD012337-Sample-2	collision_energy	comment[collision energy]	NCE 33	derived								legacy_derivation	derived	[]
2	PXD012337-Sample-2	data_file	comment[data file]	20180919_RH_SKim_Proteome-2e5.raw	derived								legacy_derivation	derived	[]
2	PXD012337-Sample-2	sdrf_version	comment[sdrf version]	v1.1.0	derived								legacy_derivation	derived	[]
2	PXD012337-Sample-2	annotation_tool	comment[sdrf annotation tool]	HAMLET-agentic v2.2.5	derived								legacy_derivation	derived	[]
2	PXD012337-Sample-2	factor_disease	factor value[disease]	normal	derived								legacy_derivation	derived	[]
3	PXD012337-Sample-3	source_name	source name	PXD012337-Sample-3	derived								legacy_derivation	derived	[]
3	PXD012337-Sample-3	organism	characteristics[organism]	Mus musculus	biological_agent	3T3-L1 cells, a mouse-derived pre-adipocyte model	AGREE	0.9999969601631165					source_precedence:biological_agent	derived	"[{""cv_accession"": null, ""cv_name"": ""Mus musculus"", ""metadata"": {""source_field"": ""species""}, ""scope"": ""sample"", ""source"": ""biological_agent"", ""value"": ""Mus musculus""}]"
3	PXD012337-Sample-3	disease	characteristics[disease]	normal	biological_agent		LLM_ONLY	0.5					source_precedence:biological_agent	derived	"[{""cv_accession"": null, ""cv_name"": null, ""metadata"": {""source_field"": ""disease_state""}, ""scope"": ""sample"", ""source"": ""biological_agent"", ""value"": ""normal""}]"
3	PXD012337-Sample-3	cell_type	characteristics[cell type]	adipocytes	biological_agent	proteomic analyses with differentiated and treated 3T3-L1s	LLM_ONLY	0.5					source_precedence:biological_agent	derived	"[{""cv_accession"": null, ""cv_name"": null, ""metadata"": {""source_field"": ""cell_type""}, ""scope"": ""sample"", ""source"": ""biological_agent"", ""value"": ""adipocytes""}]"
3	PXD012337-Sample-3	cell_line	characteristics[cell line]	3T3-L1	biological_agent	proteomic analyses with differentiated and treated 3T3-L1s	LLM_ONLY	0.5					source_precedence:biological_agent	derived	"[{""cv_accession"": null, ""cv_name"": null, ""metadata"": {""source_field"": ""cell_line""}, ""scope"": ""sample"", ""source"": ""biological_agent"", ""value"": ""3T3-L1""}]"
3	PXD012337-Sample-3	assay_name	assay name	run 1	derived								legacy_derivation	derived	[]
3	PXD012337-Sample-3	technology_type	technology type	proteomic profiling by mass spectrometry	derived								legacy_derivation	derived	[]
3	PXD012337-Sample-3	acquisition	comment[proteomics data acquisition method]	NT=data-dependent acquisition;AC=PRIDE:0000627	runassessor								source_precedence:runassessor	derived	"[{""cv_accession"": null, ""cv_name"": null, ""metadata"": {""source_path"": ""runAssessor.files.PXD012337/20180919_RH_SKim_Proteome-2e5.mzML.spectra_stats.acquisition_type""}, ""scope"": ""assay"", ""source"": ""runassessor"", ""value"": ""DDA""}]"
3	PXD012337-Sample-3	label	comment[label]	TMT127C	technical_agent								source_precedence:technical_agent	derived	"[{""cv_accession"": null, ""cv_name"": null, ""metadata"": {}, ""scope"": ""study"", ""source"": ""technical_agent"", ""value"": ""TMT10plex""}]"
3	PXD012337-Sample-3	instrument	comment[instrument]	NT=Q Exactive HF-X;AC=MS:1002877	runassessor				high	False	False		source_precedence:runassessor	derived	"[{""cv_accession"": ""MS:1002877"", ""cv_name"": ""Q Exactive HF-X"", ""metadata"": {""source_path"": ""runAssessor.files.PXD012337/20180919_RH_SKim_Proteome-2e5.mzML.instrument_model.name""}, ""scope"": ""assay"", ""source"": ""runassessor"", ""value"": ""Q Exactive HF-X""}, {""cv_accession"": null, ""cv_name"": null, ""metadata"": {}, ""scope"": ""study"", ""source"": ""technical_agent"", ""value"": ""Q Exactive HF-X""}]"
3	PXD012337-Sample-3	cleavage_agent	comment[cleavage agent details]	NT=Trypsin;AC=MS:1001251	derived								legacy_derivation	derived	[]
3	PXD012337-Sample-3	dissociation	comment[dissociation method]	NT=beam-type collision-induced dissociation;AC=MS:1000422	runassessor								source_precedence:runassessor	derived	"[{""cv_accession"": null, ""cv_name"": null, ""metadata"": {""source_path"": ""runAssessor.files.PXD012337/20180919_RH_SKim_Proteome-2e5.mzML.spectra_stats.fragmentation_type""}, ""scope"": ""assay"", ""source"": ""runassessor"", ""value"": ""HR_HCD""}]"
3	PXD012337-Sample-3	factor_value	factor value[experimental design]	treatment (Vh, Rosi, TPhP), diet (low fat diet, high fat diet)	experimental_design_agent	During differentiation, cells were treated with Vh (DMSO), Rosi (20 μM), or TPhP (20 μM).	LLM_ONLY	0.5	medium	False	False	treatment (Vh, Rosi, TPhP), diet (low fat diet, high fat diet)	source_precedence:experimental_design_agent	derived	"[{""cv_accession"": null, ""cv_name"": null, ""metadata"": {""source_field"": ""factor_value""}, ""scope"": ""study"", ""source"": ""experimental_design_agent"", ""value"": ""treatment (Vh, Rosi, TPhP)""}]"
3	PXD012337-Sample-3	modification	comment[modification parameters]	NT=phosphorylated residue;AC=MOD:00696;MT=?	pride	phosphorylated residue							normalized_source_union	derived	"[{""fraction_modified"": null, ""raw_stem"": null, ""scope"": ""study"", ""source"": ""pride"", ""source_path"": ""pride_metadata.project.identifiedPTMStrings[0]"", ""source_value"": ""phosphorylated residue""}]"
3	PXD012337-Sample-3	modification	comment[modification parameters]	NT=Sixplex Tandem Mass Tag®;AC=UNIMOD:737;MT=?;TA=HKSTY,N-term	technical_agent;ptm_shepherd	Sixplex Tandem Mass Tag® | Sixplex Tandem Mass Tag® | Sixplex Tandem Mass Tag®							normalized_source_union	derived	"[{""fraction_modified"": null, ""raw_stem"": null, ""scope"": ""study"", ""source"": ""technical_agent"", ""source_path"": ""TechnicalAgent.ptm.resolved[0]"", ""source_value"": ""Sixplex Tandem Mass Tag\u00ae""}, {""fraction_modified"": null, ""raw_stem"": null, ""scope"": ""study"", ""source"": ""technical_agent"", ""source_path"": ""TechnicalAgent.modification.resolved[0]"", ""source_value"": ""Sixplex Tandem Mass Tag\u00ae""}, {""fraction_modified"": 0.376473, ""raw_stem"": ""20180919_RH_SKim_Proteome-2e5"", ""scope"": ""assay"", ""source"": ""ptm_shepherd"", ""source_path"": ""modification_site_fractions.dda_closed_search.per_sample_files.20180919_RH_SKim_Proteome-2e5.data[0]"", ""source_value"": ""Sixplex Tandem Mass Tag\u00ae""}]"
3	PXD012337-Sample-3	modification	comment[modification parameters]	NT=Iodoacetamide derivative;AC=UNIMOD:4;MT=?;TA=CDEHKMSTUY,N-term	technical_agent;ptm_shepherd	Iodoacetamide derivative | Iodoacetamide derivative | Iodoacetamide derivative							normalized_source_union	derived	"[{""fraction_modified"": null, ""raw_stem"": null, ""scope"": ""study"", ""source"": ""technical_agent"", ""source_path"": ""TechnicalAgent.ptm.resolved[1]"", ""source_value"": ""Iodoacetamide derivative""}, {""fraction_modified"": null, ""raw_stem"": null, ""scope"": ""study"", ""source"": ""technical_agent"", ""source_path"": ""TechnicalAgent.modification.resolved[1]"", ""source_value"": ""Iodoacetamide derivative""}, {""fraction_modified"": 0.084868, ""raw_stem"": ""20180919_RH_SKim_Proteome-2e5"", ""scope"": ""assay"", ""source"": ""ptm_shepherd"", ""source_path"": ""modification_site_fractions.dda_closed_search.per_sample_files.20180919_RH_SKim_Proteome-2e5.data[1]"", ""source_value"": ""Iodoacetamide derivative""}]"
3	PXD012337-Sample-3	modification	comment[modification parameters]	NT=ubiquitinylation residue;AC=UNIMOD:121;MT=?;TA=CKST	technical_agent;ptm_shepherd	ubiquitinylation residue | ubiquitinylation residue | ubiquitinylation residue							normalized_source_union	derived	"[{""fraction_modified"": null, ""raw_stem"": null, ""scope"": ""study"", ""source"": ""technical_agent"", ""source_path"": ""TechnicalAgent.ptm.resolved[2]"", ""source_value"": ""ubiquitinylation residue""}, {""fraction_modified"": null, ""raw_stem"": null, ""scope"": ""study"", ""source"": ""technical_agent"", ""source_path"": ""TechnicalAgent.modification.resolved[2]"", ""source_value"": ""ubiquitinylation residue""}, {""fraction_modified"": 0.079691, ""raw_stem"": ""20180919_RH_SKim_Proteome-2e5"", ""scope"": ""assay"", ""source"": ""ptm_shepherd"", ""source_path"": ""modification_site_fractions.dda_closed_search.per_sample_files.20180919_RH_SKim_Proteome-2e5.data[2]"", ""source_value"": ""ubiquitinylation residue""}]"
3	PXD012337-Sample-3	reduction_reagent	comment[reduction reagent]	dithiothreitol	derived								legacy_derivation	derived	[]
3	PXD012337-Sample-3	alkylation_reagent	comment[alkylation reagent]	iodoacetamide	derived								legacy_derivation	derived	[]
3	PXD012337-Sample-3	ms2_analyzer	comment[ms2 mass analyzer]	Orbitrap	technical_agent								source_precedence:technical_agent	derived	"[{""cv_accession"": null, ""cv_name"": null, ""metadata"": {}, ""scope"": ""study"", ""source"": ""technical_agent"", ""value"": ""Orbitrap""}]"
3	PXD012337-Sample-3	collision_energy	comment[collision energy]	NCE 33	derived								legacy_derivation	derived	[]
3	PXD012337-Sample-3	data_file	comment[data file]	20180919_RH_SKim_Proteome-2e5.raw	derived								legacy_derivation	derived	[]
3	PXD012337-Sample-3	sdrf_version	comment[sdrf version]	v1.1.0	derived								legacy_derivation	derived	[]
3	PXD012337-Sample-3	annotation_tool	comment[sdrf annotation tool]	HAMLET-agentic v2.2.5	derived								legacy_derivation	derived	[]
3	PXD012337-Sample-3	factor_disease	factor value[disease]	normal	derived								legacy_derivation	derived	[]
4	PXD012337-Sample-4	source_name	source name	PXD012337-Sample-4	derived								legacy_derivation	derived	[]
4	PXD012337-Sample-4	organism	characteristics[organism]	Mus musculus	biological_agent	3T3-L1 cells, a mouse-derived pre-adipocyte model	AGREE	0.9999969601631165					source_precedence:biological_agent	derived	"[{""cv_accession"": null, ""cv_name"": ""Mus musculus"", ""metadata"": {""source_field"": ""species""}, ""scope"": ""sample"", ""source"": ""biological_agent"", ""value"": ""Mus musculus""}]"
4	PXD012337-Sample-4	disease	characteristics[disease]	normal	biological_agent		LLM_ONLY	0.5					source_precedence:biological_agent	derived	"[{""cv_accession"": null, ""cv_name"": null, ""metadata"": {""source_field"": ""disease_state""}, ""scope"": ""sample"", ""source"": ""biological_agent"", ""value"": ""normal""}]"
4	PXD012337-Sample-4	cell_type	characteristics[cell type]	adipocytes	biological_agent	proteomic analyses with differentiated and treated 3T3-L1s	LLM_ONLY	0.5					source_precedence:biological_agent	derived	"[{""cv_accession"": null, ""cv_name"": null, ""metadata"": {""source_field"": ""cell_type""}, ""scope"": ""sample"", ""source"": ""biological_agent"", ""value"": ""adipocytes""}]"
4	PXD012337-Sample-4	cell_line	characteristics[cell line]	3T3-L1	biological_agent	proteomic analyses with differentiated and treated 3T3-L1s	LLM_ONLY	0.5					source_precedence:biological_agent	derived	"[{""cv_accession"": null, ""cv_name"": null, ""metadata"": {""source_field"": ""cell_line""}, ""scope"": ""sample"", ""source"": ""biological_agent"", ""value"": ""3T3-L1""}]"
4	PXD012337-Sample-4	assay_name	assay name	run 1	derived								legacy_derivation	derived	[]
4	PXD012337-Sample-4	technology_type	technology type	proteomic profiling by mass spectrometry	derived								legacy_derivation	derived	[]
4	PXD012337-Sample-4	acquisition	comment[proteomics data acquisition method]	NT=data-dependent acquisition;AC=PRIDE:0000627	runassessor								source_precedence:runassessor	derived	"[{""cv_accession"": null, ""cv_name"": null, ""metadata"": {""source_path"": ""runAssessor.files.PXD012337/20180919_RH_SKim_Proteome-2e5.mzML.spectra_stats.acquisition_type""}, ""scope"": ""assay"", ""source"": ""runassessor"", ""value"": ""DDA""}]"
4	PXD012337-Sample-4	label	comment[label]	TMT128N	technical_agent								source_precedence:technical_agent	derived	"[{""cv_accession"": null, ""cv_name"": null, ""metadata"": {}, ""scope"": ""study"", ""source"": ""technical_agent"", ""value"": ""TMT10plex""}]"
4	PXD012337-Sample-4	instrument	comment[instrument]	NT=Q Exactive HF-X;AC=MS:1002877	runassessor				high	False	False		source_precedence:runassessor	derived	"[{""cv_accession"": ""MS:1002877"", ""cv_name"": ""Q Exactive HF-X"", ""metadata"": {""source_path"": ""runAssessor.files.PXD012337/20180919_RH_SKim_Proteome-2e5.mzML.instrument_model.name""}, ""scope"": ""assay"", ""source"": ""runassessor"", ""value"": ""Q Exactive HF-X""}, {""cv_accession"": null, ""cv_name"": null, ""metadata"": {}, ""scope"": ""study"", ""source"": ""technical_agent"", ""value"": ""Q Exactive HF-X""}]"
4	PXD012337-Sample-4	cleavage_agent	comment[cleavage agent details]	NT=Trypsin;AC=MS:1001251	derived								legacy_derivation	derived	[]
4	PXD012337-Sample-4	dissociation	comment[dissociation method]	NT=beam-type collision-induced dissociation;AC=MS:1000422	runassessor								source_precedence:runassessor	derived	"[{""cv_accession"": null, ""cv_name"": null, ""metadata"": {""source_path"": ""runAssessor.files.PXD012337/20180919_RH_SKim_Proteome-2e5.mzML.spectra_stats.fragmentation_type""}, ""scope"": ""assay"", ""source"": ""runassessor"", ""value"": ""HR_HCD""}]"
4	PXD012337-Sample-4	factor_value	factor value[experimental design]	treatment (Vh, Rosi, TPhP), diet (low fat diet, high fat diet)	experimental_design_agent	During differentiation, cells were treated with Vh (DMSO), Rosi (20 μM), or TPhP (20 μM).	LLM_ONLY	0.5	medium	False	False	treatment (Vh, Rosi, TPhP), diet (low fat diet, high fat diet)	source_precedence:experimental_design_agent	derived	"[{""cv_accession"": null, ""cv_name"": null, ""metadata"": {""source_field"": ""factor_value""}, ""scope"": ""study"", ""source"": ""experimental_design_agent"", ""value"": ""treatment (Vh, Rosi, TPhP)""}]"
4	PXD012337-Sample-4	modification	comment[modification parameters]	NT=phosphorylated residue;AC=MOD:00696;MT=?	pride	phosphorylated residue							normalized_source_union	derived	"[{""fraction_modified"": null, ""raw_stem"": null, ""scope"": ""study"", ""source"": ""pride"", ""source_path"": ""pride_metadata.project.identifiedPTMStrings[0]"", ""source_value"": ""phosphorylated residue""}]"
4	PXD012337-Sample-4	modification	comment[modification parameters]	NT=Sixplex Tandem Mass Tag®;AC=UNIMOD:737;MT=?;TA=HKSTY,N-term	technical_agent;ptm_shepherd	Sixplex Tandem Mass Tag® | Sixplex Tandem Mass Tag® | Sixplex Tandem Mass Tag®							normalized_source_union	derived	"[{""fraction_modified"": null, ""raw_stem"": null, ""scope"": ""study"", ""source"": ""technical_agent"", ""source_path"": ""TechnicalAgent.ptm.resolved[0]"", ""source_value"": ""Sixplex Tandem Mass Tag\u00ae""}, {""fraction_modified"": null, ""raw_stem"": null, ""scope"": ""study"", ""source"": ""technical_agent"", ""source_path"": ""TechnicalAgent.modification.resolved[0]"", ""source_value"": ""Sixplex Tandem Mass Tag\u00ae""}, {""fraction_modified"": 0.376473, ""raw_stem"": ""20180919_RH_SKim_Proteome-2e5"", ""scope"": ""assay"", ""source"": ""ptm_shepherd"", ""source_path"": ""modification_site_fractions.dda_closed_search.per_sample_files.20180919_RH_SKim_Proteome-2e5.data[0]"", ""source_value"": ""Sixplex Tandem Mass Tag\u00ae""}]"
4	PXD012337-Sample-4	modification	comment[modification parameters]	NT=Iodoacetamide derivative;AC=UNIMOD:4;MT=?;TA=CDEHKMSTUY,N-term	technical_agent;ptm_shepherd	Iodoacetamide derivative | Iodoacetamide derivative | Iodoacetamide derivative							normalized_source_union	derived	"[{""fraction_modified"": null, ""raw_stem"": null, ""scope"": ""study"", ""source"": ""technical_agent"", ""source_path"": ""TechnicalAgent.ptm.resolved[1]"", ""source_value"": ""Iodoacetamide derivative""}, {""fraction_modified"": null, ""raw_stem"": null, ""scope"": ""study"", ""source"": ""technical_agent"", ""source_path"": ""TechnicalAgent.modification.resolved[1]"", ""source_value"": ""Iodoacetamide derivative""}, {""fraction_modified"": 0.084868, ""raw_stem"": ""20180919_RH_SKim_Proteome-2e5"", ""scope"": ""assay"", ""source"": ""ptm_shepherd"", ""source_path"": ""modification_site_fractions.dda_closed_search.per_sample_files.20180919_RH_SKim_Proteome-2e5.data[1]"", ""source_value"": ""Iodoacetamide derivative""}]"
4	PXD012337-Sample-4	modification	comment[modification parameters]	NT=ubiquitinylation residue;AC=UNIMOD:121;MT=?;TA=CKST	technical_agent;ptm_shepherd	ubiquitinylation residue | ubiquitinylation residue | ubiquitinylation residue							normalized_source_union	derived	"[{""fraction_modified"": null, ""raw_stem"": null, ""scope"": ""study"", ""source"": ""technical_agent"", ""source_path"": ""TechnicalAgent.ptm.resolved[2]"", ""source_value"": ""ubiquitinylation residue""}, {""fraction_modified"": null, ""raw_stem"": null, ""scope"": ""study"", ""source"": ""technical_agent"", ""source_path"": ""TechnicalAgent.modification.resolved[2]"", ""source_value"": ""ubiquitinylation residue""}, {""fraction_modified"": 0.079691, ""raw_stem"": ""20180919_RH_SKim_Proteome-2e5"", ""scope"": ""assay"", ""source"": ""ptm_shepherd"", ""source_path"": ""modification_site_fractions.dda_closed_search.per_sample_files.20180919_RH_SKim_Proteome-2e5.data[2]"", ""source_value"": ""ubiquitinylation residue""}]"
4	PXD012337-Sample-4	reduction_reagent	comment[reduction reagent]	dithiothreitol	derived								legacy_derivation	derived	[]
4	PXD012337-Sample-4	alkylation_reagent	comment[alkylation reagent]	iodoacetamide	derived								legacy_derivation	derived	[]
4	PXD012337-Sample-4	ms2_analyzer	comment[ms2 mass analyzer]	Orbitrap	technical_agent								source_precedence:technical_agent	derived	"[{""cv_accession"": null, ""cv_name"": null, ""metadata"": {}, ""scope"": ""study"", ""source"": ""technical_agent"", ""value"": ""Orbitrap""}]"
4	PXD012337-Sample-4	collision_energy	comment[collision energy]	NCE 33	derived								legacy_derivation	derived	[]
4	PXD012337-Sample-4	data_file	comment[data file]	20180919_RH_SKim_Proteome-2e5.raw	derived								legacy_derivation	derived	[]
4	PXD012337-Sample-4	sdrf_version	comment[sdrf version]	v1.1.0	derived								legacy_derivation	derived	[]
4	PXD012337-Sample-4	annotation_tool	comment[sdrf annotation tool]	HAMLET-agentic v2.2.5	derived								legacy_derivation	derived	[]
4	PXD012337-Sample-4	factor_disease	factor value[disease]	normal	derived								legacy_derivation	derived	[]
5	PXD012337-Sample-5	source_name	source name	PXD012337-Sample-5	derived								legacy_derivation	derived	[]
5	PXD012337-Sample-5	organism	characteristics[organism]	Mus musculus	biological_agent	3T3-L1 cells, a mouse-derived pre-adipocyte model	AGREE	0.9999969601631165					source_precedence:biological_agent	derived	"[{""cv_accession"": null, ""cv_name"": ""Mus musculus"", ""metadata"": {""source_field"": ""species""}, ""scope"": ""sample"", ""source"": ""biological_agent"", ""value"": ""Mus musculus""}]"
5	PXD012337-Sample-5	disease	characteristics[disease]	normal	biological_agent		LLM_ONLY	0.5					source_precedence:biological_agent	derived	"[{""cv_accession"": null, ""cv_name"": null, ""metadata"": {""source_field"": ""disease_state""}, ""scope"": ""sample"", ""source"": ""biological_agent"", ""value"": ""normal""}]"
5	PXD012337-Sample-5	cell_type	characteristics[cell type]	adipocytes	biological_agent	proteomic analyses with differentiated and treated 3T3-L1s	LLM_ONLY	0.5					source_precedence:biological_agent	derived	"[{""cv_accession"": null, ""cv_name"": null, ""metadata"": {""source_field"": ""cell_type""}, ""scope"": ""sample"", ""source"": ""biological_agent"", ""value"": ""adipocytes""}]"
5	PXD012337-Sample-5	cell_line	characteristics[cell line]	3T3-L1	biological_agent	proteomic analyses with differentiated and treated 3T3-L1s	LLM_ONLY	0.5					source_precedence:biological_agent	derived	"[{""cv_accession"": null, ""cv_name"": null, ""metadata"": {""source_field"": ""cell_line""}, ""scope"": ""sample"", ""source"": ""biological_agent"", ""value"": ""3T3-L1""}]"
5	PXD012337-Sample-5	assay_name	assay name	run 1	derived								legacy_derivation	derived	[]
5	PXD012337-Sample-5	technology_type	technology type	proteomic profiling by mass spectrometry	derived								legacy_derivation	derived	[]
5	PXD012337-Sample-5	acquisition	comment[proteomics data acquisition method]	NT=data-dependent acquisition;AC=PRIDE:0000627	runassessor								source_precedence:runassessor	derived	"[{""cv_accession"": null, ""cv_name"": null, ""metadata"": {""source_path"": ""runAssessor.files.PXD012337/20180919_RH_SKim_Proteome-2e5.mzML.spectra_stats.acquisition_type""}, ""scope"": ""assay"", ""source"": ""runassessor"", ""value"": ""DDA""}]"
5	PXD012337-Sample-5	label	comment[label]	TMT128C	technical_agent								source_precedence:technical_agent	derived	"[{""cv_accession"": null, ""cv_name"": null, ""metadata"": {}, ""scope"": ""study"", ""source"": ""technical_agent"", ""value"": ""TMT10plex""}]"
5	PXD012337-Sample-5	instrument	comment[instrument]	NT=Q Exactive HF-X;AC=MS:1002877	runassessor				high	False	False		source_precedence:runassessor	derived	"[{""cv_accession"": ""MS:1002877"", ""cv_name"": ""Q Exactive HF-X"", ""metadata"": {""source_path"": ""runAssessor.files.PXD012337/20180919_RH_SKim_Proteome-2e5.mzML.instrument_model.name""}, ""scope"": ""assay"", ""source"": ""runassessor"", ""value"": ""Q Exactive HF-X""}, {""cv_accession"": null, ""cv_name"": null, ""metadata"": {}, ""scope"": ""study"", ""source"": ""technical_agent"", ""value"": ""Q Exactive HF-X""}]"
5	PXD012337-Sample-5	cleavage_agent	comment[cleavage agent details]	NT=Trypsin;AC=MS:1001251	derived								legacy_derivation	derived	[]
5	PXD012337-Sample-5	dissociation	comment[dissociation method]	NT=beam-type collision-induced dissociation;AC=MS:1000422	runassessor								source_precedence:runassessor	derived	"[{""cv_accession"": null, ""cv_name"": null, ""metadata"": {""source_path"": ""runAssessor.files.PXD012337/20180919_RH_SKim_Proteome-2e5.mzML.spectra_stats.fragmentation_type""}, ""scope"": ""assay"", ""source"": ""runassessor"", ""value"": ""HR_HCD""}]"
5	PXD012337-Sample-5	factor_value	factor value[experimental design]	treatment (Vh, Rosi, TPhP), diet (low fat diet, high fat diet)	experimental_design_agent	During differentiation, cells were treated with Vh (DMSO), Rosi (20 μM), or TPhP (20 μM).	LLM_ONLY	0.5	medium	False	False	treatment (Vh, Rosi, TPhP), diet (low fat diet, high fat diet)	source_precedence:experimental_design_agent	derived	"[{""cv_accession"": null, ""cv_name"": null, ""metadata"": {""source_field"": ""factor_value""}, ""scope"": ""study"", ""source"": ""experimental_design_agent"", ""value"": ""treatment (Vh, Rosi, TPhP)""}]"
5	PXD012337-Sample-5	modification	comment[modification parameters]	NT=phosphorylated residue;AC=MOD:00696;MT=?	pride	phosphorylated residue							normalized_source_union	derived	"[{""fraction_modified"": null, ""raw_stem"": null, ""scope"": ""study"", ""source"": ""pride"", ""source_path"": ""pride_metadata.project.identifiedPTMStrings[0]"", ""source_value"": ""phosphorylated residue""}]"
5	PXD012337-Sample-5	modification	comment[modification parameters]	NT=Sixplex Tandem Mass Tag®;AC=UNIMOD:737;MT=?;TA=HKSTY,N-term	technical_agent;ptm_shepherd	Sixplex Tandem Mass Tag® | Sixplex Tandem Mass Tag® | Sixplex Tandem Mass Tag®							normalized_source_union	derived	"[{""fraction_modified"": null, ""raw_stem"": null, ""scope"": ""study"", ""source"": ""technical_agent"", ""source_path"": ""TechnicalAgent.ptm.resolved[0]"", ""source_value"": ""Sixplex Tandem Mass Tag\u00ae""}, {""fraction_modified"": null, ""raw_stem"": null, ""scope"": ""study"", ""source"": ""technical_agent"", ""source_path"": ""TechnicalAgent.modification.resolved[0]"", ""source_value"": ""Sixplex Tandem Mass Tag\u00ae""}, {""fraction_modified"": 0.376473, ""raw_stem"": ""20180919_RH_SKim_Proteome-2e5"", ""scope"": ""assay"", ""source"": ""ptm_shepherd"", ""source_path"": ""modification_site_fractions.dda_closed_search.per_sample_files.20180919_RH_SKim_Proteome-2e5.data[0]"", ""source_value"": ""Sixplex Tandem Mass Tag\u00ae""}]"
5	PXD012337-Sample-5	modification	comment[modification parameters]	NT=Iodoacetamide derivative;AC=UNIMOD:4;MT=?;TA=CDEHKMSTUY,N-term	technical_agent;ptm_shepherd	Iodoacetamide derivative | Iodoacetamide derivative | Iodoacetamide derivative							normalized_source_union	derived	"[{""fraction_modified"": null, ""raw_stem"": null, ""scope"": ""study"", ""source"": ""technical_agent"", ""source_path"": ""TechnicalAgent.ptm.resolved[1]"", ""source_value"": ""Iodoacetamide derivative""}, {""fraction_modified"": null, ""raw_stem"": null, ""scope"": ""study"", ""source"": ""technical_agent"", ""source_path"": ""TechnicalAgent.modification.resolved[1]"", ""source_value"": ""Iodoacetamide derivative""}, {""fraction_modified"": 0.084868, ""raw_stem"": ""20180919_RH_SKim_Proteome-2e5"", ""scope"": ""assay"", ""source"": ""ptm_shepherd"", ""source_path"": ""modification_site_fractions.dda_closed_search.per_sample_files.20180919_RH_SKim_Proteome-2e5.data[1]"", ""source_value"": ""Iodoacetamide derivative""}]"
5	PXD012337-Sample-5	modification	comment[modification parameters]	NT=ubiquitinylation residue;AC=UNIMOD:121;MT=?;TA=CKST	technical_agent;ptm_shepherd	ubiquitinylation residue | ubiquitinylation residue | ubiquitinylation residue							normalized_source_union	derived	"[{""fraction_modified"": null, ""raw_stem"": null, ""scope"": ""study"", ""source"": ""technical_agent"", ""source_path"": ""TechnicalAgent.ptm.resolved[2]"", ""source_value"": ""ubiquitinylation residue""}, {""fraction_modified"": null, ""raw_stem"": null, ""scope"": ""study"", ""source"": ""technical_agent"", ""source_path"": ""TechnicalAgent.modification.resolved[2]"", ""source_value"": ""ubiquitinylation residue""}, {""fraction_modified"": 0.079691, ""raw_stem"": ""20180919_RH_SKim_Proteome-2e5"", ""scope"": ""assay"", ""source"": ""ptm_shepherd"", ""source_path"": ""modification_site_fractions.dda_closed_search.per_sample_files.20180919_RH_SKim_Proteome-2e5.data[2]"", ""source_value"": ""ubiquitinylation residue""}]"
5	PXD012337-Sample-5	reduction_reagent	comment[reduction reagent]	dithiothreitol	derived								legacy_derivation	derived	[]
5	PXD012337-Sample-5	alkylation_reagent	comment[alkylation reagent]	iodoacetamide	derived								legacy_derivation	derived	[]
5	PXD012337-Sample-5	ms2_analyzer	comment[ms2 mass analyzer]	Orbitrap	technical_agent								source_precedence:technical_agent	derived	"[{""cv_accession"": null, ""cv_name"": null, ""metadata"": {}, ""scope"": ""study"", ""source"": ""technical_agent"", ""value"": ""Orbitrap""}]"
5	PXD012337-Sample-5	collision_energy	comment[collision energy]	NCE 33	derived								legacy_derivation	derived	[]
5	PXD012337-Sample-5	data_file	comment[data file]	20180919_RH_SKim_Proteome-2e5.raw	derived								legacy_derivation	derived	[]
5	PXD012337-Sample-5	sdrf_version	comment[sdrf version]	v1.1.0	derived								legacy_derivation	derived	[]
5	PXD012337-Sample-5	annotation_tool	comment[sdrf annotation tool]	HAMLET-agentic v2.2.5	derived								legacy_derivation	derived	[]
5	PXD012337-Sample-5	factor_disease	factor value[disease]	normal	derived								legacy_derivation	derived	[]
6	PXD012337-Sample-6	source_name	source name	PXD012337-Sample-6	derived								legacy_derivation	derived	[]
6	PXD012337-Sample-6	organism	characteristics[organism]	Mus musculus	biological_agent	3T3-L1 cells, a mouse-derived pre-adipocyte model	AGREE	0.9999969601631165					source_precedence:biological_agent	derived	"[{""cv_accession"": null, ""cv_name"": ""Mus musculus"", ""metadata"": {""source_field"": ""species""}, ""scope"": ""sample"", ""source"": ""biological_agent"", ""value"": ""Mus musculus""}]"
6	PXD012337-Sample-6	disease	characteristics[disease]	normal	biological_agent		LLM_ONLY	0.5					source_precedence:biological_agent	derived	"[{""cv_accession"": null, ""cv_name"": null, ""metadata"": {""source_field"": ""disease_state""}, ""scope"": ""sample"", ""source"": ""biological_agent"", ""value"": ""normal""}]"
6	PXD012337-Sample-6	cell_type	characteristics[cell type]	adipocytes	biological_agent	proteomic analyses with differentiated and treated 3T3-L1s	LLM_ONLY	0.5					source_precedence:biological_agent	derived	"[{""cv_accession"": null, ""cv_name"": null, ""metadata"": {""source_field"": ""cell_type""}, ""scope"": ""sample"", ""source"": ""biological_agent"", ""value"": ""adipocytes""}]"
6	PXD012337-Sample-6	cell_line	characteristics[cell line]	3T3-L1	biological_agent	proteomic analyses with differentiated and treated 3T3-L1s	LLM_ONLY	0.5					source_precedence:biological_agent	derived	"[{""cv_accession"": null, ""cv_name"": null, ""metadata"": {""source_field"": ""cell_line""}, ""scope"": ""sample"", ""source"": ""biological_agent"", ""value"": ""3T3-L1""}]"
6	PXD012337-Sample-6	assay_name	assay name	run 1	derived								legacy_derivation	derived	[]
6	PXD012337-Sample-6	technology_type	technology type	proteomic profiling by mass spectrometry	derived								legacy_derivation	derived	[]
6	PXD012337-Sample-6	acquisition	comment[proteomics data acquisition method]	NT=data-dependent acquisition;AC=PRIDE:0000627	runassessor								source_precedence:runassessor	derived	"[{""cv_accession"": null, ""cv_name"": null, ""metadata"": {""source_path"": ""runAssessor.files.PXD012337/20180919_RH_SKim_Proteome-2e5.mzML.spectra_stats.acquisition_type""}, ""scope"": ""assay"", ""source"": ""runassessor"", ""value"": ""DDA""}]"
6	PXD012337-Sample-6	label	comment[label]	TMT129N	technical_agent								source_precedence:technical_agent	derived	"[{""cv_accession"": null, ""cv_name"": null, ""metadata"": {}, ""scope"": ""study"", ""source"": ""technical_agent"", ""value"": ""TMT10plex""}]"
6	PXD012337-Sample-6	instrument	comment[instrument]	NT=Q Exactive HF-X;AC=MS:1002877	runassessor				high	False	False		source_precedence:runassessor	derived	"[{""cv_accession"": ""MS:1002877"", ""cv_name"": ""Q Exactive HF-X"", ""metadata"": {""source_path"": ""runAssessor.files.PXD012337/20180919_RH_SKim_Proteome-2e5.mzML.instrument_model.name""}, ""scope"": ""assay"", ""source"": ""runassessor"", ""value"": ""Q Exactive HF-X""}, {""cv_accession"": null, ""cv_name"": null, ""metadata"": {}, ""scope"": ""study"", ""source"": ""technical_agent"", ""value"": ""Q Exactive HF-X""}]"
6	PXD012337-Sample-6	cleavage_agent	comment[cleavage agent details]	NT=Trypsin;AC=MS:1001251	derived								legacy_derivation	derived	[]
6	PXD012337-Sample-6	dissociation	comment[dissociation method]	NT=beam-type collision-induced dissociation;AC=MS:1000422	runassessor								source_precedence:runassessor	derived	"[{""cv_accession"": null, ""cv_name"": null, ""metadata"": {""source_path"": ""runAssessor.files.PXD012337/20180919_RH_SKim_Proteome-2e5.mzML.spectra_stats.fragmentation_type""}, ""scope"": ""assay"", ""source"": ""runassessor"", ""value"": ""HR_HCD""}]"
6	PXD012337-Sample-6	factor_value	factor value[experimental design]	treatment (Vh, Rosi, TPhP), diet (low fat diet, high fat diet)	experimental_design_agent	During differentiation, cells were treated with Vh (DMSO), Rosi (20 μM), or TPhP (20 μM).	LLM_ONLY	0.5	medium	False	False	treatment (Vh, Rosi, TPhP), diet (low fat diet, high fat diet)	source_precedence:experimental_design_agent	derived	"[{""cv_accession"": null, ""cv_name"": null, ""metadata"": {""source_field"": ""factor_value""}, ""scope"": ""study"", ""source"": ""experimental_design_agent"", ""value"": ""treatment (Vh, Rosi, TPhP)""}]"
6	PXD012337-Sample-6	modification	comment[modification parameters]	NT=phosphorylated residue;AC=MOD:00696;MT=?	pride	phosphorylated residue							normalized_source_union	derived	"[{""fraction_modified"": null, ""raw_stem"": null, ""scope"": ""study"", ""source"": ""pride"", ""source_path"": ""pride_metadata.project.identifiedPTMStrings[0]"", ""source_value"": ""phosphorylated residue""}]"
6	PXD012337-Sample-6	modification	comment[modification parameters]	NT=Sixplex Tandem Mass Tag®;AC=UNIMOD:737;MT=?;TA=HKSTY,N-term	technical_agent;ptm_shepherd	Sixplex Tandem Mass Tag® | Sixplex Tandem Mass Tag® | Sixplex Tandem Mass Tag®							normalized_source_union	derived	"[{""fraction_modified"": null, ""raw_stem"": null, ""scope"": ""study"", ""source"": ""technical_agent"", ""source_path"": ""TechnicalAgent.ptm.resolved[0]"", ""source_value"": ""Sixplex Tandem Mass Tag\u00ae""}, {""fraction_modified"": null, ""raw_stem"": null, ""scope"": ""study"", ""source"": ""technical_agent"", ""source_path"": ""TechnicalAgent.modification.resolved[0]"", ""source_value"": ""Sixplex Tandem Mass Tag\u00ae""}, {""fraction_modified"": 0.376473, ""raw_stem"": ""20180919_RH_SKim_Proteome-2e5"", ""scope"": ""assay"", ""source"": ""ptm_shepherd"", ""source_path"": ""modification_site_fractions.dda_closed_search.per_sample_files.20180919_RH_SKim_Proteome-2e5.data[0]"", ""source_value"": ""Sixplex Tandem Mass Tag\u00ae""}]"
6	PXD012337-Sample-6	modification	comment[modification parameters]	NT=Iodoacetamide derivative;AC=UNIMOD:4;MT=?;TA=CDEHKMSTUY,N-term	technical_agent;ptm_shepherd	Iodoacetamide derivative | Iodoacetamide derivative | Iodoacetamide derivative							normalized_source_union	derived	"[{""fraction_modified"": null, ""raw_stem"": null, ""scope"": ""study"", ""source"": ""technical_agent"", ""source_path"": ""TechnicalAgent.ptm.resolved[1]"", ""source_value"": ""Iodoacetamide derivative""}, {""fraction_modified"": null, ""raw_stem"": null, ""scope"": ""study"", ""source"": ""technical_agent"", ""source_path"": ""TechnicalAgent.modification.resolved[1]"", ""source_value"": ""Iodoacetamide derivative""}, {""fraction_modified"": 0.084868, ""raw_stem"": ""20180919_RH_SKim_Proteome-2e5"", ""scope"": ""assay"", ""source"": ""ptm_shepherd"", ""source_path"": ""modification_site_fractions.dda_closed_search.per_sample_files.20180919_RH_SKim_Proteome-2e5.data[1]"", ""source_value"": ""Iodoacetamide derivative""}]"
6	PXD012337-Sample-6	modification	comment[modification parameters]	NT=ubiquitinylation residue;AC=UNIMOD:121;MT=?;TA=CKST	technical_agent;ptm_shepherd	ubiquitinylation residue | ubiquitinylation residue | ubiquitinylation residue							normalized_source_union	derived	"[{""fraction_modified"": null, ""raw_stem"": null, ""scope"": ""study"", ""source"": ""technical_agent"", ""source_path"": ""TechnicalAgent.ptm.resolved[2]"", ""source_value"": ""ubiquitinylation residue""}, {""fraction_modified"": null, ""raw_stem"": null, ""scope"": ""study"", ""source"": ""technical_agent"", ""source_path"": ""TechnicalAgent.modification.resolved[2]"", ""source_value"": ""ubiquitinylation residue""}, {""fraction_modified"": 0.079691, ""raw_stem"": ""20180919_RH_SKim_Proteome-2e5"", ""scope"": ""assay"", ""source"": ""ptm_shepherd"", ""source_path"": ""modification_site_fractions.dda_closed_search.per_sample_files.20180919_RH_SKim_Proteome-2e5.data[2]"", ""source_value"": ""ubiquitinylation residue""}]"
6	PXD012337-Sample-6	reduction_reagent	comment[reduction reagent]	dithiothreitol	derived								legacy_derivation	derived	[]
6	PXD012337-Sample-6	alkylation_reagent	comment[alkylation reagent]	iodoacetamide	derived								legacy_derivation	derived	[]
6	PXD012337-Sample-6	ms2_analyzer	comment[ms2 mass analyzer]	Orbitrap	technical_agent								source_precedence:technical_agent	derived	"[{""cv_accession"": null, ""cv_name"": null, ""metadata"": {}, ""scope"": ""study"", ""source"": ""technical_agent"", ""value"": ""Orbitrap""}]"
6	PXD012337-Sample-6	collision_energy	comment[collision energy]	NCE 33	derived								legacy_derivation	derived	[]
6	PXD012337-Sample-6	data_file	comment[data file]	20180919_RH_SKim_Proteome-2e5.raw	derived								legacy_derivation	derived	[]
6	PXD012337-Sample-6	sdrf_version	comment[sdrf version]	v1.1.0	derived								legacy_derivation	derived	[]
6	PXD012337-Sample-6	annotation_tool	comment[sdrf annotation tool]	HAMLET-agentic v2.2.5	derived								legacy_derivation	derived	[]
6	PXD012337-Sample-6	factor_disease	factor value[disease]	normal	derived								legacy_derivation	derived	[]
7	PXD012337-Sample-7	source_name	source name	PXD012337-Sample-7	derived								legacy_derivation	derived	[]
7	PXD012337-Sample-7	organism	characteristics[organism]	Mus musculus	biological_agent	3T3-L1 cells, a mouse-derived pre-adipocyte model	AGREE	0.9999969601631165					source_precedence:biological_agent	derived	"[{""cv_accession"": null, ""cv_name"": ""Mus musculus"", ""metadata"": {""source_field"": ""species""}, ""scope"": ""sample"", ""source"": ""biological_agent"", ""value"": ""Mus musculus""}]"
7	PXD012337-Sample-7	disease	characteristics[disease]	normal	biological_agent		LLM_ONLY	0.5					source_precedence:biological_agent	derived	"[{""cv_accession"": null, ""cv_name"": null, ""metadata"": {""source_field"": ""disease_state""}, ""scope"": ""sample"", ""source"": ""biological_agent"", ""value"": ""normal""}]"
7	PXD012337-Sample-7	cell_type	characteristics[cell type]	adipocytes	biological_agent	proteomic analyses with differentiated and treated 3T3-L1s	LLM_ONLY	0.5					source_precedence:biological_agent	derived	"[{""cv_accession"": null, ""cv_name"": null, ""metadata"": {""source_field"": ""cell_type""}, ""scope"": ""sample"", ""source"": ""biological_agent"", ""value"": ""adipocytes""}]"
7	PXD012337-Sample-7	cell_line	characteristics[cell line]	3T3-L1	biological_agent	proteomic analyses with differentiated and treated 3T3-L1s	LLM_ONLY	0.5					source_precedence:biological_agent	derived	"[{""cv_accession"": null, ""cv_name"": null, ""metadata"": {""source_field"": ""cell_line""}, ""scope"": ""sample"", ""source"": ""biological_agent"", ""value"": ""3T3-L1""}]"
7	PXD012337-Sample-7	assay_name	assay name	run 1	derived								legacy_derivation	derived	[]
7	PXD012337-Sample-7	technology_type	technology type	proteomic profiling by mass spectrometry	derived								legacy_derivation	derived	[]
7	PXD012337-Sample-7	acquisition	comment[proteomics data acquisition method]	NT=data-dependent acquisition;AC=PRIDE:0000627	runassessor								source_precedence:runassessor	derived	"[{""cv_accession"": null, ""cv_name"": null, ""metadata"": {""source_path"": ""runAssessor.files.PXD012337/20180919_RH_SKim_Proteome-2e5.mzML.spectra_stats.acquisition_type""}, ""scope"": ""assay"", ""source"": ""runassessor"", ""value"": ""DDA""}]"
7	PXD012337-Sample-7	label	comment[label]	TMT129C	technical_agent								source_precedence:technical_agent	derived	"[{""cv_accession"": null, ""cv_name"": null, ""metadata"": {}, ""scope"": ""study"", ""source"": ""technical_agent"", ""value"": ""TMT10plex""}]"
7	PXD012337-Sample-7	instrument	comment[instrument]	NT=Q Exactive HF-X;AC=MS:1002877	runassessor				high	False	False		source_precedence:runassessor	derived	"[{""cv_accession"": ""MS:1002877"", ""cv_name"": ""Q Exactive HF-X"", ""metadata"": {""source_path"": ""runAssessor.files.PXD012337/20180919_RH_SKim_Proteome-2e5.mzML.instrument_model.name""}, ""scope"": ""assay"", ""source"": ""runassessor"", ""value"": ""Q Exactive HF-X""}, {""cv_accession"": null, ""cv_name"": null, ""metadata"": {}, ""scope"": ""study"", ""source"": ""technical_agent"", ""value"": ""Q Exactive HF-X""}]"
7	PXD012337-Sample-7	cleavage_agent	comment[cleavage agent details]	NT=Trypsin;AC=MS:1001251	derived								legacy_derivation	derived	[]
7	PXD012337-Sample-7	dissociation	comment[dissociation method]	NT=beam-type collision-induced dissociation;AC=MS:1000422	runassessor								source_precedence:runassessor	derived	"[{""cv_accession"": null, ""cv_name"": null, ""metadata"": {""source_path"": ""runAssessor.files.PXD012337/20180919_RH_SKim_Proteome-2e5.mzML.spectra_stats.fragmentation_type""}, ""scope"": ""assay"", ""source"": ""runassessor"", ""value"": ""HR_HCD""}]"
7	PXD012337-Sample-7	factor_value	factor value[experimental design]	treatment (Vh, Rosi, TPhP), diet (low fat diet, high fat diet)	experimental_design_agent	During differentiation, cells were treated with Vh (DMSO), Rosi (20 μM), or TPhP (20 μM).	LLM_ONLY	0.5	medium	False	False	treatment (Vh, Rosi, TPhP), diet (low fat diet, high fat diet)	source_precedence:experimental_design_agent	derived	"[{""cv_accession"": null, ""cv_name"": null, ""metadata"": {""source_field"": ""factor_value""}, ""scope"": ""study"", ""source"": ""experimental_design_agent"", ""value"": ""treatment (Vh, Rosi, TPhP)""}]"
7	PXD012337-Sample-7	modification	comment[modification parameters]	NT=phosphorylated residue;AC=MOD:00696;MT=?	pride	phosphorylated residue							normalized_source_union	derived	"[{""fraction_modified"": null, ""raw_stem"": null, ""scope"": ""study"", ""source"": ""pride"", ""source_path"": ""pride_metadata.project.identifiedPTMStrings[0]"", ""source_value"": ""phosphorylated residue""}]"
7	PXD012337-Sample-7	modification	comment[modification parameters]	NT=Sixplex Tandem Mass Tag®;AC=UNIMOD:737;MT=?;TA=HKSTY,N-term	technical_agent;ptm_shepherd	Sixplex Tandem Mass Tag® | Sixplex Tandem Mass Tag® | Sixplex Tandem Mass Tag®							normalized_source_union	derived	"[{""fraction_modified"": null, ""raw_stem"": null, ""scope"": ""study"", ""source"": ""technical_agent"", ""source_path"": ""TechnicalAgent.ptm.resolved[0]"", ""source_value"": ""Sixplex Tandem Mass Tag\u00ae""}, {""fraction_modified"": null, ""raw_stem"": null, ""scope"": ""study"", ""source"": ""technical_agent"", ""source_path"": ""TechnicalAgent.modification.resolved[0]"", ""source_value"": ""Sixplex Tandem Mass Tag\u00ae""}, {""fraction_modified"": 0.376473, ""raw_stem"": ""20180919_RH_SKim_Proteome-2e5"", ""scope"": ""assay"", ""source"": ""ptm_shepherd"", ""source_path"": ""modification_site_fractions.dda_closed_search.per_sample_files.20180919_RH_SKim_Proteome-2e5.data[0]"", ""source_value"": ""Sixplex Tandem Mass Tag\u00ae""}]"
7	PXD012337-Sample-7	modification	comment[modification parameters]	NT=Iodoacetamide derivative;AC=UNIMOD:4;MT=?;TA=CDEHKMSTUY,N-term	technical_agent;ptm_shepherd	Iodoacetamide derivative | Iodoacetamide derivative | Iodoacetamide derivative							normalized_source_union	derived	"[{""fraction_modified"": null, ""raw_stem"": null, ""scope"": ""study"", ""source"": ""technical_agent"", ""source_path"": ""TechnicalAgent.ptm.resolved[1]"", ""source_value"": ""Iodoacetamide derivative""}, {""fraction_modified"": null, ""raw_stem"": null, ""scope"": ""study"", ""source"": ""technical_agent"", ""source_path"": ""TechnicalAgent.modification.resolved[1]"", ""source_value"": ""Iodoacetamide derivative""}, {""fraction_modified"": 0.084868, ""raw_stem"": ""20180919_RH_SKim_Proteome-2e5"", ""scope"": ""assay"", ""source"": ""ptm_shepherd"", ""source_path"": ""modification_site_fractions.dda_closed_search.per_sample_files.20180919_RH_SKim_Proteome-2e5.data[1]"", ""source_value"": ""Iodoacetamide derivative""}]"
7	PXD012337-Sample-7	modification	comment[modification parameters]	NT=ubiquitinylation residue;AC=UNIMOD:121;MT=?;TA=CKST	technical_agent;ptm_shepherd	ubiquitinylation residue | ubiquitinylation residue | ubiquitinylation residue							normalized_source_union	derived	"[{""fraction_modified"": null, ""raw_stem"": null, ""scope"": ""study"", ""source"": ""technical_agent"", ""source_path"": ""TechnicalAgent.ptm.resolved[2]"", ""source_value"": ""ubiquitinylation residue""}, {""fraction_modified"": null, ""raw_stem"": null, ""scope"": ""study"", ""source"": ""technical_agent"", ""source_path"": ""TechnicalAgent.modification.resolved[2]"", ""source_value"": ""ubiquitinylation residue""}, {""fraction_modified"": 0.079691, ""raw_stem"": ""20180919_RH_SKim_Proteome-2e5"", ""scope"": ""assay"", ""source"": ""ptm_shepherd"", ""source_path"": ""modification_site_fractions.dda_closed_search.per_sample_files.20180919_RH_SKim_Proteome-2e5.data[2]"", ""source_value"": ""ubiquitinylation residue""}]"
7	PXD012337-Sample-7	reduction_reagent	comment[reduction reagent]	dithiothreitol	derived								legacy_derivation	derived	[]
7	PXD012337-Sample-7	alkylation_reagent	comment[alkylation reagent]	iodoacetamide	derived								legacy_derivation	derived	[]
7	PXD012337-Sample-7	ms2_analyzer	comment[ms2 mass analyzer]	Orbitrap	technical_agent								source_precedence:technical_agent	derived	"[{""cv_accession"": null, ""cv_name"": null, ""metadata"": {}, ""scope"": ""study"", ""source"": ""technical_agent"", ""value"": ""Orbitrap""}]"
7	PXD012337-Sample-7	collision_energy	comment[collision energy]	NCE 33	derived								legacy_derivation	derived	[]
7	PXD012337-Sample-7	data_file	comment[data file]	20180919_RH_SKim_Proteome-2e5.raw	derived								legacy_derivation	derived	[]
7	PXD012337-Sample-7	sdrf_version	comment[sdrf version]	v1.1.0	derived								legacy_derivation	derived	[]
7	PXD012337-Sample-7	annotation_tool	comment[sdrf annotation tool]	HAMLET-agentic v2.2.5	derived								legacy_derivation	derived	[]
7	PXD012337-Sample-7	factor_disease	factor value[disease]	normal	derived								legacy_derivation	derived	[]
8	PXD012337-Sample-8	source_name	source name	PXD012337-Sample-8	derived								legacy_derivation	derived	[]
8	PXD012337-Sample-8	organism	characteristics[organism]	Mus musculus	biological_agent	3T3-L1 cells, a mouse-derived pre-adipocyte model	AGREE	0.9999969601631165					source_precedence:biological_agent	derived	"[{""cv_accession"": null, ""cv_name"": ""Mus musculus"", ""metadata"": {""source_field"": ""species""}, ""scope"": ""sample"", ""source"": ""biological_agent"", ""value"": ""Mus musculus""}]"
8	PXD012337-Sample-8	disease	characteristics[disease]	normal	biological_agent		LLM_ONLY	0.5					source_precedence:biological_agent	derived	"[{""cv_accession"": null, ""cv_name"": null, ""metadata"": {""source_field"": ""disease_state""}, ""scope"": ""sample"", ""source"": ""biological_agent"", ""value"": ""normal""}]"
8	PXD012337-Sample-8	cell_type	characteristics[cell type]	adipocytes	biological_agent	proteomic analyses with differentiated and treated 3T3-L1s	LLM_ONLY	0.5					source_precedence:biological_agent	derived	"[{""cv_accession"": null, ""cv_name"": null, ""metadata"": {""source_field"": ""cell_type""}, ""scope"": ""sample"", ""source"": ""biological_agent"", ""value"": ""adipocytes""}]"
8	PXD012337-Sample-8	cell_line	characteristics[cell line]	3T3-L1	biological_agent	proteomic analyses with differentiated and treated 3T3-L1s	LLM_ONLY	0.5					source_precedence:biological_agent	derived	"[{""cv_accession"": null, ""cv_name"": null, ""metadata"": {""source_field"": ""cell_line""}, ""scope"": ""sample"", ""source"": ""biological_agent"", ""value"": ""3T3-L1""}]"
8	PXD012337-Sample-8	assay_name	assay name	run 1	derived								legacy_derivation	derived	[]
8	PXD012337-Sample-8	technology_type	technology type	proteomic profiling by mass spectrometry	derived								legacy_derivation	derived	[]
8	PXD012337-Sample-8	acquisition	comment[proteomics data acquisition method]	NT=data-dependent acquisition;AC=PRIDE:0000627	runassessor								source_precedence:runassessor	derived	"[{""cv_accession"": null, ""cv_name"": null, ""metadata"": {""source_path"": ""runAssessor.files.PXD012337/20180919_RH_SKim_Proteome-2e5.mzML.spectra_stats.acquisition_type""}, ""scope"": ""assay"", ""source"": ""runassessor"", ""value"": ""DDA""}]"
8	PXD012337-Sample-8	label	comment[label]	TMT130N	technical_agent								source_precedence:technical_agent	derived	"[{""cv_accession"": null, ""cv_name"": null, ""metadata"": {}, ""scope"": ""study"", ""source"": ""technical_agent"", ""value"": ""TMT10plex""}]"
8	PXD012337-Sample-8	instrument	comment[instrument]	NT=Q Exactive HF-X;AC=MS:1002877	runassessor				high	False	False		source_precedence:runassessor	derived	"[{""cv_accession"": ""MS:1002877"", ""cv_name"": ""Q Exactive HF-X"", ""metadata"": {""source_path"": ""runAssessor.files.PXD012337/20180919_RH_SKim_Proteome-2e5.mzML.instrument_model.name""}, ""scope"": ""assay"", ""source"": ""runassessor"", ""value"": ""Q Exactive HF-X""}, {""cv_accession"": null, ""cv_name"": null, ""metadata"": {}, ""scope"": ""study"", ""source"": ""technical_agent"", ""value"": ""Q Exactive HF-X""}]"
8	PXD012337-Sample-8	cleavage_agent	comment[cleavage agent details]	NT=Trypsin;AC=MS:1001251	derived								legacy_derivation	derived	[]
8	PXD012337-Sample-8	dissociation	comment[dissociation method]	NT=beam-type collision-induced dissociation;AC=MS:1000422	runassessor								source_precedence:runassessor	derived	"[{""cv_accession"": null, ""cv_name"": null, ""metadata"": {""source_path"": ""runAssessor.files.PXD012337/20180919_RH_SKim_Proteome-2e5.mzML.spectra_stats.fragmentation_type""}, ""scope"": ""assay"", ""source"": ""runassessor"", ""value"": ""HR_HCD""}]"
8	PXD012337-Sample-8	factor_value	factor value[experimental design]	treatment (Vh, Rosi, TPhP), diet (low fat diet, high fat diet)	experimental_design_agent	During differentiation, cells were treated with Vh (DMSO), Rosi (20 μM), or TPhP (20 μM).	LLM_ONLY	0.5	medium	False	False	treatment (Vh, Rosi, TPhP), diet (low fat diet, high fat diet)	source_precedence:experimental_design_agent	derived	"[{""cv_accession"": null, ""cv_name"": null, ""metadata"": {""source_field"": ""factor_value""}, ""scope"": ""study"", ""source"": ""experimental_design_agent"", ""value"": ""treatment (Vh, Rosi, TPhP)""}]"
8	PXD012337-Sample-8	modification	comment[modification parameters]	NT=phosphorylated residue;AC=MOD:00696;MT=?	pride	phosphorylated residue							normalized_source_union	derived	"[{""fraction_modified"": null, ""raw_stem"": null, ""scope"": ""study"", ""source"": ""pride"", ""source_path"": ""pride_metadata.project.identifiedPTMStrings[0]"", ""source_value"": ""phosphorylated residue""}]"
8	PXD012337-Sample-8	modification	comment[modification parameters]	NT=Sixplex Tandem Mass Tag®;AC=UNIMOD:737;MT=?;TA=HKSTY,N-term	technical_agent;ptm_shepherd	Sixplex Tandem Mass Tag® | Sixplex Tandem Mass Tag® | Sixplex Tandem Mass Tag®							normalized_source_union	derived	"[{""fraction_modified"": null, ""raw_stem"": null, ""scope"": ""study"", ""source"": ""technical_agent"", ""source_path"": ""TechnicalAgent.ptm.resolved[0]"", ""source_value"": ""Sixplex Tandem Mass Tag\u00ae""}, {""fraction_modified"": null, ""raw_stem"": null, ""scope"": ""study"", ""source"": ""technical_agent"", ""source_path"": ""TechnicalAgent.modification.resolved[0]"", ""source_value"": ""Sixplex Tandem Mass Tag\u00ae""}, {""fraction_modified"": 0.376473, ""raw_stem"": ""20180919_RH_SKim_Proteome-2e5"", ""scope"": ""assay"", ""source"": ""ptm_shepherd"", ""source_path"": ""modification_site_fractions.dda_closed_search.per_sample_files.20180919_RH_SKim_Proteome-2e5.data[0]"", ""source_value"": ""Sixplex Tandem Mass Tag\u00ae""}]"
8	PXD012337-Sample-8	modification	comment[modification parameters]	NT=Iodoacetamide derivative;AC=UNIMOD:4;MT=?;TA=CDEHKMSTUY,N-term	technical_agent;ptm_shepherd	Iodoacetamide derivative | Iodoacetamide derivative | Iodoacetamide derivative							normalized_source_union	derived	"[{""fraction_modified"": null, ""raw_stem"": null, ""scope"": ""study"", ""source"": ""technical_agent"", ""source_path"": ""TechnicalAgent.ptm.resolved[1]"", ""source_value"": ""Iodoacetamide derivative""}, {""fraction_modified"": null, ""raw_stem"": null, ""scope"": ""study"", ""source"": ""technical_agent"", ""source_path"": ""TechnicalAgent.modification.resolved[1]"", ""source_value"": ""Iodoacetamide derivative""}, {""fraction_modified"": 0.084868, ""raw_stem"": ""20180919_RH_SKim_Proteome-2e5"", ""scope"": ""assay"", ""source"": ""ptm_shepherd"", ""source_path"": ""modification_site_fractions.dda_closed_search.per_sample_files.20180919_RH_SKim_Proteome-2e5.data[1]"", ""source_value"": ""Iodoacetamide derivative""}]"
8	PXD012337-Sample-8	modification	comment[modification parameters]	NT=ubiquitinylation residue;AC=UNIMOD:121;MT=?;TA=CKST	technical_agent;ptm_shepherd	ubiquitinylation residue | ubiquitinylation residue | ubiquitinylation residue							normalized_source_union	derived	"[{""fraction_modified"": null, ""raw_stem"": null, ""scope"": ""study"", ""source"": ""technical_agent"", ""source_path"": ""TechnicalAgent.ptm.resolved[2]"", ""source_value"": ""ubiquitinylation residue""}, {""fraction_modified"": null, ""raw_stem"": null, ""scope"": ""study"", ""source"": ""technical_agent"", ""source_path"": ""TechnicalAgent.modification.resolved[2]"", ""source_value"": ""ubiquitinylation residue""}, {""fraction_modified"": 0.079691, ""raw_stem"": ""20180919_RH_SKim_Proteome-2e5"", ""scope"": ""assay"", ""source"": ""ptm_shepherd"", ""source_path"": ""modification_site_fractions.dda_closed_search.per_sample_files.20180919_RH_SKim_Proteome-2e5.data[2]"", ""source_value"": ""ubiquitinylation residue""}]"
8	PXD012337-Sample-8	reduction_reagent	comment[reduction reagent]	dithiothreitol	derived								legacy_derivation	derived	[]
8	PXD012337-Sample-8	alkylation_reagent	comment[alkylation reagent]	iodoacetamide	derived								legacy_derivation	derived	[]
8	PXD012337-Sample-8	ms2_analyzer	comment[ms2 mass analyzer]	Orbitrap	technical_agent								source_precedence:technical_agent	derived	"[{""cv_accession"": null, ""cv_name"": null, ""metadata"": {}, ""scope"": ""study"", ""source"": ""technical_agent"", ""value"": ""Orbitrap""}]"
8	PXD012337-Sample-8	collision_energy	comment[collision energy]	NCE 33	derived								legacy_derivation	derived	[]
8	PXD012337-Sample-8	data_file	comment[data file]	20180919_RH_SKim_Proteome-2e5.raw	derived								legacy_derivation	derived	[]
8	PXD012337-Sample-8	sdrf_version	comment[sdrf version]	v1.1.0	derived								legacy_derivation	derived	[]
8	PXD012337-Sample-8	annotation_tool	comment[sdrf annotation tool]	HAMLET-agentic v2.2.5	derived								legacy_derivation	derived	[]
8	PXD012337-Sample-8	factor_disease	factor value[disease]	normal	derived								legacy_derivation	derived	[]
9	PXD012337-Sample-9	source_name	source name	PXD012337-Sample-9	derived								legacy_derivation	derived	[]
9	PXD012337-Sample-9	organism	characteristics[organism]	Mus musculus	biological_agent	3T3-L1 cells, a mouse-derived pre-adipocyte model	AGREE	0.9999969601631165					source_precedence:biological_agent	derived	"[{""cv_accession"": null, ""cv_name"": ""Mus musculus"", ""metadata"": {""source_field"": ""species""}, ""scope"": ""sample"", ""source"": ""biological_agent"", ""value"": ""Mus musculus""}]"
9	PXD012337-Sample-9	disease	characteristics[disease]	normal	biological_agent		LLM_ONLY	0.5					source_precedence:biological_agent	derived	"[{""cv_accession"": null, ""cv_name"": null, ""metadata"": {""source_field"": ""disease_state""}, ""scope"": ""sample"", ""source"": ""biological_agent"", ""value"": ""normal""}]"
9	PXD012337-Sample-9	cell_type	characteristics[cell type]	adipocytes	biological_agent	proteomic analyses with differentiated and treated 3T3-L1s	LLM_ONLY	0.5					source_precedence:biological_agent	derived	"[{""cv_accession"": null, ""cv_name"": null, ""metadata"": {""source_field"": ""cell_type""}, ""scope"": ""sample"", ""source"": ""biological_agent"", ""value"": ""adipocytes""}]"
9	PXD012337-Sample-9	cell_line	characteristics[cell line]	3T3-L1	biological_agent	proteomic analyses with differentiated and treated 3T3-L1s	LLM_ONLY	0.5					source_precedence:biological_agent	derived	"[{""cv_accession"": null, ""cv_name"": null, ""metadata"": {""source_field"": ""cell_line""}, ""scope"": ""sample"", ""source"": ""biological_agent"", ""value"": ""3T3-L1""}]"
9	PXD012337-Sample-9	assay_name	assay name	run 1	derived								legacy_derivation	derived	[]
9	PXD012337-Sample-9	technology_type	technology type	proteomic profiling by mass spectrometry	derived								legacy_derivation	derived	[]
9	PXD012337-Sample-9	acquisition	comment[proteomics data acquisition method]	NT=data-dependent acquisition;AC=PRIDE:0000627	runassessor								source_precedence:runassessor	derived	"[{""cv_accession"": null, ""cv_name"": null, ""metadata"": {""source_path"": ""runAssessor.files.PXD012337/20180919_RH_SKim_Proteome-2e5.mzML.spectra_stats.acquisition_type""}, ""scope"": ""assay"", ""source"": ""runassessor"", ""value"": ""DDA""}]"
9	PXD012337-Sample-9	label	comment[label]	TMT130C	technical_agent								source_precedence:technical_agent	derived	"[{""cv_accession"": null, ""cv_name"": null, ""metadata"": {}, ""scope"": ""study"", ""source"": ""technical_agent"", ""value"": ""TMT10plex""}]"
9	PXD012337-Sample-9	instrument	comment[instrument]	NT=Q Exactive HF-X;AC=MS:1002877	runassessor				high	False	False		source_precedence:runassessor	derived	"[{""cv_accession"": ""MS:1002877"", ""cv_name"": ""Q Exactive HF-X"", ""metadata"": {""source_path"": ""runAssessor.files.PXD012337/20180919_RH_SKim_Proteome-2e5.mzML.instrument_model.name""}, ""scope"": ""assay"", ""source"": ""runassessor"", ""value"": ""Q Exactive HF-X""}, {""cv_accession"": null, ""cv_name"": null, ""metadata"": {}, ""scope"": ""study"", ""source"": ""technical_agent"", ""value"": ""Q Exactive HF-X""}]"
9	PXD012337-Sample-9	cleavage_agent	comment[cleavage agent details]	NT=Trypsin;AC=MS:1001251	derived								legacy_derivation	derived	[]
9	PXD012337-Sample-9	dissociation	comment[dissociation method]	NT=beam-type collision-induced dissociation;AC=MS:1000422	runassessor								source_precedence:runassessor	derived	"[{""cv_accession"": null, ""cv_name"": null, ""metadata"": {""source_path"": ""runAssessor.files.PXD012337/20180919_RH_SKim_Proteome-2e5.mzML.spectra_stats.fragmentation_type""}, ""scope"": ""assay"", ""source"": ""runassessor"", ""value"": ""HR_HCD""}]"
9	PXD012337-Sample-9	factor_value	factor value[experimental design]	treatment (Vh, Rosi, TPhP), diet (low fat diet, high fat diet)	experimental_design_agent	During differentiation, cells were treated with Vh (DMSO), Rosi (20 μM), or TPhP (20 μM).	LLM_ONLY	0.5	medium	False	False	treatment (Vh, Rosi, TPhP), diet (low fat diet, high fat diet)	source_precedence:experimental_design_agent	derived	"[{""cv_accession"": null, ""cv_name"": null, ""metadata"": {""source_field"": ""factor_value""}, ""scope"": ""study"", ""source"": ""experimental_design_agent"", ""value"": ""treatment (Vh, Rosi, TPhP)""}]"
9	PXD012337-Sample-9	modification	comment[modification parameters]	NT=phosphorylated residue;AC=MOD:00696;MT=?	pride	phosphorylated residue							normalized_source_union	derived	"[{""fraction_modified"": null, ""raw_stem"": null, ""scope"": ""study"", ""source"": ""pride"", ""source_path"": ""pride_metadata.project.identifiedPTMStrings[0]"", ""source_value"": ""phosphorylated residue""}]"
9	PXD012337-Sample-9	modification	comment[modification parameters]	NT=Sixplex Tandem Mass Tag®;AC=UNIMOD:737;MT=?;TA=HKSTY,N-term	technical_agent;ptm_shepherd	Sixplex Tandem Mass Tag® | Sixplex Tandem Mass Tag® | Sixplex Tandem Mass Tag®							normalized_source_union	derived	"[{""fraction_modified"": null, ""raw_stem"": null, ""scope"": ""study"", ""source"": ""technical_agent"", ""source_path"": ""TechnicalAgent.ptm.resolved[0]"", ""source_value"": ""Sixplex Tandem Mass Tag\u00ae""}, {""fraction_modified"": null, ""raw_stem"": null, ""scope"": ""study"", ""source"": ""technical_agent"", ""source_path"": ""TechnicalAgent.modification.resolved[0]"", ""source_value"": ""Sixplex Tandem Mass Tag\u00ae""}, {""fraction_modified"": 0.376473, ""raw_stem"": ""20180919_RH_SKim_Proteome-2e5"", ""scope"": ""assay"", ""source"": ""ptm_shepherd"", ""source_path"": ""modification_site_fractions.dda_closed_search.per_sample_files.20180919_RH_SKim_Proteome-2e5.data[0]"", ""source_value"": ""Sixplex Tandem Mass Tag\u00ae""}]"
9	PXD012337-Sample-9	modification	comment[modification parameters]	NT=Iodoacetamide derivative;AC=UNIMOD:4;MT=?;TA=CDEHKMSTUY,N-term	technical_agent;ptm_shepherd	Iodoacetamide derivative | Iodoacetamide derivative | Iodoacetamide derivative							normalized_source_union	derived	"[{""fraction_modified"": null, ""raw_stem"": null, ""scope"": ""study"", ""source"": ""technical_agent"", ""source_path"": ""TechnicalAgent.ptm.resolved[1]"", ""source_value"": ""Iodoacetamide derivative""}, {""fraction_modified"": null, ""raw_stem"": null, ""scope"": ""study"", ""source"": ""technical_agent"", ""source_path"": ""TechnicalAgent.modification.resolved[1]"", ""source_value"": ""Iodoacetamide derivative""}, {""fraction_modified"": 0.084868, ""raw_stem"": ""20180919_RH_SKim_Proteome-2e5"", ""scope"": ""assay"", ""source"": ""ptm_shepherd"", ""source_path"": ""modification_site_fractions.dda_closed_search.per_sample_files.20180919_RH_SKim_Proteome-2e5.data[1]"", ""source_value"": ""Iodoacetamide derivative""}]"
9	PXD012337-Sample-9	modification	comment[modification parameters]	NT=ubiquitinylation residue;AC=UNIMOD:121;MT=?;TA=CKST	technical_agent;ptm_shepherd	ubiquitinylation residue | ubiquitinylation residue | ubiquitinylation residue							normalized_source_union	derived	"[{""fraction_modified"": null, ""raw_stem"": null, ""scope"": ""study"", ""source"": ""technical_agent"", ""source_path"": ""TechnicalAgent.ptm.resolved[2]"", ""source_value"": ""ubiquitinylation residue""}, {""fraction_modified"": null, ""raw_stem"": null, ""scope"": ""study"", ""source"": ""technical_agent"", ""source_path"": ""TechnicalAgent.modification.resolved[2]"", ""source_value"": ""ubiquitinylation residue""}, {""fraction_modified"": 0.079691, ""raw_stem"": ""20180919_RH_SKim_Proteome-2e5"", ""scope"": ""assay"", ""source"": ""ptm_shepherd"", ""source_path"": ""modification_site_fractions.dda_closed_search.per_sample_files.20180919_RH_SKim_Proteome-2e5.data[2]"", ""source_value"": ""ubiquitinylation residue""}]"
9	PXD012337-Sample-9	reduction_reagent	comment[reduction reagent]	dithiothreitol	derived								legacy_derivation	derived	[]
9	PXD012337-Sample-9	alkylation_reagent	comment[alkylation reagent]	iodoacetamide	derived								legacy_derivation	derived	[]
9	PXD012337-Sample-9	ms2_analyzer	comment[ms2 mass analyzer]	Orbitrap	technical_agent								source_precedence:technical_agent	derived	"[{""cv_accession"": null, ""cv_name"": null, ""metadata"": {}, ""scope"": ""study"", ""source"": ""technical_agent"", ""value"": ""Orbitrap""}]"
9	PXD012337-Sample-9	collision_energy	comment[collision energy]	NCE 33	derived								legacy_derivation	derived	[]
9	PXD012337-Sample-9	data_file	comment[data file]	20180919_RH_SKim_Proteome-2e5.raw	derived								legacy_derivation	derived	[]
9	PXD012337-Sample-9	sdrf_version	comment[sdrf version]	v1.1.0	derived								legacy_derivation	derived	[]
9	PXD012337-Sample-9	annotation_tool	comment[sdrf annotation tool]	HAMLET-agentic v2.2.5	derived								legacy_derivation	derived	[]
9	PXD012337-Sample-9	factor_disease	factor value[disease]	normal	derived								legacy_derivation	derived	[]
10	PXD012337-Sample-10	source_name	source name	PXD012337-Sample-10	derived								legacy_derivation	derived	[]
10	PXD012337-Sample-10	organism	characteristics[organism]	Mus musculus	biological_agent	3T3-L1 cells, a mouse-derived pre-adipocyte model	AGREE	0.9999969601631165					source_precedence:biological_agent	derived	"[{""cv_accession"": null, ""cv_name"": ""Mus musculus"", ""metadata"": {""source_field"": ""species""}, ""scope"": ""sample"", ""source"": ""biological_agent"", ""value"": ""Mus musculus""}]"
10	PXD012337-Sample-10	disease	characteristics[disease]	normal	biological_agent		LLM_ONLY	0.5					source_precedence:biological_agent	derived	"[{""cv_accession"": null, ""cv_name"": null, ""metadata"": {""source_field"": ""disease_state""}, ""scope"": ""sample"", ""source"": ""biological_agent"", ""value"": ""normal""}]"
10	PXD012337-Sample-10	cell_type	characteristics[cell type]	adipocytes	biological_agent	proteomic analyses with differentiated and treated 3T3-L1s	LLM_ONLY	0.5					source_precedence:biological_agent	derived	"[{""cv_accession"": null, ""cv_name"": null, ""metadata"": {""source_field"": ""cell_type""}, ""scope"": ""sample"", ""source"": ""biological_agent"", ""value"": ""adipocytes""}]"
10	PXD012337-Sample-10	cell_line	characteristics[cell line]	3T3-L1	biological_agent	proteomic analyses with differentiated and treated 3T3-L1s	LLM_ONLY	0.5					source_precedence:biological_agent	derived	"[{""cv_accession"": null, ""cv_name"": null, ""metadata"": {""source_field"": ""cell_line""}, ""scope"": ""sample"", ""source"": ""biological_agent"", ""value"": ""3T3-L1""}]"
10	PXD012337-Sample-10	assay_name	assay name	run 1	derived								legacy_derivation	derived	[]
10	PXD012337-Sample-10	technology_type	technology type	proteomic profiling by mass spectrometry	derived								legacy_derivation	derived	[]
10	PXD012337-Sample-10	acquisition	comment[proteomics data acquisition method]	NT=data-dependent acquisition;AC=PRIDE:0000627	runassessor								source_precedence:runassessor	derived	"[{""cv_accession"": null, ""cv_name"": null, ""metadata"": {""source_path"": ""runAssessor.files.PXD012337/20180919_RH_SKim_Proteome-2e5.mzML.spectra_stats.acquisition_type""}, ""scope"": ""assay"", ""source"": ""runassessor"", ""value"": ""DDA""}]"
10	PXD012337-Sample-10	label	comment[label]	TMT131	technical_agent								source_precedence:technical_agent	derived	"[{""cv_accession"": null, ""cv_name"": null, ""metadata"": {}, ""scope"": ""study"", ""source"": ""technical_agent"", ""value"": ""TMT10plex""}]"
10	PXD012337-Sample-10	instrument	comment[instrument]	NT=Q Exactive HF-X;AC=MS:1002877	runassessor				high	False	False		source_precedence:runassessor	derived	"[{""cv_accession"": ""MS:1002877"", ""cv_name"": ""Q Exactive HF-X"", ""metadata"": {""source_path"": ""runAssessor.files.PXD012337/20180919_RH_SKim_Proteome-2e5.mzML.instrument_model.name""}, ""scope"": ""assay"", ""source"": ""runassessor"", ""value"": ""Q Exactive HF-X""}, {""cv_accession"": null, ""cv_name"": null, ""metadata"": {}, ""scope"": ""study"", ""source"": ""technical_agent"", ""value"": ""Q Exactive HF-X""}]"
10	PXD012337-Sample-10	cleavage_agent	comment[cleavage agent details]	NT=Trypsin;AC=MS:1001251	derived								legacy_derivation	derived	[]
10	PXD012337-Sample-10	dissociation	comment[dissociation method]	NT=beam-type collision-induced dissociation;AC=MS:1000422	runassessor								source_precedence:runassessor	derived	"[{""cv_accession"": null, ""cv_name"": null, ""metadata"": {""source_path"": ""runAssessor.files.PXD012337/20180919_RH_SKim_Proteome-2e5.mzML.spectra_stats.fragmentation_type""}, ""scope"": ""assay"", ""source"": ""runassessor"", ""value"": ""HR_HCD""}]"
10	PXD012337-Sample-10	factor_value	factor value[experimental design]	treatment (Vh, Rosi, TPhP), diet (low fat diet, high fat diet)	experimental_design_agent	During differentiation, cells were treated with Vh (DMSO), Rosi (20 μM), or TPhP (20 μM).	LLM_ONLY	0.5	medium	False	False	treatment (Vh, Rosi, TPhP), diet (low fat diet, high fat diet)	source_precedence:experimental_design_agent	derived	"[{""cv_accession"": null, ""cv_name"": null, ""metadata"": {""source_field"": ""factor_value""}, ""scope"": ""study"", ""source"": ""experimental_design_agent"", ""value"": ""treatment (Vh, Rosi, TPhP)""}]"
10	PXD012337-Sample-10	modification	comment[modification parameters]	NT=phosphorylated residue;AC=MOD:00696;MT=?	pride	phosphorylated residue							normalized_source_union	derived	"[{""fraction_modified"": null, ""raw_stem"": null, ""scope"": ""study"", ""source"": ""pride"", ""source_path"": ""pride_metadata.project.identifiedPTMStrings[0]"", ""source_value"": ""phosphorylated residue""}]"
10	PXD012337-Sample-10	modification	comment[modification parameters]	NT=Sixplex Tandem Mass Tag®;AC=UNIMOD:737;MT=?;TA=HKSTY,N-term	technical_agent;ptm_shepherd	Sixplex Tandem Mass Tag® | Sixplex Tandem Mass Tag® | Sixplex Tandem Mass Tag®							normalized_source_union	derived	"[{""fraction_modified"": null, ""raw_stem"": null, ""scope"": ""study"", ""source"": ""technical_agent"", ""source_path"": ""TechnicalAgent.ptm.resolved[0]"", ""source_value"": ""Sixplex Tandem Mass Tag\u00ae""}, {""fraction_modified"": null, ""raw_stem"": null, ""scope"": ""study"", ""source"": ""technical_agent"", ""source_path"": ""TechnicalAgent.modification.resolved[0]"", ""source_value"": ""Sixplex Tandem Mass Tag\u00ae""}, {""fraction_modified"": 0.376473, ""raw_stem"": ""20180919_RH_SKim_Proteome-2e5"", ""scope"": ""assay"", ""source"": ""ptm_shepherd"", ""source_path"": ""modification_site_fractions.dda_closed_search.per_sample_files.20180919_RH_SKim_Proteome-2e5.data[0]"", ""source_value"": ""Sixplex Tandem Mass Tag\u00ae""}]"
10	PXD012337-Sample-10	modification	comment[modification parameters]	NT=Iodoacetamide derivative;AC=UNIMOD:4;MT=?;TA=CDEHKMSTUY,N-term	technical_agent;ptm_shepherd	Iodoacetamide derivative | Iodoacetamide derivative | Iodoacetamide derivative							normalized_source_union	derived	"[{""fraction_modified"": null, ""raw_stem"": null, ""scope"": ""study"", ""source"": ""technical_agent"", ""source_path"": ""TechnicalAgent.ptm.resolved[1]"", ""source_value"": ""Iodoacetamide derivative""}, {""fraction_modified"": null, ""raw_stem"": null, ""scope"": ""study"", ""source"": ""technical_agent"", ""source_path"": ""TechnicalAgent.modification.resolved[1]"", ""source_value"": ""Iodoacetamide derivative""}, {""fraction_modified"": 0.084868, ""raw_stem"": ""20180919_RH_SKim_Proteome-2e5"", ""scope"": ""assay"", ""source"": ""ptm_shepherd"", ""source_path"": ""modification_site_fractions.dda_closed_search.per_sample_files.20180919_RH_SKim_Proteome-2e5.data[1]"", ""source_value"": ""Iodoacetamide derivative""}]"
10	PXD012337-Sample-10	modification	comment[modification parameters]	NT=ubiquitinylation residue;AC=UNIMOD:121;MT=?;TA=CKST	technical_agent;ptm_shepherd	ubiquitinylation residue | ubiquitinylation residue | ubiquitinylation residue							normalized_source_union	derived	"[{""fraction_modified"": null, ""raw_stem"": null, ""scope"": ""study"", ""source"": ""technical_agent"", ""source_path"": ""TechnicalAgent.ptm.resolved[2]"", ""source_value"": ""ubiquitinylation residue""}, {""fraction_modified"": null, ""raw_stem"": null, ""scope"": ""study"", ""source"": ""technical_agent"", ""source_path"": ""TechnicalAgent.modification.resolved[2]"", ""source_value"": ""ubiquitinylation residue""}, {""fraction_modified"": 0.079691, ""raw_stem"": ""20180919_RH_SKim_Proteome-2e5"", ""scope"": ""assay"", ""source"": ""ptm_shepherd"", ""source_path"": ""modification_site_fractions.dda_closed_search.per_sample_files.20180919_RH_SKim_Proteome-2e5.data[2]"", ""source_value"": ""ubiquitinylation residue""}]"
10	PXD012337-Sample-10	reduction_reagent	comment[reduction reagent]	dithiothreitol	derived								legacy_derivation	derived	[]
10	PXD012337-Sample-10	alkylation_reagent	comment[alkylation reagent]	iodoacetamide	derived								legacy_derivation	derived	[]
10	PXD012337-Sample-10	ms2_analyzer	comment[ms2 mass analyzer]	Orbitrap	technical_agent								source_precedence:technical_agent	derived	"[{""cv_accession"": null, ""cv_name"": null, ""metadata"": {}, ""scope"": ""study"", ""source"": ""technical_agent"", ""value"": ""Orbitrap""}]"
10	PXD012337-Sample-10	collision_energy	comment[collision energy]	NCE 33	derived								legacy_derivation	derived	[]
10	PXD012337-Sample-10	data_file	comment[data file]	20180919_RH_SKim_Proteome-2e5.raw	derived								legacy_derivation	derived	[]
10	PXD012337-Sample-10	sdrf_version	comment[sdrf version]	v1.1.0	derived								legacy_derivation	derived	[]
10	PXD012337-Sample-10	annotation_tool	comment[sdrf annotation tool]	HAMLET-agentic v2.2.5	derived								legacy_derivation	derived	[]
10	PXD012337-Sample-10	factor_disease	factor value[disease]	normal	derived								legacy_derivation	derived	[]
11	PXD012337-Sample-11	source_name	source name	PXD012337-Sample-11	derived								legacy_derivation	derived	[]
11	PXD012337-Sample-11	organism	characteristics[organism]	Mus musculus	biological_agent	3T3-L1 cells, a mouse-derived pre-adipocyte model	AGREE	0.9999969601631165					source_precedence:biological_agent	derived	"[{""cv_accession"": null, ""cv_name"": ""Mus musculus"", ""metadata"": {""source_field"": ""species""}, ""scope"": ""sample"", ""source"": ""biological_agent"", ""value"": ""Mus musculus""}]"
11	PXD012337-Sample-11	disease	characteristics[disease]	normal	biological_agent		LLM_ONLY	0.5					source_precedence:biological_agent	derived	"[{""cv_accession"": null, ""cv_name"": null, ""metadata"": {""source_field"": ""disease_state""}, ""scope"": ""sample"", ""source"": ""biological_agent"", ""value"": ""normal""}]"
11	PXD012337-Sample-11	cell_type	characteristics[cell type]	adipocytes	biological_agent	proteomic analyses with differentiated and treated 3T3-L1s	LLM_ONLY	0.5					source_precedence:biological_agent	derived	"[{""cv_accession"": null, ""cv_name"": null, ""metadata"": {""source_field"": ""cell_type""}, ""scope"": ""sample"", ""source"": ""biological_agent"", ""value"": ""adipocytes""}]"
11	PXD012337-Sample-11	cell_line	characteristics[cell line]	3T3-L1	biological_agent	proteomic analyses with differentiated and treated 3T3-L1s	LLM_ONLY	0.5					source_precedence:biological_agent	derived	"[{""cv_accession"": null, ""cv_name"": null, ""metadata"": {""source_field"": ""cell_line""}, ""scope"": ""sample"", ""source"": ""biological_agent"", ""value"": ""3T3-L1""}]"
11	PXD012337-Sample-11	assay_name	assay name	run 2	derived								legacy_derivation	derived	[]
11	PXD012337-Sample-11	technology_type	technology type	proteomic profiling by mass spectrometry	derived								legacy_derivation	derived	[]
11	PXD012337-Sample-11	acquisition	comment[proteomics data acquisition method]	NT=data-dependent acquisition;AC=PRIDE:0000627	runassessor								source_precedence:runassessor	derived	"[{""cv_accession"": null, ""cv_name"": null, ""metadata"": {""source_path"": ""runAssessor.files.PXD012337/20181010-RH_SK_Prot_15ul.mzML.spectra_stats.acquisition_type""}, ""scope"": ""assay"", ""source"": ""runassessor"", ""value"": ""DDA""}]"
11	PXD012337-Sample-11	label	comment[label]	TMT126	technical_agent								source_precedence:technical_agent	derived	"[{""cv_accession"": null, ""cv_name"": null, ""metadata"": {}, ""scope"": ""study"", ""source"": ""technical_agent"", ""value"": ""TMT10plex""}]"
11	PXD012337-Sample-11	instrument	comment[instrument]	NT=Q Exactive HF-X;AC=MS:1002877	runassessor				high	False	False		source_precedence:runassessor	derived	"[{""cv_accession"": ""MS:1002877"", ""cv_name"": ""Q Exactive HF-X"", ""metadata"": {""source_path"": ""runAssessor.files.PXD012337/20181010-RH_SK_Prot_15ul.mzML.instrument_model.name""}, ""scope"": ""assay"", ""source"": ""runassessor"", ""value"": ""Q Exactive HF-X""}, {""cv_accession"": null, ""cv_name"": null, ""metadata"": {}, ""scope"": ""study"", ""source"": ""technical_agent"", ""value"": ""Q Exactive HF-X""}]"
11	PXD012337-Sample-11	cleavage_agent	comment[cleavage agent details]	NT=Trypsin;AC=MS:1001251	derived								legacy_derivation	derived	[]
11	PXD012337-Sample-11	dissociation	comment[dissociation method]	NT=beam-type collision-induced dissociation;AC=MS:1000422	runassessor								source_precedence:runassessor	derived	"[{""cv_accession"": null, ""cv_name"": null, ""metadata"": {""source_path"": ""runAssessor.files.PXD012337/20181010-RH_SK_Prot_15ul.mzML.spectra_stats.fragmentation_type""}, ""scope"": ""assay"", ""source"": ""runassessor"", ""value"": ""HR_HCD""}]"
11	PXD012337-Sample-11	factor_value	factor value[experimental design]	treatment (Vh, Rosi, TPhP), diet (low fat diet, high fat diet)	experimental_design_agent	During differentiation, cells were treated with Vh (DMSO), Rosi (20 μM), or TPhP (20 μM).	LLM_ONLY	0.5	medium	False	False	treatment (Vh, Rosi, TPhP), diet (low fat diet, high fat diet)	source_precedence:experimental_design_agent	derived	"[{""cv_accession"": null, ""cv_name"": null, ""metadata"": {""source_field"": ""factor_value""}, ""scope"": ""study"", ""source"": ""experimental_design_agent"", ""value"": ""treatment (Vh, Rosi, TPhP)""}]"
11	PXD012337-Sample-11	modification	comment[modification parameters]	NT=phosphorylated residue;AC=MOD:00696;MT=?	pride	phosphorylated residue							normalized_source_union	derived	"[{""fraction_modified"": null, ""raw_stem"": null, ""scope"": ""study"", ""source"": ""pride"", ""source_path"": ""pride_metadata.project.identifiedPTMStrings[0]"", ""source_value"": ""phosphorylated residue""}]"
11	PXD012337-Sample-11	modification	comment[modification parameters]	NT=Sixplex Tandem Mass Tag®;AC=UNIMOD:737;MT=?;TA=HKSTY,N-term	technical_agent;ptm_shepherd	Sixplex Tandem Mass Tag® | Sixplex Tandem Mass Tag® | Sixplex Tandem Mass Tag®							normalized_source_union	derived	"[{""fraction_modified"": null, ""raw_stem"": null, ""scope"": ""study"", ""source"": ""technical_agent"", ""source_path"": ""TechnicalAgent.ptm.resolved[0]"", ""source_value"": ""Sixplex Tandem Mass Tag\u00ae""}, {""fraction_modified"": null, ""raw_stem"": null, ""scope"": ""study"", ""source"": ""technical_agent"", ""source_path"": ""TechnicalAgent.modification.resolved[0]"", ""source_value"": ""Sixplex Tandem Mass Tag\u00ae""}, {""fraction_modified"": 0.562113, ""raw_stem"": ""20181010-RH_SK_Prot_15ul"", ""scope"": ""assay"", ""source"": ""ptm_shepherd"", ""source_path"": ""modification_site_fractions.dda_closed_search.per_sample_files.20181010-RH_SK_Prot_15ul.data[0]"", ""source_value"": ""Sixplex Tandem Mass Tag\u00ae""}]"
11	PXD012337-Sample-11	modification	comment[modification parameters]	NT=Iodoacetamide derivative;AC=UNIMOD:4;MT=?;TA=CDEHKMSTUY,N-term	technical_agent;ptm_shepherd	Iodoacetamide derivative | Iodoacetamide derivative | Iodoacetamide derivative							normalized_source_union	derived	"[{""fraction_modified"": null, ""raw_stem"": null, ""scope"": ""study"", ""source"": ""technical_agent"", ""source_path"": ""TechnicalAgent.ptm.resolved[1]"", ""source_value"": ""Iodoacetamide derivative""}, {""fraction_modified"": null, ""raw_stem"": null, ""scope"": ""study"", ""source"": ""technical_agent"", ""source_path"": ""TechnicalAgent.modification.resolved[1]"", ""source_value"": ""Iodoacetamide derivative""}, {""fraction_modified"": 0.06096, ""raw_stem"": ""20181010-RH_SK_Prot_15ul"", ""scope"": ""assay"", ""source"": ""ptm_shepherd"", ""source_path"": ""modification_site_fractions.dda_closed_search.per_sample_files.20181010-RH_SK_Prot_15ul.data[1]"", ""source_value"": ""Iodoacetamide derivative""}]"
11	PXD012337-Sample-11	modification	comment[modification parameters]	NT=ubiquitinylation residue;AC=UNIMOD:121;MT=?;TA=CKST	technical_agent;ptm_shepherd	ubiquitinylation residue | ubiquitinylation residue | ubiquitinylation residue							normalized_source_union	derived	"[{""fraction_modified"": null, ""raw_stem"": null, ""scope"": ""study"", ""source"": ""technical_agent"", ""source_path"": ""TechnicalAgent.ptm.resolved[2]"", ""source_value"": ""ubiquitinylation residue""}, {""fraction_modified"": null, ""raw_stem"": null, ""scope"": ""study"", ""source"": ""technical_agent"", ""source_path"": ""TechnicalAgent.modification.resolved[2]"", ""source_value"": ""ubiquitinylation residue""}, {""fraction_modified"": 0.050088, ""raw_stem"": ""20181010-RH_SK_Prot_15ul"", ""scope"": ""assay"", ""source"": ""ptm_shepherd"", ""source_path"": ""modification_site_fractions.dda_closed_search.per_sample_files.20181010-RH_SK_Prot_15ul.data[2]"", ""source_value"": ""ubiquitinylation residue""}]"
11	PXD012337-Sample-11	reduction_reagent	comment[reduction reagent]	dithiothreitol	derived								legacy_derivation	derived	[]
11	PXD012337-Sample-11	alkylation_reagent	comment[alkylation reagent]	iodoacetamide	derived								legacy_derivation	derived	[]
11	PXD012337-Sample-11	ms2_analyzer	comment[ms2 mass analyzer]	Orbitrap	technical_agent								source_precedence:technical_agent	derived	"[{""cv_accession"": null, ""cv_name"": null, ""metadata"": {}, ""scope"": ""study"", ""source"": ""technical_agent"", ""value"": ""Orbitrap""}]"
11	PXD012337-Sample-11	collision_energy	comment[collision energy]	NCE 33	derived								legacy_derivation	derived	[]
11	PXD012337-Sample-11	data_file	comment[data file]	20181010-RH_SK_Prot_15ul.raw	derived								legacy_derivation	derived	[]
11	PXD012337-Sample-11	sdrf_version	comment[sdrf version]	v1.1.0	derived								legacy_derivation	derived	[]
11	PXD012337-Sample-11	annotation_tool	comment[sdrf annotation tool]	HAMLET-agentic v2.2.5	derived								legacy_derivation	derived	[]
11	PXD012337-Sample-11	factor_disease	factor value[disease]	normal	derived								legacy_derivation	derived	[]
12	PXD012337-Sample-12	source_name	source name	PXD012337-Sample-12	derived								legacy_derivation	derived	[]
12	PXD012337-Sample-12	organism	characteristics[organism]	Mus musculus	biological_agent	3T3-L1 cells, a mouse-derived pre-adipocyte model	AGREE	0.9999969601631165					source_precedence:biological_agent	derived	"[{""cv_accession"": null, ""cv_name"": ""Mus musculus"", ""metadata"": {""source_field"": ""species""}, ""scope"": ""sample"", ""source"": ""biological_agent"", ""value"": ""Mus musculus""}]"
12	PXD012337-Sample-12	disease	characteristics[disease]	normal	biological_agent		LLM_ONLY	0.5					source_precedence:biological_agent	derived	"[{""cv_accession"": null, ""cv_name"": null, ""metadata"": {""source_field"": ""disease_state""}, ""scope"": ""sample"", ""source"": ""biological_agent"", ""value"": ""normal""}]"
12	PXD012337-Sample-12	cell_type	characteristics[cell type]	adipocytes	biological_agent	proteomic analyses with differentiated and treated 3T3-L1s	LLM_ONLY	0.5					source_precedence:biological_agent	derived	"[{""cv_accession"": null, ""cv_name"": null, ""metadata"": {""source_field"": ""cell_type""}, ""scope"": ""sample"", ""source"": ""biological_agent"", ""value"": ""adipocytes""}]"
12	PXD012337-Sample-12	cell_line	characteristics[cell line]	3T3-L1	biological_agent	proteomic analyses with differentiated and treated 3T3-L1s	LLM_ONLY	0.5					source_precedence:biological_agent	derived	"[{""cv_accession"": null, ""cv_name"": null, ""metadata"": {""source_field"": ""cell_line""}, ""scope"": ""sample"", ""source"": ""biological_agent"", ""value"": ""3T3-L1""}]"
12	PXD012337-Sample-12	assay_name	assay name	run 2	derived								legacy_derivation	derived	[]
12	PXD012337-Sample-12	technology_type	technology type	proteomic profiling by mass spectrometry	derived								legacy_derivation	derived	[]
12	PXD012337-Sample-12	acquisition	comment[proteomics data acquisition method]	NT=data-dependent acquisition;AC=PRIDE:0000627	runassessor								source_precedence:runassessor	derived	"[{""cv_accession"": null, ""cv_name"": null, ""metadata"": {""source_path"": ""runAssessor.files.PXD012337/20181010-RH_SK_Prot_15ul.mzML.spectra_stats.acquisition_type""}, ""scope"": ""assay"", ""source"": ""runassessor"", ""value"": ""DDA""}]"
12	PXD012337-Sample-12	label	comment[label]	TMT127N	technical_agent								source_precedence:technical_agent	derived	"[{""cv_accession"": null, ""cv_name"": null, ""metadata"": {}, ""scope"": ""study"", ""source"": ""technical_agent"", ""value"": ""TMT10plex""}]"
12	PXD012337-Sample-12	instrument	comment[instrument]	NT=Q Exactive HF-X;AC=MS:1002877	runassessor				high	False	False		source_precedence:runassessor	derived	"[{""cv_accession"": ""MS:1002877"", ""cv_name"": ""Q Exactive HF-X"", ""metadata"": {""source_path"": ""runAssessor.files.PXD012337/20181010-RH_SK_Prot_15ul.mzML.instrument_model.name""}, ""scope"": ""assay"", ""source"": ""runassessor"", ""value"": ""Q Exactive HF-X""}, {""cv_accession"": null, ""cv_name"": null, ""metadata"": {}, ""scope"": ""study"", ""source"": ""technical_agent"", ""value"": ""Q Exactive HF-X""}]"
12	PXD012337-Sample-12	cleavage_agent	comment[cleavage agent details]	NT=Trypsin;AC=MS:1001251	derived								legacy_derivation	derived	[]
12	PXD012337-Sample-12	dissociation	comment[dissociation method]	NT=beam-type collision-induced dissociation;AC=MS:1000422	runassessor								source_precedence:runassessor	derived	"[{""cv_accession"": null, ""cv_name"": null, ""metadata"": {""source_path"": ""runAssessor.files.PXD012337/20181010-RH_SK_Prot_15ul.mzML.spectra_stats.fragmentation_type""}, ""scope"": ""assay"", ""source"": ""runassessor"", ""value"": ""HR_HCD""}]"
12	PXD012337-Sample-12	factor_value	factor value[experimental design]	treatment (Vh, Rosi, TPhP), diet (low fat diet, high fat diet)	experimental_design_agent	During differentiation, cells were treated with Vh (DMSO), Rosi (20 μM), or TPhP (20 μM).	LLM_ONLY	0.5	medium	False	False	treatment (Vh, Rosi, TPhP), diet (low fat diet, high fat diet)	source_precedence:experimental_design_agent	derived	"[{""cv_accession"": null, ""cv_name"": null, ""metadata"": {""source_field"": ""factor_value""}, ""scope"": ""study"", ""source"": ""experimental_design_agent"", ""value"": ""treatment (Vh, Rosi, TPhP)""}]"
12	PXD012337-Sample-12	modification	comment[modification parameters]	NT=phosphorylated residue;AC=MOD:00696;MT=?	pride	phosphorylated residue							normalized_source_union	derived	"[{""fraction_modified"": null, ""raw_stem"": null, ""scope"": ""study"", ""source"": ""pride"", ""source_path"": ""pride_metadata.project.identifiedPTMStrings[0]"", ""source_value"": ""phosphorylated residue""}]"
12	PXD012337-Sample-12	modification	comment[modification parameters]	NT=Sixplex Tandem Mass Tag®;AC=UNIMOD:737;MT=?;TA=HKSTY,N-term	technical_agent;ptm_shepherd	Sixplex Tandem Mass Tag® | Sixplex Tandem Mass Tag® | Sixplex Tandem Mass Tag®							normalized_source_union	derived	"[{""fraction_modified"": null, ""raw_stem"": null, ""scope"": ""study"", ""source"": ""technical_agent"", ""source_path"": ""TechnicalAgent.ptm.resolved[0]"", ""source_value"": ""Sixplex Tandem Mass Tag\u00ae""}, {""fraction_modified"": null, ""raw_stem"": null, ""scope"": ""study"", ""source"": ""technical_agent"", ""source_path"": ""TechnicalAgent.modification.resolved[0]"", ""source_value"": ""Sixplex Tandem Mass Tag\u00ae""}, {""fraction_modified"": 0.562113, ""raw_stem"": ""20181010-RH_SK_Prot_15ul"", ""scope"": ""assay"", ""source"": ""ptm_shepherd"", ""source_path"": ""modification_site_fractions.dda_closed_search.per_sample_files.20181010-RH_SK_Prot_15ul.data[0]"", ""source_value"": ""Sixplex Tandem Mass Tag\u00ae""}]"
12	PXD012337-Sample-12	modification	comment[modification parameters]	NT=Iodoacetamide derivative;AC=UNIMOD:4;MT=?;TA=CDEHKMSTUY,N-term	technical_agent;ptm_shepherd	Iodoacetamide derivative | Iodoacetamide derivative | Iodoacetamide derivative							normalized_source_union	derived	"[{""fraction_modified"": null, ""raw_stem"": null, ""scope"": ""study"", ""source"": ""technical_agent"", ""source_path"": ""TechnicalAgent.ptm.resolved[1]"", ""source_value"": ""Iodoacetamide derivative""}, {""fraction_modified"": null, ""raw_stem"": null, ""scope"": ""study"", ""source"": ""technical_agent"", ""source_path"": ""TechnicalAgent.modification.resolved[1]"", ""source_value"": ""Iodoacetamide derivative""}, {""fraction_modified"": 0.06096, ""raw_stem"": ""20181010-RH_SK_Prot_15ul"", ""scope"": ""assay"", ""source"": ""ptm_shepherd"", ""source_path"": ""modification_site_fractions.dda_closed_search.per_sample_files.20181010-RH_SK_Prot_15ul.data[1]"", ""source_value"": ""Iodoacetamide derivative""}]"
12	PXD012337-Sample-12	modification	comment[modification parameters]	NT=ubiquitinylation residue;AC=UNIMOD:121;MT=?;TA=CKST	technical_agent;ptm_shepherd	ubiquitinylation residue | ubiquitinylation residue | ubiquitinylation residue							normalized_source_union	derived	"[{""fraction_modified"": null, ""raw_stem"": null, ""scope"": ""study"", ""source"": ""technical_agent"", ""source_path"": ""TechnicalAgent.ptm.resolved[2]"", ""source_value"": ""ubiquitinylation residue""}, {""fraction_modified"": null, ""raw_stem"": null, ""scope"": ""study"", ""source"": ""technical_agent"", ""source_path"": ""TechnicalAgent.modification.resolved[2]"", ""source_value"": ""ubiquitinylation residue""}, {""fraction_modified"": 0.050088, ""raw_stem"": ""20181010-RH_SK_Prot_15ul"", ""scope"": ""assay"", ""source"": ""ptm_shepherd"", ""source_path"": ""modification_site_fractions.dda_closed_search.per_sample_files.20181010-RH_SK_Prot_15ul.data[2]"", ""source_value"": ""ubiquitinylation residue""}]"
12	PXD012337-Sample-12	reduction_reagent	comment[reduction reagent]	dithiothreitol	derived								legacy_derivation	derived	[]
12	PXD012337-Sample-12	alkylation_reagent	comment[alkylation reagent]	iodoacetamide	derived								legacy_derivation	derived	[]
12	PXD012337-Sample-12	ms2_analyzer	comment[ms2 mass analyzer]	Orbitrap	technical_agent								source_precedence:technical_agent	derived	"[{""cv_accession"": null, ""cv_name"": null, ""metadata"": {}, ""scope"": ""study"", ""source"": ""technical_agent"", ""value"": ""Orbitrap""}]"
12	PXD012337-Sample-12	collision_energy	comment[collision energy]	NCE 33	derived								legacy_derivation	derived	[]
12	PXD012337-Sample-12	data_file	comment[data file]	20181010-RH_SK_Prot_15ul.raw	derived								legacy_derivation	derived	[]
12	PXD012337-Sample-12	sdrf_version	comment[sdrf version]	v1.1.0	derived								legacy_derivation	derived	[]
12	PXD012337-Sample-12	annotation_tool	comment[sdrf annotation tool]	HAMLET-agentic v2.2.5	derived								legacy_derivation	derived	[]
12	PXD012337-Sample-12	factor_disease	factor value[disease]	normal	derived								legacy_derivation	derived	[]
13	PXD012337-Sample-13	source_name	source name	PXD012337-Sample-13	derived								legacy_derivation	derived	[]
13	PXD012337-Sample-13	organism	characteristics[organism]	Mus musculus	biological_agent	3T3-L1 cells, a mouse-derived pre-adipocyte model	AGREE	0.9999969601631165					source_precedence:biological_agent	derived	"[{""cv_accession"": null, ""cv_name"": ""Mus musculus"", ""metadata"": {""source_field"": ""species""}, ""scope"": ""sample"", ""source"": ""biological_agent"", ""value"": ""Mus musculus""}]"
13	PXD012337-Sample-13	disease	characteristics[disease]	normal	biological_agent		LLM_ONLY	0.5					source_precedence:biological_agent	derived	"[{""cv_accession"": null, ""cv_name"": null, ""metadata"": {""source_field"": ""disease_state""}, ""scope"": ""sample"", ""source"": ""biological_agent"", ""value"": ""normal""}]"
13	PXD012337-Sample-13	cell_type	characteristics[cell type]	adipocytes	biological_agent	proteomic analyses with differentiated and treated 3T3-L1s	LLM_ONLY	0.5					source_precedence:biological_agent	derived	"[{""cv_accession"": null, ""cv_name"": null, ""metadata"": {""source_field"": ""cell_type""}, ""scope"": ""sample"", ""source"": ""biological_agent"", ""value"": ""adipocytes""}]"
13	PXD012337-Sample-13	cell_line	characteristics[cell line]	3T3-L1	biological_agent	proteomic analyses with differentiated and treated 3T3-L1s	LLM_ONLY	0.5					source_precedence:biological_agent	derived	"[{""cv_accession"": null, ""cv_name"": null, ""metadata"": {""source_field"": ""cell_line""}, ""scope"": ""sample"", ""source"": ""biological_agent"", ""value"": ""3T3-L1""}]"
13	PXD012337-Sample-13	assay_name	assay name	run 2	derived								legacy_derivation	derived	[]
13	PXD012337-Sample-13	technology_type	technology type	proteomic profiling by mass spectrometry	derived								legacy_derivation	derived	[]
13	PXD012337-Sample-13	acquisition	comment[proteomics data acquisition method]	NT=data-dependent acquisition;AC=PRIDE:0000627	runassessor								source_precedence:runassessor	derived	"[{""cv_accession"": null, ""cv_name"": null, ""metadata"": {""source_path"": ""runAssessor.files.PXD012337/20181010-RH_SK_Prot_15ul.mzML.spectra_stats.acquisition_type""}, ""scope"": ""assay"", ""source"": ""runassessor"", ""value"": ""DDA""}]"
13	PXD012337-Sample-13	label	comment[label]	TMT127C	technical_agent								source_precedence:technical_agent	derived	"[{""cv_accession"": null, ""cv_name"": null, ""metadata"": {}, ""scope"": ""study"", ""source"": ""technical_agent"", ""value"": ""TMT10plex""}]"
13	PXD012337-Sample-13	instrument	comment[instrument]	NT=Q Exactive HF-X;AC=MS:1002877	runassessor				high	False	False		source_precedence:runassessor	derived	"[{""cv_accession"": ""MS:1002877"", ""cv_name"": ""Q Exactive HF-X"", ""metadata"": {""source_path"": ""runAssessor.files.PXD012337/20181010-RH_SK_Prot_15ul.mzML.instrument_model.name""}, ""scope"": ""assay"", ""source"": ""runassessor"", ""value"": ""Q Exactive HF-X""}, {""cv_accession"": null, ""cv_name"": null, ""metadata"": {}, ""scope"": ""study"", ""source"": ""technical_agent"", ""value"": ""Q Exactive HF-X""}]"
13	PXD012337-Sample-13	cleavage_agent	comment[cleavage agent details]	NT=Trypsin;AC=MS:1001251	derived								legacy_derivation	derived	[]
13	PXD012337-Sample-13	dissociation	comment[dissociation method]	NT=beam-type collision-induced dissociation;AC=MS:1000422	runassessor								source_precedence:runassessor	derived	"[{""cv_accession"": null, ""cv_name"": null, ""metadata"": {""source_path"": ""runAssessor.files.PXD012337/20181010-RH_SK_Prot_15ul.mzML.spectra_stats.fragmentation_type""}, ""scope"": ""assay"", ""source"": ""runassessor"", ""value"": ""HR_HCD""}]"
13	PXD012337-Sample-13	factor_value	factor value[experimental design]	treatment (Vh, Rosi, TPhP), diet (low fat diet, high fat diet)	experimental_design_agent	During differentiation, cells were treated with Vh (DMSO), Rosi (20 μM), or TPhP (20 μM).	LLM_ONLY	0.5	medium	False	False	treatment (Vh, Rosi, TPhP), diet (low fat diet, high fat diet)	source_precedence:experimental_design_agent	derived	"[{""cv_accession"": null, ""cv_name"": null, ""metadata"": {""source_field"": ""factor_value""}, ""scope"": ""study"", ""source"": ""experimental_design_agent"", ""value"": ""treatment (Vh, Rosi, TPhP)""}]"
13	PXD012337-Sample-13	modification	comment[modification parameters]	NT=phosphorylated residue;AC=MOD:00696;MT=?	pride	phosphorylated residue							normalized_source_union	derived	"[{""fraction_modified"": null, ""raw_stem"": null, ""scope"": ""study"", ""source"": ""pride"", ""source_path"": ""pride_metadata.project.identifiedPTMStrings[0]"", ""source_value"": ""phosphorylated residue""}]"
13	PXD012337-Sample-13	modification	comment[modification parameters]	NT=Sixplex Tandem Mass Tag®;AC=UNIMOD:737;MT=?;TA=HKSTY,N-term	technical_agent;ptm_shepherd	Sixplex Tandem Mass Tag® | Sixplex Tandem Mass Tag® | Sixplex Tandem Mass Tag®							normalized_source_union	derived	"[{""fraction_modified"": null, ""raw_stem"": null, ""scope"": ""study"", ""source"": ""technical_agent"", ""source_path"": ""TechnicalAgent.ptm.resolved[0]"", ""source_value"": ""Sixplex Tandem Mass Tag\u00ae""}, {""fraction_modified"": null, ""raw_stem"": null, ""scope"": ""study"", ""source"": ""technical_agent"", ""source_path"": ""TechnicalAgent.modification.resolved[0]"", ""source_value"": ""Sixplex Tandem Mass Tag\u00ae""}, {""fraction_modified"": 0.562113, ""raw_stem"": ""20181010-RH_SK_Prot_15ul"", ""scope"": ""assay"", ""source"": ""ptm_shepherd"", ""source_path"": ""modification_site_fractions.dda_closed_search.per_sample_files.20181010-RH_SK_Prot_15ul.data[0]"", ""source_value"": ""Sixplex Tandem Mass Tag\u00ae""}]"
13	PXD012337-Sample-13	modification	comment[modification parameters]	NT=Iodoacetamide derivative;AC=UNIMOD:4;MT=?;TA=CDEHKMSTUY,N-term	technical_agent;ptm_shepherd	Iodoacetamide derivative | Iodoacetamide derivative | Iodoacetamide derivative							normalized_source_union	derived	"[{""fraction_modified"": null, ""raw_stem"": null, ""scope"": ""study"", ""source"": ""technical_agent"", ""source_path"": ""TechnicalAgent.ptm.resolved[1]"", ""source_value"": ""Iodoacetamide derivative""}, {""fraction_modified"": null, ""raw_stem"": null, ""scope"": ""study"", ""source"": ""technical_agent"", ""source_path"": ""TechnicalAgent.modification.resolved[1]"", ""source_value"": ""Iodoacetamide derivative""}, {""fraction_modified"": 0.06096, ""raw_stem"": ""20181010-RH_SK_Prot_15ul"", ""scope"": ""assay"", ""source"": ""ptm_shepherd"", ""source_path"": ""modification_site_fractions.dda_closed_search.per_sample_files.20181010-RH_SK_Prot_15ul.data[1]"", ""source_value"": ""Iodoacetamide derivative""}]"
13	PXD012337-Sample-13	modification	comment[modification parameters]	NT=ubiquitinylation residue;AC=UNIMOD:121;MT=?;TA=CKST	technical_agent;ptm_shepherd	ubiquitinylation residue | ubiquitinylation residue | ubiquitinylation residue							normalized_source_union	derived	"[{""fraction_modified"": null, ""raw_stem"": null, ""scope"": ""study"", ""source"": ""technical_agent"", ""source_path"": ""TechnicalAgent.ptm.resolved[2]"", ""source_value"": ""ubiquitinylation residue""}, {""fraction_modified"": null, ""raw_stem"": null, ""scope"": ""study"", ""source"": ""technical_agent"", ""source_path"": ""TechnicalAgent.modification.resolved[2]"", ""source_value"": ""ubiquitinylation residue""}, {""fraction_modified"": 0.050088, ""raw_stem"": ""20181010-RH_SK_Prot_15ul"", ""scope"": ""assay"", ""source"": ""ptm_shepherd"", ""source_path"": ""modification_site_fractions.dda_closed_search.per_sample_files.20181010-RH_SK_Prot_15ul.data[2]"", ""source_value"": ""ubiquitinylation residue""}]"
13	PXD012337-Sample-13	reduction_reagent	comment[reduction reagent]	dithiothreitol	derived								legacy_derivation	derived	[]
13	PXD012337-Sample-13	alkylation_reagent	comment[alkylation reagent]	iodoacetamide	derived								legacy_derivation	derived	[]
13	PXD012337-Sample-13	ms2_analyzer	comment[ms2 mass analyzer]	Orbitrap	technical_agent								source_precedence:technical_agent	derived	"[{""cv_accession"": null, ""cv_name"": null, ""metadata"": {}, ""scope"": ""study"", ""source"": ""technical_agent"", ""value"": ""Orbitrap""}]"
13	PXD012337-Sample-13	collision_energy	comment[collision energy]	NCE 33	derived								legacy_derivation	derived	[]
13	PXD012337-Sample-13	data_file	comment[data file]	20181010-RH_SK_Prot_15ul.raw	derived								legacy_derivation	derived	[]
13	PXD012337-Sample-13	sdrf_version	comment[sdrf version]	v1.1.0	derived								legacy_derivation	derived	[]
13	PXD012337-Sample-13	annotation_tool	comment[sdrf annotation tool]	HAMLET-agentic v2.2.5	derived								legacy_derivation	derived	[]
13	PXD012337-Sample-13	factor_disease	factor value[disease]	normal	derived								legacy_derivation	derived	[]
14	PXD012337-Sample-14	source_name	source name	PXD012337-Sample-14	derived								legacy_derivation	derived	[]
14	PXD012337-Sample-14	organism	characteristics[organism]	Mus musculus	biological_agent	3T3-L1 cells, a mouse-derived pre-adipocyte model	AGREE	0.9999969601631165					source_precedence:biological_agent	derived	"[{""cv_accession"": null, ""cv_name"": ""Mus musculus"", ""metadata"": {""source_field"": ""species""}, ""scope"": ""sample"", ""source"": ""biological_agent"", ""value"": ""Mus musculus""}]"
14	PXD012337-Sample-14	disease	characteristics[disease]	normal	biological_agent		LLM_ONLY	0.5					source_precedence:biological_agent	derived	"[{""cv_accession"": null, ""cv_name"": null, ""metadata"": {""source_field"": ""disease_state""}, ""scope"": ""sample"", ""source"": ""biological_agent"", ""value"": ""normal""}]"
14	PXD012337-Sample-14	cell_type	characteristics[cell type]	adipocytes	biological_agent	proteomic analyses with differentiated and treated 3T3-L1s	LLM_ONLY	0.5					source_precedence:biological_agent	derived	"[{""cv_accession"": null, ""cv_name"": null, ""metadata"": {""source_field"": ""cell_type""}, ""scope"": ""sample"", ""source"": ""biological_agent"", ""value"": ""adipocytes""}]"
14	PXD012337-Sample-14	cell_line	characteristics[cell line]	3T3-L1	biological_agent	proteomic analyses with differentiated and treated 3T3-L1s	LLM_ONLY	0.5					source_precedence:biological_agent	derived	"[{""cv_accession"": null, ""cv_name"": null, ""metadata"": {""source_field"": ""cell_line""}, ""scope"": ""sample"", ""source"": ""biological_agent"", ""value"": ""3T3-L1""}]"
14	PXD012337-Sample-14	assay_name	assay name	run 2	derived								legacy_derivation	derived	[]
14	PXD012337-Sample-14	technology_type	technology type	proteomic profiling by mass spectrometry	derived								legacy_derivation	derived	[]
14	PXD012337-Sample-14	acquisition	comment[proteomics data acquisition method]	NT=data-dependent acquisition;AC=PRIDE:0000627	runassessor								source_precedence:runassessor	derived	"[{""cv_accession"": null, ""cv_name"": null, ""metadata"": {""source_path"": ""runAssessor.files.PXD012337/20181010-RH_SK_Prot_15ul.mzML.spectra_stats.acquisition_type""}, ""scope"": ""assay"", ""source"": ""runassessor"", ""value"": ""DDA""}]"
14	PXD012337-Sample-14	label	comment[label]	TMT128N	technical_agent								source_precedence:technical_agent	derived	"[{""cv_accession"": null, ""cv_name"": null, ""metadata"": {}, ""scope"": ""study"", ""source"": ""technical_agent"", ""value"": ""TMT10plex""}]"
14	PXD012337-Sample-14	instrument	comment[instrument]	NT=Q Exactive HF-X;AC=MS:1002877	runassessor				high	False	False		source_precedence:runassessor	derived	"[{""cv_accession"": ""MS:1002877"", ""cv_name"": ""Q Exactive HF-X"", ""metadata"": {""source_path"": ""runAssessor.files.PXD012337/20181010-RH_SK_Prot_15ul.mzML.instrument_model.name""}, ""scope"": ""assay"", ""source"": ""runassessor"", ""value"": ""Q Exactive HF-X""}, {""cv_accession"": null, ""cv_name"": null, ""metadata"": {}, ""scope"": ""study"", ""source"": ""technical_agent"", ""value"": ""Q Exactive HF-X""}]"
14	PXD012337-Sample-14	cleavage_agent	comment[cleavage agent details]	NT=Trypsin;AC=MS:1001251	derived								legacy_derivation	derived	[]
14	PXD012337-Sample-14	dissociation	comment[dissociation method]	NT=beam-type collision-induced dissociation;AC=MS:1000422	runassessor								source_precedence:runassessor	derived	"[{""cv_accession"": null, ""cv_name"": null, ""metadata"": {""source_path"": ""runAssessor.files.PXD012337/20181010-RH_SK_Prot_15ul.mzML.spectra_stats.fragmentation_type""}, ""scope"": ""assay"", ""source"": ""runassessor"", ""value"": ""HR_HCD""}]"
14	PXD012337-Sample-14	factor_value	factor value[experimental design]	treatment (Vh, Rosi, TPhP), diet (low fat diet, high fat diet)	experimental_design_agent	During differentiation, cells were treated with Vh (DMSO), Rosi (20 μM), or TPhP (20 μM).	LLM_ONLY	0.5	medium	False	False	treatment (Vh, Rosi, TPhP), diet (low fat diet, high fat diet)	source_precedence:experimental_design_agent	derived	"[{""cv_accession"": null, ""cv_name"": null, ""metadata"": {""source_field"": ""factor_value""}, ""scope"": ""study"", ""source"": ""experimental_design_agent"", ""value"": ""treatment (Vh, Rosi, TPhP)""}]"
14	PXD012337-Sample-14	modification	comment[modification parameters]	NT=phosphorylated residue;AC=MOD:00696;MT=?	pride	phosphorylated residue							normalized_source_union	derived	"[{""fraction_modified"": null, ""raw_stem"": null, ""scope"": ""study"", ""source"": ""pride"", ""source_path"": ""pride_metadata.project.identifiedPTMStrings[0]"", ""source_value"": ""phosphorylated residue""}]"
14	PXD012337-Sample-14	modification	comment[modification parameters]	NT=Sixplex Tandem Mass Tag®;AC=UNIMOD:737;MT=?;TA=HKSTY,N-term	technical_agent;ptm_shepherd	Sixplex Tandem Mass Tag® | Sixplex Tandem Mass Tag® | Sixplex Tandem Mass Tag®							normalized_source_union	derived	"[{""fraction_modified"": null, ""raw_stem"": null, ""scope"": ""study"", ""source"": ""technical_agent"", ""source_path"": ""TechnicalAgent.ptm.resolved[0]"", ""source_value"": ""Sixplex Tandem Mass Tag\u00ae""}, {""fraction_modified"": null, ""raw_stem"": null, ""scope"": ""study"", ""source"": ""technical_agent"", ""source_path"": ""TechnicalAgent.modification.resolved[0]"", ""source_value"": ""Sixplex Tandem Mass Tag\u00ae""}, {""fraction_modified"": 0.562113, ""raw_stem"": ""20181010-RH_SK_Prot_15ul"", ""scope"": ""assay"", ""source"": ""ptm_shepherd"", ""source_path"": ""modification_site_fractions.dda_closed_search.per_sample_files.20181010-RH_SK_Prot_15ul.data[0]"", ""source_value"": ""Sixplex Tandem Mass Tag\u00ae""}]"
14	PXD012337-Sample-14	modification	comment[modification parameters]	NT=Iodoacetamide derivative;AC=UNIMOD:4;MT=?;TA=CDEHKMSTUY,N-term	technical_agent;ptm_shepherd	Iodoacetamide derivative | Iodoacetamide derivative | Iodoacetamide derivative							normalized_source_union	derived	"[{""fraction_modified"": null, ""raw_stem"": null, ""scope"": ""study"", ""source"": ""technical_agent"", ""source_path"": ""TechnicalAgent.ptm.resolved[1]"", ""source_value"": ""Iodoacetamide derivative""}, {""fraction_modified"": null, ""raw_stem"": null, ""scope"": ""study"", ""source"": ""technical_agent"", ""source_path"": ""TechnicalAgent.modification.resolved[1]"", ""source_value"": ""Iodoacetamide derivative""}, {""fraction_modified"": 0.06096, ""raw_stem"": ""20181010-RH_SK_Prot_15ul"", ""scope"": ""assay"", ""source"": ""ptm_shepherd"", ""source_path"": ""modification_site_fractions.dda_closed_search.per_sample_files.20181010-RH_SK_Prot_15ul.data[1]"", ""source_value"": ""Iodoacetamide derivative""}]"
14	PXD012337-Sample-14	modification	comment[modification parameters]	NT=ubiquitinylation residue;AC=UNIMOD:121;MT=?;TA=CKST	technical_agent;ptm_shepherd	ubiquitinylation residue | ubiquitinylation residue | ubiquitinylation residue							normalized_source_union	derived	"[{""fraction_modified"": null, ""raw_stem"": null, ""scope"": ""study"", ""source"": ""technical_agent"", ""source_path"": ""TechnicalAgent.ptm.resolved[2]"", ""source_value"": ""ubiquitinylation residue""}, {""fraction_modified"": null, ""raw_stem"": null, ""scope"": ""study"", ""source"": ""technical_agent"", ""source_path"": ""TechnicalAgent.modification.resolved[2]"", ""source_value"": ""ubiquitinylation residue""}, {""fraction_modified"": 0.050088, ""raw_stem"": ""20181010-RH_SK_Prot_15ul"", ""scope"": ""assay"", ""source"": ""ptm_shepherd"", ""source_path"": ""modification_site_fractions.dda_closed_search.per_sample_files.20181010-RH_SK_Prot_15ul.data[2]"", ""source_value"": ""ubiquitinylation residue""}]"
14	PXD012337-Sample-14	reduction_reagent	comment[reduction reagent]	dithiothreitol	derived								legacy_derivation	derived	[]
14	PXD012337-Sample-14	alkylation_reagent	comment[alkylation reagent]	iodoacetamide	derived								legacy_derivation	derived	[]
14	PXD012337-Sample-14	ms2_analyzer	comment[ms2 mass analyzer]	Orbitrap	technical_agent								source_precedence:technical_agent	derived	"[{""cv_accession"": null, ""cv_name"": null, ""metadata"": {}, ""scope"": ""study"", ""source"": ""technical_agent"", ""value"": ""Orbitrap""}]"
14	PXD012337-Sample-14	collision_energy	comment[collision energy]	NCE 33	derived								legacy_derivation	derived	[]
14	PXD012337-Sample-14	data_file	comment[data file]	20181010-RH_SK_Prot_15ul.raw	derived								legacy_derivation	derived	[]
14	PXD012337-Sample-14	sdrf_version	comment[sdrf version]	v1.1.0	derived								legacy_derivation	derived	[]
14	PXD012337-Sample-14	annotation_tool	comment[sdrf annotation tool]	HAMLET-agentic v2.2.5	derived								legacy_derivation	derived	[]
14	PXD012337-Sample-14	factor_disease	factor value[disease]	normal	derived								legacy_derivation	derived	[]
15	PXD012337-Sample-15	source_name	source name	PXD012337-Sample-15	derived								legacy_derivation	derived	[]
15	PXD012337-Sample-15	organism	characteristics[organism]	Mus musculus	biological_agent	3T3-L1 cells, a mouse-derived pre-adipocyte model	AGREE	0.9999969601631165					source_precedence:biological_agent	derived	"[{""cv_accession"": null, ""cv_name"": ""Mus musculus"", ""metadata"": {""source_field"": ""species""}, ""scope"": ""sample"", ""source"": ""biological_agent"", ""value"": ""Mus musculus""}]"
15	PXD012337-Sample-15	disease	characteristics[disease]	normal	biological_agent		LLM_ONLY	0.5					source_precedence:biological_agent	derived	"[{""cv_accession"": null, ""cv_name"": null, ""metadata"": {""source_field"": ""disease_state""}, ""scope"": ""sample"", ""source"": ""biological_agent"", ""value"": ""normal""}]"
15	PXD012337-Sample-15	cell_type	characteristics[cell type]	adipocytes	biological_agent	proteomic analyses with differentiated and treated 3T3-L1s	LLM_ONLY	0.5					source_precedence:biological_agent	derived	"[{""cv_accession"": null, ""cv_name"": null, ""metadata"": {""source_field"": ""cell_type""}, ""scope"": ""sample"", ""source"": ""biological_agent"", ""value"": ""adipocytes""}]"
15	PXD012337-Sample-15	cell_line	characteristics[cell line]	3T3-L1	biological_agent	proteomic analyses with differentiated and treated 3T3-L1s	LLM_ONLY	0.5					source_precedence:biological_agent	derived	"[{""cv_accession"": null, ""cv_name"": null, ""metadata"": {""source_field"": ""cell_line""}, ""scope"": ""sample"", ""source"": ""biological_agent"", ""value"": ""3T3-L1""}]"
15	PXD012337-Sample-15	assay_name	assay name	run 2	derived								legacy_derivation	derived	[]
15	PXD012337-Sample-15	technology_type	technology type	proteomic profiling by mass spectrometry	derived								legacy_derivation	derived	[]
15	PXD012337-Sample-15	acquisition	comment[proteomics data acquisition method]	NT=data-dependent acquisition;AC=PRIDE:0000627	runassessor								source_precedence:runassessor	derived	"[{""cv_accession"": null, ""cv_name"": null, ""metadata"": {""source_path"": ""runAssessor.files.PXD012337/20181010-RH_SK_Prot_15ul.mzML.spectra_stats.acquisition_type""}, ""scope"": ""assay"", ""source"": ""runassessor"", ""value"": ""DDA""}]"
15	PXD012337-Sample-15	label	comment[label]	TMT128C	technical_agent								source_precedence:technical_agent	derived	"[{""cv_accession"": null, ""cv_name"": null, ""metadata"": {}, ""scope"": ""study"", ""source"": ""technical_agent"", ""value"": ""TMT10plex""}]"
15	PXD012337-Sample-15	instrument	comment[instrument]	NT=Q Exactive HF-X;AC=MS:1002877	runassessor				high	False	False		source_precedence:runassessor	derived	"[{""cv_accession"": ""MS:1002877"", ""cv_name"": ""Q Exactive HF-X"", ""metadata"": {""source_path"": ""runAssessor.files.PXD012337/20181010-RH_SK_Prot_15ul.mzML.instrument_model.name""}, ""scope"": ""assay"", ""source"": ""runassessor"", ""value"": ""Q Exactive HF-X""}, {""cv_accession"": null, ""cv_name"": null, ""metadata"": {}, ""scope"": ""study"", ""source"": ""technical_agent"", ""value"": ""Q Exactive HF-X""}]"
15	PXD012337-Sample-15	cleavage_agent	comment[cleavage agent details]	NT=Trypsin;AC=MS:1001251	derived								legacy_derivation	derived	[]
15	PXD012337-Sample-15	dissociation	comment[dissociation method]	NT=beam-type collision-induced dissociation;AC=MS:1000422	runassessor								source_precedence:runassessor	derived	"[{""cv_accession"": null, ""cv_name"": null, ""metadata"": {""source_path"": ""runAssessor.files.PXD012337/20181010-RH_SK_Prot_15ul.mzML.spectra_stats.fragmentation_type""}, ""scope"": ""assay"", ""source"": ""runassessor"", ""value"": ""HR_HCD""}]"
15	PXD012337-Sample-15	factor_value	factor value[experimental design]	treatment (Vh, Rosi, TPhP), diet (low fat diet, high fat diet)	experimental_design_agent	During differentiation, cells were treated with Vh (DMSO), Rosi (20 μM), or TPhP (20 μM).	LLM_ONLY	0.5	medium	False	False	treatment (Vh, Rosi, TPhP), diet (low fat diet, high fat diet)	source_precedence:experimental_design_agent	derived	"[{""cv_accession"": null, ""cv_name"": null, ""metadata"": {""source_field"": ""factor_value""}, ""scope"": ""study"", ""source"": ""experimental_design_agent"", ""value"": ""treatment (Vh, Rosi, TPhP)""}]"
15	PXD012337-Sample-15	modification	comment[modification parameters]	NT=phosphorylated residue;AC=MOD:00696;MT=?	pride	phosphorylated residue							normalized_source_union	derived	"[{""fraction_modified"": null, ""raw_stem"": null, ""scope"": ""study"", ""source"": ""pride"", ""source_path"": ""pride_metadata.project.identifiedPTMStrings[0]"", ""source_value"": ""phosphorylated residue""}]"
15	PXD012337-Sample-15	modification	comment[modification parameters]	NT=Sixplex Tandem Mass Tag®;AC=UNIMOD:737;MT=?;TA=HKSTY,N-term	technical_agent;ptm_shepherd	Sixplex Tandem Mass Tag® | Sixplex Tandem Mass Tag® | Sixplex Tandem Mass Tag®							normalized_source_union	derived	"[{""fraction_modified"": null, ""raw_stem"": null, ""scope"": ""study"", ""source"": ""technical_agent"", ""source_path"": ""TechnicalAgent.ptm.resolved[0]"", ""source_value"": ""Sixplex Tandem Mass Tag\u00ae""}, {""fraction_modified"": null, ""raw_stem"": null, ""scope"": ""study"", ""source"": ""technical_agent"", ""source_path"": ""TechnicalAgent.modification.resolved[0]"", ""source_value"": ""Sixplex Tandem Mass Tag\u00ae""}, {""fraction_modified"": 0.562113, ""raw_stem"": ""20181010-RH_SK_Prot_15ul"", ""scope"": ""assay"", ""source"": ""ptm_shepherd"", ""source_path"": ""modification_site_fractions.dda_closed_search.per_sample_files.20181010-RH_SK_Prot_15ul.data[0]"", ""source_value"": ""Sixplex Tandem Mass Tag\u00ae""}]"
15	PXD012337-Sample-15	modification	comment[modification parameters]	NT=Iodoacetamide derivative;AC=UNIMOD:4;MT=?;TA=CDEHKMSTUY,N-term	technical_agent;ptm_shepherd	Iodoacetamide derivative | Iodoacetamide derivative | Iodoacetamide derivative							normalized_source_union	derived	"[{""fraction_modified"": null, ""raw_stem"": null, ""scope"": ""study"", ""source"": ""technical_agent"", ""source_path"": ""TechnicalAgent.ptm.resolved[1]"", ""source_value"": ""Iodoacetamide derivative""}, {""fraction_modified"": null, ""raw_stem"": null, ""scope"": ""study"", ""source"": ""technical_agent"", ""source_path"": ""TechnicalAgent.modification.resolved[1]"", ""source_value"": ""Iodoacetamide derivative""}, {""fraction_modified"": 0.06096, ""raw_stem"": ""20181010-RH_SK_Prot_15ul"", ""scope"": ""assay"", ""source"": ""ptm_shepherd"", ""source_path"": ""modification_site_fractions.dda_closed_search.per_sample_files.20181010-RH_SK_Prot_15ul.data[1]"", ""source_value"": ""Iodoacetamide derivative""}]"
15	PXD012337-Sample-15	modification	comment[modification parameters]	NT=ubiquitinylation residue;AC=UNIMOD:121;MT=?;TA=CKST	technical_agent;ptm_shepherd	ubiquitinylation residue | ubiquitinylation residue | ubiquitinylation residue							normalized_source_union	derived	"[{""fraction_modified"": null, ""raw_stem"": null, ""scope"": ""study"", ""source"": ""technical_agent"", ""source_path"": ""TechnicalAgent.ptm.resolved[2]"", ""source_value"": ""ubiquitinylation residue""}, {""fraction_modified"": null, ""raw_stem"": null, ""scope"": ""study"", ""source"": ""technical_agent"", ""source_path"": ""TechnicalAgent.modification.resolved[2]"", ""source_value"": ""ubiquitinylation residue""}, {""fraction_modified"": 0.050088, ""raw_stem"": ""20181010-RH_SK_Prot_15ul"", ""scope"": ""assay"", ""source"": ""ptm_shepherd"", ""source_path"": ""modification_site_fractions.dda_closed_search.per_sample_files.20181010-RH_SK_Prot_15ul.data[2]"", ""source_value"": ""ubiquitinylation residue""}]"
15	PXD012337-Sample-15	reduction_reagent	comment[reduction reagent]	dithiothreitol	derived								legacy_derivation	derived	[]
15	PXD012337-Sample-15	alkylation_reagent	comment[alkylation reagent]	iodoacetamide	derived								legacy_derivation	derived	[]
15	PXD012337-Sample-15	ms2_analyzer	comment[ms2 mass analyzer]	Orbitrap	technical_agent								source_precedence:technical_agent	derived	"[{""cv_accession"": null, ""cv_name"": null, ""metadata"": {}, ""scope"": ""study"", ""source"": ""technical_agent"", ""value"": ""Orbitrap""}]"
15	PXD012337-Sample-15	collision_energy	comment[collision energy]	NCE 33	derived								legacy_derivation	derived	[]
15	PXD012337-Sample-15	data_file	comment[data file]	20181010-RH_SK_Prot_15ul.raw	derived								legacy_derivation	derived	[]
15	PXD012337-Sample-15	sdrf_version	comment[sdrf version]	v1.1.0	derived								legacy_derivation	derived	[]
15	PXD012337-Sample-15	annotation_tool	comment[sdrf annotation tool]	HAMLET-agentic v2.2.5	derived								legacy_derivation	derived	[]
15	PXD012337-Sample-15	factor_disease	factor value[disease]	normal	derived								legacy_derivation	derived	[]
16	PXD012337-Sample-16	source_name	source name	PXD012337-Sample-16	derived								legacy_derivation	derived	[]
16	PXD012337-Sample-16	organism	characteristics[organism]	Mus musculus	biological_agent	3T3-L1 cells, a mouse-derived pre-adipocyte model	AGREE	0.9999969601631165					source_precedence:biological_agent	derived	"[{""cv_accession"": null, ""cv_name"": ""Mus musculus"", ""metadata"": {""source_field"": ""species""}, ""scope"": ""sample"", ""source"": ""biological_agent"", ""value"": ""Mus musculus""}]"
16	PXD012337-Sample-16	disease	characteristics[disease]	normal	biological_agent		LLM_ONLY	0.5					source_precedence:biological_agent	derived	"[{""cv_accession"": null, ""cv_name"": null, ""metadata"": {""source_field"": ""disease_state""}, ""scope"": ""sample"", ""source"": ""biological_agent"", ""value"": ""normal""}]"
16	PXD012337-Sample-16	cell_type	characteristics[cell type]	adipocytes	biological_agent	proteomic analyses with differentiated and treated 3T3-L1s	LLM_ONLY	0.5					source_precedence:biological_agent	derived	"[{""cv_accession"": null, ""cv_name"": null, ""metadata"": {""source_field"": ""cell_type""}, ""scope"": ""sample"", ""source"": ""biological_agent"", ""value"": ""adipocytes""}]"
16	PXD012337-Sample-16	cell_line	characteristics[cell line]	3T3-L1	biological_agent	proteomic analyses with differentiated and treated 3T3-L1s	LLM_ONLY	0.5					source_precedence:biological_agent	derived	"[{""cv_accession"": null, ""cv_name"": null, ""metadata"": {""source_field"": ""cell_line""}, ""scope"": ""sample"", ""source"": ""biological_agent"", ""value"": ""3T3-L1""}]"
16	PXD012337-Sample-16	assay_name	assay name	run 2	derived								legacy_derivation	derived	[]
16	PXD012337-Sample-16	technology_type	technology type	proteomic profiling by mass spectrometry	derived								legacy_derivation	derived	[]
16	PXD012337-Sample-16	acquisition	comment[proteomics data acquisition method]	NT=data-dependent acquisition;AC=PRIDE:0000627	runassessor								source_precedence:runassessor	derived	"[{""cv_accession"": null, ""cv_name"": null, ""metadata"": {""source_path"": ""runAssessor.files.PXD012337/20181010-RH_SK_Prot_15ul.mzML.spectra_stats.acquisition_type""}, ""scope"": ""assay"", ""source"": ""runassessor"", ""value"": ""DDA""}]"
16	PXD012337-Sample-16	label	comment[label]	TMT129N	technical_agent								source_precedence:technical_agent	derived	"[{""cv_accession"": null, ""cv_name"": null, ""metadata"": {}, ""scope"": ""study"", ""source"": ""technical_agent"", ""value"": ""TMT10plex""}]"
16	PXD012337-Sample-16	instrument	comment[instrument]	NT=Q Exactive HF-X;AC=MS:1002877	runassessor				high	False	False		source_precedence:runassessor	derived	"[{""cv_accession"": ""MS:1002877"", ""cv_name"": ""Q Exactive HF-X"", ""metadata"": {""source_path"": ""runAssessor.files.PXD012337/20181010-RH_SK_Prot_15ul.mzML.instrument_model.name""}, ""scope"": ""assay"", ""source"": ""runassessor"", ""value"": ""Q Exactive HF-X""}, {""cv_accession"": null, ""cv_name"": null, ""metadata"": {}, ""scope"": ""study"", ""source"": ""technical_agent"", ""value"": ""Q Exactive HF-X""}]"
16	PXD012337-Sample-16	cleavage_agent	comment[cleavage agent details]	NT=Trypsin;AC=MS:1001251	derived								legacy_derivation	derived	[]
16	PXD012337-Sample-16	dissociation	comment[dissociation method]	NT=beam-type collision-induced dissociation;AC=MS:1000422	runassessor								source_precedence:runassessor	derived	"[{""cv_accession"": null, ""cv_name"": null, ""metadata"": {""source_path"": ""runAssessor.files.PXD012337/20181010-RH_SK_Prot_15ul.mzML.spectra_stats.fragmentation_type""}, ""scope"": ""assay"", ""source"": ""runassessor"", ""value"": ""HR_HCD""}]"
16	PXD012337-Sample-16	factor_value	factor value[experimental design]	treatment (Vh, Rosi, TPhP), diet (low fat diet, high fat diet)	experimental_design_agent	During differentiation, cells were treated with Vh (DMSO), Rosi (20 μM), or TPhP (20 μM).	LLM_ONLY	0.5	medium	False	False	treatment (Vh, Rosi, TPhP), diet (low fat diet, high fat diet)	source_precedence:experimental_design_agent	derived	"[{""cv_accession"": null, ""cv_name"": null, ""metadata"": {""source_field"": ""factor_value""}, ""scope"": ""study"", ""source"": ""experimental_design_agent"", ""value"": ""treatment (Vh, Rosi, TPhP)""}]"
16	PXD012337-Sample-16	modification	comment[modification parameters]	NT=phosphorylated residue;AC=MOD:00696;MT=?	pride	phosphorylated residue							normalized_source_union	derived	"[{""fraction_modified"": null, ""raw_stem"": null, ""scope"": ""study"", ""source"": ""pride"", ""source_path"": ""pride_metadata.project.identifiedPTMStrings[0]"", ""source_value"": ""phosphorylated residue""}]"
16	PXD012337-Sample-16	modification	comment[modification parameters]	NT=Sixplex Tandem Mass Tag®;AC=UNIMOD:737;MT=?;TA=HKSTY,N-term	technical_agent;ptm_shepherd	Sixplex Tandem Mass Tag® | Sixplex Tandem Mass Tag® | Sixplex Tandem Mass Tag®							normalized_source_union	derived	"[{""fraction_modified"": null, ""raw_stem"": null, ""scope"": ""study"", ""source"": ""technical_agent"", ""source_path"": ""TechnicalAgent.ptm.resolved[0]"", ""source_value"": ""Sixplex Tandem Mass Tag\u00ae""}, {""fraction_modified"": null, ""raw_stem"": null, ""scope"": ""study"", ""source"": ""technical_agent"", ""source_path"": ""TechnicalAgent.modification.resolved[0]"", ""source_value"": ""Sixplex Tandem Mass Tag\u00ae""}, {""fraction_modified"": 0.562113, ""raw_stem"": ""20181010-RH_SK_Prot_15ul"", ""scope"": ""assay"", ""source"": ""ptm_shepherd"", ""source_path"": ""modification_site_fractions.dda_closed_search.per_sample_files.20181010-RH_SK_Prot_15ul.data[0]"", ""source_value"": ""Sixplex Tandem Mass Tag\u00ae""}]"
16	PXD012337-Sample-16	modification	comment[modification parameters]	NT=Iodoacetamide derivative;AC=UNIMOD:4;MT=?;TA=CDEHKMSTUY,N-term	technical_agent;ptm_shepherd	Iodoacetamide derivative | Iodoacetamide derivative | Iodoacetamide derivative							normalized_source_union	derived	"[{""fraction_modified"": null, ""raw_stem"": null, ""scope"": ""study"", ""source"": ""technical_agent"", ""source_path"": ""TechnicalAgent.ptm.resolved[1]"", ""source_value"": ""Iodoacetamide derivative""}, {""fraction_modified"": null, ""raw_stem"": null, ""scope"": ""study"", ""source"": ""technical_agent"", ""source_path"": ""TechnicalAgent.modification.resolved[1]"", ""source_value"": ""Iodoacetamide derivative""}, {""fraction_modified"": 0.06096, ""raw_stem"": ""20181010-RH_SK_Prot_15ul"", ""scope"": ""assay"", ""source"": ""ptm_shepherd"", ""source_path"": ""modification_site_fractions.dda_closed_search.per_sample_files.20181010-RH_SK_Prot_15ul.data[1]"", ""source_value"": ""Iodoacetamide derivative""}]"
16	PXD012337-Sample-16	modification	comment[modification parameters]	NT=ubiquitinylation residue;AC=UNIMOD:121;MT=?;TA=CKST	technical_agent;ptm_shepherd	ubiquitinylation residue | ubiquitinylation residue | ubiquitinylation residue							normalized_source_union	derived	"[{""fraction_modified"": null, ""raw_stem"": null, ""scope"": ""study"", ""source"": ""technical_agent"", ""source_path"": ""TechnicalAgent.ptm.resolved[2]"", ""source_value"": ""ubiquitinylation residue""}, {""fraction_modified"": null, ""raw_stem"": null, ""scope"": ""study"", ""source"": ""technical_agent"", ""source_path"": ""TechnicalAgent.modification.resolved[2]"", ""source_value"": ""ubiquitinylation residue""}, {""fraction_modified"": 0.050088, ""raw_stem"": ""20181010-RH_SK_Prot_15ul"", ""scope"": ""assay"", ""source"": ""ptm_shepherd"", ""source_path"": ""modification_site_fractions.dda_closed_search.per_sample_files.20181010-RH_SK_Prot_15ul.data[2]"", ""source_value"": ""ubiquitinylation residue""}]"
16	PXD012337-Sample-16	reduction_reagent	comment[reduction reagent]	dithiothreitol	derived								legacy_derivation	derived	[]
16	PXD012337-Sample-16	alkylation_reagent	comment[alkylation reagent]	iodoacetamide	derived								legacy_derivation	derived	[]
16	PXD012337-Sample-16	ms2_analyzer	comment[ms2 mass analyzer]	Orbitrap	technical_agent								source_precedence:technical_agent	derived	"[{""cv_accession"": null, ""cv_name"": null, ""metadata"": {}, ""scope"": ""study"", ""source"": ""technical_agent"", ""value"": ""Orbitrap""}]"
16	PXD012337-Sample-16	collision_energy	comment[collision energy]	NCE 33	derived								legacy_derivation	derived	[]
16	PXD012337-Sample-16	data_file	comment[data file]	20181010-RH_SK_Prot_15ul.raw	derived								legacy_derivation	derived	[]
16	PXD012337-Sample-16	sdrf_version	comment[sdrf version]	v1.1.0	derived								legacy_derivation	derived	[]
16	PXD012337-Sample-16	annotation_tool	comment[sdrf annotation tool]	HAMLET-agentic v2.2.5	derived								legacy_derivation	derived	[]
16	PXD012337-Sample-16	factor_disease	factor value[disease]	normal	derived								legacy_derivation	derived	[]
17	PXD012337-Sample-17	source_name	source name	PXD012337-Sample-17	derived								legacy_derivation	derived	[]
17	PXD012337-Sample-17	organism	characteristics[organism]	Mus musculus	biological_agent	3T3-L1 cells, a mouse-derived pre-adipocyte model	AGREE	0.9999969601631165					source_precedence:biological_agent	derived	"[{""cv_accession"": null, ""cv_name"": ""Mus musculus"", ""metadata"": {""source_field"": ""species""}, ""scope"": ""sample"", ""source"": ""biological_agent"", ""value"": ""Mus musculus""}]"
17	PXD012337-Sample-17	disease	characteristics[disease]	normal	biological_agent		LLM_ONLY	0.5					source_precedence:biological_agent	derived	"[{""cv_accession"": null, ""cv_name"": null, ""metadata"": {""source_field"": ""disease_state""}, ""scope"": ""sample"", ""source"": ""biological_agent"", ""value"": ""normal""}]"
17	PXD012337-Sample-17	cell_type	characteristics[cell type]	adipocytes	biological_agent	proteomic analyses with differentiated and treated 3T3-L1s	LLM_ONLY	0.5					source_precedence:biological_agent	derived	"[{""cv_accession"": null, ""cv_name"": null, ""metadata"": {""source_field"": ""cell_type""}, ""scope"": ""sample"", ""source"": ""biological_agent"", ""value"": ""adipocytes""}]"
17	PXD012337-Sample-17	cell_line	characteristics[cell line]	3T3-L1	biological_agent	proteomic analyses with differentiated and treated 3T3-L1s	LLM_ONLY	0.5					source_precedence:biological_agent	derived	"[{""cv_accession"": null, ""cv_name"": null, ""metadata"": {""source_field"": ""cell_line""}, ""scope"": ""sample"", ""source"": ""biological_agent"", ""value"": ""3T3-L1""}]"
17	PXD012337-Sample-17	assay_name	assay name	run 2	derived								legacy_derivation	derived	[]
17	PXD012337-Sample-17	technology_type	technology type	proteomic profiling by mass spectrometry	derived								legacy_derivation	derived	[]
17	PXD012337-Sample-17	acquisition	comment[proteomics data acquisition method]	NT=data-dependent acquisition;AC=PRIDE:0000627	runassessor								source_precedence:runassessor	derived	"[{""cv_accession"": null, ""cv_name"": null, ""metadata"": {""source_path"": ""runAssessor.files.PXD012337/20181010-RH_SK_Prot_15ul.mzML.spectra_stats.acquisition_type""}, ""scope"": ""assay"", ""source"": ""runassessor"", ""value"": ""DDA""}]"
17	PXD012337-Sample-17	label	comment[label]	TMT129C	technical_agent								source_precedence:technical_agent	derived	"[{""cv_accession"": null, ""cv_name"": null, ""metadata"": {}, ""scope"": ""study"", ""source"": ""technical_agent"", ""value"": ""TMT10plex""}]"
17	PXD012337-Sample-17	instrument	comment[instrument]	NT=Q Exactive HF-X;AC=MS:1002877	runassessor				high	False	False		source_precedence:runassessor	derived	"[{""cv_accession"": ""MS:1002877"", ""cv_name"": ""Q Exactive HF-X"", ""metadata"": {""source_path"": ""runAssessor.files.PXD012337/20181010-RH_SK_Prot_15ul.mzML.instrument_model.name""}, ""scope"": ""assay"", ""source"": ""runassessor"", ""value"": ""Q Exactive HF-X""}, {""cv_accession"": null, ""cv_name"": null, ""metadata"": {}, ""scope"": ""study"", ""source"": ""technical_agent"", ""value"": ""Q Exactive HF-X""}]"
17	PXD012337-Sample-17	cleavage_agent	comment[cleavage agent details]	NT=Trypsin;AC=MS:1001251	derived								legacy_derivation	derived	[]
17	PXD012337-Sample-17	dissociation	comment[dissociation method]	NT=beam-type collision-induced dissociation;AC=MS:1000422	runassessor								source_precedence:runassessor	derived	"[{""cv_accession"": null, ""cv_name"": null, ""metadata"": {""source_path"": ""runAssessor.files.PXD012337/20181010-RH_SK_Prot_15ul.mzML.spectra_stats.fragmentation_type""}, ""scope"": ""assay"", ""source"": ""runassessor"", ""value"": ""HR_HCD""}]"
17	PXD012337-Sample-17	factor_value	factor value[experimental design]	treatment (Vh, Rosi, TPhP), diet (low fat diet, high fat diet)	experimental_design_agent	During differentiation, cells were treated with Vh (DMSO), Rosi (20 μM), or TPhP (20 μM).	LLM_ONLY	0.5	medium	False	False	treatment (Vh, Rosi, TPhP), diet (low fat diet, high fat diet)	source_precedence:experimental_design_agent	derived	"[{""cv_accession"": null, ""cv_name"": null, ""metadata"": {""source_field"": ""factor_value""}, ""scope"": ""study"", ""source"": ""experimental_design_agent"", ""value"": ""treatment (Vh, Rosi, TPhP)""}]"
17	PXD012337-Sample-17	modification	comment[modification parameters]	NT=phosphorylated residue;AC=MOD:00696;MT=?	pride	phosphorylated residue							normalized_source_union	derived	"[{""fraction_modified"": null, ""raw_stem"": null, ""scope"": ""study"", ""source"": ""pride"", ""source_path"": ""pride_metadata.project.identifiedPTMStrings[0]"", ""source_value"": ""phosphorylated residue""}]"
17	PXD012337-Sample-17	modification	comment[modification parameters]	NT=Sixplex Tandem Mass Tag®;AC=UNIMOD:737;MT=?;TA=HKSTY,N-term	technical_agent;ptm_shepherd	Sixplex Tandem Mass Tag® | Sixplex Tandem Mass Tag® | Sixplex Tandem Mass Tag®							normalized_source_union	derived	"[{""fraction_modified"": null, ""raw_stem"": null, ""scope"": ""study"", ""source"": ""technical_agent"", ""source_path"": ""TechnicalAgent.ptm.resolved[0]"", ""source_value"": ""Sixplex Tandem Mass Tag\u00ae""}, {""fraction_modified"": null, ""raw_stem"": null, ""scope"": ""study"", ""source"": ""technical_agent"", ""source_path"": ""TechnicalAgent.modification.resolved[0]"", ""source_value"": ""Sixplex Tandem Mass Tag\u00ae""}, {""fraction_modified"": 0.562113, ""raw_stem"": ""20181010-RH_SK_Prot_15ul"", ""scope"": ""assay"", ""source"": ""ptm_shepherd"", ""source_path"": ""modification_site_fractions.dda_closed_search.per_sample_files.20181010-RH_SK_Prot_15ul.data[0]"", ""source_value"": ""Sixplex Tandem Mass Tag\u00ae""}]"
17	PXD012337-Sample-17	modification	comment[modification parameters]	NT=Iodoacetamide derivative;AC=UNIMOD:4;MT=?;TA=CDEHKMSTUY,N-term	technical_agent;ptm_shepherd	Iodoacetamide derivative | Iodoacetamide derivative | Iodoacetamide derivative							normalized_source_union	derived	"[{""fraction_modified"": null, ""raw_stem"": null, ""scope"": ""study"", ""source"": ""technical_agent"", ""source_path"": ""TechnicalAgent.ptm.resolved[1]"", ""source_value"": ""Iodoacetamide derivative""}, {""fraction_modified"": null, ""raw_stem"": null, ""scope"": ""study"", ""source"": ""technical_agent"", ""source_path"": ""TechnicalAgent.modification.resolved[1]"", ""source_value"": ""Iodoacetamide derivative""}, {""fraction_modified"": 0.06096, ""raw_stem"": ""20181010-RH_SK_Prot_15ul"", ""scope"": ""assay"", ""source"": ""ptm_shepherd"", ""source_path"": ""modification_site_fractions.dda_closed_search.per_sample_files.20181010-RH_SK_Prot_15ul.data[1]"", ""source_value"": ""Iodoacetamide derivative""}]"
17	PXD012337-Sample-17	modification	comment[modification parameters]	NT=ubiquitinylation residue;AC=UNIMOD:121;MT=?;TA=CKST	technical_agent;ptm_shepherd	ubiquitinylation residue | ubiquitinylation residue | ubiquitinylation residue							normalized_source_union	derived	"[{""fraction_modified"": null, ""raw_stem"": null, ""scope"": ""study"", ""source"": ""technical_agent"", ""source_path"": ""TechnicalAgent.ptm.resolved[2]"", ""source_value"": ""ubiquitinylation residue""}, {""fraction_modified"": null, ""raw_stem"": null, ""scope"": ""study"", ""source"": ""technical_agent"", ""source_path"": ""TechnicalAgent.modification.resolved[2]"", ""source_value"": ""ubiquitinylation residue""}, {""fraction_modified"": 0.050088, ""raw_stem"": ""20181010-RH_SK_Prot_15ul"", ""scope"": ""assay"", ""source"": ""ptm_shepherd"", ""source_path"": ""modification_site_fractions.dda_closed_search.per_sample_files.20181010-RH_SK_Prot_15ul.data[2]"", ""source_value"": ""ubiquitinylation residue""}]"
17	PXD012337-Sample-17	reduction_reagent	comment[reduction reagent]	dithiothreitol	derived								legacy_derivation	derived	[]
17	PXD012337-Sample-17	alkylation_reagent	comment[alkylation reagent]	iodoacetamide	derived								legacy_derivation	derived	[]
17	PXD012337-Sample-17	ms2_analyzer	comment[ms2 mass analyzer]	Orbitrap	technical_agent								source_precedence:technical_agent	derived	"[{""cv_accession"": null, ""cv_name"": null, ""metadata"": {}, ""scope"": ""study"", ""source"": ""technical_agent"", ""value"": ""Orbitrap""}]"
17	PXD012337-Sample-17	collision_energy	comment[collision energy]	NCE 33	derived								legacy_derivation	derived	[]
17	PXD012337-Sample-17	data_file	comment[data file]	20181010-RH_SK_Prot_15ul.raw	derived								legacy_derivation	derived	[]
17	PXD012337-Sample-17	sdrf_version	comment[sdrf version]	v1.1.0	derived								legacy_derivation	derived	[]
17	PXD012337-Sample-17	annotation_tool	comment[sdrf annotation tool]	HAMLET-agentic v2.2.5	derived								legacy_derivation	derived	[]
17	PXD012337-Sample-17	factor_disease	factor value[disease]	normal	derived								legacy_derivation	derived	[]
18	PXD012337-Sample-18	source_name	source name	PXD012337-Sample-18	derived								legacy_derivation	derived	[]
18	PXD012337-Sample-18	organism	characteristics[organism]	Mus musculus	biological_agent	3T3-L1 cells, a mouse-derived pre-adipocyte model	AGREE	0.9999969601631165					source_precedence:biological_agent	derived	"[{""cv_accession"": null, ""cv_name"": ""Mus musculus"", ""metadata"": {""source_field"": ""species""}, ""scope"": ""sample"", ""source"": ""biological_agent"", ""value"": ""Mus musculus""}]"
18	PXD012337-Sample-18	disease	characteristics[disease]	normal	biological_agent		LLM_ONLY	0.5					source_precedence:biological_agent	derived	"[{""cv_accession"": null, ""cv_name"": null, ""metadata"": {""source_field"": ""disease_state""}, ""scope"": ""sample"", ""source"": ""biological_agent"", ""value"": ""normal""}]"
18	PXD012337-Sample-18	cell_type	characteristics[cell type]	adipocytes	biological_agent	proteomic analyses with differentiated and treated 3T3-L1s	LLM_ONLY	0.5					source_precedence:biological_agent	derived	"[{""cv_accession"": null, ""cv_name"": null, ""metadata"": {""source_field"": ""cell_type""}, ""scope"": ""sample"", ""source"": ""biological_agent"", ""value"": ""adipocytes""}]"
18	PXD012337-Sample-18	cell_line	characteristics[cell line]	3T3-L1	biological_agent	proteomic analyses with differentiated and treated 3T3-L1s	LLM_ONLY	0.5					source_precedence:biological_agent	derived	"[{""cv_accession"": null, ""cv_name"": null, ""metadata"": {""source_field"": ""cell_line""}, ""scope"": ""sample"", ""source"": ""biological_agent"", ""value"": ""3T3-L1""}]"
18	PXD012337-Sample-18	assay_name	assay name	run 2	derived								legacy_derivation	derived	[]
18	PXD012337-Sample-18	technology_type	technology type	proteomic profiling by mass spectrometry	derived								legacy_derivation	derived	[]
18	PXD012337-Sample-18	acquisition	comment[proteomics data acquisition method]	NT=data-dependent acquisition;AC=PRIDE:0000627	runassessor								source_precedence:runassessor	derived	"[{""cv_accession"": null, ""cv_name"": null, ""metadata"": {""source_path"": ""runAssessor.files.PXD012337/20181010-RH_SK_Prot_15ul.mzML.spectra_stats.acquisition_type""}, ""scope"": ""assay"", ""source"": ""runassessor"", ""value"": ""DDA""}]"
18	PXD012337-Sample-18	label	comment[label]	TMT130N	technical_agent								source_precedence:technical_agent	derived	"[{""cv_accession"": null, ""cv_name"": null, ""metadata"": {}, ""scope"": ""study"", ""source"": ""technical_agent"", ""value"": ""TMT10plex""}]"
18	PXD012337-Sample-18	instrument	comment[instrument]	NT=Q Exactive HF-X;AC=MS:1002877	runassessor				high	False	False		source_precedence:runassessor	derived	"[{""cv_accession"": ""MS:1002877"", ""cv_name"": ""Q Exactive HF-X"", ""metadata"": {""source_path"": ""runAssessor.files.PXD012337/20181010-RH_SK_Prot_15ul.mzML.instrument_model.name""}, ""scope"": ""assay"", ""source"": ""runassessor"", ""value"": ""Q Exactive HF-X""}, {""cv_accession"": null, ""cv_name"": null, ""metadata"": {}, ""scope"": ""study"", ""source"": ""technical_agent"", ""value"": ""Q Exactive HF-X""}]"
18	PXD012337-Sample-18	cleavage_agent	comment[cleavage agent details]	NT=Trypsin;AC=MS:1001251	derived								legacy_derivation	derived	[]
18	PXD012337-Sample-18	dissociation	comment[dissociation method]	NT=beam-type collision-induced dissociation;AC=MS:1000422	runassessor								source_precedence:runassessor	derived	"[{""cv_accession"": null, ""cv_name"": null, ""metadata"": {""source_path"": ""runAssessor.files.PXD012337/20181010-RH_SK_Prot_15ul.mzML.spectra_stats.fragmentation_type""}, ""scope"": ""assay"", ""source"": ""runassessor"", ""value"": ""HR_HCD""}]"
18	PXD012337-Sample-18	factor_value	factor value[experimental design]	treatment (Vh, Rosi, TPhP), diet (low fat diet, high fat diet)	experimental_design_agent	During differentiation, cells were treated with Vh (DMSO), Rosi (20 μM), or TPhP (20 μM).	LLM_ONLY	0.5	medium	False	False	treatment (Vh, Rosi, TPhP), diet (low fat diet, high fat diet)	source_precedence:experimental_design_agent	derived	"[{""cv_accession"": null, ""cv_name"": null, ""metadata"": {""source_field"": ""factor_value""}, ""scope"": ""study"", ""source"": ""experimental_design_agent"", ""value"": ""treatment (Vh, Rosi, TPhP)""}]"
18	PXD012337-Sample-18	modification	comment[modification parameters]	NT=phosphorylated residue;AC=MOD:00696;MT=?	pride	phosphorylated residue							normalized_source_union	derived	"[{""fraction_modified"": null, ""raw_stem"": null, ""scope"": ""study"", ""source"": ""pride"", ""source_path"": ""pride_metadata.project.identifiedPTMStrings[0]"", ""source_value"": ""phosphorylated residue""}]"
18	PXD012337-Sample-18	modification	comment[modification parameters]	NT=Sixplex Tandem Mass Tag®;AC=UNIMOD:737;MT=?;TA=HKSTY,N-term	technical_agent;ptm_shepherd	Sixplex Tandem Mass Tag® | Sixplex Tandem Mass Tag® | Sixplex Tandem Mass Tag®							normalized_source_union	derived	"[{""fraction_modified"": null, ""raw_stem"": null, ""scope"": ""study"", ""source"": ""technical_agent"", ""source_path"": ""TechnicalAgent.ptm.resolved[0]"", ""source_value"": ""Sixplex Tandem Mass Tag\u00ae""}, {""fraction_modified"": null, ""raw_stem"": null, ""scope"": ""study"", ""source"": ""technical_agent"", ""source_path"": ""TechnicalAgent.modification.resolved[0]"", ""source_value"": ""Sixplex Tandem Mass Tag\u00ae""}, {""fraction_modified"": 0.562113, ""raw_stem"": ""20181010-RH_SK_Prot_15ul"", ""scope"": ""assay"", ""source"": ""ptm_shepherd"", ""source_path"": ""modification_site_fractions.dda_closed_search.per_sample_files.20181010-RH_SK_Prot_15ul.data[0]"", ""source_value"": ""Sixplex Tandem Mass Tag\u00ae""}]"
18	PXD012337-Sample-18	modification	comment[modification parameters]	NT=Iodoacetamide derivative;AC=UNIMOD:4;MT=?;TA=CDEHKMSTUY,N-term	technical_agent;ptm_shepherd	Iodoacetamide derivative | Iodoacetamide derivative | Iodoacetamide derivative							normalized_source_union	derived	"[{""fraction_modified"": null, ""raw_stem"": null, ""scope"": ""study"", ""source"": ""technical_agent"", ""source_path"": ""TechnicalAgent.ptm.resolved[1]"", ""source_value"": ""Iodoacetamide derivative""}, {""fraction_modified"": null, ""raw_stem"": null, ""scope"": ""study"", ""source"": ""technical_agent"", ""source_path"": ""TechnicalAgent.modification.resolved[1]"", ""source_value"": ""Iodoacetamide derivative""}, {""fraction_modified"": 0.06096, ""raw_stem"": ""20181010-RH_SK_Prot_15ul"", ""scope"": ""assay"", ""source"": ""ptm_shepherd"", ""source_path"": ""modification_site_fractions.dda_closed_search.per_sample_files.20181010-RH_SK_Prot_15ul.data[1]"", ""source_value"": ""Iodoacetamide derivative""}]"
18	PXD012337-Sample-18	modification	comment[modification parameters]	NT=ubiquitinylation residue;AC=UNIMOD:121;MT=?;TA=CKST	technical_agent;ptm_shepherd	ubiquitinylation residue | ubiquitinylation residue | ubiquitinylation residue							normalized_source_union	derived	"[{""fraction_modified"": null, ""raw_stem"": null, ""scope"": ""study"", ""source"": ""technical_agent"", ""source_path"": ""TechnicalAgent.ptm.resolved[2]"", ""source_value"": ""ubiquitinylation residue""}, {""fraction_modified"": null, ""raw_stem"": null, ""scope"": ""study"", ""source"": ""technical_agent"", ""source_path"": ""TechnicalAgent.modification.resolved[2]"", ""source_value"": ""ubiquitinylation residue""}, {""fraction_modified"": 0.050088, ""raw_stem"": ""20181010-RH_SK_Prot_15ul"", ""scope"": ""assay"", ""source"": ""ptm_shepherd"", ""source_path"": ""modification_site_fractions.dda_closed_search.per_sample_files.20181010-RH_SK_Prot_15ul.data[2]"", ""source_value"": ""ubiquitinylation residue""}]"
18	PXD012337-Sample-18	reduction_reagent	comment[reduction reagent]	dithiothreitol	derived								legacy_derivation	derived	[]
18	PXD012337-Sample-18	alkylation_reagent	comment[alkylation reagent]	iodoacetamide	derived								legacy_derivation	derived	[]
18	PXD012337-Sample-18	ms2_analyzer	comment[ms2 mass analyzer]	Orbitrap	technical_agent								source_precedence:technical_agent	derived	"[{""cv_accession"": null, ""cv_name"": null, ""metadata"": {}, ""scope"": ""study"", ""source"": ""technical_agent"", ""value"": ""Orbitrap""}]"
18	PXD012337-Sample-18	collision_energy	comment[collision energy]	NCE 33	derived								legacy_derivation	derived	[]
18	PXD012337-Sample-18	data_file	comment[data file]	20181010-RH_SK_Prot_15ul.raw	derived								legacy_derivation	derived	[]
18	PXD012337-Sample-18	sdrf_version	comment[sdrf version]	v1.1.0	derived								legacy_derivation	derived	[]
18	PXD012337-Sample-18	annotation_tool	comment[sdrf annotation tool]	HAMLET-agentic v2.2.5	derived								legacy_derivation	derived	[]
18	PXD012337-Sample-18	factor_disease	factor value[disease]	normal	derived								legacy_derivation	derived	[]
19	PXD012337-Sample-19	source_name	source name	PXD012337-Sample-19	derived								legacy_derivation	derived	[]
19	PXD012337-Sample-19	organism	characteristics[organism]	Mus musculus	biological_agent	3T3-L1 cells, a mouse-derived pre-adipocyte model	AGREE	0.9999969601631165					source_precedence:biological_agent	derived	"[{""cv_accession"": null, ""cv_name"": ""Mus musculus"", ""metadata"": {""source_field"": ""species""}, ""scope"": ""sample"", ""source"": ""biological_agent"", ""value"": ""Mus musculus""}]"
19	PXD012337-Sample-19	disease	characteristics[disease]	normal	biological_agent		LLM_ONLY	0.5					source_precedence:biological_agent	derived	"[{""cv_accession"": null, ""cv_name"": null, ""metadata"": {""source_field"": ""disease_state""}, ""scope"": ""sample"", ""source"": ""biological_agent"", ""value"": ""normal""}]"
19	PXD012337-Sample-19	cell_type	characteristics[cell type]	adipocytes	biological_agent	proteomic analyses with differentiated and treated 3T3-L1s	LLM_ONLY	0.5					source_precedence:biological_agent	derived	"[{""cv_accession"": null, ""cv_name"": null, ""metadata"": {""source_field"": ""cell_type""}, ""scope"": ""sample"", ""source"": ""biological_agent"", ""value"": ""adipocytes""}]"
19	PXD012337-Sample-19	cell_line	characteristics[cell line]	3T3-L1	biological_agent	proteomic analyses with differentiated and treated 3T3-L1s	LLM_ONLY	0.5					source_precedence:biological_agent	derived	"[{""cv_accession"": null, ""cv_name"": null, ""metadata"": {""source_field"": ""cell_line""}, ""scope"": ""sample"", ""source"": ""biological_agent"", ""value"": ""3T3-L1""}]"
19	PXD012337-Sample-19	assay_name	assay name	run 2	derived								legacy_derivation	derived	[]
19	PXD012337-Sample-19	technology_type	technology type	proteomic profiling by mass spectrometry	derived								legacy_derivation	derived	[]
19	PXD012337-Sample-19	acquisition	comment[proteomics data acquisition method]	NT=data-dependent acquisition;AC=PRIDE:0000627	runassessor								source_precedence:runassessor	derived	"[{""cv_accession"": null, ""cv_name"": null, ""metadata"": {""source_path"": ""runAssessor.files.PXD012337/20181010-RH_SK_Prot_15ul.mzML.spectra_stats.acquisition_type""}, ""scope"": ""assay"", ""source"": ""runassessor"", ""value"": ""DDA""}]"
19	PXD012337-Sample-19	label	comment[label]	TMT130C	technical_agent								source_precedence:technical_agent	derived	"[{""cv_accession"": null, ""cv_name"": null, ""metadata"": {}, ""scope"": ""study"", ""source"": ""technical_agent"", ""value"": ""TMT10plex""}]"
19	PXD012337-Sample-19	instrument	comment[instrument]	NT=Q Exactive HF-X;AC=MS:1002877	runassessor				high	False	False		source_precedence:runassessor	derived	"[{""cv_accession"": ""MS:1002877"", ""cv_name"": ""Q Exactive HF-X"", ""metadata"": {""source_path"": ""runAssessor.files.PXD012337/20181010-RH_SK_Prot_15ul.mzML.instrument_model.name""}, ""scope"": ""assay"", ""source"": ""runassessor"", ""value"": ""Q Exactive HF-X""}, {""cv_accession"": null, ""cv_name"": null, ""metadata"": {}, ""scope"": ""study"", ""source"": ""technical_agent"", ""value"": ""Q Exactive HF-X""}]"
19	PXD012337-Sample-19	cleavage_agent	comment[cleavage agent details]	NT=Trypsin;AC=MS:1001251	derived								legacy_derivation	derived	[]
19	PXD012337-Sample-19	dissociation	comment[dissociation method]	NT=beam-type collision-induced dissociation;AC=MS:1000422	runassessor								source_precedence:runassessor	derived	"[{""cv_accession"": null, ""cv_name"": null, ""metadata"": {""source_path"": ""runAssessor.files.PXD012337/20181010-RH_SK_Prot_15ul.mzML.spectra_stats.fragmentation_type""}, ""scope"": ""assay"", ""source"": ""runassessor"", ""value"": ""HR_HCD""}]"
19	PXD012337-Sample-19	factor_value	factor value[experimental design]	treatment (Vh, Rosi, TPhP), diet (low fat diet, high fat diet)	experimental_design_agent	During differentiation, cells were treated with Vh (DMSO), Rosi (20 μM), or TPhP (20 μM).	LLM_ONLY	0.5	medium	False	False	treatment (Vh, Rosi, TPhP), diet (low fat diet, high fat diet)	source_precedence:experimental_design_agent	derived	"[{""cv_accession"": null, ""cv_name"": null, ""metadata"": {""source_field"": ""factor_value""}, ""scope"": ""study"", ""source"": ""experimental_design_agent"", ""value"": ""treatment (Vh, Rosi, TPhP)""}]"
19	PXD012337-Sample-19	modification	comment[modification parameters]	NT=phosphorylated residue;AC=MOD:00696;MT=?	pride	phosphorylated residue							normalized_source_union	derived	"[{""fraction_modified"": null, ""raw_stem"": null, ""scope"": ""study"", ""source"": ""pride"", ""source_path"": ""pride_metadata.project.identifiedPTMStrings[0]"", ""source_value"": ""phosphorylated residue""}]"
19	PXD012337-Sample-19	modification	comment[modification parameters]	NT=Sixplex Tandem Mass Tag®;AC=UNIMOD:737;MT=?;TA=HKSTY,N-term	technical_agent;ptm_shepherd	Sixplex Tandem Mass Tag® | Sixplex Tandem Mass Tag® | Sixplex Tandem Mass Tag®							normalized_source_union	derived	"[{""fraction_modified"": null, ""raw_stem"": null, ""scope"": ""study"", ""source"": ""technical_agent"", ""source_path"": ""TechnicalAgent.ptm.resolved[0]"", ""source_value"": ""Sixplex Tandem Mass Tag\u00ae""}, {""fraction_modified"": null, ""raw_stem"": null, ""scope"": ""study"", ""source"": ""technical_agent"", ""source_path"": ""TechnicalAgent.modification.resolved[0]"", ""source_value"": ""Sixplex Tandem Mass Tag\u00ae""}, {""fraction_modified"": 0.562113, ""raw_stem"": ""20181010-RH_SK_Prot_15ul"", ""scope"": ""assay"", ""source"": ""ptm_shepherd"", ""source_path"": ""modification_site_fractions.dda_closed_search.per_sample_files.20181010-RH_SK_Prot_15ul.data[0]"", ""source_value"": ""Sixplex Tandem Mass Tag\u00ae""}]"
19	PXD012337-Sample-19	modification	comment[modification parameters]	NT=Iodoacetamide derivative;AC=UNIMOD:4;MT=?;TA=CDEHKMSTUY,N-term	technical_agent;ptm_shepherd	Iodoacetamide derivative | Iodoacetamide derivative | Iodoacetamide derivative							normalized_source_union	derived	"[{""fraction_modified"": null, ""raw_stem"": null, ""scope"": ""study"", ""source"": ""technical_agent"", ""source_path"": ""TechnicalAgent.ptm.resolved[1]"", ""source_value"": ""Iodoacetamide derivative""}, {""fraction_modified"": null, ""raw_stem"": null, ""scope"": ""study"", ""source"": ""technical_agent"", ""source_path"": ""TechnicalAgent.modification.resolved[1]"", ""source_value"": ""Iodoacetamide derivative""}, {""fraction_modified"": 0.06096, ""raw_stem"": ""20181010-RH_SK_Prot_15ul"", ""scope"": ""assay"", ""source"": ""ptm_shepherd"", ""source_path"": ""modification_site_fractions.dda_closed_search.per_sample_files.20181010-RH_SK_Prot_15ul.data[1]"", ""source_value"": ""Iodoacetamide derivative""}]"
19	PXD012337-Sample-19	modification	comment[modification parameters]	NT=ubiquitinylation residue;AC=UNIMOD:121;MT=?;TA=CKST	technical_agent;ptm_shepherd	ubiquitinylation residue | ubiquitinylation residue | ubiquitinylation residue							normalized_source_union	derived	"[{""fraction_modified"": null, ""raw_stem"": null, ""scope"": ""study"", ""source"": ""technical_agent"", ""source_path"": ""TechnicalAgent.ptm.resolved[2]"", ""source_value"": ""ubiquitinylation residue""}, {""fraction_modified"": null, ""raw_stem"": null, ""scope"": ""study"", ""source"": ""technical_agent"", ""source_path"": ""TechnicalAgent.modification.resolved[2]"", ""source_value"": ""ubiquitinylation residue""}, {""fraction_modified"": 0.050088, ""raw_stem"": ""20181010-RH_SK_Prot_15ul"", ""scope"": ""assay"", ""source"": ""ptm_shepherd"", ""source_path"": ""modification_site_fractions.dda_closed_search.per_sample_files.20181010-RH_SK_Prot_15ul.data[2]"", ""source_value"": ""ubiquitinylation residue""}]"
19	PXD012337-Sample-19	reduction_reagent	comment[reduction reagent]	dithiothreitol	derived								legacy_derivation	derived	[]
19	PXD012337-Sample-19	alkylation_reagent	comment[alkylation reagent]	iodoacetamide	derived								legacy_derivation	derived	[]
19	PXD012337-Sample-19	ms2_analyzer	comment[ms2 mass analyzer]	Orbitrap	technical_agent								source_precedence:technical_agent	derived	"[{""cv_accession"": null, ""cv_name"": null, ""metadata"": {}, ""scope"": ""study"", ""source"": ""technical_agent"", ""value"": ""Orbitrap""}]"
19	PXD012337-Sample-19	collision_energy	comment[collision energy]	NCE 33	derived								legacy_derivation	derived	[]
19	PXD012337-Sample-19	data_file	comment[data file]	20181010-RH_SK_Prot_15ul.raw	derived								legacy_derivation	derived	[]
19	PXD012337-Sample-19	sdrf_version	comment[sdrf version]	v1.1.0	derived								legacy_derivation	derived	[]
19	PXD012337-Sample-19	annotation_tool	comment[sdrf annotation tool]	HAMLET-agentic v2.2.5	derived								legacy_derivation	derived	[]
19	PXD012337-Sample-19	factor_disease	factor value[disease]	normal	derived								legacy_derivation	derived	[]
20	PXD012337-Sample-20	source_name	source name	PXD012337-Sample-20	derived								legacy_derivation	derived	[]
20	PXD012337-Sample-20	organism	characteristics[organism]	Mus musculus	biological_agent	3T3-L1 cells, a mouse-derived pre-adipocyte model	AGREE	0.9999969601631165					source_precedence:biological_agent	derived	"[{""cv_accession"": null, ""cv_name"": ""Mus musculus"", ""metadata"": {""source_field"": ""species""}, ""scope"": ""sample"", ""source"": ""biological_agent"", ""value"": ""Mus musculus""}]"
20	PXD012337-Sample-20	disease	characteristics[disease]	normal	biological_agent		LLM_ONLY	0.5					source_precedence:biological_agent	derived	"[{""cv_accession"": null, ""cv_name"": null, ""metadata"": {""source_field"": ""disease_state""}, ""scope"": ""sample"", ""source"": ""biological_agent"", ""value"": ""normal""}]"
20	PXD012337-Sample-20	cell_type	characteristics[cell type]	adipocytes	biological_agent	proteomic analyses with differentiated and treated 3T3-L1s	LLM_ONLY	0.5					source_precedence:biological_agent	derived	"[{""cv_accession"": null, ""cv_name"": null, ""metadata"": {""source_field"": ""cell_type""}, ""scope"": ""sample"", ""source"": ""biological_agent"", ""value"": ""adipocytes""}]"
20	PXD012337-Sample-20	cell_line	characteristics[cell line]	3T3-L1	biological_agent	proteomic analyses with differentiated and treated 3T3-L1s	LLM_ONLY	0.5					source_precedence:biological_agent	derived	"[{""cv_accession"": null, ""cv_name"": null, ""metadata"": {""source_field"": ""cell_line""}, ""scope"": ""sample"", ""source"": ""biological_agent"", ""value"": ""3T3-L1""}]"
20	PXD012337-Sample-20	assay_name	assay name	run 2	derived								legacy_derivation	derived	[]
20	PXD012337-Sample-20	technology_type	technology type	proteomic profiling by mass spectrometry	derived								legacy_derivation	derived	[]
20	PXD012337-Sample-20	acquisition	comment[proteomics data acquisition method]	NT=data-dependent acquisition;AC=PRIDE:0000627	runassessor								source_precedence:runassessor	derived	"[{""cv_accession"": null, ""cv_name"": null, ""metadata"": {""source_path"": ""runAssessor.files.PXD012337/20181010-RH_SK_Prot_15ul.mzML.spectra_stats.acquisition_type""}, ""scope"": ""assay"", ""source"": ""runassessor"", ""value"": ""DDA""}]"
20	PXD012337-Sample-20	label	comment[label]	TMT131	technical_agent								source_precedence:technical_agent	derived	"[{""cv_accession"": null, ""cv_name"": null, ""metadata"": {}, ""scope"": ""study"", ""source"": ""technical_agent"", ""value"": ""TMT10plex""}]"
20	PXD012337-Sample-20	instrument	comment[instrument]	NT=Q Exactive HF-X;AC=MS:1002877	runassessor				high	False	False		source_precedence:runassessor	derived	"[{""cv_accession"": ""MS:1002877"", ""cv_name"": ""Q Exactive HF-X"", ""metadata"": {""source_path"": ""runAssessor.files.PXD012337/20181010-RH_SK_Prot_15ul.mzML.instrument_model.name""}, ""scope"": ""assay"", ""source"": ""runassessor"", ""value"": ""Q Exactive HF-X""}, {""cv_accession"": null, ""cv_name"": null, ""metadata"": {}, ""scope"": ""study"", ""source"": ""technical_agent"", ""value"": ""Q Exactive HF-X""}]"
20	PXD012337-Sample-20	cleavage_agent	comment[cleavage agent details]	NT=Trypsin;AC=MS:1001251	derived								legacy_derivation	derived	[]
20	PXD012337-Sample-20	dissociation	comment[dissociation method]	NT=beam-type collision-induced dissociation;AC=MS:1000422	runassessor								source_precedence:runassessor	derived	"[{""cv_accession"": null, ""cv_name"": null, ""metadata"": {""source_path"": ""runAssessor.files.PXD012337/20181010-RH_SK_Prot_15ul.mzML.spectra_stats.fragmentation_type""}, ""scope"": ""assay"", ""source"": ""runassessor"", ""value"": ""HR_HCD""}]"
20	PXD012337-Sample-20	factor_value	factor value[experimental design]	treatment (Vh, Rosi, TPhP), diet (low fat diet, high fat diet)	experimental_design_agent	During differentiation, cells were treated with Vh (DMSO), Rosi (20 μM), or TPhP (20 μM).	LLM_ONLY	0.5	medium	False	False	treatment (Vh, Rosi, TPhP), diet (low fat diet, high fat diet)	source_precedence:experimental_design_agent	derived	"[{""cv_accession"": null, ""cv_name"": null, ""metadata"": {""source_field"": ""factor_value""}, ""scope"": ""study"", ""source"": ""experimental_design_agent"", ""value"": ""treatment (Vh, Rosi, TPhP)""}]"
20	PXD012337-Sample-20	modification	comment[modification parameters]	NT=phosphorylated residue;AC=MOD:00696;MT=?	pride	phosphorylated residue							normalized_source_union	derived	"[{""fraction_modified"": null, ""raw_stem"": null, ""scope"": ""study"", ""source"": ""pride"", ""source_path"": ""pride_metadata.project.identifiedPTMStrings[0]"", ""source_value"": ""phosphorylated residue""}]"
20	PXD012337-Sample-20	modification	comment[modification parameters]	NT=Sixplex Tandem Mass Tag®;AC=UNIMOD:737;MT=?;TA=HKSTY,N-term	technical_agent;ptm_shepherd	Sixplex Tandem Mass Tag® | Sixplex Tandem Mass Tag® | Sixplex Tandem Mass Tag®							normalized_source_union	derived	"[{""fraction_modified"": null, ""raw_stem"": null, ""scope"": ""study"", ""source"": ""technical_agent"", ""source_path"": ""TechnicalAgent.ptm.resolved[0]"", ""source_value"": ""Sixplex Tandem Mass Tag\u00ae""}, {""fraction_modified"": null, ""raw_stem"": null, ""scope"": ""study"", ""source"": ""technical_agent"", ""source_path"": ""TechnicalAgent.modification.resolved[0]"", ""source_value"": ""Sixplex Tandem Mass Tag\u00ae""}, {""fraction_modified"": 0.562113, ""raw_stem"": ""20181010-RH_SK_Prot_15ul"", ""scope"": ""assay"", ""source"": ""ptm_shepherd"", ""source_path"": ""modification_site_fractions.dda_closed_search.per_sample_files.20181010-RH_SK_Prot_15ul.data[0]"", ""source_value"": ""Sixplex Tandem Mass Tag\u00ae""}]"
20	PXD012337-Sample-20	modification	comment[modification parameters]	NT=Iodoacetamide derivative;AC=UNIMOD:4;MT=?;TA=CDEHKMSTUY,N-term	technical_agent;ptm_shepherd	Iodoacetamide derivative | Iodoacetamide derivative | Iodoacetamide derivative							normalized_source_union	derived	"[{""fraction_modified"": null, ""raw_stem"": null, ""scope"": ""study"", ""source"": ""technical_agent"", ""source_path"": ""TechnicalAgent.ptm.resolved[1]"", ""source_value"": ""Iodoacetamide derivative""}, {""fraction_modified"": null, ""raw_stem"": null, ""scope"": ""study"", ""source"": ""technical_agent"", ""source_path"": ""TechnicalAgent.modification.resolved[1]"", ""source_value"": ""Iodoacetamide derivative""}, {""fraction_modified"": 0.06096, ""raw_stem"": ""20181010-RH_SK_Prot_15ul"", ""scope"": ""assay"", ""source"": ""ptm_shepherd"", ""source_path"": ""modification_site_fractions.dda_closed_search.per_sample_files.20181010-RH_SK_Prot_15ul.data[1]"", ""source_value"": ""Iodoacetamide derivative""}]"
20	PXD012337-Sample-20	modification	comment[modification parameters]	NT=ubiquitinylation residue;AC=UNIMOD:121;MT=?;TA=CKST	technical_agent;ptm_shepherd	ubiquitinylation residue | ubiquitinylation residue | ubiquitinylation residue							normalized_source_union	derived	"[{""fraction_modified"": null, ""raw_stem"": null, ""scope"": ""study"", ""source"": ""technical_agent"", ""source_path"": ""TechnicalAgent.ptm.resolved[2]"", ""source_value"": ""ubiquitinylation residue""}, {""fraction_modified"": null, ""raw_stem"": null, ""scope"": ""study"", ""source"": ""technical_agent"", ""source_path"": ""TechnicalAgent.modification.resolved[2]"", ""source_value"": ""ubiquitinylation residue""}, {""fraction_modified"": 0.050088, ""raw_stem"": ""20181010-RH_SK_Prot_15ul"", ""scope"": ""assay"", ""source"": ""ptm_shepherd"", ""source_path"": ""modification_site_fractions.dda_closed_search.per_sample_files.20181010-RH_SK_Prot_15ul.data[2]"", ""source_value"": ""ubiquitinylation residue""}]"
20	PXD012337-Sample-20	reduction_reagent	comment[reduction reagent]	dithiothreitol	derived								legacy_derivation	derived	[]
20	PXD012337-Sample-20	alkylation_reagent	comment[alkylation reagent]	iodoacetamide	derived								legacy_derivation	derived	[]
20	PXD012337-Sample-20	ms2_analyzer	comment[ms2 mass analyzer]	Orbitrap	technical_agent								source_precedence:technical_agent	derived	"[{""cv_accession"": null, ""cv_name"": null, ""metadata"": {}, ""scope"": ""study"", ""source"": ""technical_agent"", ""value"": ""Orbitrap""}]"
20	PXD012337-Sample-20	collision_energy	comment[collision energy]	NCE 33	derived								legacy_derivation	derived	[]
20	PXD012337-Sample-20	data_file	comment[data file]	20181010-RH_SK_Prot_15ul.raw	derived								legacy_derivation	derived	[]
20	PXD012337-Sample-20	sdrf_version	comment[sdrf version]	v1.1.0	derived								legacy_derivation	derived	[]
20	PXD012337-Sample-20	annotation_tool	comment[sdrf annotation tool]	HAMLET-agentic v2.2.5	derived								legacy_derivation	derived	[]
20	PXD012337-Sample-20	factor_disease	factor value[disease]	normal	derived								legacy_derivation	derived	[]
21	PXD012337-Sample-21	source_name	source name	PXD012337-Sample-21	derived								legacy_derivation	derived	[]
21	PXD012337-Sample-21	organism	characteristics[organism]	Mus musculus	biological_agent	3T3-L1 cells, a mouse-derived pre-adipocyte model	AGREE	0.9999969601631165					source_precedence:biological_agent	derived	"[{""cv_accession"": null, ""cv_name"": ""Mus musculus"", ""metadata"": {""source_field"": ""species""}, ""scope"": ""sample"", ""source"": ""biological_agent"", ""value"": ""Mus musculus""}]"
21	PXD012337-Sample-21	disease	characteristics[disease]	normal	biological_agent		LLM_ONLY	0.5					source_precedence:biological_agent	derived	"[{""cv_accession"": null, ""cv_name"": null, ""metadata"": {""source_field"": ""disease_state""}, ""scope"": ""sample"", ""source"": ""biological_agent"", ""value"": ""normal""}]"
21	PXD012337-Sample-21	cell_type	characteristics[cell type]	adipocytes	biological_agent	proteomic analyses with differentiated and treated 3T3-L1s	LLM_ONLY	0.5					source_precedence:biological_agent	derived	"[{""cv_accession"": null, ""cv_name"": null, ""metadata"": {""source_field"": ""cell_type""}, ""scope"": ""sample"", ""source"": ""biological_agent"", ""value"": ""adipocytes""}]"
21	PXD012337-Sample-21	cell_line	characteristics[cell line]	3T3-L1	biological_agent	proteomic analyses with differentiated and treated 3T3-L1s	LLM_ONLY	0.5					source_precedence:biological_agent	derived	"[{""cv_accession"": null, ""cv_name"": null, ""metadata"": {""source_field"": ""cell_line""}, ""scope"": ""sample"", ""source"": ""biological_agent"", ""value"": ""3T3-L1""}]"
21	PXD012337-Sample-21	assay_name	assay name	run 3	derived								legacy_derivation	derived	[]
21	PXD012337-Sample-21	technology_type	technology type	proteomic profiling by mass spectrometry	derived								legacy_derivation	derived	[]
21	PXD012337-Sample-21	acquisition	comment[proteomics data acquisition method]	NT=data-dependent acquisition;AC=PRIDE:0000627	runassessor								source_precedence:runassessor	derived	"[{""cv_accession"": null, ""cv_name"": null, ""metadata"": {""source_path"": ""runAssessor.files.PXD012337/20180924_RH_SK_Phospho.mzML.spectra_stats.acquisition_type""}, ""scope"": ""assay"", ""source"": ""runassessor"", ""value"": ""DDA""}]"
21	PXD012337-Sample-21	label	comment[label]	TMT126	technical_agent								source_precedence:technical_agent	derived	"[{""cv_accession"": null, ""cv_name"": null, ""metadata"": {}, ""scope"": ""study"", ""source"": ""technical_agent"", ""value"": ""TMT10plex""}]"
21	PXD012337-Sample-21	instrument	comment[instrument]	NT=Q Exactive HF-X;AC=MS:1002877	runassessor				high	False	False		source_precedence:runassessor	derived	"[{""cv_accession"": ""MS:1002877"", ""cv_name"": ""Q Exactive HF-X"", ""metadata"": {""source_path"": ""runAssessor.files.PXD012337/20180924_RH_SK_Phospho.mzML.instrument_model.name""}, ""scope"": ""assay"", ""source"": ""runassessor"", ""value"": ""Q Exactive HF-X""}, {""cv_accession"": null, ""cv_name"": null, ""metadata"": {}, ""scope"": ""study"", ""source"": ""technical_agent"", ""value"": ""Q Exactive HF-X""}]"
21	PXD012337-Sample-21	cleavage_agent	comment[cleavage agent details]	NT=Trypsin;AC=MS:1001251	derived								legacy_derivation	derived	[]
21	PXD012337-Sample-21	dissociation	comment[dissociation method]	NT=beam-type collision-induced dissociation;AC=MS:1000422	runassessor								source_precedence:runassessor	derived	"[{""cv_accession"": null, ""cv_name"": null, ""metadata"": {""source_path"": ""runAssessor.files.PXD012337/20180924_RH_SK_Phospho.mzML.spectra_stats.fragmentation_type""}, ""scope"": ""assay"", ""source"": ""runassessor"", ""value"": ""HR_HCD""}]"
21	PXD012337-Sample-21	factor_value	factor value[experimental design]	treatment (Vh, Rosi, TPhP), diet (low fat diet, high fat diet)	experimental_design_agent	During differentiation, cells were treated with Vh (DMSO), Rosi (20 μM), or TPhP (20 μM).	LLM_ONLY	0.5	medium	False	False	treatment (Vh, Rosi, TPhP), diet (low fat diet, high fat diet)	source_precedence:experimental_design_agent	derived	"[{""cv_accession"": null, ""cv_name"": null, ""metadata"": {""source_field"": ""factor_value""}, ""scope"": ""study"", ""source"": ""experimental_design_agent"", ""value"": ""treatment (Vh, Rosi, TPhP)""}]"
21	PXD012337-Sample-21	modification	comment[modification parameters]	NT=phosphorylated residue;AC=MOD:00696;MT=?	pride	phosphorylated residue							normalized_source_union	derived	"[{""fraction_modified"": null, ""raw_stem"": null, ""scope"": ""study"", ""source"": ""pride"", ""source_path"": ""pride_metadata.project.identifiedPTMStrings[0]"", ""source_value"": ""phosphorylated residue""}]"
21	PXD012337-Sample-21	modification	comment[modification parameters]	NT=Sixplex Tandem Mass Tag®;AC=UNIMOD:737;MT=?;TA=HKSTY,N-term	technical_agent;ptm_shepherd	Sixplex Tandem Mass Tag® | Sixplex Tandem Mass Tag® | Sixplex Tandem Mass Tag®							normalized_source_union	derived	"[{""fraction_modified"": null, ""raw_stem"": null, ""scope"": ""study"", ""source"": ""technical_agent"", ""source_path"": ""TechnicalAgent.ptm.resolved[0]"", ""source_value"": ""Sixplex Tandem Mass Tag\u00ae""}, {""fraction_modified"": null, ""raw_stem"": null, ""scope"": ""study"", ""source"": ""technical_agent"", ""source_path"": ""TechnicalAgent.modification.resolved[0]"", ""source_value"": ""Sixplex Tandem Mass Tag\u00ae""}, {""fraction_modified"": 0.289029, ""raw_stem"": ""20180924_RH_SK_Phospho"", ""scope"": ""assay"", ""source"": ""ptm_shepherd"", ""source_path"": ""modification_site_fractions.dda_closed_search.per_sample_files.20180924_RH_SK_Phospho.data[0]"", ""source_value"": ""Sixplex Tandem Mass Tag\u00ae""}]"
21	PXD012337-Sample-21	modification	comment[modification parameters]	NT=Iodoacetamide derivative;AC=UNIMOD:4;MT=?;TA=CDEHKMSTUY,N-term	technical_agent;ptm_shepherd	Iodoacetamide derivative | Iodoacetamide derivative | Iodoacetamide derivative							normalized_source_union	derived	"[{""fraction_modified"": null, ""raw_stem"": null, ""scope"": ""study"", ""source"": ""technical_agent"", ""source_path"": ""TechnicalAgent.ptm.resolved[1]"", ""source_value"": ""Iodoacetamide derivative""}, {""fraction_modified"": null, ""raw_stem"": null, ""scope"": ""study"", ""source"": ""technical_agent"", ""source_path"": ""TechnicalAgent.modification.resolved[1]"", ""source_value"": ""Iodoacetamide derivative""}, {""fraction_modified"": 0.105785, ""raw_stem"": ""20180924_RH_SK_Phospho"", ""scope"": ""assay"", ""source"": ""ptm_shepherd"", ""source_path"": ""modification_site_fractions.dda_closed_search.per_sample_files.20180924_RH_SK_Phospho.data[1]"", ""source_value"": ""Iodoacetamide derivative""}]"
21	PXD012337-Sample-21	modification	comment[modification parameters]	NT=ubiquitinylation residue;AC=UNIMOD:121;MT=?;TA=CKST	technical_agent;ptm_shepherd	ubiquitinylation residue | ubiquitinylation residue | ubiquitinylation residue							normalized_source_union	derived	"[{""fraction_modified"": null, ""raw_stem"": null, ""scope"": ""study"", ""source"": ""technical_agent"", ""source_path"": ""TechnicalAgent.ptm.resolved[2]"", ""source_value"": ""ubiquitinylation residue""}, {""fraction_modified"": null, ""raw_stem"": null, ""scope"": ""study"", ""source"": ""technical_agent"", ""source_path"": ""TechnicalAgent.modification.resolved[2]"", ""source_value"": ""ubiquitinylation residue""}, {""fraction_modified"": 0.064578, ""raw_stem"": ""20180924_RH_SK_Phospho"", ""scope"": ""assay"", ""source"": ""ptm_shepherd"", ""source_path"": ""modification_site_fractions.dda_closed_search.per_sample_files.20180924_RH_SK_Phospho.data[2]"", ""source_value"": ""ubiquitinylation residue""}]"
21	PXD012337-Sample-21	reduction_reagent	comment[reduction reagent]	dithiothreitol	derived								legacy_derivation	derived	[]
21	PXD012337-Sample-21	alkylation_reagent	comment[alkylation reagent]	iodoacetamide	derived								legacy_derivation	derived	[]
21	PXD012337-Sample-21	ms2_analyzer	comment[ms2 mass analyzer]	Orbitrap	technical_agent								source_precedence:technical_agent	derived	"[{""cv_accession"": null, ""cv_name"": null, ""metadata"": {}, ""scope"": ""study"", ""source"": ""technical_agent"", ""value"": ""Orbitrap""}]"
21	PXD012337-Sample-21	collision_energy	comment[collision energy]	NCE 33	derived								legacy_derivation	derived	[]
21	PXD012337-Sample-21	data_file	comment[data file]	20180924_RH_SK_Phospho.raw	derived								legacy_derivation	derived	[]
21	PXD012337-Sample-21	sdrf_version	comment[sdrf version]	v1.1.0	derived								legacy_derivation	derived	[]
21	PXD012337-Sample-21	annotation_tool	comment[sdrf annotation tool]	HAMLET-agentic v2.2.5	derived								legacy_derivation	derived	[]
21	PXD012337-Sample-21	factor_disease	factor value[disease]	normal	derived								legacy_derivation	derived	[]
22	PXD012337-Sample-22	source_name	source name	PXD012337-Sample-22	derived								legacy_derivation	derived	[]
22	PXD012337-Sample-22	organism	characteristics[organism]	Mus musculus	biological_agent	3T3-L1 cells, a mouse-derived pre-adipocyte model	AGREE	0.9999969601631165					source_precedence:biological_agent	derived	"[{""cv_accession"": null, ""cv_name"": ""Mus musculus"", ""metadata"": {""source_field"": ""species""}, ""scope"": ""sample"", ""source"": ""biological_agent"", ""value"": ""Mus musculus""}]"
22	PXD012337-Sample-22	disease	characteristics[disease]	normal	biological_agent		LLM_ONLY	0.5					source_precedence:biological_agent	derived	"[{""cv_accession"": null, ""cv_name"": null, ""metadata"": {""source_field"": ""disease_state""}, ""scope"": ""sample"", ""source"": ""biological_agent"", ""value"": ""normal""}]"
22	PXD012337-Sample-22	cell_type	characteristics[cell type]	adipocytes	biological_agent	proteomic analyses with differentiated and treated 3T3-L1s	LLM_ONLY	0.5					source_precedence:biological_agent	derived	"[{""cv_accession"": null, ""cv_name"": null, ""metadata"": {""source_field"": ""cell_type""}, ""scope"": ""sample"", ""source"": ""biological_agent"", ""value"": ""adipocytes""}]"
22	PXD012337-Sample-22	cell_line	characteristics[cell line]	3T3-L1	biological_agent	proteomic analyses with differentiated and treated 3T3-L1s	LLM_ONLY	0.5					source_precedence:biological_agent	derived	"[{""cv_accession"": null, ""cv_name"": null, ""metadata"": {""source_field"": ""cell_line""}, ""scope"": ""sample"", ""source"": ""biological_agent"", ""value"": ""3T3-L1""}]"
22	PXD012337-Sample-22	assay_name	assay name	run 3	derived								legacy_derivation	derived	[]
22	PXD012337-Sample-22	technology_type	technology type	proteomic profiling by mass spectrometry	derived								legacy_derivation	derived	[]
22	PXD012337-Sample-22	acquisition	comment[proteomics data acquisition method]	NT=data-dependent acquisition;AC=PRIDE:0000627	runassessor								source_precedence:runassessor	derived	"[{""cv_accession"": null, ""cv_name"": null, ""metadata"": {""source_path"": ""runAssessor.files.PXD012337/20180924_RH_SK_Phospho.mzML.spectra_stats.acquisition_type""}, ""scope"": ""assay"", ""source"": ""runassessor"", ""value"": ""DDA""}]"
22	PXD012337-Sample-22	label	comment[label]	TMT127N	technical_agent								source_precedence:technical_agent	derived	"[{""cv_accession"": null, ""cv_name"": null, ""metadata"": {}, ""scope"": ""study"", ""source"": ""technical_agent"", ""value"": ""TMT10plex""}]"
22	PXD012337-Sample-22	instrument	comment[instrument]	NT=Q Exactive HF-X;AC=MS:1002877	runassessor				high	False	False		source_precedence:runassessor	derived	"[{""cv_accession"": ""MS:1002877"", ""cv_name"": ""Q Exactive HF-X"", ""metadata"": {""source_path"": ""runAssessor.files.PXD012337/20180924_RH_SK_Phospho.mzML.instrument_model.name""}, ""scope"": ""assay"", ""source"": ""runassessor"", ""value"": ""Q Exactive HF-X""}, {""cv_accession"": null, ""cv_name"": null, ""metadata"": {}, ""scope"": ""study"", ""source"": ""technical_agent"", ""value"": ""Q Exactive HF-X""}]"
22	PXD012337-Sample-22	cleavage_agent	comment[cleavage agent details]	NT=Trypsin;AC=MS:1001251	derived								legacy_derivation	derived	[]
22	PXD012337-Sample-22	dissociation	comment[dissociation method]	NT=beam-type collision-induced dissociation;AC=MS:1000422	runassessor								source_precedence:runassessor	derived	"[{""cv_accession"": null, ""cv_name"": null, ""metadata"": {""source_path"": ""runAssessor.files.PXD012337/20180924_RH_SK_Phospho.mzML.spectra_stats.fragmentation_type""}, ""scope"": ""assay"", ""source"": ""runassessor"", ""value"": ""HR_HCD""}]"
22	PXD012337-Sample-22	factor_value	factor value[experimental design]	treatment (Vh, Rosi, TPhP), diet (low fat diet, high fat diet)	experimental_design_agent	During differentiation, cells were treated with Vh (DMSO), Rosi (20 μM), or TPhP (20 μM).	LLM_ONLY	0.5	medium	False	False	treatment (Vh, Rosi, TPhP), diet (low fat diet, high fat diet)	source_precedence:experimental_design_agent	derived	"[{""cv_accession"": null, ""cv_name"": null, ""metadata"": {""source_field"": ""factor_value""}, ""scope"": ""study"", ""source"": ""experimental_design_agent"", ""value"": ""treatment (Vh, Rosi, TPhP)""}]"
22	PXD012337-Sample-22	modification	comment[modification parameters]	NT=phosphorylated residue;AC=MOD:00696;MT=?	pride	phosphorylated residue							normalized_source_union	derived	"[{""fraction_modified"": null, ""raw_stem"": null, ""scope"": ""study"", ""source"": ""pride"", ""source_path"": ""pride_metadata.project.identifiedPTMStrings[0]"", ""source_value"": ""phosphorylated residue""}]"
22	PXD012337-Sample-22	modification	comment[modification parameters]	NT=Sixplex Tandem Mass Tag®;AC=UNIMOD:737;MT=?;TA=HKSTY,N-term	technical_agent;ptm_shepherd	Sixplex Tandem Mass Tag® | Sixplex Tandem Mass Tag® | Sixplex Tandem Mass Tag®							normalized_source_union	derived	"[{""fraction_modified"": null, ""raw_stem"": null, ""scope"": ""study"", ""source"": ""technical_agent"", ""source_path"": ""TechnicalAgent.ptm.resolved[0]"", ""source_value"": ""Sixplex Tandem Mass Tag\u00ae""}, {""fraction_modified"": null, ""raw_stem"": null, ""scope"": ""study"", ""source"": ""technical_agent"", ""source_path"": ""TechnicalAgent.modification.resolved[0]"", ""source_value"": ""Sixplex Tandem Mass Tag\u00ae""}, {""fraction_modified"": 0.289029, ""raw_stem"": ""20180924_RH_SK_Phospho"", ""scope"": ""assay"", ""source"": ""ptm_shepherd"", ""source_path"": ""modification_site_fractions.dda_closed_search.per_sample_files.20180924_RH_SK_Phospho.data[0]"", ""source_value"": ""Sixplex Tandem Mass Tag\u00ae""}]"
22	PXD012337-Sample-22	modification	comment[modification parameters]	NT=Iodoacetamide derivative;AC=UNIMOD:4;MT=?;TA=CDEHKMSTUY,N-term	technical_agent;ptm_shepherd	Iodoacetamide derivative | Iodoacetamide derivative | Iodoacetamide derivative							normalized_source_union	derived	"[{""fraction_modified"": null, ""raw_stem"": null, ""scope"": ""study"", ""source"": ""technical_agent"", ""source_path"": ""TechnicalAgent.ptm.resolved[1]"", ""source_value"": ""Iodoacetamide derivative""}, {""fraction_modified"": null, ""raw_stem"": null, ""scope"": ""study"", ""source"": ""technical_agent"", ""source_path"": ""TechnicalAgent.modification.resolved[1]"", ""source_value"": ""Iodoacetamide derivative""}, {""fraction_modified"": 0.105785, ""raw_stem"": ""20180924_RH_SK_Phospho"", ""scope"": ""assay"", ""source"": ""ptm_shepherd"", ""source_path"": ""modification_site_fractions.dda_closed_search.per_sample_files.20180924_RH_SK_Phospho.data[1]"", ""source_value"": ""Iodoacetamide derivative""}]"
22	PXD012337-Sample-22	modification	comment[modification parameters]	NT=ubiquitinylation residue;AC=UNIMOD:121;MT=?;TA=CKST	technical_agent;ptm_shepherd	ubiquitinylation residue | ubiquitinylation residue | ubiquitinylation residue							normalized_source_union	derived	"[{""fraction_modified"": null, ""raw_stem"": null, ""scope"": ""study"", ""source"": ""technical_agent"", ""source_path"": ""TechnicalAgent.ptm.resolved[2]"", ""source_value"": ""ubiquitinylation residue""}, {""fraction_modified"": null, ""raw_stem"": null, ""scope"": ""study"", ""source"": ""technical_agent"", ""source_path"": ""TechnicalAgent.modification.resolved[2]"", ""source_value"": ""ubiquitinylation residue""}, {""fraction_modified"": 0.064578, ""raw_stem"": ""20180924_RH_SK_Phospho"", ""scope"": ""assay"", ""source"": ""ptm_shepherd"", ""source_path"": ""modification_site_fractions.dda_closed_search.per_sample_files.20180924_RH_SK_Phospho.data[2]"", ""source_value"": ""ubiquitinylation residue""}]"
22	PXD012337-Sample-22	reduction_reagent	comment[reduction reagent]	dithiothreitol	derived								legacy_derivation	derived	[]
22	PXD012337-Sample-22	alkylation_reagent	comment[alkylation reagent]	iodoacetamide	derived								legacy_derivation	derived	[]
22	PXD012337-Sample-22	ms2_analyzer	comment[ms2 mass analyzer]	Orbitrap	technical_agent								source_precedence:technical_agent	derived	"[{""cv_accession"": null, ""cv_name"": null, ""metadata"": {}, ""scope"": ""study"", ""source"": ""technical_agent"", ""value"": ""Orbitrap""}]"
22	PXD012337-Sample-22	collision_energy	comment[collision energy]	NCE 33	derived								legacy_derivation	derived	[]
22	PXD012337-Sample-22	data_file	comment[data file]	20180924_RH_SK_Phospho.raw	derived								legacy_derivation	derived	[]
22	PXD012337-Sample-22	sdrf_version	comment[sdrf version]	v1.1.0	derived								legacy_derivation	derived	[]
22	PXD012337-Sample-22	annotation_tool	comment[sdrf annotation tool]	HAMLET-agentic v2.2.5	derived								legacy_derivation	derived	[]
22	PXD012337-Sample-22	factor_disease	factor value[disease]	normal	derived								legacy_derivation	derived	[]
23	PXD012337-Sample-23	source_name	source name	PXD012337-Sample-23	derived								legacy_derivation	derived	[]
23	PXD012337-Sample-23	organism	characteristics[organism]	Mus musculus	biological_agent	3T3-L1 cells, a mouse-derived pre-adipocyte model	AGREE	0.9999969601631165					source_precedence:biological_agent	derived	"[{""cv_accession"": null, ""cv_name"": ""Mus musculus"", ""metadata"": {""source_field"": ""species""}, ""scope"": ""sample"", ""source"": ""biological_agent"", ""value"": ""Mus musculus""}]"
23	PXD012337-Sample-23	disease	characteristics[disease]	normal	biological_agent		LLM_ONLY	0.5					source_precedence:biological_agent	derived	"[{""cv_accession"": null, ""cv_name"": null, ""metadata"": {""source_field"": ""disease_state""}, ""scope"": ""sample"", ""source"": ""biological_agent"", ""value"": ""normal""}]"
23	PXD012337-Sample-23	cell_type	characteristics[cell type]	adipocytes	biological_agent	proteomic analyses with differentiated and treated 3T3-L1s	LLM_ONLY	0.5					source_precedence:biological_agent	derived	"[{""cv_accession"": null, ""cv_name"": null, ""metadata"": {""source_field"": ""cell_type""}, ""scope"": ""sample"", ""source"": ""biological_agent"", ""value"": ""adipocytes""}]"
23	PXD012337-Sample-23	cell_line	characteristics[cell line]	3T3-L1	biological_agent	proteomic analyses with differentiated and treated 3T3-L1s	LLM_ONLY	0.5					source_precedence:biological_agent	derived	"[{""cv_accession"": null, ""cv_name"": null, ""metadata"": {""source_field"": ""cell_line""}, ""scope"": ""sample"", ""source"": ""biological_agent"", ""value"": ""3T3-L1""}]"
23	PXD012337-Sample-23	assay_name	assay name	run 3	derived								legacy_derivation	derived	[]
23	PXD012337-Sample-23	technology_type	technology type	proteomic profiling by mass spectrometry	derived								legacy_derivation	derived	[]
23	PXD012337-Sample-23	acquisition	comment[proteomics data acquisition method]	NT=data-dependent acquisition;AC=PRIDE:0000627	runassessor								source_precedence:runassessor	derived	"[{""cv_accession"": null, ""cv_name"": null, ""metadata"": {""source_path"": ""runAssessor.files.PXD012337/20180924_RH_SK_Phospho.mzML.spectra_stats.acquisition_type""}, ""scope"": ""assay"", ""source"": ""runassessor"", ""value"": ""DDA""}]"
23	PXD012337-Sample-23	label	comment[label]	TMT127C	technical_agent								source_precedence:technical_agent	derived	"[{""cv_accession"": null, ""cv_name"": null, ""metadata"": {}, ""scope"": ""study"", ""source"": ""technical_agent"", ""value"": ""TMT10plex""}]"
23	PXD012337-Sample-23	instrument	comment[instrument]	NT=Q Exactive HF-X;AC=MS:1002877	runassessor				high	False	False		source_precedence:runassessor	derived	"[{""cv_accession"": ""MS:1002877"", ""cv_name"": ""Q Exactive HF-X"", ""metadata"": {""source_path"": ""runAssessor.files.PXD012337/20180924_RH_SK_Phospho.mzML.instrument_model.name""}, ""scope"": ""assay"", ""source"": ""runassessor"", ""value"": ""Q Exactive HF-X""}, {""cv_accession"": null, ""cv_name"": null, ""metadata"": {}, ""scope"": ""study"", ""source"": ""technical_agent"", ""value"": ""Q Exactive HF-X""}]"
23	PXD012337-Sample-23	cleavage_agent	comment[cleavage agent details]	NT=Trypsin;AC=MS:1001251	derived								legacy_derivation	derived	[]
23	PXD012337-Sample-23	dissociation	comment[dissociation method]	NT=beam-type collision-induced dissociation;AC=MS:1000422	runassessor								source_precedence:runassessor	derived	"[{""cv_accession"": null, ""cv_name"": null, ""metadata"": {""source_path"": ""runAssessor.files.PXD012337/20180924_RH_SK_Phospho.mzML.spectra_stats.fragmentation_type""}, ""scope"": ""assay"", ""source"": ""runassessor"", ""value"": ""HR_HCD""}]"
23	PXD012337-Sample-23	factor_value	factor value[experimental design]	treatment (Vh, Rosi, TPhP), diet (low fat diet, high fat diet)	experimental_design_agent	During differentiation, cells were treated with Vh (DMSO), Rosi (20 μM), or TPhP (20 μM).	LLM_ONLY	0.5	medium	False	False	treatment (Vh, Rosi, TPhP), diet (low fat diet, high fat diet)	source_precedence:experimental_design_agent	derived	"[{""cv_accession"": null, ""cv_name"": null, ""metadata"": {""source_field"": ""factor_value""}, ""scope"": ""study"", ""source"": ""experimental_design_agent"", ""value"": ""treatment (Vh, Rosi, TPhP)""}]"
23	PXD012337-Sample-23	modification	comment[modification parameters]	NT=phosphorylated residue;AC=MOD:00696;MT=?	pride	phosphorylated residue							normalized_source_union	derived	"[{""fraction_modified"": null, ""raw_stem"": null, ""scope"": ""study"", ""source"": ""pride"", ""source_path"": ""pride_metadata.project.identifiedPTMStrings[0]"", ""source_value"": ""phosphorylated residue""}]"
23	PXD012337-Sample-23	modification	comment[modification parameters]	NT=Sixplex Tandem Mass Tag®;AC=UNIMOD:737;MT=?;TA=HKSTY,N-term	technical_agent;ptm_shepherd	Sixplex Tandem Mass Tag® | Sixplex Tandem Mass Tag® | Sixplex Tandem Mass Tag®							normalized_source_union	derived	"[{""fraction_modified"": null, ""raw_stem"": null, ""scope"": ""study"", ""source"": ""technical_agent"", ""source_path"": ""TechnicalAgent.ptm.resolved[0]"", ""source_value"": ""Sixplex Tandem Mass Tag\u00ae""}, {""fraction_modified"": null, ""raw_stem"": null, ""scope"": ""study"", ""source"": ""technical_agent"", ""source_path"": ""TechnicalAgent.modification.resolved[0]"", ""source_value"": ""Sixplex Tandem Mass Tag\u00ae""}, {""fraction_modified"": 0.289029, ""raw_stem"": ""20180924_RH_SK_Phospho"", ""scope"": ""assay"", ""source"": ""ptm_shepherd"", ""source_path"": ""modification_site_fractions.dda_closed_search.per_sample_files.20180924_RH_SK_Phospho.data[0]"", ""source_value"": ""Sixplex Tandem Mass Tag\u00ae""}]"
23	PXD012337-Sample-23	modification	comment[modification parameters]	NT=Iodoacetamide derivative;AC=UNIMOD:4;MT=?;TA=CDEHKMSTUY,N-term	technical_agent;ptm_shepherd	Iodoacetamide derivative | Iodoacetamide derivative | Iodoacetamide derivative							normalized_source_union	derived	"[{""fraction_modified"": null, ""raw_stem"": null, ""scope"": ""study"", ""source"": ""technical_agent"", ""source_path"": ""TechnicalAgent.ptm.resolved[1]"", ""source_value"": ""Iodoacetamide derivative""}, {""fraction_modified"": null, ""raw_stem"": null, ""scope"": ""study"", ""source"": ""technical_agent"", ""source_path"": ""TechnicalAgent.modification.resolved[1]"", ""source_value"": ""Iodoacetamide derivative""}, {""fraction_modified"": 0.105785, ""raw_stem"": ""20180924_RH_SK_Phospho"", ""scope"": ""assay"", ""source"": ""ptm_shepherd"", ""source_path"": ""modification_site_fractions.dda_closed_search.per_sample_files.20180924_RH_SK_Phospho.data[1]"", ""source_value"": ""Iodoacetamide derivative""}]"
23	PXD012337-Sample-23	modification	comment[modification parameters]	NT=ubiquitinylation residue;AC=UNIMOD:121;MT=?;TA=CKST	technical_agent;ptm_shepherd	ubiquitinylation residue | ubiquitinylation residue | ubiquitinylation residue							normalized_source_union	derived	"[{""fraction_modified"": null, ""raw_stem"": null, ""scope"": ""study"", ""source"": ""technical_agent"", ""source_path"": ""TechnicalAgent.ptm.resolved[2]"", ""source_value"": ""ubiquitinylation residue""}, {""fraction_modified"": null, ""raw_stem"": null, ""scope"": ""study"", ""source"": ""technical_agent"", ""source_path"": ""TechnicalAgent.modification.resolved[2]"", ""source_value"": ""ubiquitinylation residue""}, {""fraction_modified"": 0.064578, ""raw_stem"": ""20180924_RH_SK_Phospho"", ""scope"": ""assay"", ""source"": ""ptm_shepherd"", ""source_path"": ""modification_site_fractions.dda_closed_search.per_sample_files.20180924_RH_SK_Phospho.data[2]"", ""source_value"": ""ubiquitinylation residue""}]"
23	PXD012337-Sample-23	reduction_reagent	comment[reduction reagent]	dithiothreitol	derived								legacy_derivation	derived	[]
23	PXD012337-Sample-23	alkylation_reagent	comment[alkylation reagent]	iodoacetamide	derived								legacy_derivation	derived	[]
23	PXD012337-Sample-23	ms2_analyzer	comment[ms2 mass analyzer]	Orbitrap	technical_agent								source_precedence:technical_agent	derived	"[{""cv_accession"": null, ""cv_name"": null, ""metadata"": {}, ""scope"": ""study"", ""source"": ""technical_agent"", ""value"": ""Orbitrap""}]"
23	PXD012337-Sample-23	collision_energy	comment[collision energy]	NCE 33	derived								legacy_derivation	derived	[]
23	PXD012337-Sample-23	data_file	comment[data file]	20180924_RH_SK_Phospho.raw	derived								legacy_derivation	derived	[]
23	PXD012337-Sample-23	sdrf_version	comment[sdrf version]	v1.1.0	derived								legacy_derivation	derived	[]
23	PXD012337-Sample-23	annotation_tool	comment[sdrf annotation tool]	HAMLET-agentic v2.2.5	derived								legacy_derivation	derived	[]
23	PXD012337-Sample-23	factor_disease	factor value[disease]	normal	derived								legacy_derivation	derived	[]
24	PXD012337-Sample-24	source_name	source name	PXD012337-Sample-24	derived								legacy_derivation	derived	[]
24	PXD012337-Sample-24	organism	characteristics[organism]	Mus musculus	biological_agent	3T3-L1 cells, a mouse-derived pre-adipocyte model	AGREE	0.9999969601631165					source_precedence:biological_agent	derived	"[{""cv_accession"": null, ""cv_name"": ""Mus musculus"", ""metadata"": {""source_field"": ""species""}, ""scope"": ""sample"", ""source"": ""biological_agent"", ""value"": ""Mus musculus""}]"
24	PXD012337-Sample-24	disease	characteristics[disease]	normal	biological_agent		LLM_ONLY	0.5					source_precedence:biological_agent	derived	"[{""cv_accession"": null, ""cv_name"": null, ""metadata"": {""source_field"": ""disease_state""}, ""scope"": ""sample"", ""source"": ""biological_agent"", ""value"": ""normal""}]"
24	PXD012337-Sample-24	cell_type	characteristics[cell type]	adipocytes	biological_agent	proteomic analyses with differentiated and treated 3T3-L1s	LLM_ONLY	0.5					source_precedence:biological_agent	derived	"[{""cv_accession"": null, ""cv_name"": null, ""metadata"": {""source_field"": ""cell_type""}, ""scope"": ""sample"", ""source"": ""biological_agent"", ""value"": ""adipocytes""}]"
24	PXD012337-Sample-24	cell_line	characteristics[cell line]	3T3-L1	biological_agent	proteomic analyses with differentiated and treated 3T3-L1s	LLM_ONLY	0.5					source_precedence:biological_agent	derived	"[{""cv_accession"": null, ""cv_name"": null, ""metadata"": {""source_field"": ""cell_line""}, ""scope"": ""sample"", ""source"": ""biological_agent"", ""value"": ""3T3-L1""}]"
24	PXD012337-Sample-24	assay_name	assay name	run 3	derived								legacy_derivation	derived	[]
24	PXD012337-Sample-24	technology_type	technology type	proteomic profiling by mass spectrometry	derived								legacy_derivation	derived	[]
24	PXD012337-Sample-24	acquisition	comment[proteomics data acquisition method]	NT=data-dependent acquisition;AC=PRIDE:0000627	runassessor								source_precedence:runassessor	derived	"[{""cv_accession"": null, ""cv_name"": null, ""metadata"": {""source_path"": ""runAssessor.files.PXD012337/20180924_RH_SK_Phospho.mzML.spectra_stats.acquisition_type""}, ""scope"": ""assay"", ""source"": ""runassessor"", ""value"": ""DDA""}]"
24	PXD012337-Sample-24	label	comment[label]	TMT128N	technical_agent								source_precedence:technical_agent	derived	"[{""cv_accession"": null, ""cv_name"": null, ""metadata"": {}, ""scope"": ""study"", ""source"": ""technical_agent"", ""value"": ""TMT10plex""}]"
24	PXD012337-Sample-24	instrument	comment[instrument]	NT=Q Exactive HF-X;AC=MS:1002877	runassessor				high	False	False		source_precedence:runassessor	derived	"[{""cv_accession"": ""MS:1002877"", ""cv_name"": ""Q Exactive HF-X"", ""metadata"": {""source_path"": ""runAssessor.files.PXD012337/20180924_RH_SK_Phospho.mzML.instrument_model.name""}, ""scope"": ""assay"", ""source"": ""runassessor"", ""value"": ""Q Exactive HF-X""}, {""cv_accession"": null, ""cv_name"": null, ""metadata"": {}, ""scope"": ""study"", ""source"": ""technical_agent"", ""value"": ""Q Exactive HF-X""}]"
24	PXD012337-Sample-24	cleavage_agent	comment[cleavage agent details]	NT=Trypsin;AC=MS:1001251	derived								legacy_derivation	derived	[]
24	PXD012337-Sample-24	dissociation	comment[dissociation method]	NT=beam-type collision-induced dissociation;AC=MS:1000422	runassessor								source_precedence:runassessor	derived	"[{""cv_accession"": null, ""cv_name"": null, ""metadata"": {""source_path"": ""runAssessor.files.PXD012337/20180924_RH_SK_Phospho.mzML.spectra_stats.fragmentation_type""}, ""scope"": ""assay"", ""source"": ""runassessor"", ""value"": ""HR_HCD""}]"
24	PXD012337-Sample-24	factor_value	factor value[experimental design]	treatment (Vh, Rosi, TPhP), diet (low fat diet, high fat diet)	experimental_design_agent	During differentiation, cells were treated with Vh (DMSO), Rosi (20 μM), or TPhP (20 μM).	LLM_ONLY	0.5	medium	False	False	treatment (Vh, Rosi, TPhP), diet (low fat diet, high fat diet)	source_precedence:experimental_design_agent	derived	"[{""cv_accession"": null, ""cv_name"": null, ""metadata"": {""source_field"": ""factor_value""}, ""scope"": ""study"", ""source"": ""experimental_design_agent"", ""value"": ""treatment (Vh, Rosi, TPhP)""}]"
24	PXD012337-Sample-24	modification	comment[modification parameters]	NT=phosphorylated residue;AC=MOD:00696;MT=?	pride	phosphorylated residue							normalized_source_union	derived	"[{""fraction_modified"": null, ""raw_stem"": null, ""scope"": ""study"", ""source"": ""pride"", ""source_path"": ""pride_metadata.project.identifiedPTMStrings[0]"", ""source_value"": ""phosphorylated residue""}]"
24	PXD012337-Sample-24	modification	comment[modification parameters]	NT=Sixplex Tandem Mass Tag®;AC=UNIMOD:737;MT=?;TA=HKSTY,N-term	technical_agent;ptm_shepherd	Sixplex Tandem Mass Tag® | Sixplex Tandem Mass Tag® | Sixplex Tandem Mass Tag®							normalized_source_union	derived	"[{""fraction_modified"": null, ""raw_stem"": null, ""scope"": ""study"", ""source"": ""technical_agent"", ""source_path"": ""TechnicalAgent.ptm.resolved[0]"", ""source_value"": ""Sixplex Tandem Mass Tag\u00ae""}, {""fraction_modified"": null, ""raw_stem"": null, ""scope"": ""study"", ""source"": ""technical_agent"", ""source_path"": ""TechnicalAgent.modification.resolved[0]"", ""source_value"": ""Sixplex Tandem Mass Tag\u00ae""}, {""fraction_modified"": 0.289029, ""raw_stem"": ""20180924_RH_SK_Phospho"", ""scope"": ""assay"", ""source"": ""ptm_shepherd"", ""source_path"": ""modification_site_fractions.dda_closed_search.per_sample_files.20180924_RH_SK_Phospho.data[0]"", ""source_value"": ""Sixplex Tandem Mass Tag\u00ae""}]"
24	PXD012337-Sample-24	modification	comment[modification parameters]	NT=Iodoacetamide derivative;AC=UNIMOD:4;MT=?;TA=CDEHKMSTUY,N-term	technical_agent;ptm_shepherd	Iodoacetamide derivative | Iodoacetamide derivative | Iodoacetamide derivative							normalized_source_union	derived	"[{""fraction_modified"": null, ""raw_stem"": null, ""scope"": ""study"", ""source"": ""technical_agent"", ""source_path"": ""TechnicalAgent.ptm.resolved[1]"", ""source_value"": ""Iodoacetamide derivative""}, {""fraction_modified"": null, ""raw_stem"": null, ""scope"": ""study"", ""source"": ""technical_agent"", ""source_path"": ""TechnicalAgent.modification.resolved[1]"", ""source_value"": ""Iodoacetamide derivative""}, {""fraction_modified"": 0.105785, ""raw_stem"": ""20180924_RH_SK_Phospho"", ""scope"": ""assay"", ""source"": ""ptm_shepherd"", ""source_path"": ""modification_site_fractions.dda_closed_search.per_sample_files.20180924_RH_SK_Phospho.data[1]"", ""source_value"": ""Iodoacetamide derivative""}]"
24	PXD012337-Sample-24	modification	comment[modification parameters]	NT=ubiquitinylation residue;AC=UNIMOD:121;MT=?;TA=CKST	technical_agent;ptm_shepherd	ubiquitinylation residue | ubiquitinylation residue | ubiquitinylation residue							normalized_source_union	derived	"[{""fraction_modified"": null, ""raw_stem"": null, ""scope"": ""study"", ""source"": ""technical_agent"", ""source_path"": ""TechnicalAgent.ptm.resolved[2]"", ""source_value"": ""ubiquitinylation residue""}, {""fraction_modified"": null, ""raw_stem"": null, ""scope"": ""study"", ""source"": ""technical_agent"", ""source_path"": ""TechnicalAgent.modification.resolved[2]"", ""source_value"": ""ubiquitinylation residue""}, {""fraction_modified"": 0.064578, ""raw_stem"": ""20180924_RH_SK_Phospho"", ""scope"": ""assay"", ""source"": ""ptm_shepherd"", ""source_path"": ""modification_site_fractions.dda_closed_search.per_sample_files.20180924_RH_SK_Phospho.data[2]"", ""source_value"": ""ubiquitinylation residue""}]"
24	PXD012337-Sample-24	reduction_reagent	comment[reduction reagent]	dithiothreitol	derived								legacy_derivation	derived	[]
24	PXD012337-Sample-24	alkylation_reagent	comment[alkylation reagent]	iodoacetamide	derived								legacy_derivation	derived	[]
24	PXD012337-Sample-24	ms2_analyzer	comment[ms2 mass analyzer]	Orbitrap	technical_agent								source_precedence:technical_agent	derived	"[{""cv_accession"": null, ""cv_name"": null, ""metadata"": {}, ""scope"": ""study"", ""source"": ""technical_agent"", ""value"": ""Orbitrap""}]"
24	PXD012337-Sample-24	collision_energy	comment[collision energy]	NCE 33	derived								legacy_derivation	derived	[]
24	PXD012337-Sample-24	data_file	comment[data file]	20180924_RH_SK_Phospho.raw	derived								legacy_derivation	derived	[]
24	PXD012337-Sample-24	sdrf_version	comment[sdrf version]	v1.1.0	derived								legacy_derivation	derived	[]
24	PXD012337-Sample-24	annotation_tool	comment[sdrf annotation tool]	HAMLET-agentic v2.2.5	derived								legacy_derivation	derived	[]
24	PXD012337-Sample-24	factor_disease	factor value[disease]	normal	derived								legacy_derivation	derived	[]
25	PXD012337-Sample-25	source_name	source name	PXD012337-Sample-25	derived								legacy_derivation	derived	[]
25	PXD012337-Sample-25	organism	characteristics[organism]	Mus musculus	biological_agent	3T3-L1 cells, a mouse-derived pre-adipocyte model	AGREE	0.9999969601631165					source_precedence:biological_agent	derived	"[{""cv_accession"": null, ""cv_name"": ""Mus musculus"", ""metadata"": {""source_field"": ""species""}, ""scope"": ""sample"", ""source"": ""biological_agent"", ""value"": ""Mus musculus""}]"
25	PXD012337-Sample-25	disease	characteristics[disease]	normal	biological_agent		LLM_ONLY	0.5					source_precedence:biological_agent	derived	"[{""cv_accession"": null, ""cv_name"": null, ""metadata"": {""source_field"": ""disease_state""}, ""scope"": ""sample"", ""source"": ""biological_agent"", ""value"": ""normal""}]"
25	PXD012337-Sample-25	cell_type	characteristics[cell type]	adipocytes	biological_agent	proteomic analyses with differentiated and treated 3T3-L1s	LLM_ONLY	0.5					source_precedence:biological_agent	derived	"[{""cv_accession"": null, ""cv_name"": null, ""metadata"": {""source_field"": ""cell_type""}, ""scope"": ""sample"", ""source"": ""biological_agent"", ""value"": ""adipocytes""}]"
25	PXD012337-Sample-25	cell_line	characteristics[cell line]	3T3-L1	biological_agent	proteomic analyses with differentiated and treated 3T3-L1s	LLM_ONLY	0.5					source_precedence:biological_agent	derived	"[{""cv_accession"": null, ""cv_name"": null, ""metadata"": {""source_field"": ""cell_line""}, ""scope"": ""sample"", ""source"": ""biological_agent"", ""value"": ""3T3-L1""}]"
25	PXD012337-Sample-25	assay_name	assay name	run 3	derived								legacy_derivation	derived	[]
25	PXD012337-Sample-25	technology_type	technology type	proteomic profiling by mass spectrometry	derived								legacy_derivation	derived	[]
25	PXD012337-Sample-25	acquisition	comment[proteomics data acquisition method]	NT=data-dependent acquisition;AC=PRIDE:0000627	runassessor								source_precedence:runassessor	derived	"[{""cv_accession"": null, ""cv_name"": null, ""metadata"": {""source_path"": ""runAssessor.files.PXD012337/20180924_RH_SK_Phospho.mzML.spectra_stats.acquisition_type""}, ""scope"": ""assay"", ""source"": ""runassessor"", ""value"": ""DDA""}]"
25	PXD012337-Sample-25	label	comment[label]	TMT128C	technical_agent								source_precedence:technical_agent	derived	"[{""cv_accession"": null, ""cv_name"": null, ""metadata"": {}, ""scope"": ""study"", ""source"": ""technical_agent"", ""value"": ""TMT10plex""}]"
25	PXD012337-Sample-25	instrument	comment[instrument]	NT=Q Exactive HF-X;AC=MS:1002877	runassessor				high	False	False		source_precedence:runassessor	derived	"[{""cv_accession"": ""MS:1002877"", ""cv_name"": ""Q Exactive HF-X"", ""metadata"": {""source_path"": ""runAssessor.files.PXD012337/20180924_RH_SK_Phospho.mzML.instrument_model.name""}, ""scope"": ""assay"", ""source"": ""runassessor"", ""value"": ""Q Exactive HF-X""}, {""cv_accession"": null, ""cv_name"": null, ""metadata"": {}, ""scope"": ""study"", ""source"": ""technical_agent"", ""value"": ""Q Exactive HF-X""}]"
25	PXD012337-Sample-25	cleavage_agent	comment[cleavage agent details]	NT=Trypsin;AC=MS:1001251	derived								legacy_derivation	derived	[]
25	PXD012337-Sample-25	dissociation	comment[dissociation method]	NT=beam-type collision-induced dissociation;AC=MS:1000422	runassessor								source_precedence:runassessor	derived	"[{""cv_accession"": null, ""cv_name"": null, ""metadata"": {""source_path"": ""runAssessor.files.PXD012337/20180924_RH_SK_Phospho.mzML.spectra_stats.fragmentation_type""}, ""scope"": ""assay"", ""source"": ""runassessor"", ""value"": ""HR_HCD""}]"
25	PXD012337-Sample-25	factor_value	factor value[experimental design]	treatment (Vh, Rosi, TPhP), diet (low fat diet, high fat diet)	experimental_design_agent	During differentiation, cells were treated with Vh (DMSO), Rosi (20 μM), or TPhP (20 μM).	LLM_ONLY	0.5	medium	False	False	treatment (Vh, Rosi, TPhP), diet (low fat diet, high fat diet)	source_precedence:experimental_design_agent	derived	"[{""cv_accession"": null, ""cv_name"": null, ""metadata"": {""source_field"": ""factor_value""}, ""scope"": ""study"", ""source"": ""experimental_design_agent"", ""value"": ""treatment (Vh, Rosi, TPhP)""}]"
25	PXD012337-Sample-25	modification	comment[modification parameters]	NT=phosphorylated residue;AC=MOD:00696;MT=?	pride	phosphorylated residue							normalized_source_union	derived	"[{""fraction_modified"": null, ""raw_stem"": null, ""scope"": ""study"", ""source"": ""pride"", ""source_path"": ""pride_metadata.project.identifiedPTMStrings[0]"", ""source_value"": ""phosphorylated residue""}]"
25	PXD012337-Sample-25	modification	comment[modification parameters]	NT=Sixplex Tandem Mass Tag®;AC=UNIMOD:737;MT=?;TA=HKSTY,N-term	technical_agent;ptm_shepherd	Sixplex Tandem Mass Tag® | Sixplex Tandem Mass Tag® | Sixplex Tandem Mass Tag®							normalized_source_union	derived	"[{""fraction_modified"": null, ""raw_stem"": null, ""scope"": ""study"", ""source"": ""technical_agent"", ""source_path"": ""TechnicalAgent.ptm.resolved[0]"", ""source_value"": ""Sixplex Tandem Mass Tag\u00ae""}, {""fraction_modified"": null, ""raw_stem"": null, ""scope"": ""study"", ""source"": ""technical_agent"", ""source_path"": ""TechnicalAgent.modification.resolved[0]"", ""source_value"": ""Sixplex Tandem Mass Tag\u00ae""}, {""fraction_modified"": 0.289029, ""raw_stem"": ""20180924_RH_SK_Phospho"", ""scope"": ""assay"", ""source"": ""ptm_shepherd"", ""source_path"": ""modification_site_fractions.dda_closed_search.per_sample_files.20180924_RH_SK_Phospho.data[0]"", ""source_value"": ""Sixplex Tandem Mass Tag\u00ae""}]"
25	PXD012337-Sample-25	modification	comment[modification parameters]	NT=Iodoacetamide derivative;AC=UNIMOD:4;MT=?;TA=CDEHKMSTUY,N-term	technical_agent;ptm_shepherd	Iodoacetamide derivative | Iodoacetamide derivative | Iodoacetamide derivative							normalized_source_union	derived	"[{""fraction_modified"": null, ""raw_stem"": null, ""scope"": ""study"", ""source"": ""technical_agent"", ""source_path"": ""TechnicalAgent.ptm.resolved[1]"", ""source_value"": ""Iodoacetamide derivative""}, {""fraction_modified"": null, ""raw_stem"": null, ""scope"": ""study"", ""source"": ""technical_agent"", ""source_path"": ""TechnicalAgent.modification.resolved[1]"", ""source_value"": ""Iodoacetamide derivative""}, {""fraction_modified"": 0.105785, ""raw_stem"": ""20180924_RH_SK_Phospho"", ""scope"": ""assay"", ""source"": ""ptm_shepherd"", ""source_path"": ""modification_site_fractions.dda_closed_search.per_sample_files.20180924_RH_SK_Phospho.data[1]"", ""source_value"": ""Iodoacetamide derivative""}]"
25	PXD012337-Sample-25	modification	comment[modification parameters]	NT=ubiquitinylation residue;AC=UNIMOD:121;MT=?;TA=CKST	technical_agent;ptm_shepherd	ubiquitinylation residue | ubiquitinylation residue | ubiquitinylation residue							normalized_source_union	derived	"[{""fraction_modified"": null, ""raw_stem"": null, ""scope"": ""study"", ""source"": ""technical_agent"", ""source_path"": ""TechnicalAgent.ptm.resolved[2]"", ""source_value"": ""ubiquitinylation residue""}, {""fraction_modified"": null, ""raw_stem"": null, ""scope"": ""study"", ""source"": ""technical_agent"", ""source_path"": ""TechnicalAgent.modification.resolved[2]"", ""source_value"": ""ubiquitinylation residue""}, {""fraction_modified"": 0.064578, ""raw_stem"": ""20180924_RH_SK_Phospho"", ""scope"": ""assay"", ""source"": ""ptm_shepherd"", ""source_path"": ""modification_site_fractions.dda_closed_search.per_sample_files.20180924_RH_SK_Phospho.data[2]"", ""source_value"": ""ubiquitinylation residue""}]"
25	PXD012337-Sample-25	reduction_reagent	comment[reduction reagent]	dithiothreitol	derived								legacy_derivation	derived	[]
25	PXD012337-Sample-25	alkylation_reagent	comment[alkylation reagent]	iodoacetamide	derived								legacy_derivation	derived	[]
25	PXD012337-Sample-25	ms2_analyzer	comment[ms2 mass analyzer]	Orbitrap	technical_agent								source_precedence:technical_agent	derived	"[{""cv_accession"": null, ""cv_name"": null, ""metadata"": {}, ""scope"": ""study"", ""source"": ""technical_agent"", ""value"": ""Orbitrap""}]"
25	PXD012337-Sample-25	collision_energy	comment[collision energy]	NCE 33	derived								legacy_derivation	derived	[]
25	PXD012337-Sample-25	data_file	comment[data file]	20180924_RH_SK_Phospho.raw	derived								legacy_derivation	derived	[]
25	PXD012337-Sample-25	sdrf_version	comment[sdrf version]	v1.1.0	derived								legacy_derivation	derived	[]
25	PXD012337-Sample-25	annotation_tool	comment[sdrf annotation tool]	HAMLET-agentic v2.2.5	derived								legacy_derivation	derived	[]
25	PXD012337-Sample-25	factor_disease	factor value[disease]	normal	derived								legacy_derivation	derived	[]
26	PXD012337-Sample-26	source_name	source name	PXD012337-Sample-26	derived								legacy_derivation	derived	[]
26	PXD012337-Sample-26	organism	characteristics[organism]	Mus musculus	biological_agent	3T3-L1 cells, a mouse-derived pre-adipocyte model	AGREE	0.9999969601631165					source_precedence:biological_agent	derived	"[{""cv_accession"": null, ""cv_name"": ""Mus musculus"", ""metadata"": {""source_field"": ""species""}, ""scope"": ""sample"", ""source"": ""biological_agent"", ""value"": ""Mus musculus""}]"
26	PXD012337-Sample-26	disease	characteristics[disease]	normal	biological_agent		LLM_ONLY	0.5					source_precedence:biological_agent	derived	"[{""cv_accession"": null, ""cv_name"": null, ""metadata"": {""source_field"": ""disease_state""}, ""scope"": ""sample"", ""source"": ""biological_agent"", ""value"": ""normal""}]"
26	PXD012337-Sample-26	cell_type	characteristics[cell type]	adipocytes	biological_agent	proteomic analyses with differentiated and treated 3T3-L1s	LLM_ONLY	0.5					source_precedence:biological_agent	derived	"[{""cv_accession"": null, ""cv_name"": null, ""metadata"": {""source_field"": ""cell_type""}, ""scope"": ""sample"", ""source"": ""biological_agent"", ""value"": ""adipocytes""}]"
26	PXD012337-Sample-26	cell_line	characteristics[cell line]	3T3-L1	biological_agent	proteomic analyses with differentiated and treated 3T3-L1s	LLM_ONLY	0.5					source_precedence:biological_agent	derived	"[{""cv_accession"": null, ""cv_name"": null, ""metadata"": {""source_field"": ""cell_line""}, ""scope"": ""sample"", ""source"": ""biological_agent"", ""value"": ""3T3-L1""}]"
26	PXD012337-Sample-26	assay_name	assay name	run 3	derived								legacy_derivation	derived	[]
26	PXD012337-Sample-26	technology_type	technology type	proteomic profiling by mass spectrometry	derived								legacy_derivation	derived	[]
26	PXD012337-Sample-26	acquisition	comment[proteomics data acquisition method]	NT=data-dependent acquisition;AC=PRIDE:0000627	runassessor								source_precedence:runassessor	derived	"[{""cv_accession"": null, ""cv_name"": null, ""metadata"": {""source_path"": ""runAssessor.files.PXD012337/20180924_RH_SK_Phospho.mzML.spectra_stats.acquisition_type""}, ""scope"": ""assay"", ""source"": ""runassessor"", ""value"": ""DDA""}]"
26	PXD012337-Sample-26	label	comment[label]	TMT129N	technical_agent								source_precedence:technical_agent	derived	"[{""cv_accession"": null, ""cv_name"": null, ""metadata"": {}, ""scope"": ""study"", ""source"": ""technical_agent"", ""value"": ""TMT10plex""}]"
26	PXD012337-Sample-26	instrument	comment[instrument]	NT=Q Exactive HF-X;AC=MS:1002877	runassessor				high	False	False		source_precedence:runassessor	derived	"[{""cv_accession"": ""MS:1002877"", ""cv_name"": ""Q Exactive HF-X"", ""metadata"": {""source_path"": ""runAssessor.files.PXD012337/20180924_RH_SK_Phospho.mzML.instrument_model.name""}, ""scope"": ""assay"", ""source"": ""runassessor"", ""value"": ""Q Exactive HF-X""}, {""cv_accession"": null, ""cv_name"": null, ""metadata"": {}, ""scope"": ""study"", ""source"": ""technical_agent"", ""value"": ""Q Exactive HF-X""}]"
26	PXD012337-Sample-26	cleavage_agent	comment[cleavage agent details]	NT=Trypsin;AC=MS:1001251	derived								legacy_derivation	derived	[]
26	PXD012337-Sample-26	dissociation	comment[dissociation method]	NT=beam-type collision-induced dissociation;AC=MS:1000422	runassessor								source_precedence:runassessor	derived	"[{""cv_accession"": null, ""cv_name"": null, ""metadata"": {""source_path"": ""runAssessor.files.PXD012337/20180924_RH_SK_Phospho.mzML.spectra_stats.fragmentation_type""}, ""scope"": ""assay"", ""source"": ""runassessor"", ""value"": ""HR_HCD""}]"
26	PXD012337-Sample-26	factor_value	factor value[experimental design]	treatment (Vh, Rosi, TPhP), diet (low fat diet, high fat diet)	experimental_design_agent	During differentiation, cells were treated with Vh (DMSO), Rosi (20 μM), or TPhP (20 μM).	LLM_ONLY	0.5	medium	False	False	treatment (Vh, Rosi, TPhP), diet (low fat diet, high fat diet)	source_precedence:experimental_design_agent	derived	"[{""cv_accession"": null, ""cv_name"": null, ""metadata"": {""source_field"": ""factor_value""}, ""scope"": ""study"", ""source"": ""experimental_design_agent"", ""value"": ""treatment (Vh, Rosi, TPhP)""}]"
26	PXD012337-Sample-26	modification	comment[modification parameters]	NT=phosphorylated residue;AC=MOD:00696;MT=?	pride	phosphorylated residue							normalized_source_union	derived	"[{""fraction_modified"": null, ""raw_stem"": null, ""scope"": ""study"", ""source"": ""pride"", ""source_path"": ""pride_metadata.project.identifiedPTMStrings[0]"", ""source_value"": ""phosphorylated residue""}]"
26	PXD012337-Sample-26	modification	comment[modification parameters]	NT=Sixplex Tandem Mass Tag®;AC=UNIMOD:737;MT=?;TA=HKSTY,N-term	technical_agent;ptm_shepherd	Sixplex Tandem Mass Tag® | Sixplex Tandem Mass Tag® | Sixplex Tandem Mass Tag®							normalized_source_union	derived	"[{""fraction_modified"": null, ""raw_stem"": null, ""scope"": ""study"", ""source"": ""technical_agent"", ""source_path"": ""TechnicalAgent.ptm.resolved[0]"", ""source_value"": ""Sixplex Tandem Mass Tag\u00ae""}, {""fraction_modified"": null, ""raw_stem"": null, ""scope"": ""study"", ""source"": ""technical_agent"", ""source_path"": ""TechnicalAgent.modification.resolved[0]"", ""source_value"": ""Sixplex Tandem Mass Tag\u00ae""}, {""fraction_modified"": 0.289029, ""raw_stem"": ""20180924_RH_SK_Phospho"", ""scope"": ""assay"", ""source"": ""ptm_shepherd"", ""source_path"": ""modification_site_fractions.dda_closed_search.per_sample_files.20180924_RH_SK_Phospho.data[0]"", ""source_value"": ""Sixplex Tandem Mass Tag\u00ae""}]"
26	PXD012337-Sample-26	modification	comment[modification parameters]	NT=Iodoacetamide derivative;AC=UNIMOD:4;MT=?;TA=CDEHKMSTUY,N-term	technical_agent;ptm_shepherd	Iodoacetamide derivative | Iodoacetamide derivative | Iodoacetamide derivative							normalized_source_union	derived	"[{""fraction_modified"": null, ""raw_stem"": null, ""scope"": ""study"", ""source"": ""technical_agent"", ""source_path"": ""TechnicalAgent.ptm.resolved[1]"", ""source_value"": ""Iodoacetamide derivative""}, {""fraction_modified"": null, ""raw_stem"": null, ""scope"": ""study"", ""source"": ""technical_agent"", ""source_path"": ""TechnicalAgent.modification.resolved[1]"", ""source_value"": ""Iodoacetamide derivative""}, {""fraction_modified"": 0.105785, ""raw_stem"": ""20180924_RH_SK_Phospho"", ""scope"": ""assay"", ""source"": ""ptm_shepherd"", ""source_path"": ""modification_site_fractions.dda_closed_search.per_sample_files.20180924_RH_SK_Phospho.data[1]"", ""source_value"": ""Iodoacetamide derivative""}]"
26	PXD012337-Sample-26	modification	comment[modification parameters]	NT=ubiquitinylation residue;AC=UNIMOD:121;MT=?;TA=CKST	technical_agent;ptm_shepherd	ubiquitinylation residue | ubiquitinylation residue | ubiquitinylation residue							normalized_source_union	derived	"[{""fraction_modified"": null, ""raw_stem"": null, ""scope"": ""study"", ""source"": ""technical_agent"", ""source_path"": ""TechnicalAgent.ptm.resolved[2]"", ""source_value"": ""ubiquitinylation residue""}, {""fraction_modified"": null, ""raw_stem"": null, ""scope"": ""study"", ""source"": ""technical_agent"", ""source_path"": ""TechnicalAgent.modification.resolved[2]"", ""source_value"": ""ubiquitinylation residue""}, {""fraction_modified"": 0.064578, ""raw_stem"": ""20180924_RH_SK_Phospho"", ""scope"": ""assay"", ""source"": ""ptm_shepherd"", ""source_path"": ""modification_site_fractions.dda_closed_search.per_sample_files.20180924_RH_SK_Phospho.data[2]"", ""source_value"": ""ubiquitinylation residue""}]"
26	PXD012337-Sample-26	reduction_reagent	comment[reduction reagent]	dithiothreitol	derived								legacy_derivation	derived	[]
26	PXD012337-Sample-26	alkylation_reagent	comment[alkylation reagent]	iodoacetamide	derived								legacy_derivation	derived	[]
26	PXD012337-Sample-26	ms2_analyzer	comment[ms2 mass analyzer]	Orbitrap	technical_agent								source_precedence:technical_agent	derived	"[{""cv_accession"": null, ""cv_name"": null, ""metadata"": {}, ""scope"": ""study"", ""source"": ""technical_agent"", ""value"": ""Orbitrap""}]"
26	PXD012337-Sample-26	collision_energy	comment[collision energy]	NCE 33	derived								legacy_derivation	derived	[]
26	PXD012337-Sample-26	data_file	comment[data file]	20180924_RH_SK_Phospho.raw	derived								legacy_derivation	derived	[]
26	PXD012337-Sample-26	sdrf_version	comment[sdrf version]	v1.1.0	derived								legacy_derivation	derived	[]
26	PXD012337-Sample-26	annotation_tool	comment[sdrf annotation tool]	HAMLET-agentic v2.2.5	derived								legacy_derivation	derived	[]
26	PXD012337-Sample-26	factor_disease	factor value[disease]	normal	derived								legacy_derivation	derived	[]
27	PXD012337-Sample-27	source_name	source name	PXD012337-Sample-27	derived								legacy_derivation	derived	[]
27	PXD012337-Sample-27	organism	characteristics[organism]	Mus musculus	biological_agent	3T3-L1 cells, a mouse-derived pre-adipocyte model	AGREE	0.9999969601631165					source_precedence:biological_agent	derived	"[{""cv_accession"": null, ""cv_name"": ""Mus musculus"", ""metadata"": {""source_field"": ""species""}, ""scope"": ""sample"", ""source"": ""biological_agent"", ""value"": ""Mus musculus""}]"
27	PXD012337-Sample-27	disease	characteristics[disease]	normal	biological_agent		LLM_ONLY	0.5					source_precedence:biological_agent	derived	"[{""cv_accession"": null, ""cv_name"": null, ""metadata"": {""source_field"": ""disease_state""}, ""scope"": ""sample"", ""source"": ""biological_agent"", ""value"": ""normal""}]"
27	PXD012337-Sample-27	cell_type	characteristics[cell type]	adipocytes	biological_agent	proteomic analyses with differentiated and treated 3T3-L1s	LLM_ONLY	0.5					source_precedence:biological_agent	derived	"[{""cv_accession"": null, ""cv_name"": null, ""metadata"": {""source_field"": ""cell_type""}, ""scope"": ""sample"", ""source"": ""biological_agent"", ""value"": ""adipocytes""}]"
27	PXD012337-Sample-27	cell_line	characteristics[cell line]	3T3-L1	biological_agent	proteomic analyses with differentiated and treated 3T3-L1s	LLM_ONLY	0.5					source_precedence:biological_agent	derived	"[{""cv_accession"": null, ""cv_name"": null, ""metadata"": {""source_field"": ""cell_line""}, ""scope"": ""sample"", ""source"": ""biological_agent"", ""value"": ""3T3-L1""}]"
27	PXD012337-Sample-27	assay_name	assay name	run 3	derived								legacy_derivation	derived	[]
27	PXD012337-Sample-27	technology_type	technology type	proteomic profiling by mass spectrometry	derived								legacy_derivation	derived	[]
27	PXD012337-Sample-27	acquisition	comment[proteomics data acquisition method]	NT=data-dependent acquisition;AC=PRIDE:0000627	runassessor								source_precedence:runassessor	derived	"[{""cv_accession"": null, ""cv_name"": null, ""metadata"": {""source_path"": ""runAssessor.files.PXD012337/20180924_RH_SK_Phospho.mzML.spectra_stats.acquisition_type""}, ""scope"": ""assay"", ""source"": ""runassessor"", ""value"": ""DDA""}]"
27	PXD012337-Sample-27	label	comment[label]	TMT129C	technical_agent								source_precedence:technical_agent	derived	"[{""cv_accession"": null, ""cv_name"": null, ""metadata"": {}, ""scope"": ""study"", ""source"": ""technical_agent"", ""value"": ""TMT10plex""}]"
27	PXD012337-Sample-27	instrument	comment[instrument]	NT=Q Exactive HF-X;AC=MS:1002877	runassessor				high	False	False		source_precedence:runassessor	derived	"[{""cv_accession"": ""MS:1002877"", ""cv_name"": ""Q Exactive HF-X"", ""metadata"": {""source_path"": ""runAssessor.files.PXD012337/20180924_RH_SK_Phospho.mzML.instrument_model.name""}, ""scope"": ""assay"", ""source"": ""runassessor"", ""value"": ""Q Exactive HF-X""}, {""cv_accession"": null, ""cv_name"": null, ""metadata"": {}, ""scope"": ""study"", ""source"": ""technical_agent"", ""value"": ""Q Exactive HF-X""}]"
27	PXD012337-Sample-27	cleavage_agent	comment[cleavage agent details]	NT=Trypsin;AC=MS:1001251	derived								legacy_derivation	derived	[]
27	PXD012337-Sample-27	dissociation	comment[dissociation method]	NT=beam-type collision-induced dissociation;AC=MS:1000422	runassessor								source_precedence:runassessor	derived	"[{""cv_accession"": null, ""cv_name"": null, ""metadata"": {""source_path"": ""runAssessor.files.PXD012337/20180924_RH_SK_Phospho.mzML.spectra_stats.fragmentation_type""}, ""scope"": ""assay"", ""source"": ""runassessor"", ""value"": ""HR_HCD""}]"
27	PXD012337-Sample-27	factor_value	factor value[experimental design]	treatment (Vh, Rosi, TPhP), diet (low fat diet, high fat diet)	experimental_design_agent	During differentiation, cells were treated with Vh (DMSO), Rosi (20 μM), or TPhP (20 μM).	LLM_ONLY	0.5	medium	False	False	treatment (Vh, Rosi, TPhP), diet (low fat diet, high fat diet)	source_precedence:experimental_design_agent	derived	"[{""cv_accession"": null, ""cv_name"": null, ""metadata"": {""source_field"": ""factor_value""}, ""scope"": ""study"", ""source"": ""experimental_design_agent"", ""value"": ""treatment (Vh, Rosi, TPhP)""}]"
27	PXD012337-Sample-27	modification	comment[modification parameters]	NT=phosphorylated residue;AC=MOD:00696;MT=?	pride	phosphorylated residue							normalized_source_union	derived	"[{""fraction_modified"": null, ""raw_stem"": null, ""scope"": ""study"", ""source"": ""pride"", ""source_path"": ""pride_metadata.project.identifiedPTMStrings[0]"", ""source_value"": ""phosphorylated residue""}]"
27	PXD012337-Sample-27	modification	comment[modification parameters]	NT=Sixplex Tandem Mass Tag®;AC=UNIMOD:737;MT=?;TA=HKSTY,N-term	technical_agent;ptm_shepherd	Sixplex Tandem Mass Tag® | Sixplex Tandem Mass Tag® | Sixplex Tandem Mass Tag®							normalized_source_union	derived	"[{""fraction_modified"": null, ""raw_stem"": null, ""scope"": ""study"", ""source"": ""technical_agent"", ""source_path"": ""TechnicalAgent.ptm.resolved[0]"", ""source_value"": ""Sixplex Tandem Mass Tag\u00ae""}, {""fraction_modified"": null, ""raw_stem"": null, ""scope"": ""study"", ""source"": ""technical_agent"", ""source_path"": ""TechnicalAgent.modification.resolved[0]"", ""source_value"": ""Sixplex Tandem Mass Tag\u00ae""}, {""fraction_modified"": 0.289029, ""raw_stem"": ""20180924_RH_SK_Phospho"", ""scope"": ""assay"", ""source"": ""ptm_shepherd"", ""source_path"": ""modification_site_fractions.dda_closed_search.per_sample_files.20180924_RH_SK_Phospho.data[0]"", ""source_value"": ""Sixplex Tandem Mass Tag\u00ae""}]"
27	PXD012337-Sample-27	modification	comment[modification parameters]	NT=Iodoacetamide derivative;AC=UNIMOD:4;MT=?;TA=CDEHKMSTUY,N-term	technical_agent;ptm_shepherd	Iodoacetamide derivative | Iodoacetamide derivative | Iodoacetamide derivative							normalized_source_union	derived	"[{""fraction_modified"": null, ""raw_stem"": null, ""scope"": ""study"", ""source"": ""technical_agent"", ""source_path"": ""TechnicalAgent.ptm.resolved[1]"", ""source_value"": ""Iodoacetamide derivative""}, {""fraction_modified"": null, ""raw_stem"": null, ""scope"": ""study"", ""source"": ""technical_agent"", ""source_path"": ""TechnicalAgent.modification.resolved[1]"", ""source_value"": ""Iodoacetamide derivative""}, {""fraction_modified"": 0.105785, ""raw_stem"": ""20180924_RH_SK_Phospho"", ""scope"": ""assay"", ""source"": ""ptm_shepherd"", ""source_path"": ""modification_site_fractions.dda_closed_search.per_sample_files.20180924_RH_SK_Phospho.data[1]"", ""source_value"": ""Iodoacetamide derivative""}]"
27	PXD012337-Sample-27	modification	comment[modification parameters]	NT=ubiquitinylation residue;AC=UNIMOD:121;MT=?;TA=CKST	technical_agent;ptm_shepherd	ubiquitinylation residue | ubiquitinylation residue | ubiquitinylation residue							normalized_source_union	derived	"[{""fraction_modified"": null, ""raw_stem"": null, ""scope"": ""study"", ""source"": ""technical_agent"", ""source_path"": ""TechnicalAgent.ptm.resolved[2]"", ""source_value"": ""ubiquitinylation residue""}, {""fraction_modified"": null, ""raw_stem"": null, ""scope"": ""study"", ""source"": ""technical_agent"", ""source_path"": ""TechnicalAgent.modification.resolved[2]"", ""source_value"": ""ubiquitinylation residue""}, {""fraction_modified"": 0.064578, ""raw_stem"": ""20180924_RH_SK_Phospho"", ""scope"": ""assay"", ""source"": ""ptm_shepherd"", ""source_path"": ""modification_site_fractions.dda_closed_search.per_sample_files.20180924_RH_SK_Phospho.data[2]"", ""source_value"": ""ubiquitinylation residue""}]"
27	PXD012337-Sample-27	reduction_reagent	comment[reduction reagent]	dithiothreitol	derived								legacy_derivation	derived	[]
27	PXD012337-Sample-27	alkylation_reagent	comment[alkylation reagent]	iodoacetamide	derived								legacy_derivation	derived	[]
27	PXD012337-Sample-27	ms2_analyzer	comment[ms2 mass analyzer]	Orbitrap	technical_agent								source_precedence:technical_agent	derived	"[{""cv_accession"": null, ""cv_name"": null, ""metadata"": {}, ""scope"": ""study"", ""source"": ""technical_agent"", ""value"": ""Orbitrap""}]"
27	PXD012337-Sample-27	collision_energy	comment[collision energy]	NCE 33	derived								legacy_derivation	derived	[]
27	PXD012337-Sample-27	data_file	comment[data file]	20180924_RH_SK_Phospho.raw	derived								legacy_derivation	derived	[]
27	PXD012337-Sample-27	sdrf_version	comment[sdrf version]	v1.1.0	derived								legacy_derivation	derived	[]
27	PXD012337-Sample-27	annotation_tool	comment[sdrf annotation tool]	HAMLET-agentic v2.2.5	derived								legacy_derivation	derived	[]
27	PXD012337-Sample-27	factor_disease	factor value[disease]	normal	derived								legacy_derivation	derived	[]
28	PXD012337-Sample-28	source_name	source name	PXD012337-Sample-28	derived								legacy_derivation	derived	[]
28	PXD012337-Sample-28	organism	characteristics[organism]	Mus musculus	biological_agent	3T3-L1 cells, a mouse-derived pre-adipocyte model	AGREE	0.9999969601631165					source_precedence:biological_agent	derived	"[{""cv_accession"": null, ""cv_name"": ""Mus musculus"", ""metadata"": {""source_field"": ""species""}, ""scope"": ""sample"", ""source"": ""biological_agent"", ""value"": ""Mus musculus""}]"
28	PXD012337-Sample-28	disease	characteristics[disease]	normal	biological_agent		LLM_ONLY	0.5					source_precedence:biological_agent	derived	"[{""cv_accession"": null, ""cv_name"": null, ""metadata"": {""source_field"": ""disease_state""}, ""scope"": ""sample"", ""source"": ""biological_agent"", ""value"": ""normal""}]"
28	PXD012337-Sample-28	cell_type	characteristics[cell type]	adipocytes	biological_agent	proteomic analyses with differentiated and treated 3T3-L1s	LLM_ONLY	0.5					source_precedence:biological_agent	derived	"[{""cv_accession"": null, ""cv_name"": null, ""metadata"": {""source_field"": ""cell_type""}, ""scope"": ""sample"", ""source"": ""biological_agent"", ""value"": ""adipocytes""}]"
28	PXD012337-Sample-28	cell_line	characteristics[cell line]	3T3-L1	biological_agent	proteomic analyses with differentiated and treated 3T3-L1s	LLM_ONLY	0.5					source_precedence:biological_agent	derived	"[{""cv_accession"": null, ""cv_name"": null, ""metadata"": {""source_field"": ""cell_line""}, ""scope"": ""sample"", ""source"": ""biological_agent"", ""value"": ""3T3-L1""}]"
28	PXD012337-Sample-28	assay_name	assay name	run 3	derived								legacy_derivation	derived	[]
28	PXD012337-Sample-28	technology_type	technology type	proteomic profiling by mass spectrometry	derived								legacy_derivation	derived	[]
28	PXD012337-Sample-28	acquisition	comment[proteomics data acquisition method]	NT=data-dependent acquisition;AC=PRIDE:0000627	runassessor								source_precedence:runassessor	derived	"[{""cv_accession"": null, ""cv_name"": null, ""metadata"": {""source_path"": ""runAssessor.files.PXD012337/20180924_RH_SK_Phospho.mzML.spectra_stats.acquisition_type""}, ""scope"": ""assay"", ""source"": ""runassessor"", ""value"": ""DDA""}]"
28	PXD012337-Sample-28	label	comment[label]	TMT130N	technical_agent								source_precedence:technical_agent	derived	"[{""cv_accession"": null, ""cv_name"": null, ""metadata"": {}, ""scope"": ""study"", ""source"": ""technical_agent"", ""value"": ""TMT10plex""}]"
28	PXD012337-Sample-28	instrument	comment[instrument]	NT=Q Exactive HF-X;AC=MS:1002877	runassessor				high	False	False		source_precedence:runassessor	derived	"[{""cv_accession"": ""MS:1002877"", ""cv_name"": ""Q Exactive HF-X"", ""metadata"": {""source_path"": ""runAssessor.files.PXD012337/20180924_RH_SK_Phospho.mzML.instrument_model.name""}, ""scope"": ""assay"", ""source"": ""runassessor"", ""value"": ""Q Exactive HF-X""}, {""cv_accession"": null, ""cv_name"": null, ""metadata"": {}, ""scope"": ""study"", ""source"": ""technical_agent"", ""value"": ""Q Exactive HF-X""}]"
28	PXD012337-Sample-28	cleavage_agent	comment[cleavage agent details]	NT=Trypsin;AC=MS:1001251	derived								legacy_derivation	derived	[]
28	PXD012337-Sample-28	dissociation	comment[dissociation method]	NT=beam-type collision-induced dissociation;AC=MS:1000422	runassessor								source_precedence:runassessor	derived	"[{""cv_accession"": null, ""cv_name"": null, ""metadata"": {""source_path"": ""runAssessor.files.PXD012337/20180924_RH_SK_Phospho.mzML.spectra_stats.fragmentation_type""}, ""scope"": ""assay"", ""source"": ""runassessor"", ""value"": ""HR_HCD""}]"
28	PXD012337-Sample-28	factor_value	factor value[experimental design]	treatment (Vh, Rosi, TPhP), diet (low fat diet, high fat diet)	experimental_design_agent	During differentiation, cells were treated with Vh (DMSO), Rosi (20 μM), or TPhP (20 μM).	LLM_ONLY	0.5	medium	False	False	treatment (Vh, Rosi, TPhP), diet (low fat diet, high fat diet)	source_precedence:experimental_design_agent	derived	"[{""cv_accession"": null, ""cv_name"": null, ""metadata"": {""source_field"": ""factor_value""}, ""scope"": ""study"", ""source"": ""experimental_design_agent"", ""value"": ""treatment (Vh, Rosi, TPhP)""}]"
28	PXD012337-Sample-28	modification	comment[modification parameters]	NT=phosphorylated residue;AC=MOD:00696;MT=?	pride	phosphorylated residue							normalized_source_union	derived	"[{""fraction_modified"": null, ""raw_stem"": null, ""scope"": ""study"", ""source"": ""pride"", ""source_path"": ""pride_metadata.project.identifiedPTMStrings[0]"", ""source_value"": ""phosphorylated residue""}]"
28	PXD012337-Sample-28	modification	comment[modification parameters]	NT=Sixplex Tandem Mass Tag®;AC=UNIMOD:737;MT=?;TA=HKSTY,N-term	technical_agent;ptm_shepherd	Sixplex Tandem Mass Tag® | Sixplex Tandem Mass Tag® | Sixplex Tandem Mass Tag®							normalized_source_union	derived	"[{""fraction_modified"": null, ""raw_stem"": null, ""scope"": ""study"", ""source"": ""technical_agent"", ""source_path"": ""TechnicalAgent.ptm.resolved[0]"", ""source_value"": ""Sixplex Tandem Mass Tag\u00ae""}, {""fraction_modified"": null, ""raw_stem"": null, ""scope"": ""study"", ""source"": ""technical_agent"", ""source_path"": ""TechnicalAgent.modification.resolved[0]"", ""source_value"": ""Sixplex Tandem Mass Tag\u00ae""}, {""fraction_modified"": 0.289029, ""raw_stem"": ""20180924_RH_SK_Phospho"", ""scope"": ""assay"", ""source"": ""ptm_shepherd"", ""source_path"": ""modification_site_fractions.dda_closed_search.per_sample_files.20180924_RH_SK_Phospho.data[0]"", ""source_value"": ""Sixplex Tandem Mass Tag\u00ae""}]"
28	PXD012337-Sample-28	modification	comment[modification parameters]	NT=Iodoacetamide derivative;AC=UNIMOD:4;MT=?;TA=CDEHKMSTUY,N-term	technical_agent;ptm_shepherd	Iodoacetamide derivative | Iodoacetamide derivative | Iodoacetamide derivative							normalized_source_union	derived	"[{""fraction_modified"": null, ""raw_stem"": null, ""scope"": ""study"", ""source"": ""technical_agent"", ""source_path"": ""TechnicalAgent.ptm.resolved[1]"", ""source_value"": ""Iodoacetamide derivative""}, {""fraction_modified"": null, ""raw_stem"": null, ""scope"": ""study"", ""source"": ""technical_agent"", ""source_path"": ""TechnicalAgent.modification.resolved[1]"", ""source_value"": ""Iodoacetamide derivative""}, {""fraction_modified"": 0.105785, ""raw_stem"": ""20180924_RH_SK_Phospho"", ""scope"": ""assay"", ""source"": ""ptm_shepherd"", ""source_path"": ""modification_site_fractions.dda_closed_search.per_sample_files.20180924_RH_SK_Phospho.data[1]"", ""source_value"": ""Iodoacetamide derivative""}]"
28	PXD012337-Sample-28	modification	comment[modification parameters]	NT=ubiquitinylation residue;AC=UNIMOD:121;MT=?;TA=CKST	technical_agent;ptm_shepherd	ubiquitinylation residue | ubiquitinylation residue | ubiquitinylation residue							normalized_source_union	derived	"[{""fraction_modified"": null, ""raw_stem"": null, ""scope"": ""study"", ""source"": ""technical_agent"", ""source_path"": ""TechnicalAgent.ptm.resolved[2]"", ""source_value"": ""ubiquitinylation residue""}, {""fraction_modified"": null, ""raw_stem"": null, ""scope"": ""study"", ""source"": ""technical_agent"", ""source_path"": ""TechnicalAgent.modification.resolved[2]"", ""source_value"": ""ubiquitinylation residue""}, {""fraction_modified"": 0.064578, ""raw_stem"": ""20180924_RH_SK_Phospho"", ""scope"": ""assay"", ""source"": ""ptm_shepherd"", ""source_path"": ""modification_site_fractions.dda_closed_search.per_sample_files.20180924_RH_SK_Phospho.data[2]"", ""source_value"": ""ubiquitinylation residue""}]"
28	PXD012337-Sample-28	reduction_reagent	comment[reduction reagent]	dithiothreitol	derived								legacy_derivation	derived	[]
28	PXD012337-Sample-28	alkylation_reagent	comment[alkylation reagent]	iodoacetamide	derived								legacy_derivation	derived	[]
28	PXD012337-Sample-28	ms2_analyzer	comment[ms2 mass analyzer]	Orbitrap	technical_agent								source_precedence:technical_agent	derived	"[{""cv_accession"": null, ""cv_name"": null, ""metadata"": {}, ""scope"": ""study"", ""source"": ""technical_agent"", ""value"": ""Orbitrap""}]"
28	PXD012337-Sample-28	collision_energy	comment[collision energy]	NCE 33	derived								legacy_derivation	derived	[]
28	PXD012337-Sample-28	data_file	comment[data file]	20180924_RH_SK_Phospho.raw	derived								legacy_derivation	derived	[]
28	PXD012337-Sample-28	sdrf_version	comment[sdrf version]	v1.1.0	derived								legacy_derivation	derived	[]
28	PXD012337-Sample-28	annotation_tool	comment[sdrf annotation tool]	HAMLET-agentic v2.2.5	derived								legacy_derivation	derived	[]
28	PXD012337-Sample-28	factor_disease	factor value[disease]	normal	derived								legacy_derivation	derived	[]
29	PXD012337-Sample-29	source_name	source name	PXD012337-Sample-29	derived								legacy_derivation	derived	[]
29	PXD012337-Sample-29	organism	characteristics[organism]	Mus musculus	biological_agent	3T3-L1 cells, a mouse-derived pre-adipocyte model	AGREE	0.9999969601631165					source_precedence:biological_agent	derived	"[{""cv_accession"": null, ""cv_name"": ""Mus musculus"", ""metadata"": {""source_field"": ""species""}, ""scope"": ""sample"", ""source"": ""biological_agent"", ""value"": ""Mus musculus""}]"
29	PXD012337-Sample-29	disease	characteristics[disease]	normal	biological_agent		LLM_ONLY	0.5					source_precedence:biological_agent	derived	"[{""cv_accession"": null, ""cv_name"": null, ""metadata"": {""source_field"": ""disease_state""}, ""scope"": ""sample"", ""source"": ""biological_agent"", ""value"": ""normal""}]"
29	PXD012337-Sample-29	cell_type	characteristics[cell type]	adipocytes	biological_agent	proteomic analyses with differentiated and treated 3T3-L1s	LLM_ONLY	0.5					source_precedence:biological_agent	derived	"[{""cv_accession"": null, ""cv_name"": null, ""metadata"": {""source_field"": ""cell_type""}, ""scope"": ""sample"", ""source"": ""biological_agent"", ""value"": ""adipocytes""}]"
29	PXD012337-Sample-29	cell_line	characteristics[cell line]	3T3-L1	biological_agent	proteomic analyses with differentiated and treated 3T3-L1s	LLM_ONLY	0.5					source_precedence:biological_agent	derived	"[{""cv_accession"": null, ""cv_name"": null, ""metadata"": {""source_field"": ""cell_line""}, ""scope"": ""sample"", ""source"": ""biological_agent"", ""value"": ""3T3-L1""}]"
29	PXD012337-Sample-29	assay_name	assay name	run 3	derived								legacy_derivation	derived	[]
29	PXD012337-Sample-29	technology_type	technology type	proteomic profiling by mass spectrometry	derived								legacy_derivation	derived	[]
29	PXD012337-Sample-29	acquisition	comment[proteomics data acquisition method]	NT=data-dependent acquisition;AC=PRIDE:0000627	runassessor								source_precedence:runassessor	derived	"[{""cv_accession"": null, ""cv_name"": null, ""metadata"": {""source_path"": ""runAssessor.files.PXD012337/20180924_RH_SK_Phospho.mzML.spectra_stats.acquisition_type""}, ""scope"": ""assay"", ""source"": ""runassessor"", ""value"": ""DDA""}]"
29	PXD012337-Sample-29	label	comment[label]	TMT130C	technical_agent								source_precedence:technical_agent	derived	"[{""cv_accession"": null, ""cv_name"": null, ""metadata"": {}, ""scope"": ""study"", ""source"": ""technical_agent"", ""value"": ""TMT10plex""}]"
29	PXD012337-Sample-29	instrument	comment[instrument]	NT=Q Exactive HF-X;AC=MS:1002877	runassessor				high	False	False		source_precedence:runassessor	derived	"[{""cv_accession"": ""MS:1002877"", ""cv_name"": ""Q Exactive HF-X"", ""metadata"": {""source_path"": ""runAssessor.files.PXD012337/20180924_RH_SK_Phospho.mzML.instrument_model.name""}, ""scope"": ""assay"", ""source"": ""runassessor"", ""value"": ""Q Exactive HF-X""}, {""cv_accession"": null, ""cv_name"": null, ""metadata"": {}, ""scope"": ""study"", ""source"": ""technical_agent"", ""value"": ""Q Exactive HF-X""}]"
29	PXD012337-Sample-29	cleavage_agent	comment[cleavage agent details]	NT=Trypsin;AC=MS:1001251	derived								legacy_derivation	derived	[]
29	PXD012337-Sample-29	dissociation	comment[dissociation method]	NT=beam-type collision-induced dissociation;AC=MS:1000422	runassessor								source_precedence:runassessor	derived	"[{""cv_accession"": null, ""cv_name"": null, ""metadata"": {""source_path"": ""runAssessor.files.PXD012337/20180924_RH_SK_Phospho.mzML.spectra_stats.fragmentation_type""}, ""scope"": ""assay"", ""source"": ""runassessor"", ""value"": ""HR_HCD""}]"
29	PXD012337-Sample-29	factor_value	factor value[experimental design]	treatment (Vh, Rosi, TPhP), diet (low fat diet, high fat diet)	experimental_design_agent	During differentiation, cells were treated with Vh (DMSO), Rosi (20 μM), or TPhP (20 μM).	LLM_ONLY	0.5	medium	False	False	treatment (Vh, Rosi, TPhP), diet (low fat diet, high fat diet)	source_precedence:experimental_design_agent	derived	"[{""cv_accession"": null, ""cv_name"": null, ""metadata"": {""source_field"": ""factor_value""}, ""scope"": ""study"", ""source"": ""experimental_design_agent"", ""value"": ""treatment (Vh, Rosi, TPhP)""}]"
29	PXD012337-Sample-29	modification	comment[modification parameters]	NT=phosphorylated residue;AC=MOD:00696;MT=?	pride	phosphorylated residue							normalized_source_union	derived	"[{""fraction_modified"": null, ""raw_stem"": null, ""scope"": ""study"", ""source"": ""pride"", ""source_path"": ""pride_metadata.project.identifiedPTMStrings[0]"", ""source_value"": ""phosphorylated residue""}]"
29	PXD012337-Sample-29	modification	comment[modification parameters]	NT=Sixplex Tandem Mass Tag®;AC=UNIMOD:737;MT=?;TA=HKSTY,N-term	technical_agent;ptm_shepherd	Sixplex Tandem Mass Tag® | Sixplex Tandem Mass Tag® | Sixplex Tandem Mass Tag®							normalized_source_union	derived	"[{""fraction_modified"": null, ""raw_stem"": null, ""scope"": ""study"", ""source"": ""technical_agent"", ""source_path"": ""TechnicalAgent.ptm.resolved[0]"", ""source_value"": ""Sixplex Tandem Mass Tag\u00ae""}, {""fraction_modified"": null, ""raw_stem"": null, ""scope"": ""study"", ""source"": ""technical_agent"", ""source_path"": ""TechnicalAgent.modification.resolved[0]"", ""source_value"": ""Sixplex Tandem Mass Tag\u00ae""}, {""fraction_modified"": 0.289029, ""raw_stem"": ""20180924_RH_SK_Phospho"", ""scope"": ""assay"", ""source"": ""ptm_shepherd"", ""source_path"": ""modification_site_fractions.dda_closed_search.per_sample_files.20180924_RH_SK_Phospho.data[0]"", ""source_value"": ""Sixplex Tandem Mass Tag\u00ae""}]"
29	PXD012337-Sample-29	modification	comment[modification parameters]	NT=Iodoacetamide derivative;AC=UNIMOD:4;MT=?;TA=CDEHKMSTUY,N-term	technical_agent;ptm_shepherd	Iodoacetamide derivative | Iodoacetamide derivative | Iodoacetamide derivative							normalized_source_union	derived	"[{""fraction_modified"": null, ""raw_stem"": null, ""scope"": ""study"", ""source"": ""technical_agent"", ""source_path"": ""TechnicalAgent.ptm.resolved[1]"", ""source_value"": ""Iodoacetamide derivative""}, {""fraction_modified"": null, ""raw_stem"": null, ""scope"": ""study"", ""source"": ""technical_agent"", ""source_path"": ""TechnicalAgent.modification.resolved[1]"", ""source_value"": ""Iodoacetamide derivative""}, {""fraction_modified"": 0.105785, ""raw_stem"": ""20180924_RH_SK_Phospho"", ""scope"": ""assay"", ""source"": ""ptm_shepherd"", ""source_path"": ""modification_site_fractions.dda_closed_search.per_sample_files.20180924_RH_SK_Phospho.data[1]"", ""source_value"": ""Iodoacetamide derivative""}]"
29	PXD012337-Sample-29	modification	comment[modification parameters]	NT=ubiquitinylation residue;AC=UNIMOD:121;MT=?;TA=CKST	technical_agent;ptm_shepherd	ubiquitinylation residue | ubiquitinylation residue | ubiquitinylation residue							normalized_source_union	derived	"[{""fraction_modified"": null, ""raw_stem"": null, ""scope"": ""study"", ""source"": ""technical_agent"", ""source_path"": ""TechnicalAgent.ptm.resolved[2]"", ""source_value"": ""ubiquitinylation residue""}, {""fraction_modified"": null, ""raw_stem"": null, ""scope"": ""study"", ""source"": ""technical_agent"", ""source_path"": ""TechnicalAgent.modification.resolved[2]"", ""source_value"": ""ubiquitinylation residue""}, {""fraction_modified"": 0.064578, ""raw_stem"": ""20180924_RH_SK_Phospho"", ""scope"": ""assay"", ""source"": ""ptm_shepherd"", ""source_path"": ""modification_site_fractions.dda_closed_search.per_sample_files.20180924_RH_SK_Phospho.data[2]"", ""source_value"": ""ubiquitinylation residue""}]"
29	PXD012337-Sample-29	reduction_reagent	comment[reduction reagent]	dithiothreitol	derived								legacy_derivation	derived	[]
29	PXD012337-Sample-29	alkylation_reagent	comment[alkylation reagent]	iodoacetamide	derived								legacy_derivation	derived	[]
29	PXD012337-Sample-29	ms2_analyzer	comment[ms2 mass analyzer]	Orbitrap	technical_agent								source_precedence:technical_agent	derived	"[{""cv_accession"": null, ""cv_name"": null, ""metadata"": {}, ""scope"": ""study"", ""source"": ""technical_agent"", ""value"": ""Orbitrap""}]"
29	PXD012337-Sample-29	collision_energy	comment[collision energy]	NCE 33	derived								legacy_derivation	derived	[]
29	PXD012337-Sample-29	data_file	comment[data file]	20180924_RH_SK_Phospho.raw	derived								legacy_derivation	derived	[]
29	PXD012337-Sample-29	sdrf_version	comment[sdrf version]	v1.1.0	derived								legacy_derivation	derived	[]
29	PXD012337-Sample-29	annotation_tool	comment[sdrf annotation tool]	HAMLET-agentic v2.2.5	derived								legacy_derivation	derived	[]
29	PXD012337-Sample-29	factor_disease	factor value[disease]	normal	derived								legacy_derivation	derived	[]
30	PXD012337-Sample-30	source_name	source name	PXD012337-Sample-30	derived								legacy_derivation	derived	[]
30	PXD012337-Sample-30	organism	characteristics[organism]	Mus musculus	biological_agent	3T3-L1 cells, a mouse-derived pre-adipocyte model	AGREE	0.9999969601631165					source_precedence:biological_agent	derived	"[{""cv_accession"": null, ""cv_name"": ""Mus musculus"", ""metadata"": {""source_field"": ""species""}, ""scope"": ""sample"", ""source"": ""biological_agent"", ""value"": ""Mus musculus""}]"
30	PXD012337-Sample-30	disease	characteristics[disease]	normal	biological_agent		LLM_ONLY	0.5					source_precedence:biological_agent	derived	"[{""cv_accession"": null, ""cv_name"": null, ""metadata"": {""source_field"": ""disease_state""}, ""scope"": ""sample"", ""source"": ""biological_agent"", ""value"": ""normal""}]"
30	PXD012337-Sample-30	cell_type	characteristics[cell type]	adipocytes	biological_agent	proteomic analyses with differentiated and treated 3T3-L1s	LLM_ONLY	0.5					source_precedence:biological_agent	derived	"[{""cv_accession"": null, ""cv_name"": null, ""metadata"": {""source_field"": ""cell_type""}, ""scope"": ""sample"", ""source"": ""biological_agent"", ""value"": ""adipocytes""}]"
30	PXD012337-Sample-30	cell_line	characteristics[cell line]	3T3-L1	biological_agent	proteomic analyses with differentiated and treated 3T3-L1s	LLM_ONLY	0.5					source_precedence:biological_agent	derived	"[{""cv_accession"": null, ""cv_name"": null, ""metadata"": {""source_field"": ""cell_line""}, ""scope"": ""sample"", ""source"": ""biological_agent"", ""value"": ""3T3-L1""}]"
30	PXD012337-Sample-30	assay_name	assay name	run 3	derived								legacy_derivation	derived	[]
30	PXD012337-Sample-30	technology_type	technology type	proteomic profiling by mass spectrometry	derived								legacy_derivation	derived	[]
30	PXD012337-Sample-30	acquisition	comment[proteomics data acquisition method]	NT=data-dependent acquisition;AC=PRIDE:0000627	runassessor								source_precedence:runassessor	derived	"[{""cv_accession"": null, ""cv_name"": null, ""metadata"": {""source_path"": ""runAssessor.files.PXD012337/20180924_RH_SK_Phospho.mzML.spectra_stats.acquisition_type""}, ""scope"": ""assay"", ""source"": ""runassessor"", ""value"": ""DDA""}]"
30	PXD012337-Sample-30	label	comment[label]	TMT131	technical_agent								source_precedence:technical_agent	derived	"[{""cv_accession"": null, ""cv_name"": null, ""metadata"": {}, ""scope"": ""study"", ""source"": ""technical_agent"", ""value"": ""TMT10plex""}]"
30	PXD012337-Sample-30	instrument	comment[instrument]	NT=Q Exactive HF-X;AC=MS:1002877	runassessor				high	False	False		source_precedence:runassessor	derived	"[{""cv_accession"": ""MS:1002877"", ""cv_name"": ""Q Exactive HF-X"", ""metadata"": {""source_path"": ""runAssessor.files.PXD012337/20180924_RH_SK_Phospho.mzML.instrument_model.name""}, ""scope"": ""assay"", ""source"": ""runassessor"", ""value"": ""Q Exactive HF-X""}, {""cv_accession"": null, ""cv_name"": null, ""metadata"": {}, ""scope"": ""study"", ""source"": ""technical_agent"", ""value"": ""Q Exactive HF-X""}]"
30	PXD012337-Sample-30	cleavage_agent	comment[cleavage agent details]	NT=Trypsin;AC=MS:1001251	derived								legacy_derivation	derived	[]
30	PXD012337-Sample-30	dissociation	comment[dissociation method]	NT=beam-type collision-induced dissociation;AC=MS:1000422	runassessor								source_precedence:runassessor	derived	"[{""cv_accession"": null, ""cv_name"": null, ""metadata"": {""source_path"": ""runAssessor.files.PXD012337/20180924_RH_SK_Phospho.mzML.spectra_stats.fragmentation_type""}, ""scope"": ""assay"", ""source"": ""runassessor"", ""value"": ""HR_HCD""}]"
30	PXD012337-Sample-30	factor_value	factor value[experimental design]	treatment (Vh, Rosi, TPhP), diet (low fat diet, high fat diet)	experimental_design_agent	During differentiation, cells were treated with Vh (DMSO), Rosi (20 μM), or TPhP (20 μM).	LLM_ONLY	0.5	medium	False	False	treatment (Vh, Rosi, TPhP), diet (low fat diet, high fat diet)	source_precedence:experimental_design_agent	derived	"[{""cv_accession"": null, ""cv_name"": null, ""metadata"": {""source_field"": ""factor_value""}, ""scope"": ""study"", ""source"": ""experimental_design_agent"", ""value"": ""treatment (Vh, Rosi, TPhP)""}]"
30	PXD012337-Sample-30	modification	comment[modification parameters]	NT=phosphorylated residue;AC=MOD:00696;MT=?	pride	phosphorylated residue							normalized_source_union	derived	"[{""fraction_modified"": null, ""raw_stem"": null, ""scope"": ""study"", ""source"": ""pride"", ""source_path"": ""pride_metadata.project.identifiedPTMStrings[0]"", ""source_value"": ""phosphorylated residue""}]"
30	PXD012337-Sample-30	modification	comment[modification parameters]	NT=Sixplex Tandem Mass Tag®;AC=UNIMOD:737;MT=?;TA=HKSTY,N-term	technical_agent;ptm_shepherd	Sixplex Tandem Mass Tag® | Sixplex Tandem Mass Tag® | Sixplex Tandem Mass Tag®							normalized_source_union	derived	"[{""fraction_modified"": null, ""raw_stem"": null, ""scope"": ""study"", ""source"": ""technical_agent"", ""source_path"": ""TechnicalAgent.ptm.resolved[0]"", ""source_value"": ""Sixplex Tandem Mass Tag\u00ae""}, {""fraction_modified"": null, ""raw_stem"": null, ""scope"": ""study"", ""source"": ""technical_agent"", ""source_path"": ""TechnicalAgent.modification.resolved[0]"", ""source_value"": ""Sixplex Tandem Mass Tag\u00ae""}, {""fraction_modified"": 0.289029, ""raw_stem"": ""20180924_RH_SK_Phospho"", ""scope"": ""assay"", ""source"": ""ptm_shepherd"", ""source_path"": ""modification_site_fractions.dda_closed_search.per_sample_files.20180924_RH_SK_Phospho.data[0]"", ""source_value"": ""Sixplex Tandem Mass Tag\u00ae""}]"
30	PXD012337-Sample-30	modification	comment[modification parameters]	NT=Iodoacetamide derivative;AC=UNIMOD:4;MT=?;TA=CDEHKMSTUY,N-term	technical_agent;ptm_shepherd	Iodoacetamide derivative | Iodoacetamide derivative | Iodoacetamide derivative							normalized_source_union	derived	"[{""fraction_modified"": null, ""raw_stem"": null, ""scope"": ""study"", ""source"": ""technical_agent"", ""source_path"": ""TechnicalAgent.ptm.resolved[1]"", ""source_value"": ""Iodoacetamide derivative""}, {""fraction_modified"": null, ""raw_stem"": null, ""scope"": ""study"", ""source"": ""technical_agent"", ""source_path"": ""TechnicalAgent.modification.resolved[1]"", ""source_value"": ""Iodoacetamide derivative""}, {""fraction_modified"": 0.105785, ""raw_stem"": ""20180924_RH_SK_Phospho"", ""scope"": ""assay"", ""source"": ""ptm_shepherd"", ""source_path"": ""modification_site_fractions.dda_closed_search.per_sample_files.20180924_RH_SK_Phospho.data[1]"", ""source_value"": ""Iodoacetamide derivative""}]"
30	PXD012337-Sample-30	modification	comment[modification parameters]	NT=ubiquitinylation residue;AC=UNIMOD:121;MT=?;TA=CKST	technical_agent;ptm_shepherd	ubiquitinylation residue | ubiquitinylation residue | ubiquitinylation residue							normalized_source_union	derived	"[{""fraction_modified"": null, ""raw_stem"": null, ""scope"": ""study"", ""source"": ""technical_agent"", ""source_path"": ""TechnicalAgent.ptm.resolved[2]"", ""source_value"": ""ubiquitinylation residue""}, {""fraction_modified"": null, ""raw_stem"": null, ""scope"": ""study"", ""source"": ""technical_agent"", ""source_path"": ""TechnicalAgent.modification.resolved[2]"", ""source_value"": ""ubiquitinylation residue""}, {""fraction_modified"": 0.064578, ""raw_stem"": ""20180924_RH_SK_Phospho"", ""scope"": ""assay"", ""source"": ""ptm_shepherd"", ""source_path"": ""modification_site_fractions.dda_closed_search.per_sample_files.20180924_RH_SK_Phospho.data[2]"", ""source_value"": ""ubiquitinylation residue""}]"
30	PXD012337-Sample-30	reduction_reagent	comment[reduction reagent]	dithiothreitol	derived								legacy_derivation	derived	[]
30	PXD012337-Sample-30	alkylation_reagent	comment[alkylation reagent]	iodoacetamide	derived								legacy_derivation	derived	[]
30	PXD012337-Sample-30	ms2_analyzer	comment[ms2 mass analyzer]	Orbitrap	technical_agent								source_precedence:technical_agent	derived	"[{""cv_accession"": null, ""cv_name"": null, ""metadata"": {}, ""scope"": ""study"", ""source"": ""technical_agent"", ""value"": ""Orbitrap""}]"
30	PXD012337-Sample-30	collision_energy	comment[collision energy]	NCE 33	derived								legacy_derivation	derived	[]
30	PXD012337-Sample-30	data_file	comment[data file]	20180924_RH_SK_Phospho.raw	derived								legacy_derivation	derived	[]
30	PXD012337-Sample-30	sdrf_version	comment[sdrf version]	v1.1.0	derived								legacy_derivation	derived	[]
30	PXD012337-Sample-30	annotation_tool	comment[sdrf annotation tool]	HAMLET-agentic v2.2.5	derived								legacy_derivation	derived	[]
30	PXD012337-Sample-30	factor_disease	factor value[disease]	normal	derived								legacy_derivation	derived	[]
31	PXD012337-Sample-31	source_name	source name	PXD012337-Sample-31	derived								legacy_derivation	derived	[]
31	PXD012337-Sample-31	organism	characteristics[organism]	Mus musculus	biological_agent	3T3-L1 cells, a mouse-derived pre-adipocyte model	AGREE	0.9999969601631165					source_precedence:biological_agent	derived	"[{""cv_accession"": null, ""cv_name"": ""Mus musculus"", ""metadata"": {""source_field"": ""species""}, ""scope"": ""sample"", ""source"": ""biological_agent"", ""value"": ""Mus musculus""}]"
31	PXD012337-Sample-31	disease	characteristics[disease]	normal	biological_agent		LLM_ONLY	0.5					source_precedence:biological_agent	derived	"[{""cv_accession"": null, ""cv_name"": null, ""metadata"": {""source_field"": ""disease_state""}, ""scope"": ""sample"", ""source"": ""biological_agent"", ""value"": ""normal""}]"
31	PXD012337-Sample-31	cell_type	characteristics[cell type]	adipocytes	biological_agent	proteomic analyses with differentiated and treated 3T3-L1s	LLM_ONLY	0.5					source_precedence:biological_agent	derived	"[{""cv_accession"": null, ""cv_name"": null, ""metadata"": {""source_field"": ""cell_type""}, ""scope"": ""sample"", ""source"": ""biological_agent"", ""value"": ""adipocytes""}]"
31	PXD012337-Sample-31	cell_line	characteristics[cell line]	3T3-L1	biological_agent	proteomic analyses with differentiated and treated 3T3-L1s	LLM_ONLY	0.5					source_precedence:biological_agent	derived	"[{""cv_accession"": null, ""cv_name"": null, ""metadata"": {""source_field"": ""cell_line""}, ""scope"": ""sample"", ""source"": ""biological_agent"", ""value"": ""3T3-L1""}]"
31	PXD012337-Sample-31	assay_name	assay name	run 4	derived								legacy_derivation	derived	[]
31	PXD012337-Sample-31	technology_type	technology type	proteomic profiling by mass spectrometry	derived								legacy_derivation	derived	[]
31	PXD012337-Sample-31	acquisition	comment[proteomics data acquisition method]	NT=data-dependent acquisition;AC=PRIDE:0000627	runassessor								source_precedence:runassessor	derived	"[{""cv_accession"": null, ""cv_name"": null, ""metadata"": {""source_path"": ""runAssessor.files.PXD012337/20181012_RH_SK__Prot_ReducedGradient.mzML.spectra_stats.acquisition_type""}, ""scope"": ""assay"", ""source"": ""runassessor"", ""value"": ""DDA""}]"
31	PXD012337-Sample-31	label	comment[label]	TMT126	technical_agent								source_precedence:technical_agent	derived	"[{""cv_accession"": null, ""cv_name"": null, ""metadata"": {}, ""scope"": ""study"", ""source"": ""technical_agent"", ""value"": ""TMT10plex""}]"
31	PXD012337-Sample-31	instrument	comment[instrument]	NT=Q Exactive HF-X;AC=MS:1002877	runassessor				high	False	False		source_precedence:runassessor	derived	"[{""cv_accession"": ""MS:1002877"", ""cv_name"": ""Q Exactive HF-X"", ""metadata"": {""source_path"": ""runAssessor.files.PXD012337/20181012_RH_SK__Prot_ReducedGradient.mzML.instrument_model.name""}, ""scope"": ""assay"", ""source"": ""runassessor"", ""value"": ""Q Exactive HF-X""}, {""cv_accession"": null, ""cv_name"": null, ""metadata"": {}, ""scope"": ""study"", ""source"": ""technical_agent"", ""value"": ""Q Exactive HF-X""}]"
31	PXD012337-Sample-31	cleavage_agent	comment[cleavage agent details]	NT=Trypsin;AC=MS:1001251	derived								legacy_derivation	derived	[]
31	PXD012337-Sample-31	dissociation	comment[dissociation method]	NT=beam-type collision-induced dissociation;AC=MS:1000422	runassessor								source_precedence:runassessor	derived	"[{""cv_accession"": null, ""cv_name"": null, ""metadata"": {""source_path"": ""runAssessor.files.PXD012337/20181012_RH_SK__Prot_ReducedGradient.mzML.spectra_stats.fragmentation_type""}, ""scope"": ""assay"", ""source"": ""runassessor"", ""value"": ""HR_HCD""}]"
31	PXD012337-Sample-31	factor_value	factor value[experimental design]	treatment (Vh, Rosi, TPhP), diet (low fat diet, high fat diet)	experimental_design_agent	During differentiation, cells were treated with Vh (DMSO), Rosi (20 μM), or TPhP (20 μM).	LLM_ONLY	0.5	medium	False	False	treatment (Vh, Rosi, TPhP), diet (low fat diet, high fat diet)	source_precedence:experimental_design_agent	derived	"[{""cv_accession"": null, ""cv_name"": null, ""metadata"": {""source_field"": ""factor_value""}, ""scope"": ""study"", ""source"": ""experimental_design_agent"", ""value"": ""treatment (Vh, Rosi, TPhP)""}]"
31	PXD012337-Sample-31	modification	comment[modification parameters]	NT=phosphorylated residue;AC=MOD:00696;MT=?	pride	phosphorylated residue							normalized_source_union	derived	"[{""fraction_modified"": null, ""raw_stem"": null, ""scope"": ""study"", ""source"": ""pride"", ""source_path"": ""pride_metadata.project.identifiedPTMStrings[0]"", ""source_value"": ""phosphorylated residue""}]"
31	PXD012337-Sample-31	modification	comment[modification parameters]	NT=Sixplex Tandem Mass Tag®;AC=UNIMOD:737;MT=?;TA=HKSTY,N-term	technical_agent;ptm_shepherd	Sixplex Tandem Mass Tag® | Sixplex Tandem Mass Tag® | Sixplex Tandem Mass Tag®							normalized_source_union	derived	"[{""fraction_modified"": null, ""raw_stem"": null, ""scope"": ""study"", ""source"": ""technical_agent"", ""source_path"": ""TechnicalAgent.ptm.resolved[0]"", ""source_value"": ""Sixplex Tandem Mass Tag\u00ae""}, {""fraction_modified"": null, ""raw_stem"": null, ""scope"": ""study"", ""source"": ""technical_agent"", ""source_path"": ""TechnicalAgent.modification.resolved[0]"", ""source_value"": ""Sixplex Tandem Mass Tag\u00ae""}, {""fraction_modified"": 0.566909, ""raw_stem"": ""20181012_RH_SK__Prot_ReducedGradient"", ""scope"": ""assay"", ""source"": ""ptm_shepherd"", ""source_path"": ""modification_site_fractions.dda_closed_search.per_sample_files.20181012_RH_SK__Prot_ReducedGradient.data[0]"", ""source_value"": ""Sixplex Tandem Mass Tag\u00ae""}]"
31	PXD012337-Sample-31	modification	comment[modification parameters]	NT=Iodoacetamide derivative;AC=UNIMOD:4;MT=?;TA=CDEHKMSTUY,N-term	technical_agent;ptm_shepherd	Iodoacetamide derivative | Iodoacetamide derivative | Iodoacetamide derivative							normalized_source_union	derived	"[{""fraction_modified"": null, ""raw_stem"": null, ""scope"": ""study"", ""source"": ""technical_agent"", ""source_path"": ""TechnicalAgent.ptm.resolved[1]"", ""source_value"": ""Iodoacetamide derivative""}, {""fraction_modified"": null, ""raw_stem"": null, ""scope"": ""study"", ""source"": ""technical_agent"", ""source_path"": ""TechnicalAgent.modification.resolved[1]"", ""source_value"": ""Iodoacetamide derivative""}, {""fraction_modified"": 0.061705, ""raw_stem"": ""20181012_RH_SK__Prot_ReducedGradient"", ""scope"": ""assay"", ""source"": ""ptm_shepherd"", ""source_path"": ""modification_site_fractions.dda_closed_search.per_sample_files.20181012_RH_SK__Prot_ReducedGradient.data[1]"", ""source_value"": ""Iodoacetamide derivative""}]"
31	PXD012337-Sample-31	modification	comment[modification parameters]	NT=ubiquitinylation residue;AC=UNIMOD:121;MT=?;TA=CKST	technical_agent;ptm_shepherd	ubiquitinylation residue | ubiquitinylation residue | ubiquitinylation residue							normalized_source_union	derived	"[{""fraction_modified"": null, ""raw_stem"": null, ""scope"": ""study"", ""source"": ""technical_agent"", ""source_path"": ""TechnicalAgent.ptm.resolved[2]"", ""source_value"": ""ubiquitinylation residue""}, {""fraction_modified"": null, ""raw_stem"": null, ""scope"": ""study"", ""source"": ""technical_agent"", ""source_path"": ""TechnicalAgent.modification.resolved[2]"", ""source_value"": ""ubiquitinylation residue""}, {""fraction_modified"": 0.048962, ""raw_stem"": ""20181012_RH_SK__Prot_ReducedGradient"", ""scope"": ""assay"", ""source"": ""ptm_shepherd"", ""source_path"": ""modification_site_fractions.dda_closed_search.per_sample_files.20181012_RH_SK__Prot_ReducedGradient.data[2]"", ""source_value"": ""ubiquitinylation residue""}]"
31	PXD012337-Sample-31	reduction_reagent	comment[reduction reagent]	dithiothreitol	derived								legacy_derivation	derived	[]
31	PXD012337-Sample-31	alkylation_reagent	comment[alkylation reagent]	iodoacetamide	derived								legacy_derivation	derived	[]
31	PXD012337-Sample-31	ms2_analyzer	comment[ms2 mass analyzer]	Orbitrap	technical_agent								source_precedence:technical_agent	derived	"[{""cv_accession"": null, ""cv_name"": null, ""metadata"": {}, ""scope"": ""study"", ""source"": ""technical_agent"", ""value"": ""Orbitrap""}]"
31	PXD012337-Sample-31	collision_energy	comment[collision energy]	NCE 33	derived								legacy_derivation	derived	[]
31	PXD012337-Sample-31	data_file	comment[data file]	20181012_RH_SK__Prot_ReducedGradient.raw	derived								legacy_derivation	derived	[]
31	PXD012337-Sample-31	sdrf_version	comment[sdrf version]	v1.1.0	derived								legacy_derivation	derived	[]
31	PXD012337-Sample-31	annotation_tool	comment[sdrf annotation tool]	HAMLET-agentic v2.2.5	derived								legacy_derivation	derived	[]
31	PXD012337-Sample-31	factor_disease	factor value[disease]	normal	derived								legacy_derivation	derived	[]
32	PXD012337-Sample-32	source_name	source name	PXD012337-Sample-32	derived								legacy_derivation	derived	[]
32	PXD012337-Sample-32	organism	characteristics[organism]	Mus musculus	biological_agent	3T3-L1 cells, a mouse-derived pre-adipocyte model	AGREE	0.9999969601631165					source_precedence:biological_agent	derived	"[{""cv_accession"": null, ""cv_name"": ""Mus musculus"", ""metadata"": {""source_field"": ""species""}, ""scope"": ""sample"", ""source"": ""biological_agent"", ""value"": ""Mus musculus""}]"
32	PXD012337-Sample-32	disease	characteristics[disease]	normal	biological_agent		LLM_ONLY	0.5					source_precedence:biological_agent	derived	"[{""cv_accession"": null, ""cv_name"": null, ""metadata"": {""source_field"": ""disease_state""}, ""scope"": ""sample"", ""source"": ""biological_agent"", ""value"": ""normal""}]"
32	PXD012337-Sample-32	cell_type	characteristics[cell type]	adipocytes	biological_agent	proteomic analyses with differentiated and treated 3T3-L1s	LLM_ONLY	0.5					source_precedence:biological_agent	derived	"[{""cv_accession"": null, ""cv_name"": null, ""metadata"": {""source_field"": ""cell_type""}, ""scope"": ""sample"", ""source"": ""biological_agent"", ""value"": ""adipocytes""}]"
32	PXD012337-Sample-32	cell_line	characteristics[cell line]	3T3-L1	biological_agent	proteomic analyses with differentiated and treated 3T3-L1s	LLM_ONLY	0.5					source_precedence:biological_agent	derived	"[{""cv_accession"": null, ""cv_name"": null, ""metadata"": {""source_field"": ""cell_line""}, ""scope"": ""sample"", ""source"": ""biological_agent"", ""value"": ""3T3-L1""}]"
32	PXD012337-Sample-32	assay_name	assay name	run 4	derived								legacy_derivation	derived	[]
32	PXD012337-Sample-32	technology_type	technology type	proteomic profiling by mass spectrometry	derived								legacy_derivation	derived	[]
32	PXD012337-Sample-32	acquisition	comment[proteomics data acquisition method]	NT=data-dependent acquisition;AC=PRIDE:0000627	runassessor								source_precedence:runassessor	derived	"[{""cv_accession"": null, ""cv_name"": null, ""metadata"": {""source_path"": ""runAssessor.files.PXD012337/20181012_RH_SK__Prot_ReducedGradient.mzML.spectra_stats.acquisition_type""}, ""scope"": ""assay"", ""source"": ""runassessor"", ""value"": ""DDA""}]"
32	PXD012337-Sample-32	label	comment[label]	TMT127N	technical_agent								source_precedence:technical_agent	derived	"[{""cv_accession"": null, ""cv_name"": null, ""metadata"": {}, ""scope"": ""study"", ""source"": ""technical_agent"", ""value"": ""TMT10plex""}]"
32	PXD012337-Sample-32	instrument	comment[instrument]	NT=Q Exactive HF-X;AC=MS:1002877	runassessor				high	False	False		source_precedence:runassessor	derived	"[{""cv_accession"": ""MS:1002877"", ""cv_name"": ""Q Exactive HF-X"", ""metadata"": {""source_path"": ""runAssessor.files.PXD012337/20181012_RH_SK__Prot_ReducedGradient.mzML.instrument_model.name""}, ""scope"": ""assay"", ""source"": ""runassessor"", ""value"": ""Q Exactive HF-X""}, {""cv_accession"": null, ""cv_name"": null, ""metadata"": {}, ""scope"": ""study"", ""source"": ""technical_agent"", ""value"": ""Q Exactive HF-X""}]"
32	PXD012337-Sample-32	cleavage_agent	comment[cleavage agent details]	NT=Trypsin;AC=MS:1001251	derived								legacy_derivation	derived	[]
32	PXD012337-Sample-32	dissociation	comment[dissociation method]	NT=beam-type collision-induced dissociation;AC=MS:1000422	runassessor								source_precedence:runassessor	derived	"[{""cv_accession"": null, ""cv_name"": null, ""metadata"": {""source_path"": ""runAssessor.files.PXD012337/20181012_RH_SK__Prot_ReducedGradient.mzML.spectra_stats.fragmentation_type""}, ""scope"": ""assay"", ""source"": ""runassessor"", ""value"": ""HR_HCD""}]"
32	PXD012337-Sample-32	factor_value	factor value[experimental design]	treatment (Vh, Rosi, TPhP), diet (low fat diet, high fat diet)	experimental_design_agent	During differentiation, cells were treated with Vh (DMSO), Rosi (20 μM), or TPhP (20 μM).	LLM_ONLY	0.5	medium	False	False	treatment (Vh, Rosi, TPhP), diet (low fat diet, high fat diet)	source_precedence:experimental_design_agent	derived	"[{""cv_accession"": null, ""cv_name"": null, ""metadata"": {""source_field"": ""factor_value""}, ""scope"": ""study"", ""source"": ""experimental_design_agent"", ""value"": ""treatment (Vh, Rosi, TPhP)""}]"
32	PXD012337-Sample-32	modification	comment[modification parameters]	NT=phosphorylated residue;AC=MOD:00696;MT=?	pride	phosphorylated residue							normalized_source_union	derived	"[{""fraction_modified"": null, ""raw_stem"": null, ""scope"": ""study"", ""source"": ""pride"", ""source_path"": ""pride_metadata.project.identifiedPTMStrings[0]"", ""source_value"": ""phosphorylated residue""}]"
32	PXD012337-Sample-32	modification	comment[modification parameters]	NT=Sixplex Tandem Mass Tag®;AC=UNIMOD:737;MT=?;TA=HKSTY,N-term	technical_agent;ptm_shepherd	Sixplex Tandem Mass Tag® | Sixplex Tandem Mass Tag® | Sixplex Tandem Mass Tag®							normalized_source_union	derived	"[{""fraction_modified"": null, ""raw_stem"": null, ""scope"": ""study"", ""source"": ""technical_agent"", ""source_path"": ""TechnicalAgent.ptm.resolved[0]"", ""source_value"": ""Sixplex Tandem Mass Tag\u00ae""}, {""fraction_modified"": null, ""raw_stem"": null, ""scope"": ""study"", ""source"": ""technical_agent"", ""source_path"": ""TechnicalAgent.modification.resolved[0]"", ""source_value"": ""Sixplex Tandem Mass Tag\u00ae""}, {""fraction_modified"": 0.566909, ""raw_stem"": ""20181012_RH_SK__Prot_ReducedGradient"", ""scope"": ""assay"", ""source"": ""ptm_shepherd"", ""source_path"": ""modification_site_fractions.dda_closed_search.per_sample_files.20181012_RH_SK__Prot_ReducedGradient.data[0]"", ""source_value"": ""Sixplex Tandem Mass Tag\u00ae""}]"
32	PXD012337-Sample-32	modification	comment[modification parameters]	NT=Iodoacetamide derivative;AC=UNIMOD:4;MT=?;TA=CDEHKMSTUY,N-term	technical_agent;ptm_shepherd	Iodoacetamide derivative | Iodoacetamide derivative | Iodoacetamide derivative							normalized_source_union	derived	"[{""fraction_modified"": null, ""raw_stem"": null, ""scope"": ""study"", ""source"": ""technical_agent"", ""source_path"": ""TechnicalAgent.ptm.resolved[1]"", ""source_value"": ""Iodoacetamide derivative""}, {""fraction_modified"": null, ""raw_stem"": null, ""scope"": ""study"", ""source"": ""technical_agent"", ""source_path"": ""TechnicalAgent.modification.resolved[1]"", ""source_value"": ""Iodoacetamide derivative""}, {""fraction_modified"": 0.061705, ""raw_stem"": ""20181012_RH_SK__Prot_ReducedGradient"", ""scope"": ""assay"", ""source"": ""ptm_shepherd"", ""source_path"": ""modification_site_fractions.dda_closed_search.per_sample_files.20181012_RH_SK__Prot_ReducedGradient.data[1]"", ""source_value"": ""Iodoacetamide derivative""}]"
32	PXD012337-Sample-32	modification	comment[modification parameters]	NT=ubiquitinylation residue;AC=UNIMOD:121;MT=?;TA=CKST	technical_agent;ptm_shepherd	ubiquitinylation residue | ubiquitinylation residue | ubiquitinylation residue							normalized_source_union	derived	"[{""fraction_modified"": null, ""raw_stem"": null, ""scope"": ""study"", ""source"": ""technical_agent"", ""source_path"": ""TechnicalAgent.ptm.resolved[2]"", ""source_value"": ""ubiquitinylation residue""}, {""fraction_modified"": null, ""raw_stem"": null, ""scope"": ""study"", ""source"": ""technical_agent"", ""source_path"": ""TechnicalAgent.modification.resolved[2]"", ""source_value"": ""ubiquitinylation residue""}, {""fraction_modified"": 0.048962, ""raw_stem"": ""20181012_RH_SK__Prot_ReducedGradient"", ""scope"": ""assay"", ""source"": ""ptm_shepherd"", ""source_path"": ""modification_site_fractions.dda_closed_search.per_sample_files.20181012_RH_SK__Prot_ReducedGradient.data[2]"", ""source_value"": ""ubiquitinylation residue""}]"
32	PXD012337-Sample-32	reduction_reagent	comment[reduction reagent]	dithiothreitol	derived								legacy_derivation	derived	[]
32	PXD012337-Sample-32	alkylation_reagent	comment[alkylation reagent]	iodoacetamide	derived								legacy_derivation	derived	[]
32	PXD012337-Sample-32	ms2_analyzer	comment[ms2 mass analyzer]	Orbitrap	technical_agent								source_precedence:technical_agent	derived	"[{""cv_accession"": null, ""cv_name"": null, ""metadata"": {}, ""scope"": ""study"", ""source"": ""technical_agent"", ""value"": ""Orbitrap""}]"
32	PXD012337-Sample-32	collision_energy	comment[collision energy]	NCE 33	derived								legacy_derivation	derived	[]
32	PXD012337-Sample-32	data_file	comment[data file]	20181012_RH_SK__Prot_ReducedGradient.raw	derived								legacy_derivation	derived	[]
32	PXD012337-Sample-32	sdrf_version	comment[sdrf version]	v1.1.0	derived								legacy_derivation	derived	[]
32	PXD012337-Sample-32	annotation_tool	comment[sdrf annotation tool]	HAMLET-agentic v2.2.5	derived								legacy_derivation	derived	[]
32	PXD012337-Sample-32	factor_disease	factor value[disease]	normal	derived								legacy_derivation	derived	[]
33	PXD012337-Sample-33	source_name	source name	PXD012337-Sample-33	derived								legacy_derivation	derived	[]
33	PXD012337-Sample-33	organism	characteristics[organism]	Mus musculus	biological_agent	3T3-L1 cells, a mouse-derived pre-adipocyte model	AGREE	0.9999969601631165					source_precedence:biological_agent	derived	"[{""cv_accession"": null, ""cv_name"": ""Mus musculus"", ""metadata"": {""source_field"": ""species""}, ""scope"": ""sample"", ""source"": ""biological_agent"", ""value"": ""Mus musculus""}]"
33	PXD012337-Sample-33	disease	characteristics[disease]	normal	biological_agent		LLM_ONLY	0.5					source_precedence:biological_agent	derived	"[{""cv_accession"": null, ""cv_name"": null, ""metadata"": {""source_field"": ""disease_state""}, ""scope"": ""sample"", ""source"": ""biological_agent"", ""value"": ""normal""}]"
33	PXD012337-Sample-33	cell_type	characteristics[cell type]	adipocytes	biological_agent	proteomic analyses with differentiated and treated 3T3-L1s	LLM_ONLY	0.5					source_precedence:biological_agent	derived	"[{""cv_accession"": null, ""cv_name"": null, ""metadata"": {""source_field"": ""cell_type""}, ""scope"": ""sample"", ""source"": ""biological_agent"", ""value"": ""adipocytes""}]"
33	PXD012337-Sample-33	cell_line	characteristics[cell line]	3T3-L1	biological_agent	proteomic analyses with differentiated and treated 3T3-L1s	LLM_ONLY	0.5					source_precedence:biological_agent	derived	"[{""cv_accession"": null, ""cv_name"": null, ""metadata"": {""source_field"": ""cell_line""}, ""scope"": ""sample"", ""source"": ""biological_agent"", ""value"": ""3T3-L1""}]"
33	PXD012337-Sample-33	assay_name	assay name	run 4	derived								legacy_derivation	derived	[]
33	PXD012337-Sample-33	technology_type	technology type	proteomic profiling by mass spectrometry	derived								legacy_derivation	derived	[]
33	PXD012337-Sample-33	acquisition	comment[proteomics data acquisition method]	NT=data-dependent acquisition;AC=PRIDE:0000627	runassessor								source_precedence:runassessor	derived	"[{""cv_accession"": null, ""cv_name"": null, ""metadata"": {""source_path"": ""runAssessor.files.PXD012337/20181012_RH_SK__Prot_ReducedGradient.mzML.spectra_stats.acquisition_type""}, ""scope"": ""assay"", ""source"": ""runassessor"", ""value"": ""DDA""}]"
33	PXD012337-Sample-33	label	comment[label]	TMT127C	technical_agent								source_precedence:technical_agent	derived	"[{""cv_accession"": null, ""cv_name"": null, ""metadata"": {}, ""scope"": ""study"", ""source"": ""technical_agent"", ""value"": ""TMT10plex""}]"
33	PXD012337-Sample-33	instrument	comment[instrument]	NT=Q Exactive HF-X;AC=MS:1002877	runassessor				high	False	False		source_precedence:runassessor	derived	"[{""cv_accession"": ""MS:1002877"", ""cv_name"": ""Q Exactive HF-X"", ""metadata"": {""source_path"": ""runAssessor.files.PXD012337/20181012_RH_SK__Prot_ReducedGradient.mzML.instrument_model.name""}, ""scope"": ""assay"", ""source"": ""runassessor"", ""value"": ""Q Exactive HF-X""}, {""cv_accession"": null, ""cv_name"": null, ""metadata"": {}, ""scope"": ""study"", ""source"": ""technical_agent"", ""value"": ""Q Exactive HF-X""}]"
33	PXD012337-Sample-33	cleavage_agent	comment[cleavage agent details]	NT=Trypsin;AC=MS:1001251	derived								legacy_derivation	derived	[]
33	PXD012337-Sample-33	dissociation	comment[dissociation method]	NT=beam-type collision-induced dissociation;AC=MS:1000422	runassessor								source_precedence:runassessor	derived	"[{""cv_accession"": null, ""cv_name"": null, ""metadata"": {""source_path"": ""runAssessor.files.PXD012337/20181012_RH_SK__Prot_ReducedGradient.mzML.spectra_stats.fragmentation_type""}, ""scope"": ""assay"", ""source"": ""runassessor"", ""value"": ""HR_HCD""}]"
33	PXD012337-Sample-33	factor_value	factor value[experimental design]	treatment (Vh, Rosi, TPhP), diet (low fat diet, high fat diet)	experimental_design_agent	During differentiation, cells were treated with Vh (DMSO), Rosi (20 μM), or TPhP (20 μM).	LLM_ONLY	0.5	medium	False	False	treatment (Vh, Rosi, TPhP), diet (low fat diet, high fat diet)	source_precedence:experimental_design_agent	derived	"[{""cv_accession"": null, ""cv_name"": null, ""metadata"": {""source_field"": ""factor_value""}, ""scope"": ""study"", ""source"": ""experimental_design_agent"", ""value"": ""treatment (Vh, Rosi, TPhP)""}]"
33	PXD012337-Sample-33	modification	comment[modification parameters]	NT=phosphorylated residue;AC=MOD:00696;MT=?	pride	phosphorylated residue							normalized_source_union	derived	"[{""fraction_modified"": null, ""raw_stem"": null, ""scope"": ""study"", ""source"": ""pride"", ""source_path"": ""pride_metadata.project.identifiedPTMStrings[0]"", ""source_value"": ""phosphorylated residue""}]"
33	PXD012337-Sample-33	modification	comment[modification parameters]	NT=Sixplex Tandem Mass Tag®;AC=UNIMOD:737;MT=?;TA=HKSTY,N-term	technical_agent;ptm_shepherd	Sixplex Tandem Mass Tag® | Sixplex Tandem Mass Tag® | Sixplex Tandem Mass Tag®							normalized_source_union	derived	"[{""fraction_modified"": null, ""raw_stem"": null, ""scope"": ""study"", ""source"": ""technical_agent"", ""source_path"": ""TechnicalAgent.ptm.resolved[0]"", ""source_value"": ""Sixplex Tandem Mass Tag\u00ae""}, {""fraction_modified"": null, ""raw_stem"": null, ""scope"": ""study"", ""source"": ""technical_agent"", ""source_path"": ""TechnicalAgent.modification.resolved[0]"", ""source_value"": ""Sixplex Tandem Mass Tag\u00ae""}, {""fraction_modified"": 0.566909, ""raw_stem"": ""20181012_RH_SK__Prot_ReducedGradient"", ""scope"": ""assay"", ""source"": ""ptm_shepherd"", ""source_path"": ""modification_site_fractions.dda_closed_search.per_sample_files.20181012_RH_SK__Prot_ReducedGradient.data[0]"", ""source_value"": ""Sixplex Tandem Mass Tag\u00ae""}]"
33	PXD012337-Sample-33	modification	comment[modification parameters]	NT=Iodoacetamide derivative;AC=UNIMOD:4;MT=?;TA=CDEHKMSTUY,N-term	technical_agent;ptm_shepherd	Iodoacetamide derivative | Iodoacetamide derivative | Iodoacetamide derivative							normalized_source_union	derived	"[{""fraction_modified"": null, ""raw_stem"": null, ""scope"": ""study"", ""source"": ""technical_agent"", ""source_path"": ""TechnicalAgent.ptm.resolved[1]"", ""source_value"": ""Iodoacetamide derivative""}, {""fraction_modified"": null, ""raw_stem"": null, ""scope"": ""study"", ""source"": ""technical_agent"", ""source_path"": ""TechnicalAgent.modification.resolved[1]"", ""source_value"": ""Iodoacetamide derivative""}, {""fraction_modified"": 0.061705, ""raw_stem"": ""20181012_RH_SK__Prot_ReducedGradient"", ""scope"": ""assay"", ""source"": ""ptm_shepherd"", ""source_path"": ""modification_site_fractions.dda_closed_search.per_sample_files.20181012_RH_SK__Prot_ReducedGradient.data[1]"", ""source_value"": ""Iodoacetamide derivative""}]"
33	PXD012337-Sample-33	modification	comment[modification parameters]	NT=ubiquitinylation residue;AC=UNIMOD:121;MT=?;TA=CKST	technical_agent;ptm_shepherd	ubiquitinylation residue | ubiquitinylation residue | ubiquitinylation residue							normalized_source_union	derived	"[{""fraction_modified"": null, ""raw_stem"": null, ""scope"": ""study"", ""source"": ""technical_agent"", ""source_path"": ""TechnicalAgent.ptm.resolved[2]"", ""source_value"": ""ubiquitinylation residue""}, {""fraction_modified"": null, ""raw_stem"": null, ""scope"": ""study"", ""source"": ""technical_agent"", ""source_path"": ""TechnicalAgent.modification.resolved[2]"", ""source_value"": ""ubiquitinylation residue""}, {""fraction_modified"": 0.048962, ""raw_stem"": ""20181012_RH_SK__Prot_ReducedGradient"", ""scope"": ""assay"", ""source"": ""ptm_shepherd"", ""source_path"": ""modification_site_fractions.dda_closed_search.per_sample_files.20181012_RH_SK__Prot_ReducedGradient.data[2]"", ""source_value"": ""ubiquitinylation residue""}]"
33	PXD012337-Sample-33	reduction_reagent	comment[reduction reagent]	dithiothreitol	derived								legacy_derivation	derived	[]
33	PXD012337-Sample-33	alkylation_reagent	comment[alkylation reagent]	iodoacetamide	derived								legacy_derivation	derived	[]
33	PXD012337-Sample-33	ms2_analyzer	comment[ms2 mass analyzer]	Orbitrap	technical_agent								source_precedence:technical_agent	derived	"[{""cv_accession"": null, ""cv_name"": null, ""metadata"": {}, ""scope"": ""study"", ""source"": ""technical_agent"", ""value"": ""Orbitrap""}]"
33	PXD012337-Sample-33	collision_energy	comment[collision energy]	NCE 33	derived								legacy_derivation	derived	[]
33	PXD012337-Sample-33	data_file	comment[data file]	20181012_RH_SK__Prot_ReducedGradient.raw	derived								legacy_derivation	derived	[]
33	PXD012337-Sample-33	sdrf_version	comment[sdrf version]	v1.1.0	derived								legacy_derivation	derived	[]
33	PXD012337-Sample-33	annotation_tool	comment[sdrf annotation tool]	HAMLET-agentic v2.2.5	derived								legacy_derivation	derived	[]
33	PXD012337-Sample-33	factor_disease	factor value[disease]	normal	derived								legacy_derivation	derived	[]
34	PXD012337-Sample-34	source_name	source name	PXD012337-Sample-34	derived								legacy_derivation	derived	[]
34	PXD012337-Sample-34	organism	characteristics[organism]	Mus musculus	biological_agent	3T3-L1 cells, a mouse-derived pre-adipocyte model	AGREE	0.9999969601631165					source_precedence:biological_agent	derived	"[{""cv_accession"": null, ""cv_name"": ""Mus musculus"", ""metadata"": {""source_field"": ""species""}, ""scope"": ""sample"", ""source"": ""biological_agent"", ""value"": ""Mus musculus""}]"
34	PXD012337-Sample-34	disease	characteristics[disease]	normal	biological_agent		LLM_ONLY	0.5					source_precedence:biological_agent	derived	"[{""cv_accession"": null, ""cv_name"": null, ""metadata"": {""source_field"": ""disease_state""}, ""scope"": ""sample"", ""source"": ""biological_agent"", ""value"": ""normal""}]"
34	PXD012337-Sample-34	cell_type	characteristics[cell type]	adipocytes	biological_agent	proteomic analyses with differentiated and treated 3T3-L1s	LLM_ONLY	0.5					source_precedence:biological_agent	derived	"[{""cv_accession"": null, ""cv_name"": null, ""metadata"": {""source_field"": ""cell_type""}, ""scope"": ""sample"", ""source"": ""biological_agent"", ""value"": ""adipocytes""}]"
34	PXD012337-Sample-34	cell_line	characteristics[cell line]	3T3-L1	biological_agent	proteomic analyses with differentiated and treated 3T3-L1s	LLM_ONLY	0.5					source_precedence:biological_agent	derived	"[{""cv_accession"": null, ""cv_name"": null, ""metadata"": {""source_field"": ""cell_line""}, ""scope"": ""sample"", ""source"": ""biological_agent"", ""value"": ""3T3-L1""}]"
34	PXD012337-Sample-34	assay_name	assay name	run 4	derived								legacy_derivation	derived	[]
34	PXD012337-Sample-34	technology_type	technology type	proteomic profiling by mass spectrometry	derived								legacy_derivation	derived	[]
34	PXD012337-Sample-34	acquisition	comment[proteomics data acquisition method]	NT=data-dependent acquisition;AC=PRIDE:0000627	runassessor								source_precedence:runassessor	derived	"[{""cv_accession"": null, ""cv_name"": null, ""metadata"": {""source_path"": ""runAssessor.files.PXD012337/20181012_RH_SK__Prot_ReducedGradient.mzML.spectra_stats.acquisition_type""}, ""scope"": ""assay"", ""source"": ""runassessor"", ""value"": ""DDA""}]"
34	PXD012337-Sample-34	label	comment[label]	TMT128N	technical_agent								source_precedence:technical_agent	derived	"[{""cv_accession"": null, ""cv_name"": null, ""metadata"": {}, ""scope"": ""study"", ""source"": ""technical_agent"", ""value"": ""TMT10plex""}]"
34	PXD012337-Sample-34	instrument	comment[instrument]	NT=Q Exactive HF-X;AC=MS:1002877	runassessor				high	False	False		source_precedence:runassessor	derived	"[{""cv_accession"": ""MS:1002877"", ""cv_name"": ""Q Exactive HF-X"", ""metadata"": {""source_path"": ""runAssessor.files.PXD012337/20181012_RH_SK__Prot_ReducedGradient.mzML.instrument_model.name""}, ""scope"": ""assay"", ""source"": ""runassessor"", ""value"": ""Q Exactive HF-X""}, {""cv_accession"": null, ""cv_name"": null, ""metadata"": {}, ""scope"": ""study"", ""source"": ""technical_agent"", ""value"": ""Q Exactive HF-X""}]"
34	PXD012337-Sample-34	cleavage_agent	comment[cleavage agent details]	NT=Trypsin;AC=MS:1001251	derived								legacy_derivation	derived	[]
34	PXD012337-Sample-34	dissociation	comment[dissociation method]	NT=beam-type collision-induced dissociation;AC=MS:1000422	runassessor								source_precedence:runassessor	derived	"[{""cv_accession"": null, ""cv_name"": null, ""metadata"": {""source_path"": ""runAssessor.files.PXD012337/20181012_RH_SK__Prot_ReducedGradient.mzML.spectra_stats.fragmentation_type""}, ""scope"": ""assay"", ""source"": ""runassessor"", ""value"": ""HR_HCD""}]"
34	PXD012337-Sample-34	factor_value	factor value[experimental design]	treatment (Vh, Rosi, TPhP), diet (low fat diet, high fat diet)	experimental_design_agent	During differentiation, cells were treated with Vh (DMSO), Rosi (20 μM), or TPhP (20 μM).	LLM_ONLY	0.5	medium	False	False	treatment (Vh, Rosi, TPhP), diet (low fat diet, high fat diet)	source_precedence:experimental_design_agent	derived	"[{""cv_accession"": null, ""cv_name"": null, ""metadata"": {""source_field"": ""factor_value""}, ""scope"": ""study"", ""source"": ""experimental_design_agent"", ""value"": ""treatment (Vh, Rosi, TPhP)""}]"
34	PXD012337-Sample-34	modification	comment[modification parameters]	NT=phosphorylated residue;AC=MOD:00696;MT=?	pride	phosphorylated residue							normalized_source_union	derived	"[{""fraction_modified"": null, ""raw_stem"": null, ""scope"": ""study"", ""source"": ""pride"", ""source_path"": ""pride_metadata.project.identifiedPTMStrings[0]"", ""source_value"": ""phosphorylated residue""}]"
34	PXD012337-Sample-34	modification	comment[modification parameters]	NT=Sixplex Tandem Mass Tag®;AC=UNIMOD:737;MT=?;TA=HKSTY,N-term	technical_agent;ptm_shepherd	Sixplex Tandem Mass Tag® | Sixplex Tandem Mass Tag® | Sixplex Tandem Mass Tag®							normalized_source_union	derived	"[{""fraction_modified"": null, ""raw_stem"": null, ""scope"": ""study"", ""source"": ""technical_agent"", ""source_path"": ""TechnicalAgent.ptm.resolved[0]"", ""source_value"": ""Sixplex Tandem Mass Tag\u00ae""}, {""fraction_modified"": null, ""raw_stem"": null, ""scope"": ""study"", ""source"": ""technical_agent"", ""source_path"": ""TechnicalAgent.modification.resolved[0]"", ""source_value"": ""Sixplex Tandem Mass Tag\u00ae""}, {""fraction_modified"": 0.566909, ""raw_stem"": ""20181012_RH_SK__Prot_ReducedGradient"", ""scope"": ""assay"", ""source"": ""ptm_shepherd"", ""source_path"": ""modification_site_fractions.dda_closed_search.per_sample_files.20181012_RH_SK__Prot_ReducedGradient.data[0]"", ""source_value"": ""Sixplex Tandem Mass Tag\u00ae""}]"
34	PXD012337-Sample-34	modification	comment[modification parameters]	NT=Iodoacetamide derivative;AC=UNIMOD:4;MT=?;TA=CDEHKMSTUY,N-term	technical_agent;ptm_shepherd	Iodoacetamide derivative | Iodoacetamide derivative | Iodoacetamide derivative							normalized_source_union	derived	"[{""fraction_modified"": null, ""raw_stem"": null, ""scope"": ""study"", ""source"": ""technical_agent"", ""source_path"": ""TechnicalAgent.ptm.resolved[1]"", ""source_value"": ""Iodoacetamide derivative""}, {""fraction_modified"": null, ""raw_stem"": null, ""scope"": ""study"", ""source"": ""technical_agent"", ""source_path"": ""TechnicalAgent.modification.resolved[1]"", ""source_value"": ""Iodoacetamide derivative""}, {""fraction_modified"": 0.061705, ""raw_stem"": ""20181012_RH_SK__Prot_ReducedGradient"", ""scope"": ""assay"", ""source"": ""ptm_shepherd"", ""source_path"": ""modification_site_fractions.dda_closed_search.per_sample_files.20181012_RH_SK__Prot_ReducedGradient.data[1]"", ""source_value"": ""Iodoacetamide derivative""}]"
34	PXD012337-Sample-34	modification	comment[modification parameters]	NT=ubiquitinylation residue;AC=UNIMOD:121;MT=?;TA=CKST	technical_agent;ptm_shepherd	ubiquitinylation residue | ubiquitinylation residue | ubiquitinylation residue							normalized_source_union	derived	"[{""fraction_modified"": null, ""raw_stem"": null, ""scope"": ""study"", ""source"": ""technical_agent"", ""source_path"": ""TechnicalAgent.ptm.resolved[2]"", ""source_value"": ""ubiquitinylation residue""}, {""fraction_modified"": null, ""raw_stem"": null, ""scope"": ""study"", ""source"": ""technical_agent"", ""source_path"": ""TechnicalAgent.modification.resolved[2]"", ""source_value"": ""ubiquitinylation residue""}, {""fraction_modified"": 0.048962, ""raw_stem"": ""20181012_RH_SK__Prot_ReducedGradient"", ""scope"": ""assay"", ""source"": ""ptm_shepherd"", ""source_path"": ""modification_site_fractions.dda_closed_search.per_sample_files.20181012_RH_SK__Prot_ReducedGradient.data[2]"", ""source_value"": ""ubiquitinylation residue""}]"
34	PXD012337-Sample-34	reduction_reagent	comment[reduction reagent]	dithiothreitol	derived								legacy_derivation	derived	[]
34	PXD012337-Sample-34	alkylation_reagent	comment[alkylation reagent]	iodoacetamide	derived								legacy_derivation	derived	[]
34	PXD012337-Sample-34	ms2_analyzer	comment[ms2 mass analyzer]	Orbitrap	technical_agent								source_precedence:technical_agent	derived	"[{""cv_accession"": null, ""cv_name"": null, ""metadata"": {}, ""scope"": ""study"", ""source"": ""technical_agent"", ""value"": ""Orbitrap""}]"
34	PXD012337-Sample-34	collision_energy	comment[collision energy]	NCE 33	derived								legacy_derivation	derived	[]
34	PXD012337-Sample-34	data_file	comment[data file]	20181012_RH_SK__Prot_ReducedGradient.raw	derived								legacy_derivation	derived	[]
34	PXD012337-Sample-34	sdrf_version	comment[sdrf version]	v1.1.0	derived								legacy_derivation	derived	[]
34	PXD012337-Sample-34	annotation_tool	comment[sdrf annotation tool]	HAMLET-agentic v2.2.5	derived								legacy_derivation	derived	[]
34	PXD012337-Sample-34	factor_disease	factor value[disease]	normal	derived								legacy_derivation	derived	[]
35	PXD012337-Sample-35	source_name	source name	PXD012337-Sample-35	derived								legacy_derivation	derived	[]
35	PXD012337-Sample-35	organism	characteristics[organism]	Mus musculus	biological_agent	3T3-L1 cells, a mouse-derived pre-adipocyte model	AGREE	0.9999969601631165					source_precedence:biological_agent	derived	"[{""cv_accession"": null, ""cv_name"": ""Mus musculus"", ""metadata"": {""source_field"": ""species""}, ""scope"": ""sample"", ""source"": ""biological_agent"", ""value"": ""Mus musculus""}]"
35	PXD012337-Sample-35	disease	characteristics[disease]	normal	biological_agent		LLM_ONLY	0.5					source_precedence:biological_agent	derived	"[{""cv_accession"": null, ""cv_name"": null, ""metadata"": {""source_field"": ""disease_state""}, ""scope"": ""sample"", ""source"": ""biological_agent"", ""value"": ""normal""}]"
35	PXD012337-Sample-35	cell_type	characteristics[cell type]	adipocytes	biological_agent	proteomic analyses with differentiated and treated 3T3-L1s	LLM_ONLY	0.5					source_precedence:biological_agent	derived	"[{""cv_accession"": null, ""cv_name"": null, ""metadata"": {""source_field"": ""cell_type""}, ""scope"": ""sample"", ""source"": ""biological_agent"", ""value"": ""adipocytes""}]"
35	PXD012337-Sample-35	cell_line	characteristics[cell line]	3T3-L1	biological_agent	proteomic analyses with differentiated and treated 3T3-L1s	LLM_ONLY	0.5					source_precedence:biological_agent	derived	"[{""cv_accession"": null, ""cv_name"": null, ""metadata"": {""source_field"": ""cell_line""}, ""scope"": ""sample"", ""source"": ""biological_agent"", ""value"": ""3T3-L1""}]"
35	PXD012337-Sample-35	assay_name	assay name	run 4	derived								legacy_derivation	derived	[]
35	PXD012337-Sample-35	technology_type	technology type	proteomic profiling by mass spectrometry	derived								legacy_derivation	derived	[]
35	PXD012337-Sample-35	acquisition	comment[proteomics data acquisition method]	NT=data-dependent acquisition;AC=PRIDE:0000627	runassessor								source_precedence:runassessor	derived	"[{""cv_accession"": null, ""cv_name"": null, ""metadata"": {""source_path"": ""runAssessor.files.PXD012337/20181012_RH_SK__Prot_ReducedGradient.mzML.spectra_stats.acquisition_type""}, ""scope"": ""assay"", ""source"": ""runassessor"", ""value"": ""DDA""}]"
35	PXD012337-Sample-35	label	comment[label]	TMT128C	technical_agent								source_precedence:technical_agent	derived	"[{""cv_accession"": null, ""cv_name"": null, ""metadata"": {}, ""scope"": ""study"", ""source"": ""technical_agent"", ""value"": ""TMT10plex""}]"
35	PXD012337-Sample-35	instrument	comment[instrument]	NT=Q Exactive HF-X;AC=MS:1002877	runassessor				high	False	False		source_precedence:runassessor	derived	"[{""cv_accession"": ""MS:1002877"", ""cv_name"": ""Q Exactive HF-X"", ""metadata"": {""source_path"": ""runAssessor.files.PXD012337/20181012_RH_SK__Prot_ReducedGradient.mzML.instrument_model.name""}, ""scope"": ""assay"", ""source"": ""runassessor"", ""value"": ""Q Exactive HF-X""}, {""cv_accession"": null, ""cv_name"": null, ""metadata"": {}, ""scope"": ""study"", ""source"": ""technical_agent"", ""value"": ""Q Exactive HF-X""}]"
35	PXD012337-Sample-35	cleavage_agent	comment[cleavage agent details]	NT=Trypsin;AC=MS:1001251	derived								legacy_derivation	derived	[]
35	PXD012337-Sample-35	dissociation	comment[dissociation method]	NT=beam-type collision-induced dissociation;AC=MS:1000422	runassessor								source_precedence:runassessor	derived	"[{""cv_accession"": null, ""cv_name"": null, ""metadata"": {""source_path"": ""runAssessor.files.PXD012337/20181012_RH_SK__Prot_ReducedGradient.mzML.spectra_stats.fragmentation_type""}, ""scope"": ""assay"", ""source"": ""runassessor"", ""value"": ""HR_HCD""}]"
35	PXD012337-Sample-35	factor_value	factor value[experimental design]	treatment (Vh, Rosi, TPhP), diet (low fat diet, high fat diet)	experimental_design_agent	During differentiation, cells were treated with Vh (DMSO), Rosi (20 μM), or TPhP (20 μM).	LLM_ONLY	0.5	medium	False	False	treatment (Vh, Rosi, TPhP), diet (low fat diet, high fat diet)	source_precedence:experimental_design_agent	derived	"[{""cv_accession"": null, ""cv_name"": null, ""metadata"": {""source_field"": ""factor_value""}, ""scope"": ""study"", ""source"": ""experimental_design_agent"", ""value"": ""treatment (Vh, Rosi, TPhP)""}]"
35	PXD012337-Sample-35	modification	comment[modification parameters]	NT=phosphorylated residue;AC=MOD:00696;MT=?	pride	phosphorylated residue							normalized_source_union	derived	"[{""fraction_modified"": null, ""raw_stem"": null, ""scope"": ""study"", ""source"": ""pride"", ""source_path"": ""pride_metadata.project.identifiedPTMStrings[0]"", ""source_value"": ""phosphorylated residue""}]"
35	PXD012337-Sample-35	modification	comment[modification parameters]	NT=Sixplex Tandem Mass Tag®;AC=UNIMOD:737;MT=?;TA=HKSTY,N-term	technical_agent;ptm_shepherd	Sixplex Tandem Mass Tag® | Sixplex Tandem Mass Tag® | Sixplex Tandem Mass Tag®							normalized_source_union	derived	"[{""fraction_modified"": null, ""raw_stem"": null, ""scope"": ""study"", ""source"": ""technical_agent"", ""source_path"": ""TechnicalAgent.ptm.resolved[0]"", ""source_value"": ""Sixplex Tandem Mass Tag\u00ae""}, {""fraction_modified"": null, ""raw_stem"": null, ""scope"": ""study"", ""source"": ""technical_agent"", ""source_path"": ""TechnicalAgent.modification.resolved[0]"", ""source_value"": ""Sixplex Tandem Mass Tag\u00ae""}, {""fraction_modified"": 0.566909, ""raw_stem"": ""20181012_RH_SK__Prot_ReducedGradient"", ""scope"": ""assay"", ""source"": ""ptm_shepherd"", ""source_path"": ""modification_site_fractions.dda_closed_search.per_sample_files.20181012_RH_SK__Prot_ReducedGradient.data[0]"", ""source_value"": ""Sixplex Tandem Mass Tag\u00ae""}]"
35	PXD012337-Sample-35	modification	comment[modification parameters]	NT=Iodoacetamide derivative;AC=UNIMOD:4;MT=?;TA=CDEHKMSTUY,N-term	technical_agent;ptm_shepherd	Iodoacetamide derivative | Iodoacetamide derivative | Iodoacetamide derivative							normalized_source_union	derived	"[{""fraction_modified"": null, ""raw_stem"": null, ""scope"": ""study"", ""source"": ""technical_agent"", ""source_path"": ""TechnicalAgent.ptm.resolved[1]"", ""source_value"": ""Iodoacetamide derivative""}, {""fraction_modified"": null, ""raw_stem"": null, ""scope"": ""study"", ""source"": ""technical_agent"", ""source_path"": ""TechnicalAgent.modification.resolved[1]"", ""source_value"": ""Iodoacetamide derivative""}, {""fraction_modified"": 0.061705, ""raw_stem"": ""20181012_RH_SK__Prot_ReducedGradient"", ""scope"": ""assay"", ""source"": ""ptm_shepherd"", ""source_path"": ""modification_site_fractions.dda_closed_search.per_sample_files.20181012_RH_SK__Prot_ReducedGradient.data[1]"", ""source_value"": ""Iodoacetamide derivative""}]"
35	PXD012337-Sample-35	modification	comment[modification parameters]	NT=ubiquitinylation residue;AC=UNIMOD:121;MT=?;TA=CKST	technical_agent;ptm_shepherd	ubiquitinylation residue | ubiquitinylation residue | ubiquitinylation residue							normalized_source_union	derived	"[{""fraction_modified"": null, ""raw_stem"": null, ""scope"": ""study"", ""source"": ""technical_agent"", ""source_path"": ""TechnicalAgent.ptm.resolved[2]"", ""source_value"": ""ubiquitinylation residue""}, {""fraction_modified"": null, ""raw_stem"": null, ""scope"": ""study"", ""source"": ""technical_agent"", ""source_path"": ""TechnicalAgent.modification.resolved[2]"", ""source_value"": ""ubiquitinylation residue""}, {""fraction_modified"": 0.048962, ""raw_stem"": ""20181012_RH_SK__Prot_ReducedGradient"", ""scope"": ""assay"", ""source"": ""ptm_shepherd"", ""source_path"": ""modification_site_fractions.dda_closed_search.per_sample_files.20181012_RH_SK__Prot_ReducedGradient.data[2]"", ""source_value"": ""ubiquitinylation residue""}]"
35	PXD012337-Sample-35	reduction_reagent	comment[reduction reagent]	dithiothreitol	derived								legacy_derivation	derived	[]
35	PXD012337-Sample-35	alkylation_reagent	comment[alkylation reagent]	iodoacetamide	derived								legacy_derivation	derived	[]
35	PXD012337-Sample-35	ms2_analyzer	comment[ms2 mass analyzer]	Orbitrap	technical_agent								source_precedence:technical_agent	derived	"[{""cv_accession"": null, ""cv_name"": null, ""metadata"": {}, ""scope"": ""study"", ""source"": ""technical_agent"", ""value"": ""Orbitrap""}]"
35	PXD012337-Sample-35	collision_energy	comment[collision energy]	NCE 33	derived								legacy_derivation	derived	[]
35	PXD012337-Sample-35	data_file	comment[data file]	20181012_RH_SK__Prot_ReducedGradient.raw	derived								legacy_derivation	derived	[]
35	PXD012337-Sample-35	sdrf_version	comment[sdrf version]	v1.1.0	derived								legacy_derivation	derived	[]
35	PXD012337-Sample-35	annotation_tool	comment[sdrf annotation tool]	HAMLET-agentic v2.2.5	derived								legacy_derivation	derived	[]
35	PXD012337-Sample-35	factor_disease	factor value[disease]	normal	derived								legacy_derivation	derived	[]
36	PXD012337-Sample-36	source_name	source name	PXD012337-Sample-36	derived								legacy_derivation	derived	[]
36	PXD012337-Sample-36	organism	characteristics[organism]	Mus musculus	biological_agent	3T3-L1 cells, a mouse-derived pre-adipocyte model	AGREE	0.9999969601631165					source_precedence:biological_agent	derived	"[{""cv_accession"": null, ""cv_name"": ""Mus musculus"", ""metadata"": {""source_field"": ""species""}, ""scope"": ""sample"", ""source"": ""biological_agent"", ""value"": ""Mus musculus""}]"
36	PXD012337-Sample-36	disease	characteristics[disease]	normal	biological_agent		LLM_ONLY	0.5					source_precedence:biological_agent	derived	"[{""cv_accession"": null, ""cv_name"": null, ""metadata"": {""source_field"": ""disease_state""}, ""scope"": ""sample"", ""source"": ""biological_agent"", ""value"": ""normal""}]"
36	PXD012337-Sample-36	cell_type	characteristics[cell type]	adipocytes	biological_agent	proteomic analyses with differentiated and treated 3T3-L1s	LLM_ONLY	0.5					source_precedence:biological_agent	derived	"[{""cv_accession"": null, ""cv_name"": null, ""metadata"": {""source_field"": ""cell_type""}, ""scope"": ""sample"", ""source"": ""biological_agent"", ""value"": ""adipocytes""}]"
36	PXD012337-Sample-36	cell_line	characteristics[cell line]	3T3-L1	biological_agent	proteomic analyses with differentiated and treated 3T3-L1s	LLM_ONLY	0.5					source_precedence:biological_agent	derived	"[{""cv_accession"": null, ""cv_name"": null, ""metadata"": {""source_field"": ""cell_line""}, ""scope"": ""sample"", ""source"": ""biological_agent"", ""value"": ""3T3-L1""}]"
36	PXD012337-Sample-36	assay_name	assay name	run 4	derived								legacy_derivation	derived	[]
36	PXD012337-Sample-36	technology_type	technology type	proteomic profiling by mass spectrometry	derived								legacy_derivation	derived	[]
36	PXD012337-Sample-36	acquisition	comment[proteomics data acquisition method]	NT=data-dependent acquisition;AC=PRIDE:0000627	runassessor								source_precedence:runassessor	derived	"[{""cv_accession"": null, ""cv_name"": null, ""metadata"": {""source_path"": ""runAssessor.files.PXD012337/20181012_RH_SK__Prot_ReducedGradient.mzML.spectra_stats.acquisition_type""}, ""scope"": ""assay"", ""source"": ""runassessor"", ""value"": ""DDA""}]"
36	PXD012337-Sample-36	label	comment[label]	TMT129N	technical_agent								source_precedence:technical_agent	derived	"[{""cv_accession"": null, ""cv_name"": null, ""metadata"": {}, ""scope"": ""study"", ""source"": ""technical_agent"", ""value"": ""TMT10plex""}]"
36	PXD012337-Sample-36	instrument	comment[instrument]	NT=Q Exactive HF-X;AC=MS:1002877	runassessor				high	False	False		source_precedence:runassessor	derived	"[{""cv_accession"": ""MS:1002877"", ""cv_name"": ""Q Exactive HF-X"", ""metadata"": {""source_path"": ""runAssessor.files.PXD012337/20181012_RH_SK__Prot_ReducedGradient.mzML.instrument_model.name""}, ""scope"": ""assay"", ""source"": ""runassessor"", ""value"": ""Q Exactive HF-X""}, {""cv_accession"": null, ""cv_name"": null, ""metadata"": {}, ""scope"": ""study"", ""source"": ""technical_agent"", ""value"": ""Q Exactive HF-X""}]"
36	PXD012337-Sample-36	cleavage_agent	comment[cleavage agent details]	NT=Trypsin;AC=MS:1001251	derived								legacy_derivation	derived	[]
36	PXD012337-Sample-36	dissociation	comment[dissociation method]	NT=beam-type collision-induced dissociation;AC=MS:1000422	runassessor								source_precedence:runassessor	derived	"[{""cv_accession"": null, ""cv_name"": null, ""metadata"": {""source_path"": ""runAssessor.files.PXD012337/20181012_RH_SK__Prot_ReducedGradient.mzML.spectra_stats.fragmentation_type""}, ""scope"": ""assay"", ""source"": ""runassessor"", ""value"": ""HR_HCD""}]"
36	PXD012337-Sample-36	factor_value	factor value[experimental design]	treatment (Vh, Rosi, TPhP), diet (low fat diet, high fat diet)	experimental_design_agent	During differentiation, cells were treated with Vh (DMSO), Rosi (20 μM), or TPhP (20 μM).	LLM_ONLY	0.5	medium	False	False	treatment (Vh, Rosi, TPhP), diet (low fat diet, high fat diet)	source_precedence:experimental_design_agent	derived	"[{""cv_accession"": null, ""cv_name"": null, ""metadata"": {""source_field"": ""factor_value""}, ""scope"": ""study"", ""source"": ""experimental_design_agent"", ""value"": ""treatment (Vh, Rosi, TPhP)""}]"
36	PXD012337-Sample-36	modification	comment[modification parameters]	NT=phosphorylated residue;AC=MOD:00696;MT=?	pride	phosphorylated residue							normalized_source_union	derived	"[{""fraction_modified"": null, ""raw_stem"": null, ""scope"": ""study"", ""source"": ""pride"", ""source_path"": ""pride_metadata.project.identifiedPTMStrings[0]"", ""source_value"": ""phosphorylated residue""}]"
36	PXD012337-Sample-36	modification	comment[modification parameters]	NT=Sixplex Tandem Mass Tag®;AC=UNIMOD:737;MT=?;TA=HKSTY,N-term	technical_agent;ptm_shepherd	Sixplex Tandem Mass Tag® | Sixplex Tandem Mass Tag® | Sixplex Tandem Mass Tag®							normalized_source_union	derived	"[{""fraction_modified"": null, ""raw_stem"": null, ""scope"": ""study"", ""source"": ""technical_agent"", ""source_path"": ""TechnicalAgent.ptm.resolved[0]"", ""source_value"": ""Sixplex Tandem Mass Tag\u00ae""}, {""fraction_modified"": null, ""raw_stem"": null, ""scope"": ""study"", ""source"": ""technical_agent"", ""source_path"": ""TechnicalAgent.modification.resolved[0]"", ""source_value"": ""Sixplex Tandem Mass Tag\u00ae""}, {""fraction_modified"": 0.566909, ""raw_stem"": ""20181012_RH_SK__Prot_ReducedGradient"", ""scope"": ""assay"", ""source"": ""ptm_shepherd"", ""source_path"": ""modification_site_fractions.dda_closed_search.per_sample_files.20181012_RH_SK__Prot_ReducedGradient.data[0]"", ""source_value"": ""Sixplex Tandem Mass Tag\u00ae""}]"
36	PXD012337-Sample-36	modification	comment[modification parameters]	NT=Iodoacetamide derivative;AC=UNIMOD:4;MT=?;TA=CDEHKMSTUY,N-term	technical_agent;ptm_shepherd	Iodoacetamide derivative | Iodoacetamide derivative | Iodoacetamide derivative							normalized_source_union	derived	"[{""fraction_modified"": null, ""raw_stem"": null, ""scope"": ""study"", ""source"": ""technical_agent"", ""source_path"": ""TechnicalAgent.ptm.resolved[1]"", ""source_value"": ""Iodoacetamide derivative""}, {""fraction_modified"": null, ""raw_stem"": null, ""scope"": ""study"", ""source"": ""technical_agent"", ""source_path"": ""TechnicalAgent.modification.resolved[1]"", ""source_value"": ""Iodoacetamide derivative""}, {""fraction_modified"": 0.061705, ""raw_stem"": ""20181012_RH_SK__Prot_ReducedGradient"", ""scope"": ""assay"", ""source"": ""ptm_shepherd"", ""source_path"": ""modification_site_fractions.dda_closed_search.per_sample_files.20181012_RH_SK__Prot_ReducedGradient.data[1]"", ""source_value"": ""Iodoacetamide derivative""}]"
36	PXD012337-Sample-36	modification	comment[modification parameters]	NT=ubiquitinylation residue;AC=UNIMOD:121;MT=?;TA=CKST	technical_agent;ptm_shepherd	ubiquitinylation residue | ubiquitinylation residue | ubiquitinylation residue							normalized_source_union	derived	"[{""fraction_modified"": null, ""raw_stem"": null, ""scope"": ""study"", ""source"": ""technical_agent"", ""source_path"": ""TechnicalAgent.ptm.resolved[2]"", ""source_value"": ""ubiquitinylation residue""}, {""fraction_modified"": null, ""raw_stem"": null, ""scope"": ""study"", ""source"": ""technical_agent"", ""source_path"": ""TechnicalAgent.modification.resolved[2]"", ""source_value"": ""ubiquitinylation residue""}, {""fraction_modified"": 0.048962, ""raw_stem"": ""20181012_RH_SK__Prot_ReducedGradient"", ""scope"": ""assay"", ""source"": ""ptm_shepherd"", ""source_path"": ""modification_site_fractions.dda_closed_search.per_sample_files.20181012_RH_SK__Prot_ReducedGradient.data[2]"", ""source_value"": ""ubiquitinylation residue""}]"
36	PXD012337-Sample-36	reduction_reagent	comment[reduction reagent]	dithiothreitol	derived								legacy_derivation	derived	[]
36	PXD012337-Sample-36	alkylation_reagent	comment[alkylation reagent]	iodoacetamide	derived								legacy_derivation	derived	[]
36	PXD012337-Sample-36	ms2_analyzer	comment[ms2 mass analyzer]	Orbitrap	technical_agent								source_precedence:technical_agent	derived	"[{""cv_accession"": null, ""cv_name"": null, ""metadata"": {}, ""scope"": ""study"", ""source"": ""technical_agent"", ""value"": ""Orbitrap""}]"
36	PXD012337-Sample-36	collision_energy	comment[collision energy]	NCE 33	derived								legacy_derivation	derived	[]
36	PXD012337-Sample-36	data_file	comment[data file]	20181012_RH_SK__Prot_ReducedGradient.raw	derived								legacy_derivation	derived	[]
36	PXD012337-Sample-36	sdrf_version	comment[sdrf version]	v1.1.0	derived								legacy_derivation	derived	[]
36	PXD012337-Sample-36	annotation_tool	comment[sdrf annotation tool]	HAMLET-agentic v2.2.5	derived								legacy_derivation	derived	[]
36	PXD012337-Sample-36	factor_disease	factor value[disease]	normal	derived								legacy_derivation	derived	[]
37	PXD012337-Sample-37	source_name	source name	PXD012337-Sample-37	derived								legacy_derivation	derived	[]
37	PXD012337-Sample-37	organism	characteristics[organism]	Mus musculus	biological_agent	3T3-L1 cells, a mouse-derived pre-adipocyte model	AGREE	0.9999969601631165					source_precedence:biological_agent	derived	"[{""cv_accession"": null, ""cv_name"": ""Mus musculus"", ""metadata"": {""source_field"": ""species""}, ""scope"": ""sample"", ""source"": ""biological_agent"", ""value"": ""Mus musculus""}]"
37	PXD012337-Sample-37	disease	characteristics[disease]	normal	biological_agent		LLM_ONLY	0.5					source_precedence:biological_agent	derived	"[{""cv_accession"": null, ""cv_name"": null, ""metadata"": {""source_field"": ""disease_state""}, ""scope"": ""sample"", ""source"": ""biological_agent"", ""value"": ""normal""}]"
37	PXD012337-Sample-37	cell_type	characteristics[cell type]	adipocytes	biological_agent	proteomic analyses with differentiated and treated 3T3-L1s	LLM_ONLY	0.5					source_precedence:biological_agent	derived	"[{""cv_accession"": null, ""cv_name"": null, ""metadata"": {""source_field"": ""cell_type""}, ""scope"": ""sample"", ""source"": ""biological_agent"", ""value"": ""adipocytes""}]"
37	PXD012337-Sample-37	cell_line	characteristics[cell line]	3T3-L1	biological_agent	proteomic analyses with differentiated and treated 3T3-L1s	LLM_ONLY	0.5					source_precedence:biological_agent	derived	"[{""cv_accession"": null, ""cv_name"": null, ""metadata"": {""source_field"": ""cell_line""}, ""scope"": ""sample"", ""source"": ""biological_agent"", ""value"": ""3T3-L1""}]"
37	PXD012337-Sample-37	assay_name	assay name	run 4	derived								legacy_derivation	derived	[]
37	PXD012337-Sample-37	technology_type	technology type	proteomic profiling by mass spectrometry	derived								legacy_derivation	derived	[]
37	PXD012337-Sample-37	acquisition	comment[proteomics data acquisition method]	NT=data-dependent acquisition;AC=PRIDE:0000627	runassessor								source_precedence:runassessor	derived	"[{""cv_accession"": null, ""cv_name"": null, ""metadata"": {""source_path"": ""runAssessor.files.PXD012337/20181012_RH_SK__Prot_ReducedGradient.mzML.spectra_stats.acquisition_type""}, ""scope"": ""assay"", ""source"": ""runassessor"", ""value"": ""DDA""}]"
37	PXD012337-Sample-37	label	comment[label]	TMT129C	technical_agent								source_precedence:technical_agent	derived	"[{""cv_accession"": null, ""cv_name"": null, ""metadata"": {}, ""scope"": ""study"", ""source"": ""technical_agent"", ""value"": ""TMT10plex""}]"
37	PXD012337-Sample-37	instrument	comment[instrument]	NT=Q Exactive HF-X;AC=MS:1002877	runassessor				high	False	False		source_precedence:runassessor	derived	"[{""cv_accession"": ""MS:1002877"", ""cv_name"": ""Q Exactive HF-X"", ""metadata"": {""source_path"": ""runAssessor.files.PXD012337/20181012_RH_SK__Prot_ReducedGradient.mzML.instrument_model.name""}, ""scope"": ""assay"", ""source"": ""runassessor"", ""value"": ""Q Exactive HF-X""}, {""cv_accession"": null, ""cv_name"": null, ""metadata"": {}, ""scope"": ""study"", ""source"": ""technical_agent"", ""value"": ""Q Exactive HF-X""}]"
37	PXD012337-Sample-37	cleavage_agent	comment[cleavage agent details]	NT=Trypsin;AC=MS:1001251	derived								legacy_derivation	derived	[]
37	PXD012337-Sample-37	dissociation	comment[dissociation method]	NT=beam-type collision-induced dissociation;AC=MS:1000422	runassessor								source_precedence:runassessor	derived	"[{""cv_accession"": null, ""cv_name"": null, ""metadata"": {""source_path"": ""runAssessor.files.PXD012337/20181012_RH_SK__Prot_ReducedGradient.mzML.spectra_stats.fragmentation_type""}, ""scope"": ""assay"", ""source"": ""runassessor"", ""value"": ""HR_HCD""}]"
37	PXD012337-Sample-37	factor_value	factor value[experimental design]	treatment (Vh, Rosi, TPhP), diet (low fat diet, high fat diet)	experimental_design_agent	During differentiation, cells were treated with Vh (DMSO), Rosi (20 μM), or TPhP (20 μM).	LLM_ONLY	0.5	medium	False	False	treatment (Vh, Rosi, TPhP), diet (low fat diet, high fat diet)	source_precedence:experimental_design_agent	derived	"[{""cv_accession"": null, ""cv_name"": null, ""metadata"": {""source_field"": ""factor_value""}, ""scope"": ""study"", ""source"": ""experimental_design_agent"", ""value"": ""treatment (Vh, Rosi, TPhP)""}]"
37	PXD012337-Sample-37	modification	comment[modification parameters]	NT=phosphorylated residue;AC=MOD:00696;MT=?	pride	phosphorylated residue							normalized_source_union	derived	"[{""fraction_modified"": null, ""raw_stem"": null, ""scope"": ""study"", ""source"": ""pride"", ""source_path"": ""pride_metadata.project.identifiedPTMStrings[0]"", ""source_value"": ""phosphorylated residue""}]"
37	PXD012337-Sample-37	modification	comment[modification parameters]	NT=Sixplex Tandem Mass Tag®;AC=UNIMOD:737;MT=?;TA=HKSTY,N-term	technical_agent;ptm_shepherd	Sixplex Tandem Mass Tag® | Sixplex Tandem Mass Tag® | Sixplex Tandem Mass Tag®							normalized_source_union	derived	"[{""fraction_modified"": null, ""raw_stem"": null, ""scope"": ""study"", ""source"": ""technical_agent"", ""source_path"": ""TechnicalAgent.ptm.resolved[0]"", ""source_value"": ""Sixplex Tandem Mass Tag\u00ae""}, {""fraction_modified"": null, ""raw_stem"": null, ""scope"": ""study"", ""source"": ""technical_agent"", ""source_path"": ""TechnicalAgent.modification.resolved[0]"", ""source_value"": ""Sixplex Tandem Mass Tag\u00ae""}, {""fraction_modified"": 0.566909, ""raw_stem"": ""20181012_RH_SK__Prot_ReducedGradient"", ""scope"": ""assay"", ""source"": ""ptm_shepherd"", ""source_path"": ""modification_site_fractions.dda_closed_search.per_sample_files.20181012_RH_SK__Prot_ReducedGradient.data[0]"", ""source_value"": ""Sixplex Tandem Mass Tag\u00ae""}]"
37	PXD012337-Sample-37	modification	comment[modification parameters]	NT=Iodoacetamide derivative;AC=UNIMOD:4;MT=?;TA=CDEHKMSTUY,N-term	technical_agent;ptm_shepherd	Iodoacetamide derivative | Iodoacetamide derivative | Iodoacetamide derivative							normalized_source_union	derived	"[{""fraction_modified"": null, ""raw_stem"": null, ""scope"": ""study"", ""source"": ""technical_agent"", ""source_path"": ""TechnicalAgent.ptm.resolved[1]"", ""source_value"": ""Iodoacetamide derivative""}, {""fraction_modified"": null, ""raw_stem"": null, ""scope"": ""study"", ""source"": ""technical_agent"", ""source_path"": ""TechnicalAgent.modification.resolved[1]"", ""source_value"": ""Iodoacetamide derivative""}, {""fraction_modified"": 0.061705, ""raw_stem"": ""20181012_RH_SK__Prot_ReducedGradient"", ""scope"": ""assay"", ""source"": ""ptm_shepherd"", ""source_path"": ""modification_site_fractions.dda_closed_search.per_sample_files.20181012_RH_SK__Prot_ReducedGradient.data[1]"", ""source_value"": ""Iodoacetamide derivative""}]"
37	PXD012337-Sample-37	modification	comment[modification parameters]	NT=ubiquitinylation residue;AC=UNIMOD:121;MT=?;TA=CKST	technical_agent;ptm_shepherd	ubiquitinylation residue | ubiquitinylation residue | ubiquitinylation residue							normalized_source_union	derived	"[{""fraction_modified"": null, ""raw_stem"": null, ""scope"": ""study"", ""source"": ""technical_agent"", ""source_path"": ""TechnicalAgent.ptm.resolved[2]"", ""source_value"": ""ubiquitinylation residue""}, {""fraction_modified"": null, ""raw_stem"": null, ""scope"": ""study"", ""source"": ""technical_agent"", ""source_path"": ""TechnicalAgent.modification.resolved[2]"", ""source_value"": ""ubiquitinylation residue""}, {""fraction_modified"": 0.048962, ""raw_stem"": ""20181012_RH_SK__Prot_ReducedGradient"", ""scope"": ""assay"", ""source"": ""ptm_shepherd"", ""source_path"": ""modification_site_fractions.dda_closed_search.per_sample_files.20181012_RH_SK__Prot_ReducedGradient.data[2]"", ""source_value"": ""ubiquitinylation residue""}]"
37	PXD012337-Sample-37	reduction_reagent	comment[reduction reagent]	dithiothreitol	derived								legacy_derivation	derived	[]
37	PXD012337-Sample-37	alkylation_reagent	comment[alkylation reagent]	iodoacetamide	derived								legacy_derivation	derived	[]
37	PXD012337-Sample-37	ms2_analyzer	comment[ms2 mass analyzer]	Orbitrap	technical_agent								source_precedence:technical_agent	derived	"[{""cv_accession"": null, ""cv_name"": null, ""metadata"": {}, ""scope"": ""study"", ""source"": ""technical_agent"", ""value"": ""Orbitrap""}]"
37	PXD012337-Sample-37	collision_energy	comment[collision energy]	NCE 33	derived								legacy_derivation	derived	[]
37	PXD012337-Sample-37	data_file	comment[data file]	20181012_RH_SK__Prot_ReducedGradient.raw	derived								legacy_derivation	derived	[]
37	PXD012337-Sample-37	sdrf_version	comment[sdrf version]	v1.1.0	derived								legacy_derivation	derived	[]
37	PXD012337-Sample-37	annotation_tool	comment[sdrf annotation tool]	HAMLET-agentic v2.2.5	derived								legacy_derivation	derived	[]
37	PXD012337-Sample-37	factor_disease	factor value[disease]	normal	derived								legacy_derivation	derived	[]
38	PXD012337-Sample-38	source_name	source name	PXD012337-Sample-38	derived								legacy_derivation	derived	[]
38	PXD012337-Sample-38	organism	characteristics[organism]	Mus musculus	biological_agent	3T3-L1 cells, a mouse-derived pre-adipocyte model	AGREE	0.9999969601631165					source_precedence:biological_agent	derived	"[{""cv_accession"": null, ""cv_name"": ""Mus musculus"", ""metadata"": {""source_field"": ""species""}, ""scope"": ""sample"", ""source"": ""biological_agent"", ""value"": ""Mus musculus""}]"
38	PXD012337-Sample-38	disease	characteristics[disease]	normal	biological_agent		LLM_ONLY	0.5					source_precedence:biological_agent	derived	"[{""cv_accession"": null, ""cv_name"": null, ""metadata"": {""source_field"": ""disease_state""}, ""scope"": ""sample"", ""source"": ""biological_agent"", ""value"": ""normal""}]"
38	PXD012337-Sample-38	cell_type	characteristics[cell type]	adipocytes	biological_agent	proteomic analyses with differentiated and treated 3T3-L1s	LLM_ONLY	0.5					source_precedence:biological_agent	derived	"[{""cv_accession"": null, ""cv_name"": null, ""metadata"": {""source_field"": ""cell_type""}, ""scope"": ""sample"", ""source"": ""biological_agent"", ""value"": ""adipocytes""}]"
38	PXD012337-Sample-38	cell_line	characteristics[cell line]	3T3-L1	biological_agent	proteomic analyses with differentiated and treated 3T3-L1s	LLM_ONLY	0.5					source_precedence:biological_agent	derived	"[{""cv_accession"": null, ""cv_name"": null, ""metadata"": {""source_field"": ""cell_line""}, ""scope"": ""sample"", ""source"": ""biological_agent"", ""value"": ""3T3-L1""}]"
38	PXD012337-Sample-38	assay_name	assay name	run 4	derived								legacy_derivation	derived	[]
38	PXD012337-Sample-38	technology_type	technology type	proteomic profiling by mass spectrometry	derived								legacy_derivation	derived	[]
38	PXD012337-Sample-38	acquisition	comment[proteomics data acquisition method]	NT=data-dependent acquisition;AC=PRIDE:0000627	runassessor								source_precedence:runassessor	derived	"[{""cv_accession"": null, ""cv_name"": null, ""metadata"": {""source_path"": ""runAssessor.files.PXD012337/20181012_RH_SK__Prot_ReducedGradient.mzML.spectra_stats.acquisition_type""}, ""scope"": ""assay"", ""source"": ""runassessor"", ""value"": ""DDA""}]"
38	PXD012337-Sample-38	label	comment[label]	TMT130N	technical_agent								source_precedence:technical_agent	derived	"[{""cv_accession"": null, ""cv_name"": null, ""metadata"": {}, ""scope"": ""study"", ""source"": ""technical_agent"", ""value"": ""TMT10plex""}]"
38	PXD012337-Sample-38	instrument	comment[instrument]	NT=Q Exactive HF-X;AC=MS:1002877	runassessor				high	False	False		source_precedence:runassessor	derived	"[{""cv_accession"": ""MS:1002877"", ""cv_name"": ""Q Exactive HF-X"", ""metadata"": {""source_path"": ""runAssessor.files.PXD012337/20181012_RH_SK__Prot_ReducedGradient.mzML.instrument_model.name""}, ""scope"": ""assay"", ""source"": ""runassessor"", ""value"": ""Q Exactive HF-X""}, {""cv_accession"": null, ""cv_name"": null, ""metadata"": {}, ""scope"": ""study"", ""source"": ""technical_agent"", ""value"": ""Q Exactive HF-X""}]"
38	PXD012337-Sample-38	cleavage_agent	comment[cleavage agent details]	NT=Trypsin;AC=MS:1001251	derived								legacy_derivation	derived	[]
38	PXD012337-Sample-38	dissociation	comment[dissociation method]	NT=beam-type collision-induced dissociation;AC=MS:1000422	runassessor								source_precedence:runassessor	derived	"[{""cv_accession"": null, ""cv_name"": null, ""metadata"": {""source_path"": ""runAssessor.files.PXD012337/20181012_RH_SK__Prot_ReducedGradient.mzML.spectra_stats.fragmentation_type""}, ""scope"": ""assay"", ""source"": ""runassessor"", ""value"": ""HR_HCD""}]"
38	PXD012337-Sample-38	factor_value	factor value[experimental design]	treatment (Vh, Rosi, TPhP), diet (low fat diet, high fat diet)	experimental_design_agent	During differentiation, cells were treated with Vh (DMSO), Rosi (20 μM), or TPhP (20 μM).	LLM_ONLY	0.5	medium	False	False	treatment (Vh, Rosi, TPhP), diet (low fat diet, high fat diet)	source_precedence:experimental_design_agent	derived	"[{""cv_accession"": null, ""cv_name"": null, ""metadata"": {""source_field"": ""factor_value""}, ""scope"": ""study"", ""source"": ""experimental_design_agent"", ""value"": ""treatment (Vh, Rosi, TPhP)""}]"
38	PXD012337-Sample-38	modification	comment[modification parameters]	NT=phosphorylated residue;AC=MOD:00696;MT=?	pride	phosphorylated residue							normalized_source_union	derived	"[{""fraction_modified"": null, ""raw_stem"": null, ""scope"": ""study"", ""source"": ""pride"", ""source_path"": ""pride_metadata.project.identifiedPTMStrings[0]"", ""source_value"": ""phosphorylated residue""}]"
38	PXD012337-Sample-38	modification	comment[modification parameters]	NT=Sixplex Tandem Mass Tag®;AC=UNIMOD:737;MT=?;TA=HKSTY,N-term	technical_agent;ptm_shepherd	Sixplex Tandem Mass Tag® | Sixplex Tandem Mass Tag® | Sixplex Tandem Mass Tag®							normalized_source_union	derived	"[{""fraction_modified"": null, ""raw_stem"": null, ""scope"": ""study"", ""source"": ""technical_agent"", ""source_path"": ""TechnicalAgent.ptm.resolved[0]"", ""source_value"": ""Sixplex Tandem Mass Tag\u00ae""}, {""fraction_modified"": null, ""raw_stem"": null, ""scope"": ""study"", ""source"": ""technical_agent"", ""source_path"": ""TechnicalAgent.modification.resolved[0]"", ""source_value"": ""Sixplex Tandem Mass Tag\u00ae""}, {""fraction_modified"": 0.566909, ""raw_stem"": ""20181012_RH_SK__Prot_ReducedGradient"", ""scope"": ""assay"", ""source"": ""ptm_shepherd"", ""source_path"": ""modification_site_fractions.dda_closed_search.per_sample_files.20181012_RH_SK__Prot_ReducedGradient.data[0]"", ""source_value"": ""Sixplex Tandem Mass Tag\u00ae""}]"
38	PXD012337-Sample-38	modification	comment[modification parameters]	NT=Iodoacetamide derivative;AC=UNIMOD:4;MT=?;TA=CDEHKMSTUY,N-term	technical_agent;ptm_shepherd	Iodoacetamide derivative | Iodoacetamide derivative | Iodoacetamide derivative							normalized_source_union	derived	"[{""fraction_modified"": null, ""raw_stem"": null, ""scope"": ""study"", ""source"": ""technical_agent"", ""source_path"": ""TechnicalAgent.ptm.resolved[1]"", ""source_value"": ""Iodoacetamide derivative""}, {""fraction_modified"": null, ""raw_stem"": null, ""scope"": ""study"", ""source"": ""technical_agent"", ""source_path"": ""TechnicalAgent.modification.resolved[1]"", ""source_value"": ""Iodoacetamide derivative""}, {""fraction_modified"": 0.061705, ""raw_stem"": ""20181012_RH_SK__Prot_ReducedGradient"", ""scope"": ""assay"", ""source"": ""ptm_shepherd"", ""source_path"": ""modification_site_fractions.dda_closed_search.per_sample_files.20181012_RH_SK__Prot_ReducedGradient.data[1]"", ""source_value"": ""Iodoacetamide derivative""}]"
38	PXD012337-Sample-38	modification	comment[modification parameters]	NT=ubiquitinylation residue;AC=UNIMOD:121;MT=?;TA=CKST	technical_agent;ptm_shepherd	ubiquitinylation residue | ubiquitinylation residue | ubiquitinylation residue							normalized_source_union	derived	"[{""fraction_modified"": null, ""raw_stem"": null, ""scope"": ""study"", ""source"": ""technical_agent"", ""source_path"": ""TechnicalAgent.ptm.resolved[2]"", ""source_value"": ""ubiquitinylation residue""}, {""fraction_modified"": null, ""raw_stem"": null, ""scope"": ""study"", ""source"": ""technical_agent"", ""source_path"": ""TechnicalAgent.modification.resolved[2]"", ""source_value"": ""ubiquitinylation residue""}, {""fraction_modified"": 0.048962, ""raw_stem"": ""20181012_RH_SK__Prot_ReducedGradient"", ""scope"": ""assay"", ""source"": ""ptm_shepherd"", ""source_path"": ""modification_site_fractions.dda_closed_search.per_sample_files.20181012_RH_SK__Prot_ReducedGradient.data[2]"", ""source_value"": ""ubiquitinylation residue""}]"
38	PXD012337-Sample-38	reduction_reagent	comment[reduction reagent]	dithiothreitol	derived								legacy_derivation	derived	[]
38	PXD012337-Sample-38	alkylation_reagent	comment[alkylation reagent]	iodoacetamide	derived								legacy_derivation	derived	[]
38	PXD012337-Sample-38	ms2_analyzer	comment[ms2 mass analyzer]	Orbitrap	technical_agent								source_precedence:technical_agent	derived	"[{""cv_accession"": null, ""cv_name"": null, ""metadata"": {}, ""scope"": ""study"", ""source"": ""technical_agent"", ""value"": ""Orbitrap""}]"
38	PXD012337-Sample-38	collision_energy	comment[collision energy]	NCE 33	derived								legacy_derivation	derived	[]
38	PXD012337-Sample-38	data_file	comment[data file]	20181012_RH_SK__Prot_ReducedGradient.raw	derived								legacy_derivation	derived	[]
38	PXD012337-Sample-38	sdrf_version	comment[sdrf version]	v1.1.0	derived								legacy_derivation	derived	[]
38	PXD012337-Sample-38	annotation_tool	comment[sdrf annotation tool]	HAMLET-agentic v2.2.5	derived								legacy_derivation	derived	[]
38	PXD012337-Sample-38	factor_disease	factor value[disease]	normal	derived								legacy_derivation	derived	[]
39	PXD012337-Sample-39	source_name	source name	PXD012337-Sample-39	derived								legacy_derivation	derived	[]
39	PXD012337-Sample-39	organism	characteristics[organism]	Mus musculus	biological_agent	3T3-L1 cells, a mouse-derived pre-adipocyte model	AGREE	0.9999969601631165					source_precedence:biological_agent	derived	"[{""cv_accession"": null, ""cv_name"": ""Mus musculus"", ""metadata"": {""source_field"": ""species""}, ""scope"": ""sample"", ""source"": ""biological_agent"", ""value"": ""Mus musculus""}]"
39	PXD012337-Sample-39	disease	characteristics[disease]	normal	biological_agent		LLM_ONLY	0.5					source_precedence:biological_agent	derived	"[{""cv_accession"": null, ""cv_name"": null, ""metadata"": {""source_field"": ""disease_state""}, ""scope"": ""sample"", ""source"": ""biological_agent"", ""value"": ""normal""}]"
39	PXD012337-Sample-39	cell_type	characteristics[cell type]	adipocytes	biological_agent	proteomic analyses with differentiated and treated 3T3-L1s	LLM_ONLY	0.5					source_precedence:biological_agent	derived	"[{""cv_accession"": null, ""cv_name"": null, ""metadata"": {""source_field"": ""cell_type""}, ""scope"": ""sample"", ""source"": ""biological_agent"", ""value"": ""adipocytes""}]"
39	PXD012337-Sample-39	cell_line	characteristics[cell line]	3T3-L1	biological_agent	proteomic analyses with differentiated and treated 3T3-L1s	LLM_ONLY	0.5					source_precedence:biological_agent	derived	"[{""cv_accession"": null, ""cv_name"": null, ""metadata"": {""source_field"": ""cell_line""}, ""scope"": ""sample"", ""source"": ""biological_agent"", ""value"": ""3T3-L1""}]"
39	PXD012337-Sample-39	assay_name	assay name	run 4	derived								legacy_derivation	derived	[]
39	PXD012337-Sample-39	technology_type	technology type	proteomic profiling by mass spectrometry	derived								legacy_derivation	derived	[]
39	PXD012337-Sample-39	acquisition	comment[proteomics data acquisition method]	NT=data-dependent acquisition;AC=PRIDE:0000627	runassessor								source_precedence:runassessor	derived	"[{""cv_accession"": null, ""cv_name"": null, ""metadata"": {""source_path"": ""runAssessor.files.PXD012337/20181012_RH_SK__Prot_ReducedGradient.mzML.spectra_stats.acquisition_type""}, ""scope"": ""assay"", ""source"": ""runassessor"", ""value"": ""DDA""}]"
39	PXD012337-Sample-39	label	comment[label]	TMT130C	technical_agent								source_precedence:technical_agent	derived	"[{""cv_accession"": null, ""cv_name"": null, ""metadata"": {}, ""scope"": ""study"", ""source"": ""technical_agent"", ""value"": ""TMT10plex""}]"
39	PXD012337-Sample-39	instrument	comment[instrument]	NT=Q Exactive HF-X;AC=MS:1002877	runassessor				high	False	False		source_precedence:runassessor	derived	"[{""cv_accession"": ""MS:1002877"", ""cv_name"": ""Q Exactive HF-X"", ""metadata"": {""source_path"": ""runAssessor.files.PXD012337/20181012_RH_SK__Prot_ReducedGradient.mzML.instrument_model.name""}, ""scope"": ""assay"", ""source"": ""runassessor"", ""value"": ""Q Exactive HF-X""}, {""cv_accession"": null, ""cv_name"": null, ""metadata"": {}, ""scope"": ""study"", ""source"": ""technical_agent"", ""value"": ""Q Exactive HF-X""}]"
39	PXD012337-Sample-39	cleavage_agent	comment[cleavage agent details]	NT=Trypsin;AC=MS:1001251	derived								legacy_derivation	derived	[]
39	PXD012337-Sample-39	dissociation	comment[dissociation method]	NT=beam-type collision-induced dissociation;AC=MS:1000422	runassessor								source_precedence:runassessor	derived	"[{""cv_accession"": null, ""cv_name"": null, ""metadata"": {""source_path"": ""runAssessor.files.PXD012337/20181012_RH_SK__Prot_ReducedGradient.mzML.spectra_stats.fragmentation_type""}, ""scope"": ""assay"", ""source"": ""runassessor"", ""value"": ""HR_HCD""}]"
39	PXD012337-Sample-39	factor_value	factor value[experimental design]	treatment (Vh, Rosi, TPhP), diet (low fat diet, high fat diet)	experimental_design_agent	During differentiation, cells were treated with Vh (DMSO), Rosi (20 μM), or TPhP (20 μM).	LLM_ONLY	0.5	medium	False	False	treatment (Vh, Rosi, TPhP), diet (low fat diet, high fat diet)	source_precedence:experimental_design_agent	derived	"[{""cv_accession"": null, ""cv_name"": null, ""metadata"": {""source_field"": ""factor_value""}, ""scope"": ""study"", ""source"": ""experimental_design_agent"", ""value"": ""treatment (Vh, Rosi, TPhP)""}]"
39	PXD012337-Sample-39	modification	comment[modification parameters]	NT=phosphorylated residue;AC=MOD:00696;MT=?	pride	phosphorylated residue							normalized_source_union	derived	"[{""fraction_modified"": null, ""raw_stem"": null, ""scope"": ""study"", ""source"": ""pride"", ""source_path"": ""pride_metadata.project.identifiedPTMStrings[0]"", ""source_value"": ""phosphorylated residue""}]"
39	PXD012337-Sample-39	modification	comment[modification parameters]	NT=Sixplex Tandem Mass Tag®;AC=UNIMOD:737;MT=?;TA=HKSTY,N-term	technical_agent;ptm_shepherd	Sixplex Tandem Mass Tag® | Sixplex Tandem Mass Tag® | Sixplex Tandem Mass Tag®							normalized_source_union	derived	"[{""fraction_modified"": null, ""raw_stem"": null, ""scope"": ""study"", ""source"": ""technical_agent"", ""source_path"": ""TechnicalAgent.ptm.resolved[0]"", ""source_value"": ""Sixplex Tandem Mass Tag\u00ae""}, {""fraction_modified"": null, ""raw_stem"": null, ""scope"": ""study"", ""source"": ""technical_agent"", ""source_path"": ""TechnicalAgent.modification.resolved[0]"", ""source_value"": ""Sixplex Tandem Mass Tag\u00ae""}, {""fraction_modified"": 0.566909, ""raw_stem"": ""20181012_RH_SK__Prot_ReducedGradient"", ""scope"": ""assay"", ""source"": ""ptm_shepherd"", ""source_path"": ""modification_site_fractions.dda_closed_search.per_sample_files.20181012_RH_SK__Prot_ReducedGradient.data[0]"", ""source_value"": ""Sixplex Tandem Mass Tag\u00ae""}]"
39	PXD012337-Sample-39	modification	comment[modification parameters]	NT=Iodoacetamide derivative;AC=UNIMOD:4;MT=?;TA=CDEHKMSTUY,N-term	technical_agent;ptm_shepherd	Iodoacetamide derivative | Iodoacetamide derivative | Iodoacetamide derivative							normalized_source_union	derived	"[{""fraction_modified"": null, ""raw_stem"": null, ""scope"": ""study"", ""source"": ""technical_agent"", ""source_path"": ""TechnicalAgent.ptm.resolved[1]"", ""source_value"": ""Iodoacetamide derivative""}, {""fraction_modified"": null, ""raw_stem"": null, ""scope"": ""study"", ""source"": ""technical_agent"", ""source_path"": ""TechnicalAgent.modification.resolved[1]"", ""source_value"": ""Iodoacetamide derivative""}, {""fraction_modified"": 0.061705, ""raw_stem"": ""20181012_RH_SK__Prot_ReducedGradient"", ""scope"": ""assay"", ""source"": ""ptm_shepherd"", ""source_path"": ""modification_site_fractions.dda_closed_search.per_sample_files.20181012_RH_SK__Prot_ReducedGradient.data[1]"", ""source_value"": ""Iodoacetamide derivative""}]"
39	PXD012337-Sample-39	modification	comment[modification parameters]	NT=ubiquitinylation residue;AC=UNIMOD:121;MT=?;TA=CKST	technical_agent;ptm_shepherd	ubiquitinylation residue | ubiquitinylation residue | ubiquitinylation residue							normalized_source_union	derived	"[{""fraction_modified"": null, ""raw_stem"": null, ""scope"": ""study"", ""source"": ""technical_agent"", ""source_path"": ""TechnicalAgent.ptm.resolved[2]"", ""source_value"": ""ubiquitinylation residue""}, {""fraction_modified"": null, ""raw_stem"": null, ""scope"": ""study"", ""source"": ""technical_agent"", ""source_path"": ""TechnicalAgent.modification.resolved[2]"", ""source_value"": ""ubiquitinylation residue""}, {""fraction_modified"": 0.048962, ""raw_stem"": ""20181012_RH_SK__Prot_ReducedGradient"", ""scope"": ""assay"", ""source"": ""ptm_shepherd"", ""source_path"": ""modification_site_fractions.dda_closed_search.per_sample_files.20181012_RH_SK__Prot_ReducedGradient.data[2]"", ""source_value"": ""ubiquitinylation residue""}]"
39	PXD012337-Sample-39	reduction_reagent	comment[reduction reagent]	dithiothreitol	derived								legacy_derivation	derived	[]
39	PXD012337-Sample-39	alkylation_reagent	comment[alkylation reagent]	iodoacetamide	derived								legacy_derivation	derived	[]
39	PXD012337-Sample-39	ms2_analyzer	comment[ms2 mass analyzer]	Orbitrap	technical_agent								source_precedence:technical_agent	derived	"[{""cv_accession"": null, ""cv_name"": null, ""metadata"": {}, ""scope"": ""study"", ""source"": ""technical_agent"", ""value"": ""Orbitrap""}]"
39	PXD012337-Sample-39	collision_energy	comment[collision energy]	NCE 33	derived								legacy_derivation	derived	[]
39	PXD012337-Sample-39	data_file	comment[data file]	20181012_RH_SK__Prot_ReducedGradient.raw	derived								legacy_derivation	derived	[]
39	PXD012337-Sample-39	sdrf_version	comment[sdrf version]	v1.1.0	derived								legacy_derivation	derived	[]
39	PXD012337-Sample-39	annotation_tool	comment[sdrf annotation tool]	HAMLET-agentic v2.2.5	derived								legacy_derivation	derived	[]
39	PXD012337-Sample-39	factor_disease	factor value[disease]	normal	derived								legacy_derivation	derived	[]
40	PXD012337-Sample-40	source_name	source name	PXD012337-Sample-40	derived								legacy_derivation	derived	[]
40	PXD012337-Sample-40	organism	characteristics[organism]	Mus musculus	biological_agent	3T3-L1 cells, a mouse-derived pre-adipocyte model	AGREE	0.9999969601631165					source_precedence:biological_agent	derived	"[{""cv_accession"": null, ""cv_name"": ""Mus musculus"", ""metadata"": {""source_field"": ""species""}, ""scope"": ""sample"", ""source"": ""biological_agent"", ""value"": ""Mus musculus""}]"
40	PXD012337-Sample-40	disease	characteristics[disease]	normal	biological_agent		LLM_ONLY	0.5					source_precedence:biological_agent	derived	"[{""cv_accession"": null, ""cv_name"": null, ""metadata"": {""source_field"": ""disease_state""}, ""scope"": ""sample"", ""source"": ""biological_agent"", ""value"": ""normal""}]"
40	PXD012337-Sample-40	cell_type	characteristics[cell type]	adipocytes	biological_agent	proteomic analyses with differentiated and treated 3T3-L1s	LLM_ONLY	0.5					source_precedence:biological_agent	derived	"[{""cv_accession"": null, ""cv_name"": null, ""metadata"": {""source_field"": ""cell_type""}, ""scope"": ""sample"", ""source"": ""biological_agent"", ""value"": ""adipocytes""}]"
40	PXD012337-Sample-40	cell_line	characteristics[cell line]	3T3-L1	biological_agent	proteomic analyses with differentiated and treated 3T3-L1s	LLM_ONLY	0.5					source_precedence:biological_agent	derived	"[{""cv_accession"": null, ""cv_name"": null, ""metadata"": {""source_field"": ""cell_line""}, ""scope"": ""sample"", ""source"": ""biological_agent"", ""value"": ""3T3-L1""}]"
40	PXD012337-Sample-40	assay_name	assay name	run 4	derived								legacy_derivation	derived	[]
40	PXD012337-Sample-40	technology_type	technology type	proteomic profiling by mass spectrometry	derived								legacy_derivation	derived	[]
40	PXD012337-Sample-40	acquisition	comment[proteomics data acquisition method]	NT=data-dependent acquisition;AC=PRIDE:0000627	runassessor								source_precedence:runassessor	derived	"[{""cv_accession"": null, ""cv_name"": null, ""metadata"": {""source_path"": ""runAssessor.files.PXD012337/20181012_RH_SK__Prot_ReducedGradient.mzML.spectra_stats.acquisition_type""}, ""scope"": ""assay"", ""source"": ""runassessor"", ""value"": ""DDA""}]"
40	PXD012337-Sample-40	label	comment[label]	TMT131	technical_agent								source_precedence:technical_agent	derived	"[{""cv_accession"": null, ""cv_name"": null, ""metadata"": {}, ""scope"": ""study"", ""source"": ""technical_agent"", ""value"": ""TMT10plex""}]"
40	PXD012337-Sample-40	instrument	comment[instrument]	NT=Q Exactive HF-X;AC=MS:1002877	runassessor				high	False	False		source_precedence:runassessor	derived	"[{""cv_accession"": ""MS:1002877"", ""cv_name"": ""Q Exactive HF-X"", ""metadata"": {""source_path"": ""runAssessor.files.PXD012337/20181012_RH_SK__Prot_ReducedGradient.mzML.instrument_model.name""}, ""scope"": ""assay"", ""source"": ""runassessor"", ""value"": ""Q Exactive HF-X""}, {""cv_accession"": null, ""cv_name"": null, ""metadata"": {}, ""scope"": ""study"", ""source"": ""technical_agent"", ""value"": ""Q Exactive HF-X""}]"
40	PXD012337-Sample-40	cleavage_agent	comment[cleavage agent details]	NT=Trypsin;AC=MS:1001251	derived								legacy_derivation	derived	[]
40	PXD012337-Sample-40	dissociation	comment[dissociation method]	NT=beam-type collision-induced dissociation;AC=MS:1000422	runassessor								source_precedence:runassessor	derived	"[{""cv_accession"": null, ""cv_name"": null, ""metadata"": {""source_path"": ""runAssessor.files.PXD012337/20181012_RH_SK__Prot_ReducedGradient.mzML.spectra_stats.fragmentation_type""}, ""scope"": ""assay"", ""source"": ""runassessor"", ""value"": ""HR_HCD""}]"
40	PXD012337-Sample-40	factor_value	factor value[experimental design]	treatment (Vh, Rosi, TPhP), diet (low fat diet, high fat diet)	experimental_design_agent	During differentiation, cells were treated with Vh (DMSO), Rosi (20 μM), or TPhP (20 μM).	LLM_ONLY	0.5	medium	False	False	treatment (Vh, Rosi, TPhP), diet (low fat diet, high fat diet)	source_precedence:experimental_design_agent	derived	"[{""cv_accession"": null, ""cv_name"": null, ""metadata"": {""source_field"": ""factor_value""}, ""scope"": ""study"", ""source"": ""experimental_design_agent"", ""value"": ""treatment (Vh, Rosi, TPhP)""}]"
40	PXD012337-Sample-40	modification	comment[modification parameters]	NT=phosphorylated residue;AC=MOD:00696;MT=?	pride	phosphorylated residue							normalized_source_union	derived	"[{""fraction_modified"": null, ""raw_stem"": null, ""scope"": ""study"", ""source"": ""pride"", ""source_path"": ""pride_metadata.project.identifiedPTMStrings[0]"", ""source_value"": ""phosphorylated residue""}]"
40	PXD012337-Sample-40	modification	comment[modification parameters]	NT=Sixplex Tandem Mass Tag®;AC=UNIMOD:737;MT=?;TA=HKSTY,N-term	technical_agent;ptm_shepherd	Sixplex Tandem Mass Tag® | Sixplex Tandem Mass Tag® | Sixplex Tandem Mass Tag®							normalized_source_union	derived	"[{""fraction_modified"": null, ""raw_stem"": null, ""scope"": ""study"", ""source"": ""technical_agent"", ""source_path"": ""TechnicalAgent.ptm.resolved[0]"", ""source_value"": ""Sixplex Tandem Mass Tag\u00ae""}, {""fraction_modified"": null, ""raw_stem"": null, ""scope"": ""study"", ""source"": ""technical_agent"", ""source_path"": ""TechnicalAgent.modification.resolved[0]"", ""source_value"": ""Sixplex Tandem Mass Tag\u00ae""}, {""fraction_modified"": 0.566909, ""raw_stem"": ""20181012_RH_SK__Prot_ReducedGradient"", ""scope"": ""assay"", ""source"": ""ptm_shepherd"", ""source_path"": ""modification_site_fractions.dda_closed_search.per_sample_files.20181012_RH_SK__Prot_ReducedGradient.data[0]"", ""source_value"": ""Sixplex Tandem Mass Tag\u00ae""}]"
40	PXD012337-Sample-40	modification	comment[modification parameters]	NT=Iodoacetamide derivative;AC=UNIMOD:4;MT=?;TA=CDEHKMSTUY,N-term	technical_agent;ptm_shepherd	Iodoacetamide derivative | Iodoacetamide derivative | Iodoacetamide derivative							normalized_source_union	derived	"[{""fraction_modified"": null, ""raw_stem"": null, ""scope"": ""study"", ""source"": ""technical_agent"", ""source_path"": ""TechnicalAgent.ptm.resolved[1]"", ""source_value"": ""Iodoacetamide derivative""}, {""fraction_modified"": null, ""raw_stem"": null, ""scope"": ""study"", ""source"": ""technical_agent"", ""source_path"": ""TechnicalAgent.modification.resolved[1]"", ""source_value"": ""Iodoacetamide derivative""}, {""fraction_modified"": 0.061705, ""raw_stem"": ""20181012_RH_SK__Prot_ReducedGradient"", ""scope"": ""assay"", ""source"": ""ptm_shepherd"", ""source_path"": ""modification_site_fractions.dda_closed_search.per_sample_files.20181012_RH_SK__Prot_ReducedGradient.data[1]"", ""source_value"": ""Iodoacetamide derivative""}]"
40	PXD012337-Sample-40	modification	comment[modification parameters]	NT=ubiquitinylation residue;AC=UNIMOD:121;MT=?;TA=CKST	technical_agent;ptm_shepherd	ubiquitinylation residue | ubiquitinylation residue | ubiquitinylation residue							normalized_source_union	derived	"[{""fraction_modified"": null, ""raw_stem"": null, ""scope"": ""study"", ""source"": ""technical_agent"", ""source_path"": ""TechnicalAgent.ptm.resolved[2]"", ""source_value"": ""ubiquitinylation residue""}, {""fraction_modified"": null, ""raw_stem"": null, ""scope"": ""study"", ""source"": ""technical_agent"", ""source_path"": ""TechnicalAgent.modification.resolved[2]"", ""source_value"": ""ubiquitinylation residue""}, {""fraction_modified"": 0.048962, ""raw_stem"": ""20181012_RH_SK__Prot_ReducedGradient"", ""scope"": ""assay"", ""source"": ""ptm_shepherd"", ""source_path"": ""modification_site_fractions.dda_closed_search.per_sample_files.20181012_RH_SK__Prot_ReducedGradient.data[2]"", ""source_value"": ""ubiquitinylation residue""}]"
40	PXD012337-Sample-40	reduction_reagent	comment[reduction reagent]	dithiothreitol	derived								legacy_derivation	derived	[]
40	PXD012337-Sample-40	alkylation_reagent	comment[alkylation reagent]	iodoacetamide	derived								legacy_derivation	derived	[]
40	PXD012337-Sample-40	ms2_analyzer	comment[ms2 mass analyzer]	Orbitrap	technical_agent								source_precedence:technical_agent	derived	"[{""cv_accession"": null, ""cv_name"": null, ""metadata"": {}, ""scope"": ""study"", ""source"": ""technical_agent"", ""value"": ""Orbitrap""}]"
40	PXD012337-Sample-40	collision_energy	comment[collision energy]	NCE 33	derived								legacy_derivation	derived	[]
40	PXD012337-Sample-40	data_file	comment[data file]	20181012_RH_SK__Prot_ReducedGradient.raw	derived								legacy_derivation	derived	[]
40	PXD012337-Sample-40	sdrf_version	comment[sdrf version]	v1.1.0	derived								legacy_derivation	derived	[]
40	PXD012337-Sample-40	annotation_tool	comment[sdrf annotation tool]	HAMLET-agentic v2.2.5	derived								legacy_derivation	derived	[]
40	PXD012337-Sample-40	factor_disease	factor value[disease]	normal	derived								legacy_derivation	derived	[]
41	PXD012337-Sample-41	source_name	source name	PXD012337-Sample-41	derived								legacy_derivation	derived	[]
41	PXD012337-Sample-41	organism	characteristics[organism]	Mus musculus	biological_agent	3T3-L1 cells, a mouse-derived pre-adipocyte model	AGREE	0.9999969601631165					source_precedence:biological_agent	derived	"[{""cv_accession"": null, ""cv_name"": ""Mus musculus"", ""metadata"": {""source_field"": ""species""}, ""scope"": ""sample"", ""source"": ""biological_agent"", ""value"": ""Mus musculus""}]"
41	PXD012337-Sample-41	disease	characteristics[disease]	normal	biological_agent		LLM_ONLY	0.5					source_precedence:biological_agent	derived	"[{""cv_accession"": null, ""cv_name"": null, ""metadata"": {""source_field"": ""disease_state""}, ""scope"": ""sample"", ""source"": ""biological_agent"", ""value"": ""normal""}]"
41	PXD012337-Sample-41	cell_type	characteristics[cell type]	adipocytes	biological_agent	proteomic analyses with differentiated and treated 3T3-L1s	LLM_ONLY	0.5					source_precedence:biological_agent	derived	"[{""cv_accession"": null, ""cv_name"": null, ""metadata"": {""source_field"": ""cell_type""}, ""scope"": ""sample"", ""source"": ""biological_agent"", ""value"": ""adipocytes""}]"
41	PXD012337-Sample-41	cell_line	characteristics[cell line]	3T3-L1	biological_agent	proteomic analyses with differentiated and treated 3T3-L1s	LLM_ONLY	0.5					source_precedence:biological_agent	derived	"[{""cv_accession"": null, ""cv_name"": null, ""metadata"": {""source_field"": ""cell_line""}, ""scope"": ""sample"", ""source"": ""biological_agent"", ""value"": ""3T3-L1""}]"
41	PXD012337-Sample-41	assay_name	assay name	run 5	derived								legacy_derivation	derived	[]
41	PXD012337-Sample-41	technology_type	technology type	proteomic profiling by mass spectrometry	derived								legacy_derivation	derived	[]
41	PXD012337-Sample-41	acquisition	comment[proteomics data acquisition method]	NT=data-dependent acquisition;AC=PRIDE:0000627	runassessor								source_precedence:runassessor	derived	"[{""cv_accession"": null, ""cv_name"": null, ""metadata"": {""source_path"": ""runAssessor.files.PXD012337/20180919_RH_SKim_Proteome-5e4.mzML.spectra_stats.acquisition_type""}, ""scope"": ""assay"", ""source"": ""runassessor"", ""value"": ""DDA""}]"
41	PXD012337-Sample-41	label	comment[label]	TMT126	technical_agent								source_precedence:technical_agent	derived	"[{""cv_accession"": null, ""cv_name"": null, ""metadata"": {}, ""scope"": ""study"", ""source"": ""technical_agent"", ""value"": ""TMT10plex""}]"
41	PXD012337-Sample-41	instrument	comment[instrument]	NT=Q Exactive HF-X;AC=MS:1002877	runassessor				high	False	False		source_precedence:runassessor	derived	"[{""cv_accession"": ""MS:1002877"", ""cv_name"": ""Q Exactive HF-X"", ""metadata"": {""source_path"": ""runAssessor.files.PXD012337/20180919_RH_SKim_Proteome-5e4.mzML.instrument_model.name""}, ""scope"": ""assay"", ""source"": ""runassessor"", ""value"": ""Q Exactive HF-X""}, {""cv_accession"": null, ""cv_name"": null, ""metadata"": {}, ""scope"": ""study"", ""source"": ""technical_agent"", ""value"": ""Q Exactive HF-X""}]"
41	PXD012337-Sample-41	cleavage_agent	comment[cleavage agent details]	NT=Trypsin;AC=MS:1001251	derived								legacy_derivation	derived	[]
41	PXD012337-Sample-41	dissociation	comment[dissociation method]	NT=beam-type collision-induced dissociation;AC=MS:1000422	runassessor								source_precedence:runassessor	derived	"[{""cv_accession"": null, ""cv_name"": null, ""metadata"": {""source_path"": ""runAssessor.files.PXD012337/20180919_RH_SKim_Proteome-5e4.mzML.spectra_stats.fragmentation_type""}, ""scope"": ""assay"", ""source"": ""runassessor"", ""value"": ""HR_HCD""}]"
41	PXD012337-Sample-41	factor_value	factor value[experimental design]	treatment (Vh, Rosi, TPhP), diet (low fat diet, high fat diet)	experimental_design_agent	During differentiation, cells were treated with Vh (DMSO), Rosi (20 μM), or TPhP (20 μM).	LLM_ONLY	0.5	medium	False	False	treatment (Vh, Rosi, TPhP), diet (low fat diet, high fat diet)	source_precedence:experimental_design_agent	derived	"[{""cv_accession"": null, ""cv_name"": null, ""metadata"": {""source_field"": ""factor_value""}, ""scope"": ""study"", ""source"": ""experimental_design_agent"", ""value"": ""treatment (Vh, Rosi, TPhP)""}]"
41	PXD012337-Sample-41	modification	comment[modification parameters]	NT=phosphorylated residue;AC=MOD:00696;MT=?	pride	phosphorylated residue							normalized_source_union	derived	"[{""fraction_modified"": null, ""raw_stem"": null, ""scope"": ""study"", ""source"": ""pride"", ""source_path"": ""pride_metadata.project.identifiedPTMStrings[0]"", ""source_value"": ""phosphorylated residue""}]"
41	PXD012337-Sample-41	modification	comment[modification parameters]	NT=Sixplex Tandem Mass Tag®;AC=UNIMOD:737;MT=?;TA=HKSTY,N-term	technical_agent;ptm_shepherd	Sixplex Tandem Mass Tag® | Sixplex Tandem Mass Tag® | Sixplex Tandem Mass Tag®							normalized_source_union	derived	"[{""fraction_modified"": null, ""raw_stem"": null, ""scope"": ""study"", ""source"": ""technical_agent"", ""source_path"": ""TechnicalAgent.ptm.resolved[0]"", ""source_value"": ""Sixplex Tandem Mass Tag\u00ae""}, {""fraction_modified"": null, ""raw_stem"": null, ""scope"": ""study"", ""source"": ""technical_agent"", ""source_path"": ""TechnicalAgent.modification.resolved[0]"", ""source_value"": ""Sixplex Tandem Mass Tag\u00ae""}, {""fraction_modified"": 0.474849, ""raw_stem"": ""20180919_RH_SKim_Proteome-5e4"", ""scope"": ""assay"", ""source"": ""ptm_shepherd"", ""source_path"": ""modification_site_fractions.dda_closed_search.per_sample_files.20180919_RH_SKim_Proteome-5e4.data[0]"", ""source_value"": ""Sixplex Tandem Mass Tag\u00ae""}]"
41	PXD012337-Sample-41	modification	comment[modification parameters]	NT=Iodoacetamide derivative;AC=UNIMOD:4;MT=?;TA=CDEHKMSTUY,N-term	technical_agent;ptm_shepherd	Iodoacetamide derivative | Iodoacetamide derivative | Iodoacetamide derivative							normalized_source_union	derived	"[{""fraction_modified"": null, ""raw_stem"": null, ""scope"": ""study"", ""source"": ""technical_agent"", ""source_path"": ""TechnicalAgent.ptm.resolved[1]"", ""source_value"": ""Iodoacetamide derivative""}, {""fraction_modified"": null, ""raw_stem"": null, ""scope"": ""study"", ""source"": ""technical_agent"", ""source_path"": ""TechnicalAgent.modification.resolved[1]"", ""source_value"": ""Iodoacetamide derivative""}, {""fraction_modified"": 0.069469, ""raw_stem"": ""20180919_RH_SKim_Proteome-5e4"", ""scope"": ""assay"", ""source"": ""ptm_shepherd"", ""source_path"": ""modification_site_fractions.dda_closed_search.per_sample_files.20180919_RH_SKim_Proteome-5e4.data[1]"", ""source_value"": ""Iodoacetamide derivative""}]"
41	PXD012337-Sample-41	modification	comment[modification parameters]	NT=ubiquitinylation residue;AC=UNIMOD:121;MT=?;TA=CKST	technical_agent;ptm_shepherd	ubiquitinylation residue | ubiquitinylation residue | ubiquitinylation residue							normalized_source_union	derived	"[{""fraction_modified"": null, ""raw_stem"": null, ""scope"": ""study"", ""source"": ""technical_agent"", ""source_path"": ""TechnicalAgent.ptm.resolved[2]"", ""source_value"": ""ubiquitinylation residue""}, {""fraction_modified"": null, ""raw_stem"": null, ""scope"": ""study"", ""source"": ""technical_agent"", ""source_path"": ""TechnicalAgent.modification.resolved[2]"", ""source_value"": ""ubiquitinylation residue""}, {""fraction_modified"": 0.060763, ""raw_stem"": ""20180919_RH_SKim_Proteome-5e4"", ""scope"": ""assay"", ""source"": ""ptm_shepherd"", ""source_path"": ""modification_site_fractions.dda_closed_search.per_sample_files.20180919_RH_SKim_Proteome-5e4.data[2]"", ""source_value"": ""ubiquitinylation residue""}]"
41	PXD012337-Sample-41	reduction_reagent	comment[reduction reagent]	dithiothreitol	derived								legacy_derivation	derived	[]
41	PXD012337-Sample-41	alkylation_reagent	comment[alkylation reagent]	iodoacetamide	derived								legacy_derivation	derived	[]
41	PXD012337-Sample-41	ms2_analyzer	comment[ms2 mass analyzer]	Orbitrap	technical_agent								source_precedence:technical_agent	derived	"[{""cv_accession"": null, ""cv_name"": null, ""metadata"": {}, ""scope"": ""study"", ""source"": ""technical_agent"", ""value"": ""Orbitrap""}]"
41	PXD012337-Sample-41	collision_energy	comment[collision energy]	NCE 33	derived								legacy_derivation	derived	[]
41	PXD012337-Sample-41	data_file	comment[data file]	20180919_RH_SKim_Proteome-5e4.raw	derived								legacy_derivation	derived	[]
41	PXD012337-Sample-41	sdrf_version	comment[sdrf version]	v1.1.0	derived								legacy_derivation	derived	[]
41	PXD012337-Sample-41	annotation_tool	comment[sdrf annotation tool]	HAMLET-agentic v2.2.5	derived								legacy_derivation	derived	[]
41	PXD012337-Sample-41	factor_disease	factor value[disease]	normal	derived								legacy_derivation	derived	[]
42	PXD012337-Sample-42	source_name	source name	PXD012337-Sample-42	derived								legacy_derivation	derived	[]
42	PXD012337-Sample-42	organism	characteristics[organism]	Mus musculus	biological_agent	3T3-L1 cells, a mouse-derived pre-adipocyte model	AGREE	0.9999969601631165					source_precedence:biological_agent	derived	"[{""cv_accession"": null, ""cv_name"": ""Mus musculus"", ""metadata"": {""source_field"": ""species""}, ""scope"": ""sample"", ""source"": ""biological_agent"", ""value"": ""Mus musculus""}]"
42	PXD012337-Sample-42	disease	characteristics[disease]	normal	biological_agent		LLM_ONLY	0.5					source_precedence:biological_agent	derived	"[{""cv_accession"": null, ""cv_name"": null, ""metadata"": {""source_field"": ""disease_state""}, ""scope"": ""sample"", ""source"": ""biological_agent"", ""value"": ""normal""}]"
42	PXD012337-Sample-42	cell_type	characteristics[cell type]	adipocytes	biological_agent	proteomic analyses with differentiated and treated 3T3-L1s	LLM_ONLY	0.5					source_precedence:biological_agent	derived	"[{""cv_accession"": null, ""cv_name"": null, ""metadata"": {""source_field"": ""cell_type""}, ""scope"": ""sample"", ""source"": ""biological_agent"", ""value"": ""adipocytes""}]"
42	PXD012337-Sample-42	cell_line	characteristics[cell line]	3T3-L1	biological_agent	proteomic analyses with differentiated and treated 3T3-L1s	LLM_ONLY	0.5					source_precedence:biological_agent	derived	"[{""cv_accession"": null, ""cv_name"": null, ""metadata"": {""source_field"": ""cell_line""}, ""scope"": ""sample"", ""source"": ""biological_agent"", ""value"": ""3T3-L1""}]"
42	PXD012337-Sample-42	assay_name	assay name	run 5	derived								legacy_derivation	derived	[]
42	PXD012337-Sample-42	technology_type	technology type	proteomic profiling by mass spectrometry	derived								legacy_derivation	derived	[]
42	PXD012337-Sample-42	acquisition	comment[proteomics data acquisition method]	NT=data-dependent acquisition;AC=PRIDE:0000627	runassessor								source_precedence:runassessor	derived	"[{""cv_accession"": null, ""cv_name"": null, ""metadata"": {""source_path"": ""runAssessor.files.PXD012337/20180919_RH_SKim_Proteome-5e4.mzML.spectra_stats.acquisition_type""}, ""scope"": ""assay"", ""source"": ""runassessor"", ""value"": ""DDA""}]"
42	PXD012337-Sample-42	label	comment[label]	TMT127N	technical_agent								source_precedence:technical_agent	derived	"[{""cv_accession"": null, ""cv_name"": null, ""metadata"": {}, ""scope"": ""study"", ""source"": ""technical_agent"", ""value"": ""TMT10plex""}]"
42	PXD012337-Sample-42	instrument	comment[instrument]	NT=Q Exactive HF-X;AC=MS:1002877	runassessor				high	False	False		source_precedence:runassessor	derived	"[{""cv_accession"": ""MS:1002877"", ""cv_name"": ""Q Exactive HF-X"", ""metadata"": {""source_path"": ""runAssessor.files.PXD012337/20180919_RH_SKim_Proteome-5e4.mzML.instrument_model.name""}, ""scope"": ""assay"", ""source"": ""runassessor"", ""value"": ""Q Exactive HF-X""}, {""cv_accession"": null, ""cv_name"": null, ""metadata"": {}, ""scope"": ""study"", ""source"": ""technical_agent"", ""value"": ""Q Exactive HF-X""}]"
42	PXD012337-Sample-42	cleavage_agent	comment[cleavage agent details]	NT=Trypsin;AC=MS:1001251	derived								legacy_derivation	derived	[]
42	PXD012337-Sample-42	dissociation	comment[dissociation method]	NT=beam-type collision-induced dissociation;AC=MS:1000422	runassessor								source_precedence:runassessor	derived	"[{""cv_accession"": null, ""cv_name"": null, ""metadata"": {""source_path"": ""runAssessor.files.PXD012337/20180919_RH_SKim_Proteome-5e4.mzML.spectra_stats.fragmentation_type""}, ""scope"": ""assay"", ""source"": ""runassessor"", ""value"": ""HR_HCD""}]"
42	PXD012337-Sample-42	factor_value	factor value[experimental design]	treatment (Vh, Rosi, TPhP), diet (low fat diet, high fat diet)	experimental_design_agent	During differentiation, cells were treated with Vh (DMSO), Rosi (20 μM), or TPhP (20 μM).	LLM_ONLY	0.5	medium	False	False	treatment (Vh, Rosi, TPhP), diet (low fat diet, high fat diet)	source_precedence:experimental_design_agent	derived	"[{""cv_accession"": null, ""cv_name"": null, ""metadata"": {""source_field"": ""factor_value""}, ""scope"": ""study"", ""source"": ""experimental_design_agent"", ""value"": ""treatment (Vh, Rosi, TPhP)""}]"
42	PXD012337-Sample-42	modification	comment[modification parameters]	NT=phosphorylated residue;AC=MOD:00696;MT=?	pride	phosphorylated residue							normalized_source_union	derived	"[{""fraction_modified"": null, ""raw_stem"": null, ""scope"": ""study"", ""source"": ""pride"", ""source_path"": ""pride_metadata.project.identifiedPTMStrings[0]"", ""source_value"": ""phosphorylated residue""}]"
42	PXD012337-Sample-42	modification	comment[modification parameters]	NT=Sixplex Tandem Mass Tag®;AC=UNIMOD:737;MT=?;TA=HKSTY,N-term	technical_agent;ptm_shepherd	Sixplex Tandem Mass Tag® | Sixplex Tandem Mass Tag® | Sixplex Tandem Mass Tag®							normalized_source_union	derived	"[{""fraction_modified"": null, ""raw_stem"": null, ""scope"": ""study"", ""source"": ""technical_agent"", ""source_path"": ""TechnicalAgent.ptm.resolved[0]"", ""source_value"": ""Sixplex Tandem Mass Tag\u00ae""}, {""fraction_modified"": null, ""raw_stem"": null, ""scope"": ""study"", ""source"": ""technical_agent"", ""source_path"": ""TechnicalAgent.modification.resolved[0]"", ""source_value"": ""Sixplex Tandem Mass Tag\u00ae""}, {""fraction_modified"": 0.474849, ""raw_stem"": ""20180919_RH_SKim_Proteome-5e4"", ""scope"": ""assay"", ""source"": ""ptm_shepherd"", ""source_path"": ""modification_site_fractions.dda_closed_search.per_sample_files.20180919_RH_SKim_Proteome-5e4.data[0]"", ""source_value"": ""Sixplex Tandem Mass Tag\u00ae""}]"
42	PXD012337-Sample-42	modification	comment[modification parameters]	NT=Iodoacetamide derivative;AC=UNIMOD:4;MT=?;TA=CDEHKMSTUY,N-term	technical_agent;ptm_shepherd	Iodoacetamide derivative | Iodoacetamide derivative | Iodoacetamide derivative							normalized_source_union	derived	"[{""fraction_modified"": null, ""raw_stem"": null, ""scope"": ""study"", ""source"": ""technical_agent"", ""source_path"": ""TechnicalAgent.ptm.resolved[1]"", ""source_value"": ""Iodoacetamide derivative""}, {""fraction_modified"": null, ""raw_stem"": null, ""scope"": ""study"", ""source"": ""technical_agent"", ""source_path"": ""TechnicalAgent.modification.resolved[1]"", ""source_value"": ""Iodoacetamide derivative""}, {""fraction_modified"": 0.069469, ""raw_stem"": ""20180919_RH_SKim_Proteome-5e4"", ""scope"": ""assay"", ""source"": ""ptm_shepherd"", ""source_path"": ""modification_site_fractions.dda_closed_search.per_sample_files.20180919_RH_SKim_Proteome-5e4.data[1]"", ""source_value"": ""Iodoacetamide derivative""}]"
42	PXD012337-Sample-42	modification	comment[modification parameters]	NT=ubiquitinylation residue;AC=UNIMOD:121;MT=?;TA=CKST	technical_agent;ptm_shepherd	ubiquitinylation residue | ubiquitinylation residue | ubiquitinylation residue							normalized_source_union	derived	"[{""fraction_modified"": null, ""raw_stem"": null, ""scope"": ""study"", ""source"": ""technical_agent"", ""source_path"": ""TechnicalAgent.ptm.resolved[2]"", ""source_value"": ""ubiquitinylation residue""}, {""fraction_modified"": null, ""raw_stem"": null, ""scope"": ""study"", ""source"": ""technical_agent"", ""source_path"": ""TechnicalAgent.modification.resolved[2]"", ""source_value"": ""ubiquitinylation residue""}, {""fraction_modified"": 0.060763, ""raw_stem"": ""20180919_RH_SKim_Proteome-5e4"", ""scope"": ""assay"", ""source"": ""ptm_shepherd"", ""source_path"": ""modification_site_fractions.dda_closed_search.per_sample_files.20180919_RH_SKim_Proteome-5e4.data[2]"", ""source_value"": ""ubiquitinylation residue""}]"
42	PXD012337-Sample-42	reduction_reagent	comment[reduction reagent]	dithiothreitol	derived								legacy_derivation	derived	[]
42	PXD012337-Sample-42	alkylation_reagent	comment[alkylation reagent]	iodoacetamide	derived								legacy_derivation	derived	[]
42	PXD012337-Sample-42	ms2_analyzer	comment[ms2 mass analyzer]	Orbitrap	technical_agent								source_precedence:technical_agent	derived	"[{""cv_accession"": null, ""cv_name"": null, ""metadata"": {}, ""scope"": ""study"", ""source"": ""technical_agent"", ""value"": ""Orbitrap""}]"
42	PXD012337-Sample-42	collision_energy	comment[collision energy]	NCE 33	derived								legacy_derivation	derived	[]
42	PXD012337-Sample-42	data_file	comment[data file]	20180919_RH_SKim_Proteome-5e4.raw	derived								legacy_derivation	derived	[]
42	PXD012337-Sample-42	sdrf_version	comment[sdrf version]	v1.1.0	derived								legacy_derivation	derived	[]
42	PXD012337-Sample-42	annotation_tool	comment[sdrf annotation tool]	HAMLET-agentic v2.2.5	derived								legacy_derivation	derived	[]
42	PXD012337-Sample-42	factor_disease	factor value[disease]	normal	derived								legacy_derivation	derived	[]
43	PXD012337-Sample-43	source_name	source name	PXD012337-Sample-43	derived								legacy_derivation	derived	[]
43	PXD012337-Sample-43	organism	characteristics[organism]	Mus musculus	biological_agent	3T3-L1 cells, a mouse-derived pre-adipocyte model	AGREE	0.9999969601631165					source_precedence:biological_agent	derived	"[{""cv_accession"": null, ""cv_name"": ""Mus musculus"", ""metadata"": {""source_field"": ""species""}, ""scope"": ""sample"", ""source"": ""biological_agent"", ""value"": ""Mus musculus""}]"
43	PXD012337-Sample-43	disease	characteristics[disease]	normal	biological_agent		LLM_ONLY	0.5					source_precedence:biological_agent	derived	"[{""cv_accession"": null, ""cv_name"": null, ""metadata"": {""source_field"": ""disease_state""}, ""scope"": ""sample"", ""source"": ""biological_agent"", ""value"": ""normal""}]"
43	PXD012337-Sample-43	cell_type	characteristics[cell type]	adipocytes	biological_agent	proteomic analyses with differentiated and treated 3T3-L1s	LLM_ONLY	0.5					source_precedence:biological_agent	derived	"[{""cv_accession"": null, ""cv_name"": null, ""metadata"": {""source_field"": ""cell_type""}, ""scope"": ""sample"", ""source"": ""biological_agent"", ""value"": ""adipocytes""}]"
43	PXD012337-Sample-43	cell_line	characteristics[cell line]	3T3-L1	biological_agent	proteomic analyses with differentiated and treated 3T3-L1s	LLM_ONLY	0.5					source_precedence:biological_agent	derived	"[{""cv_accession"": null, ""cv_name"": null, ""metadata"": {""source_field"": ""cell_line""}, ""scope"": ""sample"", ""source"": ""biological_agent"", ""value"": ""3T3-L1""}]"
43	PXD012337-Sample-43	assay_name	assay name	run 5	derived								legacy_derivation	derived	[]
43	PXD012337-Sample-43	technology_type	technology type	proteomic profiling by mass spectrometry	derived								legacy_derivation	derived	[]
43	PXD012337-Sample-43	acquisition	comment[proteomics data acquisition method]	NT=data-dependent acquisition;AC=PRIDE:0000627	runassessor								source_precedence:runassessor	derived	"[{""cv_accession"": null, ""cv_name"": null, ""metadata"": {""source_path"": ""runAssessor.files.PXD012337/20180919_RH_SKim_Proteome-5e4.mzML.spectra_stats.acquisition_type""}, ""scope"": ""assay"", ""source"": ""runassessor"", ""value"": ""DDA""}]"
43	PXD012337-Sample-43	label	comment[label]	TMT127C	technical_agent								source_precedence:technical_agent	derived	"[{""cv_accession"": null, ""cv_name"": null, ""metadata"": {}, ""scope"": ""study"", ""source"": ""technical_agent"", ""value"": ""TMT10plex""}]"
43	PXD012337-Sample-43	instrument	comment[instrument]	NT=Q Exactive HF-X;AC=MS:1002877	runassessor				high	False	False		source_precedence:runassessor	derived	"[{""cv_accession"": ""MS:1002877"", ""cv_name"": ""Q Exactive HF-X"", ""metadata"": {""source_path"": ""runAssessor.files.PXD012337/20180919_RH_SKim_Proteome-5e4.mzML.instrument_model.name""}, ""scope"": ""assay"", ""source"": ""runassessor"", ""value"": ""Q Exactive HF-X""}, {""cv_accession"": null, ""cv_name"": null, ""metadata"": {}, ""scope"": ""study"", ""source"": ""technical_agent"", ""value"": ""Q Exactive HF-X""}]"
43	PXD012337-Sample-43	cleavage_agent	comment[cleavage agent details]	NT=Trypsin;AC=MS:1001251	derived								legacy_derivation	derived	[]
43	PXD012337-Sample-43	dissociation	comment[dissociation method]	NT=beam-type collision-induced dissociation;AC=MS:1000422	runassessor								source_precedence:runassessor	derived	"[{""cv_accession"": null, ""cv_name"": null, ""metadata"": {""source_path"": ""runAssessor.files.PXD012337/20180919_RH_SKim_Proteome-5e4.mzML.spectra_stats.fragmentation_type""}, ""scope"": ""assay"", ""source"": ""runassessor"", ""value"": ""HR_HCD""}]"
43	PXD012337-Sample-43	factor_value	factor value[experimental design]	treatment (Vh, Rosi, TPhP), diet (low fat diet, high fat diet)	experimental_design_agent	During differentiation, cells were treated with Vh (DMSO), Rosi (20 μM), or TPhP (20 μM).	LLM_ONLY	0.5	medium	False	False	treatment (Vh, Rosi, TPhP), diet (low fat diet, high fat diet)	source_precedence:experimental_design_agent	derived	"[{""cv_accession"": null, ""cv_name"": null, ""metadata"": {""source_field"": ""factor_value""}, ""scope"": ""study"", ""source"": ""experimental_design_agent"", ""value"": ""treatment (Vh, Rosi, TPhP)""}]"
43	PXD012337-Sample-43	modification	comment[modification parameters]	NT=phosphorylated residue;AC=MOD:00696;MT=?	pride	phosphorylated residue							normalized_source_union	derived	"[{""fraction_modified"": null, ""raw_stem"": null, ""scope"": ""study"", ""source"": ""pride"", ""source_path"": ""pride_metadata.project.identifiedPTMStrings[0]"", ""source_value"": ""phosphorylated residue""}]"
43	PXD012337-Sample-43	modification	comment[modification parameters]	NT=Sixplex Tandem Mass Tag®;AC=UNIMOD:737;MT=?;TA=HKSTY,N-term	technical_agent;ptm_shepherd	Sixplex Tandem Mass Tag® | Sixplex Tandem Mass Tag® | Sixplex Tandem Mass Tag®							normalized_source_union	derived	"[{""fraction_modified"": null, ""raw_stem"": null, ""scope"": ""study"", ""source"": ""technical_agent"", ""source_path"": ""TechnicalAgent.ptm.resolved[0]"", ""source_value"": ""Sixplex Tandem Mass Tag\u00ae""}, {""fraction_modified"": null, ""raw_stem"": null, ""scope"": ""study"", ""source"": ""technical_agent"", ""source_path"": ""TechnicalAgent.modification.resolved[0]"", ""source_value"": ""Sixplex Tandem Mass Tag\u00ae""}, {""fraction_modified"": 0.474849, ""raw_stem"": ""20180919_RH_SKim_Proteome-5e4"", ""scope"": ""assay"", ""source"": ""ptm_shepherd"", ""source_path"": ""modification_site_fractions.dda_closed_search.per_sample_files.20180919_RH_SKim_Proteome-5e4.data[0]"", ""source_value"": ""Sixplex Tandem Mass Tag\u00ae""}]"
43	PXD012337-Sample-43	modification	comment[modification parameters]	NT=Iodoacetamide derivative;AC=UNIMOD:4;MT=?;TA=CDEHKMSTUY,N-term	technical_agent;ptm_shepherd	Iodoacetamide derivative | Iodoacetamide derivative | Iodoacetamide derivative							normalized_source_union	derived	"[{""fraction_modified"": null, ""raw_stem"": null, ""scope"": ""study"", ""source"": ""technical_agent"", ""source_path"": ""TechnicalAgent.ptm.resolved[1]"", ""source_value"": ""Iodoacetamide derivative""}, {""fraction_modified"": null, ""raw_stem"": null, ""scope"": ""study"", ""source"": ""technical_agent"", ""source_path"": ""TechnicalAgent.modification.resolved[1]"", ""source_value"": ""Iodoacetamide derivative""}, {""fraction_modified"": 0.069469, ""raw_stem"": ""20180919_RH_SKim_Proteome-5e4"", ""scope"": ""assay"", ""source"": ""ptm_shepherd"", ""source_path"": ""modification_site_fractions.dda_closed_search.per_sample_files.20180919_RH_SKim_Proteome-5e4.data[1]"", ""source_value"": ""Iodoacetamide derivative""}]"
43	PXD012337-Sample-43	modification	comment[modification parameters]	NT=ubiquitinylation residue;AC=UNIMOD:121;MT=?;TA=CKST	technical_agent;ptm_shepherd	ubiquitinylation residue | ubiquitinylation residue | ubiquitinylation residue							normalized_source_union	derived	"[{""fraction_modified"": null, ""raw_stem"": null, ""scope"": ""study"", ""source"": ""technical_agent"", ""source_path"": ""TechnicalAgent.ptm.resolved[2]"", ""source_value"": ""ubiquitinylation residue""}, {""fraction_modified"": null, ""raw_stem"": null, ""scope"": ""study"", ""source"": ""technical_agent"", ""source_path"": ""TechnicalAgent.modification.resolved[2]"", ""source_value"": ""ubiquitinylation residue""}, {""fraction_modified"": 0.060763, ""raw_stem"": ""20180919_RH_SKim_Proteome-5e4"", ""scope"": ""assay"", ""source"": ""ptm_shepherd"", ""source_path"": ""modification_site_fractions.dda_closed_search.per_sample_files.20180919_RH_SKim_Proteome-5e4.data[2]"", ""source_value"": ""ubiquitinylation residue""}]"
43	PXD012337-Sample-43	reduction_reagent	comment[reduction reagent]	dithiothreitol	derived								legacy_derivation	derived	[]
43	PXD012337-Sample-43	alkylation_reagent	comment[alkylation reagent]	iodoacetamide	derived								legacy_derivation	derived	[]
43	PXD012337-Sample-43	ms2_analyzer	comment[ms2 mass analyzer]	Orbitrap	technical_agent								source_precedence:technical_agent	derived	"[{""cv_accession"": null, ""cv_name"": null, ""metadata"": {}, ""scope"": ""study"", ""source"": ""technical_agent"", ""value"": ""Orbitrap""}]"
43	PXD012337-Sample-43	collision_energy	comment[collision energy]	NCE 33	derived								legacy_derivation	derived	[]
43	PXD012337-Sample-43	data_file	comment[data file]	20180919_RH_SKim_Proteome-5e4.raw	derived								legacy_derivation	derived	[]
43	PXD012337-Sample-43	sdrf_version	comment[sdrf version]	v1.1.0	derived								legacy_derivation	derived	[]
43	PXD012337-Sample-43	annotation_tool	comment[sdrf annotation tool]	HAMLET-agentic v2.2.5	derived								legacy_derivation	derived	[]
43	PXD012337-Sample-43	factor_disease	factor value[disease]	normal	derived								legacy_derivation	derived	[]
44	PXD012337-Sample-44	source_name	source name	PXD012337-Sample-44	derived								legacy_derivation	derived	[]
44	PXD012337-Sample-44	organism	characteristics[organism]	Mus musculus	biological_agent	3T3-L1 cells, a mouse-derived pre-adipocyte model	AGREE	0.9999969601631165					source_precedence:biological_agent	derived	"[{""cv_accession"": null, ""cv_name"": ""Mus musculus"", ""metadata"": {""source_field"": ""species""}, ""scope"": ""sample"", ""source"": ""biological_agent"", ""value"": ""Mus musculus""}]"
44	PXD012337-Sample-44	disease	characteristics[disease]	normal	biological_agent		LLM_ONLY	0.5					source_precedence:biological_agent	derived	"[{""cv_accession"": null, ""cv_name"": null, ""metadata"": {""source_field"": ""disease_state""}, ""scope"": ""sample"", ""source"": ""biological_agent"", ""value"": ""normal""}]"
44	PXD012337-Sample-44	cell_type	characteristics[cell type]	adipocytes	biological_agent	proteomic analyses with differentiated and treated 3T3-L1s	LLM_ONLY	0.5					source_precedence:biological_agent	derived	"[{""cv_accession"": null, ""cv_name"": null, ""metadata"": {""source_field"": ""cell_type""}, ""scope"": ""sample"", ""source"": ""biological_agent"", ""value"": ""adipocytes""}]"
44	PXD012337-Sample-44	cell_line	characteristics[cell line]	3T3-L1	biological_agent	proteomic analyses with differentiated and treated 3T3-L1s	LLM_ONLY	0.5					source_precedence:biological_agent	derived	"[{""cv_accession"": null, ""cv_name"": null, ""metadata"": {""source_field"": ""cell_line""}, ""scope"": ""sample"", ""source"": ""biological_agent"", ""value"": ""3T3-L1""}]"
44	PXD012337-Sample-44	assay_name	assay name	run 5	derived								legacy_derivation	derived	[]
44	PXD012337-Sample-44	technology_type	technology type	proteomic profiling by mass spectrometry	derived								legacy_derivation	derived	[]
44	PXD012337-Sample-44	acquisition	comment[proteomics data acquisition method]	NT=data-dependent acquisition;AC=PRIDE:0000627	runassessor								source_precedence:runassessor	derived	"[{""cv_accession"": null, ""cv_name"": null, ""metadata"": {""source_path"": ""runAssessor.files.PXD012337/20180919_RH_SKim_Proteome-5e4.mzML.spectra_stats.acquisition_type""}, ""scope"": ""assay"", ""source"": ""runassessor"", ""value"": ""DDA""}]"
44	PXD012337-Sample-44	label	comment[label]	TMT128N	technical_agent								source_precedence:technical_agent	derived	"[{""cv_accession"": null, ""cv_name"": null, ""metadata"": {}, ""scope"": ""study"", ""source"": ""technical_agent"", ""value"": ""TMT10plex""}]"
44	PXD012337-Sample-44	instrument	comment[instrument]	NT=Q Exactive HF-X;AC=MS:1002877	runassessor				high	False	False		source_precedence:runassessor	derived	"[{""cv_accession"": ""MS:1002877"", ""cv_name"": ""Q Exactive HF-X"", ""metadata"": {""source_path"": ""runAssessor.files.PXD012337/20180919_RH_SKim_Proteome-5e4.mzML.instrument_model.name""}, ""scope"": ""assay"", ""source"": ""runassessor"", ""value"": ""Q Exactive HF-X""}, {""cv_accession"": null, ""cv_name"": null, ""metadata"": {}, ""scope"": ""study"", ""source"": ""technical_agent"", ""value"": ""Q Exactive HF-X""}]"
44	PXD012337-Sample-44	cleavage_agent	comment[cleavage agent details]	NT=Trypsin;AC=MS:1001251	derived								legacy_derivation	derived	[]
44	PXD012337-Sample-44	dissociation	comment[dissociation method]	NT=beam-type collision-induced dissociation;AC=MS:1000422	runassessor								source_precedence:runassessor	derived	"[{""cv_accession"": null, ""cv_name"": null, ""metadata"": {""source_path"": ""runAssessor.files.PXD012337/20180919_RH_SKim_Proteome-5e4.mzML.spectra_stats.fragmentation_type""}, ""scope"": ""assay"", ""source"": ""runassessor"", ""value"": ""HR_HCD""}]"
44	PXD012337-Sample-44	factor_value	factor value[experimental design]	treatment (Vh, Rosi, TPhP), diet (low fat diet, high fat diet)	experimental_design_agent	During differentiation, cells were treated with Vh (DMSO), Rosi (20 μM), or TPhP (20 μM).	LLM_ONLY	0.5	medium	False	False	treatment (Vh, Rosi, TPhP), diet (low fat diet, high fat diet)	source_precedence:experimental_design_agent	derived	"[{""cv_accession"": null, ""cv_name"": null, ""metadata"": {""source_field"": ""factor_value""}, ""scope"": ""study"", ""source"": ""experimental_design_agent"", ""value"": ""treatment (Vh, Rosi, TPhP)""}]"
44	PXD012337-Sample-44	modification	comment[modification parameters]	NT=phosphorylated residue;AC=MOD:00696;MT=?	pride	phosphorylated residue							normalized_source_union	derived	"[{""fraction_modified"": null, ""raw_stem"": null, ""scope"": ""study"", ""source"": ""pride"", ""source_path"": ""pride_metadata.project.identifiedPTMStrings[0]"", ""source_value"": ""phosphorylated residue""}]"
44	PXD012337-Sample-44	modification	comment[modification parameters]	NT=Sixplex Tandem Mass Tag®;AC=UNIMOD:737;MT=?;TA=HKSTY,N-term	technical_agent;ptm_shepherd	Sixplex Tandem Mass Tag® | Sixplex Tandem Mass Tag® | Sixplex Tandem Mass Tag®							normalized_source_union	derived	"[{""fraction_modified"": null, ""raw_stem"": null, ""scope"": ""study"", ""source"": ""technical_agent"", ""source_path"": ""TechnicalAgent.ptm.resolved[0]"", ""source_value"": ""Sixplex Tandem Mass Tag\u00ae""}, {""fraction_modified"": null, ""raw_stem"": null, ""scope"": ""study"", ""source"": ""technical_agent"", ""source_path"": ""TechnicalAgent.modification.resolved[0]"", ""source_value"": ""Sixplex Tandem Mass Tag\u00ae""}, {""fraction_modified"": 0.474849, ""raw_stem"": ""20180919_RH_SKim_Proteome-5e4"", ""scope"": ""assay"", ""source"": ""ptm_shepherd"", ""source_path"": ""modification_site_fractions.dda_closed_search.per_sample_files.20180919_RH_SKim_Proteome-5e4.data[0]"", ""source_value"": ""Sixplex Tandem Mass Tag\u00ae""}]"
44	PXD012337-Sample-44	modification	comment[modification parameters]	NT=Iodoacetamide derivative;AC=UNIMOD:4;MT=?;TA=CDEHKMSTUY,N-term	technical_agent;ptm_shepherd	Iodoacetamide derivative | Iodoacetamide derivative | Iodoacetamide derivative							normalized_source_union	derived	"[{""fraction_modified"": null, ""raw_stem"": null, ""scope"": ""study"", ""source"": ""technical_agent"", ""source_path"": ""TechnicalAgent.ptm.resolved[1]"", ""source_value"": ""Iodoacetamide derivative""}, {""fraction_modified"": null, ""raw_stem"": null, ""scope"": ""study"", ""source"": ""technical_agent"", ""source_path"": ""TechnicalAgent.modification.resolved[1]"", ""source_value"": ""Iodoacetamide derivative""}, {""fraction_modified"": 0.069469, ""raw_stem"": ""20180919_RH_SKim_Proteome-5e4"", ""scope"": ""assay"", ""source"": ""ptm_shepherd"", ""source_path"": ""modification_site_fractions.dda_closed_search.per_sample_files.20180919_RH_SKim_Proteome-5e4.data[1]"", ""source_value"": ""Iodoacetamide derivative""}]"
44	PXD012337-Sample-44	modification	comment[modification parameters]	NT=ubiquitinylation residue;AC=UNIMOD:121;MT=?;TA=CKST	technical_agent;ptm_shepherd	ubiquitinylation residue | ubiquitinylation residue | ubiquitinylation residue							normalized_source_union	derived	"[{""fraction_modified"": null, ""raw_stem"": null, ""scope"": ""study"", ""source"": ""technical_agent"", ""source_path"": ""TechnicalAgent.ptm.resolved[2]"", ""source_value"": ""ubiquitinylation residue""}, {""fraction_modified"": null, ""raw_stem"": null, ""scope"": ""study"", ""source"": ""technical_agent"", ""source_path"": ""TechnicalAgent.modification.resolved[2]"", ""source_value"": ""ubiquitinylation residue""}, {""fraction_modified"": 0.060763, ""raw_stem"": ""20180919_RH_SKim_Proteome-5e4"", ""scope"": ""assay"", ""source"": ""ptm_shepherd"", ""source_path"": ""modification_site_fractions.dda_closed_search.per_sample_files.20180919_RH_SKim_Proteome-5e4.data[2]"", ""source_value"": ""ubiquitinylation residue""}]"
44	PXD012337-Sample-44	reduction_reagent	comment[reduction reagent]	dithiothreitol	derived								legacy_derivation	derived	[]
44	PXD012337-Sample-44	alkylation_reagent	comment[alkylation reagent]	iodoacetamide	derived								legacy_derivation	derived	[]
44	PXD012337-Sample-44	ms2_analyzer	comment[ms2 mass analyzer]	Orbitrap	technical_agent								source_precedence:technical_agent	derived	"[{""cv_accession"": null, ""cv_name"": null, ""metadata"": {}, ""scope"": ""study"", ""source"": ""technical_agent"", ""value"": ""Orbitrap""}]"
44	PXD012337-Sample-44	collision_energy	comment[collision energy]	NCE 33	derived								legacy_derivation	derived	[]
44	PXD012337-Sample-44	data_file	comment[data file]	20180919_RH_SKim_Proteome-5e4.raw	derived								legacy_derivation	derived	[]
44	PXD012337-Sample-44	sdrf_version	comment[sdrf version]	v1.1.0	derived								legacy_derivation	derived	[]
44	PXD012337-Sample-44	annotation_tool	comment[sdrf annotation tool]	HAMLET-agentic v2.2.5	derived								legacy_derivation	derived	[]
44	PXD012337-Sample-44	factor_disease	factor value[disease]	normal	derived								legacy_derivation	derived	[]
45	PXD012337-Sample-45	source_name	source name	PXD012337-Sample-45	derived								legacy_derivation	derived	[]
45	PXD012337-Sample-45	organism	characteristics[organism]	Mus musculus	biological_agent	3T3-L1 cells, a mouse-derived pre-adipocyte model	AGREE	0.9999969601631165					source_precedence:biological_agent	derived	"[{""cv_accession"": null, ""cv_name"": ""Mus musculus"", ""metadata"": {""source_field"": ""species""}, ""scope"": ""sample"", ""source"": ""biological_agent"", ""value"": ""Mus musculus""}]"
45	PXD012337-Sample-45	disease	characteristics[disease]	normal	biological_agent		LLM_ONLY	0.5					source_precedence:biological_agent	derived	"[{""cv_accession"": null, ""cv_name"": null, ""metadata"": {""source_field"": ""disease_state""}, ""scope"": ""sample"", ""source"": ""biological_agent"", ""value"": ""normal""}]"
45	PXD012337-Sample-45	cell_type	characteristics[cell type]	adipocytes	biological_agent	proteomic analyses with differentiated and treated 3T3-L1s	LLM_ONLY	0.5					source_precedence:biological_agent	derived	"[{""cv_accession"": null, ""cv_name"": null, ""metadata"": {""source_field"": ""cell_type""}, ""scope"": ""sample"", ""source"": ""biological_agent"", ""value"": ""adipocytes""}]"
45	PXD012337-Sample-45	cell_line	characteristics[cell line]	3T3-L1	biological_agent	proteomic analyses with differentiated and treated 3T3-L1s	LLM_ONLY	0.5					source_precedence:biological_agent	derived	"[{""cv_accession"": null, ""cv_name"": null, ""metadata"": {""source_field"": ""cell_line""}, ""scope"": ""sample"", ""source"": ""biological_agent"", ""value"": ""3T3-L1""}]"
45	PXD012337-Sample-45	assay_name	assay name	run 5	derived								legacy_derivation	derived	[]
45	PXD012337-Sample-45	technology_type	technology type	proteomic profiling by mass spectrometry	derived								legacy_derivation	derived	[]
45	PXD012337-Sample-45	acquisition	comment[proteomics data acquisition method]	NT=data-dependent acquisition;AC=PRIDE:0000627	runassessor								source_precedence:runassessor	derived	"[{""cv_accession"": null, ""cv_name"": null, ""metadata"": {""source_path"": ""runAssessor.files.PXD012337/20180919_RH_SKim_Proteome-5e4.mzML.spectra_stats.acquisition_type""}, ""scope"": ""assay"", ""source"": ""runassessor"", ""value"": ""DDA""}]"
45	PXD012337-Sample-45	label	comment[label]	TMT128C	technical_agent								source_precedence:technical_agent	derived	"[{""cv_accession"": null, ""cv_name"": null, ""metadata"": {}, ""scope"": ""study"", ""source"": ""technical_agent"", ""value"": ""TMT10plex""}]"
45	PXD012337-Sample-45	instrument	comment[instrument]	NT=Q Exactive HF-X;AC=MS:1002877	runassessor				high	False	False		source_precedence:runassessor	derived	"[{""cv_accession"": ""MS:1002877"", ""cv_name"": ""Q Exactive HF-X"", ""metadata"": {""source_path"": ""runAssessor.files.PXD012337/20180919_RH_SKim_Proteome-5e4.mzML.instrument_model.name""}, ""scope"": ""assay"", ""source"": ""runassessor"", ""value"": ""Q Exactive HF-X""}, {""cv_accession"": null, ""cv_name"": null, ""metadata"": {}, ""scope"": ""study"", ""source"": ""technical_agent"", ""value"": ""Q Exactive HF-X""}]"
45	PXD012337-Sample-45	cleavage_agent	comment[cleavage agent details]	NT=Trypsin;AC=MS:1001251	derived								legacy_derivation	derived	[]
45	PXD012337-Sample-45	dissociation	comment[dissociation method]	NT=beam-type collision-induced dissociation;AC=MS:1000422	runassessor								source_precedence:runassessor	derived	"[{""cv_accession"": null, ""cv_name"": null, ""metadata"": {""source_path"": ""runAssessor.files.PXD012337/20180919_RH_SKim_Proteome-5e4.mzML.spectra_stats.fragmentation_type""}, ""scope"": ""assay"", ""source"": ""runassessor"", ""value"": ""HR_HCD""}]"
45	PXD012337-Sample-45	factor_value	factor value[experimental design]	treatment (Vh, Rosi, TPhP), diet (low fat diet, high fat diet)	experimental_design_agent	During differentiation, cells were treated with Vh (DMSO), Rosi (20 μM), or TPhP (20 μM).	LLM_ONLY	0.5	medium	False	False	treatment (Vh, Rosi, TPhP), diet (low fat diet, high fat diet)	source_precedence:experimental_design_agent	derived	"[{""cv_accession"": null, ""cv_name"": null, ""metadata"": {""source_field"": ""factor_value""}, ""scope"": ""study"", ""source"": ""experimental_design_agent"", ""value"": ""treatment (Vh, Rosi, TPhP)""}]"
45	PXD012337-Sample-45	modification	comment[modification parameters]	NT=phosphorylated residue;AC=MOD:00696;MT=?	pride	phosphorylated residue							normalized_source_union	derived	"[{""fraction_modified"": null, ""raw_stem"": null, ""scope"": ""study"", ""source"": ""pride"", ""source_path"": ""pride_metadata.project.identifiedPTMStrings[0]"", ""source_value"": ""phosphorylated residue""}]"
45	PXD012337-Sample-45	modification	comment[modification parameters]	NT=Sixplex Tandem Mass Tag®;AC=UNIMOD:737;MT=?;TA=HKSTY,N-term	technical_agent;ptm_shepherd	Sixplex Tandem Mass Tag® | Sixplex Tandem Mass Tag® | Sixplex Tandem Mass Tag®							normalized_source_union	derived	"[{""fraction_modified"": null, ""raw_stem"": null, ""scope"": ""study"", ""source"": ""technical_agent"", ""source_path"": ""TechnicalAgent.ptm.resolved[0]"", ""source_value"": ""Sixplex Tandem Mass Tag\u00ae""}, {""fraction_modified"": null, ""raw_stem"": null, ""scope"": ""study"", ""source"": ""technical_agent"", ""source_path"": ""TechnicalAgent.modification.resolved[0]"", ""source_value"": ""Sixplex Tandem Mass Tag\u00ae""}, {""fraction_modified"": 0.474849, ""raw_stem"": ""20180919_RH_SKim_Proteome-5e4"", ""scope"": ""assay"", ""source"": ""ptm_shepherd"", ""source_path"": ""modification_site_fractions.dda_closed_search.per_sample_files.20180919_RH_SKim_Proteome-5e4.data[0]"", ""source_value"": ""Sixplex Tandem Mass Tag\u00ae""}]"
45	PXD012337-Sample-45	modification	comment[modification parameters]	NT=Iodoacetamide derivative;AC=UNIMOD:4;MT=?;TA=CDEHKMSTUY,N-term	technical_agent;ptm_shepherd	Iodoacetamide derivative | Iodoacetamide derivative | Iodoacetamide derivative							normalized_source_union	derived	"[{""fraction_modified"": null, ""raw_stem"": null, ""scope"": ""study"", ""source"": ""technical_agent"", ""source_path"": ""TechnicalAgent.ptm.resolved[1]"", ""source_value"": ""Iodoacetamide derivative""}, {""fraction_modified"": null, ""raw_stem"": null, ""scope"": ""study"", ""source"": ""technical_agent"", ""source_path"": ""TechnicalAgent.modification.resolved[1]"", ""source_value"": ""Iodoacetamide derivative""}, {""fraction_modified"": 0.069469, ""raw_stem"": ""20180919_RH_SKim_Proteome-5e4"", ""scope"": ""assay"", ""source"": ""ptm_shepherd"", ""source_path"": ""modification_site_fractions.dda_closed_search.per_sample_files.20180919_RH_SKim_Proteome-5e4.data[1]"", ""source_value"": ""Iodoacetamide derivative""}]"
45	PXD012337-Sample-45	modification	comment[modification parameters]	NT=ubiquitinylation residue;AC=UNIMOD:121;MT=?;TA=CKST	technical_agent;ptm_shepherd	ubiquitinylation residue | ubiquitinylation residue | ubiquitinylation residue							normalized_source_union	derived	"[{""fraction_modified"": null, ""raw_stem"": null, ""scope"": ""study"", ""source"": ""technical_agent"", ""source_path"": ""TechnicalAgent.ptm.resolved[2]"", ""source_value"": ""ubiquitinylation residue""}, {""fraction_modified"": null, ""raw_stem"": null, ""scope"": ""study"", ""source"": ""technical_agent"", ""source_path"": ""TechnicalAgent.modification.resolved[2]"", ""source_value"": ""ubiquitinylation residue""}, {""fraction_modified"": 0.060763, ""raw_stem"": ""20180919_RH_SKim_Proteome-5e4"", ""scope"": ""assay"", ""source"": ""ptm_shepherd"", ""source_path"": ""modification_site_fractions.dda_closed_search.per_sample_files.20180919_RH_SKim_Proteome-5e4.data[2]"", ""source_value"": ""ubiquitinylation residue""}]"
45	PXD012337-Sample-45	reduction_reagent	comment[reduction reagent]	dithiothreitol	derived								legacy_derivation	derived	[]
45	PXD012337-Sample-45	alkylation_reagent	comment[alkylation reagent]	iodoacetamide	derived								legacy_derivation	derived	[]
45	PXD012337-Sample-45	ms2_analyzer	comment[ms2 mass analyzer]	Orbitrap	technical_agent								source_precedence:technical_agent	derived	"[{""cv_accession"": null, ""cv_name"": null, ""metadata"": {}, ""scope"": ""study"", ""source"": ""technical_agent"", ""value"": ""Orbitrap""}]"
45	PXD012337-Sample-45	collision_energy	comment[collision energy]	NCE 33	derived								legacy_derivation	derived	[]
45	PXD012337-Sample-45	data_file	comment[data file]	20180919_RH_SKim_Proteome-5e4.raw	derived								legacy_derivation	derived	[]
45	PXD012337-Sample-45	sdrf_version	comment[sdrf version]	v1.1.0	derived								legacy_derivation	derived	[]
45	PXD012337-Sample-45	annotation_tool	comment[sdrf annotation tool]	HAMLET-agentic v2.2.5	derived								legacy_derivation	derived	[]
45	PXD012337-Sample-45	factor_disease	factor value[disease]	normal	derived								legacy_derivation	derived	[]
46	PXD012337-Sample-46	source_name	source name	PXD012337-Sample-46	derived								legacy_derivation	derived	[]
46	PXD012337-Sample-46	organism	characteristics[organism]	Mus musculus	biological_agent	3T3-L1 cells, a mouse-derived pre-adipocyte model	AGREE	0.9999969601631165					source_precedence:biological_agent	derived	"[{""cv_accession"": null, ""cv_name"": ""Mus musculus"", ""metadata"": {""source_field"": ""species""}, ""scope"": ""sample"", ""source"": ""biological_agent"", ""value"": ""Mus musculus""}]"
46	PXD012337-Sample-46	disease	characteristics[disease]	normal	biological_agent		LLM_ONLY	0.5					source_precedence:biological_agent	derived	"[{""cv_accession"": null, ""cv_name"": null, ""metadata"": {""source_field"": ""disease_state""}, ""scope"": ""sample"", ""source"": ""biological_agent"", ""value"": ""normal""}]"
46	PXD012337-Sample-46	cell_type	characteristics[cell type]	adipocytes	biological_agent	proteomic analyses with differentiated and treated 3T3-L1s	LLM_ONLY	0.5					source_precedence:biological_agent	derived	"[{""cv_accession"": null, ""cv_name"": null, ""metadata"": {""source_field"": ""cell_type""}, ""scope"": ""sample"", ""source"": ""biological_agent"", ""value"": ""adipocytes""}]"
46	PXD012337-Sample-46	cell_line	characteristics[cell line]	3T3-L1	biological_agent	proteomic analyses with differentiated and treated 3T3-L1s	LLM_ONLY	0.5					source_precedence:biological_agent	derived	"[{""cv_accession"": null, ""cv_name"": null, ""metadata"": {""source_field"": ""cell_line""}, ""scope"": ""sample"", ""source"": ""biological_agent"", ""value"": ""3T3-L1""}]"
46	PXD012337-Sample-46	assay_name	assay name	run 5	derived								legacy_derivation	derived	[]
46	PXD012337-Sample-46	technology_type	technology type	proteomic profiling by mass spectrometry	derived								legacy_derivation	derived	[]
46	PXD012337-Sample-46	acquisition	comment[proteomics data acquisition method]	NT=data-dependent acquisition;AC=PRIDE:0000627	runassessor								source_precedence:runassessor	derived	"[{""cv_accession"": null, ""cv_name"": null, ""metadata"": {""source_path"": ""runAssessor.files.PXD012337/20180919_RH_SKim_Proteome-5e4.mzML.spectra_stats.acquisition_type""}, ""scope"": ""assay"", ""source"": ""runassessor"", ""value"": ""DDA""}]"
46	PXD012337-Sample-46	label	comment[label]	TMT129N	technical_agent								source_precedence:technical_agent	derived	"[{""cv_accession"": null, ""cv_name"": null, ""metadata"": {}, ""scope"": ""study"", ""source"": ""technical_agent"", ""value"": ""TMT10plex""}]"
46	PXD012337-Sample-46	instrument	comment[instrument]	NT=Q Exactive HF-X;AC=MS:1002877	runassessor				high	False	False		source_precedence:runassessor	derived	"[{""cv_accession"": ""MS:1002877"", ""cv_name"": ""Q Exactive HF-X"", ""metadata"": {""source_path"": ""runAssessor.files.PXD012337/20180919_RH_SKim_Proteome-5e4.mzML.instrument_model.name""}, ""scope"": ""assay"", ""source"": ""runassessor"", ""value"": ""Q Exactive HF-X""}, {""cv_accession"": null, ""cv_name"": null, ""metadata"": {}, ""scope"": ""study"", ""source"": ""technical_agent"", ""value"": ""Q Exactive HF-X""}]"
46	PXD012337-Sample-46	cleavage_agent	comment[cleavage agent details]	NT=Trypsin;AC=MS:1001251	derived								legacy_derivation	derived	[]
46	PXD012337-Sample-46	dissociation	comment[dissociation method]	NT=beam-type collision-induced dissociation;AC=MS:1000422	runassessor								source_precedence:runassessor	derived	"[{""cv_accession"": null, ""cv_name"": null, ""metadata"": {""source_path"": ""runAssessor.files.PXD012337/20180919_RH_SKim_Proteome-5e4.mzML.spectra_stats.fragmentation_type""}, ""scope"": ""assay"", ""source"": ""runassessor"", ""value"": ""HR_HCD""}]"
46	PXD012337-Sample-46	factor_value	factor value[experimental design]	treatment (Vh, Rosi, TPhP), diet (low fat diet, high fat diet)	experimental_design_agent	During differentiation, cells were treated with Vh (DMSO), Rosi (20 μM), or TPhP (20 μM).	LLM_ONLY	0.5	medium	False	False	treatment (Vh, Rosi, TPhP), diet (low fat diet, high fat diet)	source_precedence:experimental_design_agent	derived	"[{""cv_accession"": null, ""cv_name"": null, ""metadata"": {""source_field"": ""factor_value""}, ""scope"": ""study"", ""source"": ""experimental_design_agent"", ""value"": ""treatment (Vh, Rosi, TPhP)""}]"
46	PXD012337-Sample-46	modification	comment[modification parameters]	NT=phosphorylated residue;AC=MOD:00696;MT=?	pride	phosphorylated residue							normalized_source_union	derived	"[{""fraction_modified"": null, ""raw_stem"": null, ""scope"": ""study"", ""source"": ""pride"", ""source_path"": ""pride_metadata.project.identifiedPTMStrings[0]"", ""source_value"": ""phosphorylated residue""}]"
46	PXD012337-Sample-46	modification	comment[modification parameters]	NT=Sixplex Tandem Mass Tag®;AC=UNIMOD:737;MT=?;TA=HKSTY,N-term	technical_agent;ptm_shepherd	Sixplex Tandem Mass Tag® | Sixplex Tandem Mass Tag® | Sixplex Tandem Mass Tag®							normalized_source_union	derived	"[{""fraction_modified"": null, ""raw_stem"": null, ""scope"": ""study"", ""source"": ""technical_agent"", ""source_path"": ""TechnicalAgent.ptm.resolved[0]"", ""source_value"": ""Sixplex Tandem Mass Tag\u00ae""}, {""fraction_modified"": null, ""raw_stem"": null, ""scope"": ""study"", ""source"": ""technical_agent"", ""source_path"": ""TechnicalAgent.modification.resolved[0]"", ""source_value"": ""Sixplex Tandem Mass Tag\u00ae""}, {""fraction_modified"": 0.474849, ""raw_stem"": ""20180919_RH_SKim_Proteome-5e4"", ""scope"": ""assay"", ""source"": ""ptm_shepherd"", ""source_path"": ""modification_site_fractions.dda_closed_search.per_sample_files.20180919_RH_SKim_Proteome-5e4.data[0]"", ""source_value"": ""Sixplex Tandem Mass Tag\u00ae""}]"
46	PXD012337-Sample-46	modification	comment[modification parameters]	NT=Iodoacetamide derivative;AC=UNIMOD:4;MT=?;TA=CDEHKMSTUY,N-term	technical_agent;ptm_shepherd	Iodoacetamide derivative | Iodoacetamide derivative | Iodoacetamide derivative							normalized_source_union	derived	"[{""fraction_modified"": null, ""raw_stem"": null, ""scope"": ""study"", ""source"": ""technical_agent"", ""source_path"": ""TechnicalAgent.ptm.resolved[1]"", ""source_value"": ""Iodoacetamide derivative""}, {""fraction_modified"": null, ""raw_stem"": null, ""scope"": ""study"", ""source"": ""technical_agent"", ""source_path"": ""TechnicalAgent.modification.resolved[1]"", ""source_value"": ""Iodoacetamide derivative""}, {""fraction_modified"": 0.069469, ""raw_stem"": ""20180919_RH_SKim_Proteome-5e4"", ""scope"": ""assay"", ""source"": ""ptm_shepherd"", ""source_path"": ""modification_site_fractions.dda_closed_search.per_sample_files.20180919_RH_SKim_Proteome-5e4.data[1]"", ""source_value"": ""Iodoacetamide derivative""}]"
46	PXD012337-Sample-46	modification	comment[modification parameters]	NT=ubiquitinylation residue;AC=UNIMOD:121;MT=?;TA=CKST	technical_agent;ptm_shepherd	ubiquitinylation residue | ubiquitinylation residue | ubiquitinylation residue							normalized_source_union	derived	"[{""fraction_modified"": null, ""raw_stem"": null, ""scope"": ""study"", ""source"": ""technical_agent"", ""source_path"": ""TechnicalAgent.ptm.resolved[2]"", ""source_value"": ""ubiquitinylation residue""}, {""fraction_modified"": null, ""raw_stem"": null, ""scope"": ""study"", ""source"": ""technical_agent"", ""source_path"": ""TechnicalAgent.modification.resolved[2]"", ""source_value"": ""ubiquitinylation residue""}, {""fraction_modified"": 0.060763, ""raw_stem"": ""20180919_RH_SKim_Proteome-5e4"", ""scope"": ""assay"", ""source"": ""ptm_shepherd"", ""source_path"": ""modification_site_fractions.dda_closed_search.per_sample_files.20180919_RH_SKim_Proteome-5e4.data[2]"", ""source_value"": ""ubiquitinylation residue""}]"
46	PXD012337-Sample-46	reduction_reagent	comment[reduction reagent]	dithiothreitol	derived								legacy_derivation	derived	[]
46	PXD012337-Sample-46	alkylation_reagent	comment[alkylation reagent]	iodoacetamide	derived								legacy_derivation	derived	[]
46	PXD012337-Sample-46	ms2_analyzer	comment[ms2 mass analyzer]	Orbitrap	technical_agent								source_precedence:technical_agent	derived	"[{""cv_accession"": null, ""cv_name"": null, ""metadata"": {}, ""scope"": ""study"", ""source"": ""technical_agent"", ""value"": ""Orbitrap""}]"
46	PXD012337-Sample-46	collision_energy	comment[collision energy]	NCE 33	derived								legacy_derivation	derived	[]
46	PXD012337-Sample-46	data_file	comment[data file]	20180919_RH_SKim_Proteome-5e4.raw	derived								legacy_derivation	derived	[]
46	PXD012337-Sample-46	sdrf_version	comment[sdrf version]	v1.1.0	derived								legacy_derivation	derived	[]
46	PXD012337-Sample-46	annotation_tool	comment[sdrf annotation tool]	HAMLET-agentic v2.2.5	derived								legacy_derivation	derived	[]
46	PXD012337-Sample-46	factor_disease	factor value[disease]	normal	derived								legacy_derivation	derived	[]
47	PXD012337-Sample-47	source_name	source name	PXD012337-Sample-47	derived								legacy_derivation	derived	[]
47	PXD012337-Sample-47	organism	characteristics[organism]	Mus musculus	biological_agent	3T3-L1 cells, a mouse-derived pre-adipocyte model	AGREE	0.9999969601631165					source_precedence:biological_agent	derived	"[{""cv_accession"": null, ""cv_name"": ""Mus musculus"", ""metadata"": {""source_field"": ""species""}, ""scope"": ""sample"", ""source"": ""biological_agent"", ""value"": ""Mus musculus""}]"
47	PXD012337-Sample-47	disease	characteristics[disease]	normal	biological_agent		LLM_ONLY	0.5					source_precedence:biological_agent	derived	"[{""cv_accession"": null, ""cv_name"": null, ""metadata"": {""source_field"": ""disease_state""}, ""scope"": ""sample"", ""source"": ""biological_agent"", ""value"": ""normal""}]"
47	PXD012337-Sample-47	cell_type	characteristics[cell type]	adipocytes	biological_agent	proteomic analyses with differentiated and treated 3T3-L1s	LLM_ONLY	0.5					source_precedence:biological_agent	derived	"[{""cv_accession"": null, ""cv_name"": null, ""metadata"": {""source_field"": ""cell_type""}, ""scope"": ""sample"", ""source"": ""biological_agent"", ""value"": ""adipocytes""}]"
47	PXD012337-Sample-47	cell_line	characteristics[cell line]	3T3-L1	biological_agent	proteomic analyses with differentiated and treated 3T3-L1s	LLM_ONLY	0.5					source_precedence:biological_agent	derived	"[{""cv_accession"": null, ""cv_name"": null, ""metadata"": {""source_field"": ""cell_line""}, ""scope"": ""sample"", ""source"": ""biological_agent"", ""value"": ""3T3-L1""}]"
47	PXD012337-Sample-47	assay_name	assay name	run 5	derived								legacy_derivation	derived	[]
47	PXD012337-Sample-47	technology_type	technology type	proteomic profiling by mass spectrometry	derived								legacy_derivation	derived	[]
47	PXD012337-Sample-47	acquisition	comment[proteomics data acquisition method]	NT=data-dependent acquisition;AC=PRIDE:0000627	runassessor								source_precedence:runassessor	derived	"[{""cv_accession"": null, ""cv_name"": null, ""metadata"": {""source_path"": ""runAssessor.files.PXD012337/20180919_RH_SKim_Proteome-5e4.mzML.spectra_stats.acquisition_type""}, ""scope"": ""assay"", ""source"": ""runassessor"", ""value"": ""DDA""}]"
47	PXD012337-Sample-47	label	comment[label]	TMT129C	technical_agent								source_precedence:technical_agent	derived	"[{""cv_accession"": null, ""cv_name"": null, ""metadata"": {}, ""scope"": ""study"", ""source"": ""technical_agent"", ""value"": ""TMT10plex""}]"
47	PXD012337-Sample-47	instrument	comment[instrument]	NT=Q Exactive HF-X;AC=MS:1002877	runassessor				high	False	False		source_precedence:runassessor	derived	"[{""cv_accession"": ""MS:1002877"", ""cv_name"": ""Q Exactive HF-X"", ""metadata"": {""source_path"": ""runAssessor.files.PXD012337/20180919_RH_SKim_Proteome-5e4.mzML.instrument_model.name""}, ""scope"": ""assay"", ""source"": ""runassessor"", ""value"": ""Q Exactive HF-X""}, {""cv_accession"": null, ""cv_name"": null, ""metadata"": {}, ""scope"": ""study"", ""source"": ""technical_agent"", ""value"": ""Q Exactive HF-X""}]"
47	PXD012337-Sample-47	cleavage_agent	comment[cleavage agent details]	NT=Trypsin;AC=MS:1001251	derived								legacy_derivation	derived	[]
47	PXD012337-Sample-47	dissociation	comment[dissociation method]	NT=beam-type collision-induced dissociation;AC=MS:1000422	runassessor								source_precedence:runassessor	derived	"[{""cv_accession"": null, ""cv_name"": null, ""metadata"": {""source_path"": ""runAssessor.files.PXD012337/20180919_RH_SKim_Proteome-5e4.mzML.spectra_stats.fragmentation_type""}, ""scope"": ""assay"", ""source"": ""runassessor"", ""value"": ""HR_HCD""}]"
47	PXD012337-Sample-47	factor_value	factor value[experimental design]	treatment (Vh, Rosi, TPhP), diet (low fat diet, high fat diet)	experimental_design_agent	During differentiation, cells were treated with Vh (DMSO), Rosi (20 μM), or TPhP (20 μM).	LLM_ONLY	0.5	medium	False	False	treatment (Vh, Rosi, TPhP), diet (low fat diet, high fat diet)	source_precedence:experimental_design_agent	derived	"[{""cv_accession"": null, ""cv_name"": null, ""metadata"": {""source_field"": ""factor_value""}, ""scope"": ""study"", ""source"": ""experimental_design_agent"", ""value"": ""treatment (Vh, Rosi, TPhP)""}]"
47	PXD012337-Sample-47	modification	comment[modification parameters]	NT=phosphorylated residue;AC=MOD:00696;MT=?	pride	phosphorylated residue							normalized_source_union	derived	"[{""fraction_modified"": null, ""raw_stem"": null, ""scope"": ""study"", ""source"": ""pride"", ""source_path"": ""pride_metadata.project.identifiedPTMStrings[0]"", ""source_value"": ""phosphorylated residue""}]"
47	PXD012337-Sample-47	modification	comment[modification parameters]	NT=Sixplex Tandem Mass Tag®;AC=UNIMOD:737;MT=?;TA=HKSTY,N-term	technical_agent;ptm_shepherd	Sixplex Tandem Mass Tag® | Sixplex Tandem Mass Tag® | Sixplex Tandem Mass Tag®							normalized_source_union	derived	"[{""fraction_modified"": null, ""raw_stem"": null, ""scope"": ""study"", ""source"": ""technical_agent"", ""source_path"": ""TechnicalAgent.ptm.resolved[0]"", ""source_value"": ""Sixplex Tandem Mass Tag\u00ae""}, {""fraction_modified"": null, ""raw_stem"": null, ""scope"": ""study"", ""source"": ""technical_agent"", ""source_path"": ""TechnicalAgent.modification.resolved[0]"", ""source_value"": ""Sixplex Tandem Mass Tag\u00ae""}, {""fraction_modified"": 0.474849, ""raw_stem"": ""20180919_RH_SKim_Proteome-5e4"", ""scope"": ""assay"", ""source"": ""ptm_shepherd"", ""source_path"": ""modification_site_fractions.dda_closed_search.per_sample_files.20180919_RH_SKim_Proteome-5e4.data[0]"", ""source_value"": ""Sixplex Tandem Mass Tag\u00ae""}]"
47	PXD012337-Sample-47	modification	comment[modification parameters]	NT=Iodoacetamide derivative;AC=UNIMOD:4;MT=?;TA=CDEHKMSTUY,N-term	technical_agent;ptm_shepherd	Iodoacetamide derivative | Iodoacetamide derivative | Iodoacetamide derivative							normalized_source_union	derived	"[{""fraction_modified"": null, ""raw_stem"": null, ""scope"": ""study"", ""source"": ""technical_agent"", ""source_path"": ""TechnicalAgent.ptm.resolved[1]"", ""source_value"": ""Iodoacetamide derivative""}, {""fraction_modified"": null, ""raw_stem"": null, ""scope"": ""study"", ""source"": ""technical_agent"", ""source_path"": ""TechnicalAgent.modification.resolved[1]"", ""source_value"": ""Iodoacetamide derivative""}, {""fraction_modified"": 0.069469, ""raw_stem"": ""20180919_RH_SKim_Proteome-5e4"", ""scope"": ""assay"", ""source"": ""ptm_shepherd"", ""source_path"": ""modification_site_fractions.dda_closed_search.per_sample_files.20180919_RH_SKim_Proteome-5e4.data[1]"", ""source_value"": ""Iodoacetamide derivative""}]"
47	PXD012337-Sample-47	modification	comment[modification parameters]	NT=ubiquitinylation residue;AC=UNIMOD:121;MT=?;TA=CKST	technical_agent;ptm_shepherd	ubiquitinylation residue | ubiquitinylation residue | ubiquitinylation residue							normalized_source_union	derived	"[{""fraction_modified"": null, ""raw_stem"": null, ""scope"": ""study"", ""source"": ""technical_agent"", ""source_path"": ""TechnicalAgent.ptm.resolved[2]"", ""source_value"": ""ubiquitinylation residue""}, {""fraction_modified"": null, ""raw_stem"": null, ""scope"": ""study"", ""source"": ""technical_agent"", ""source_path"": ""TechnicalAgent.modification.resolved[2]"", ""source_value"": ""ubiquitinylation residue""}, {""fraction_modified"": 0.060763, ""raw_stem"": ""20180919_RH_SKim_Proteome-5e4"", ""scope"": ""assay"", ""source"": ""ptm_shepherd"", ""source_path"": ""modification_site_fractions.dda_closed_search.per_sample_files.20180919_RH_SKim_Proteome-5e4.data[2]"", ""source_value"": ""ubiquitinylation residue""}]"
47	PXD012337-Sample-47	reduction_reagent	comment[reduction reagent]	dithiothreitol	derived								legacy_derivation	derived	[]
47	PXD012337-Sample-47	alkylation_reagent	comment[alkylation reagent]	iodoacetamide	derived								legacy_derivation	derived	[]
47	PXD012337-Sample-47	ms2_analyzer	comment[ms2 mass analyzer]	Orbitrap	technical_agent								source_precedence:technical_agent	derived	"[{""cv_accession"": null, ""cv_name"": null, ""metadata"": {}, ""scope"": ""study"", ""source"": ""technical_agent"", ""value"": ""Orbitrap""}]"
47	PXD012337-Sample-47	collision_energy	comment[collision energy]	NCE 33	derived								legacy_derivation	derived	[]
47	PXD012337-Sample-47	data_file	comment[data file]	20180919_RH_SKim_Proteome-5e4.raw	derived								legacy_derivation	derived	[]
47	PXD012337-Sample-47	sdrf_version	comment[sdrf version]	v1.1.0	derived								legacy_derivation	derived	[]
47	PXD012337-Sample-47	annotation_tool	comment[sdrf annotation tool]	HAMLET-agentic v2.2.5	derived								legacy_derivation	derived	[]
47	PXD012337-Sample-47	factor_disease	factor value[disease]	normal	derived								legacy_derivation	derived	[]
48	PXD012337-Sample-48	source_name	source name	PXD012337-Sample-48	derived								legacy_derivation	derived	[]
48	PXD012337-Sample-48	organism	characteristics[organism]	Mus musculus	biological_agent	3T3-L1 cells, a mouse-derived pre-adipocyte model	AGREE	0.9999969601631165					source_precedence:biological_agent	derived	"[{""cv_accession"": null, ""cv_name"": ""Mus musculus"", ""metadata"": {""source_field"": ""species""}, ""scope"": ""sample"", ""source"": ""biological_agent"", ""value"": ""Mus musculus""}]"
48	PXD012337-Sample-48	disease	characteristics[disease]	normal	biological_agent		LLM_ONLY	0.5					source_precedence:biological_agent	derived	"[{""cv_accession"": null, ""cv_name"": null, ""metadata"": {""source_field"": ""disease_state""}, ""scope"": ""sample"", ""source"": ""biological_agent"", ""value"": ""normal""}]"
48	PXD012337-Sample-48	cell_type	characteristics[cell type]	adipocytes	biological_agent	proteomic analyses with differentiated and treated 3T3-L1s	LLM_ONLY	0.5					source_precedence:biological_agent	derived	"[{""cv_accession"": null, ""cv_name"": null, ""metadata"": {""source_field"": ""cell_type""}, ""scope"": ""sample"", ""source"": ""biological_agent"", ""value"": ""adipocytes""}]"
48	PXD012337-Sample-48	cell_line	characteristics[cell line]	3T3-L1	biological_agent	proteomic analyses with differentiated and treated 3T3-L1s	LLM_ONLY	0.5					source_precedence:biological_agent	derived	"[{""cv_accession"": null, ""cv_name"": null, ""metadata"": {""source_field"": ""cell_line""}, ""scope"": ""sample"", ""source"": ""biological_agent"", ""value"": ""3T3-L1""}]"
48	PXD012337-Sample-48	assay_name	assay name	run 5	derived								legacy_derivation	derived	[]
48	PXD012337-Sample-48	technology_type	technology type	proteomic profiling by mass spectrometry	derived								legacy_derivation	derived	[]
48	PXD012337-Sample-48	acquisition	comment[proteomics data acquisition method]	NT=data-dependent acquisition;AC=PRIDE:0000627	runassessor								source_precedence:runassessor	derived	"[{""cv_accession"": null, ""cv_name"": null, ""metadata"": {""source_path"": ""runAssessor.files.PXD012337/20180919_RH_SKim_Proteome-5e4.mzML.spectra_stats.acquisition_type""}, ""scope"": ""assay"", ""source"": ""runassessor"", ""value"": ""DDA""}]"
48	PXD012337-Sample-48	label	comment[label]	TMT130N	technical_agent								source_precedence:technical_agent	derived	"[{""cv_accession"": null, ""cv_name"": null, ""metadata"": {}, ""scope"": ""study"", ""source"": ""technical_agent"", ""value"": ""TMT10plex""}]"
48	PXD012337-Sample-48	instrument	comment[instrument]	NT=Q Exactive HF-X;AC=MS:1002877	runassessor				high	False	False		source_precedence:runassessor	derived	"[{""cv_accession"": ""MS:1002877"", ""cv_name"": ""Q Exactive HF-X"", ""metadata"": {""source_path"": ""runAssessor.files.PXD012337/20180919_RH_SKim_Proteome-5e4.mzML.instrument_model.name""}, ""scope"": ""assay"", ""source"": ""runassessor"", ""value"": ""Q Exactive HF-X""}, {""cv_accession"": null, ""cv_name"": null, ""metadata"": {}, ""scope"": ""study"", ""source"": ""technical_agent"", ""value"": ""Q Exactive HF-X""}]"
48	PXD012337-Sample-48	cleavage_agent	comment[cleavage agent details]	NT=Trypsin;AC=MS:1001251	derived								legacy_derivation	derived	[]
48	PXD012337-Sample-48	dissociation	comment[dissociation method]	NT=beam-type collision-induced dissociation;AC=MS:1000422	runassessor								source_precedence:runassessor	derived	"[{""cv_accession"": null, ""cv_name"": null, ""metadata"": {""source_path"": ""runAssessor.files.PXD012337/20180919_RH_SKim_Proteome-5e4.mzML.spectra_stats.fragmentation_type""}, ""scope"": ""assay"", ""source"": ""runassessor"", ""value"": ""HR_HCD""}]"
48	PXD012337-Sample-48	factor_value	factor value[experimental design]	treatment (Vh, Rosi, TPhP), diet (low fat diet, high fat diet)	experimental_design_agent	During differentiation, cells were treated with Vh (DMSO), Rosi (20 μM), or TPhP (20 μM).	LLM_ONLY	0.5	medium	False	False	treatment (Vh, Rosi, TPhP), diet (low fat diet, high fat diet)	source_precedence:experimental_design_agent	derived	"[{""cv_accession"": null, ""cv_name"": null, ""metadata"": {""source_field"": ""factor_value""}, ""scope"": ""study"", ""source"": ""experimental_design_agent"", ""value"": ""treatment (Vh, Rosi, TPhP)""}]"
48	PXD012337-Sample-48	modification	comment[modification parameters]	NT=phosphorylated residue;AC=MOD:00696;MT=?	pride	phosphorylated residue							normalized_source_union	derived	"[{""fraction_modified"": null, ""raw_stem"": null, ""scope"": ""study"", ""source"": ""pride"", ""source_path"": ""pride_metadata.project.identifiedPTMStrings[0]"", ""source_value"": ""phosphorylated residue""}]"
48	PXD012337-Sample-48	modification	comment[modification parameters]	NT=Sixplex Tandem Mass Tag®;AC=UNIMOD:737;MT=?;TA=HKSTY,N-term	technical_agent;ptm_shepherd	Sixplex Tandem Mass Tag® | Sixplex Tandem Mass Tag® | Sixplex Tandem Mass Tag®							normalized_source_union	derived	"[{""fraction_modified"": null, ""raw_stem"": null, ""scope"": ""study"", ""source"": ""technical_agent"", ""source_path"": ""TechnicalAgent.ptm.resolved[0]"", ""source_value"": ""Sixplex Tandem Mass Tag\u00ae""}, {""fraction_modified"": null, ""raw_stem"": null, ""scope"": ""study"", ""source"": ""technical_agent"", ""source_path"": ""TechnicalAgent.modification.resolved[0]"", ""source_value"": ""Sixplex Tandem Mass Tag\u00ae""}, {""fraction_modified"": 0.474849, ""raw_stem"": ""20180919_RH_SKim_Proteome-5e4"", ""scope"": ""assay"", ""source"": ""ptm_shepherd"", ""source_path"": ""modification_site_fractions.dda_closed_search.per_sample_files.20180919_RH_SKim_Proteome-5e4.data[0]"", ""source_value"": ""Sixplex Tandem Mass Tag\u00ae""}]"
48	PXD012337-Sample-48	modification	comment[modification parameters]	NT=Iodoacetamide derivative;AC=UNIMOD:4;MT=?;TA=CDEHKMSTUY,N-term	technical_agent;ptm_shepherd	Iodoacetamide derivative | Iodoacetamide derivative | Iodoacetamide derivative							normalized_source_union	derived	"[{""fraction_modified"": null, ""raw_stem"": null, ""scope"": ""study"", ""source"": ""technical_agent"", ""source_path"": ""TechnicalAgent.ptm.resolved[1]"", ""source_value"": ""Iodoacetamide derivative""}, {""fraction_modified"": null, ""raw_stem"": null, ""scope"": ""study"", ""source"": ""technical_agent"", ""source_path"": ""TechnicalAgent.modification.resolved[1]"", ""source_value"": ""Iodoacetamide derivative""}, {""fraction_modified"": 0.069469, ""raw_stem"": ""20180919_RH_SKim_Proteome-5e4"", ""scope"": ""assay"", ""source"": ""ptm_shepherd"", ""source_path"": ""modification_site_fractions.dda_closed_search.per_sample_files.20180919_RH_SKim_Proteome-5e4.data[1]"", ""source_value"": ""Iodoacetamide derivative""}]"
48	PXD012337-Sample-48	modification	comment[modification parameters]	NT=ubiquitinylation residue;AC=UNIMOD:121;MT=?;TA=CKST	technical_agent;ptm_shepherd	ubiquitinylation residue | ubiquitinylation residue | ubiquitinylation residue							normalized_source_union	derived	"[{""fraction_modified"": null, ""raw_stem"": null, ""scope"": ""study"", ""source"": ""technical_agent"", ""source_path"": ""TechnicalAgent.ptm.resolved[2]"", ""source_value"": ""ubiquitinylation residue""}, {""fraction_modified"": null, ""raw_stem"": null, ""scope"": ""study"", ""source"": ""technical_agent"", ""source_path"": ""TechnicalAgent.modification.resolved[2]"", ""source_value"": ""ubiquitinylation residue""}, {""fraction_modified"": 0.060763, ""raw_stem"": ""20180919_RH_SKim_Proteome-5e4"", ""scope"": ""assay"", ""source"": ""ptm_shepherd"", ""source_path"": ""modification_site_fractions.dda_closed_search.per_sample_files.20180919_RH_SKim_Proteome-5e4.data[2]"", ""source_value"": ""ubiquitinylation residue""}]"
48	PXD012337-Sample-48	reduction_reagent	comment[reduction reagent]	dithiothreitol	derived								legacy_derivation	derived	[]
48	PXD012337-Sample-48	alkylation_reagent	comment[alkylation reagent]	iodoacetamide	derived								legacy_derivation	derived	[]
48	PXD012337-Sample-48	ms2_analyzer	comment[ms2 mass analyzer]	Orbitrap	technical_agent								source_precedence:technical_agent	derived	"[{""cv_accession"": null, ""cv_name"": null, ""metadata"": {}, ""scope"": ""study"", ""source"": ""technical_agent"", ""value"": ""Orbitrap""}]"
48	PXD012337-Sample-48	collision_energy	comment[collision energy]	NCE 33	derived								legacy_derivation	derived	[]
48	PXD012337-Sample-48	data_file	comment[data file]	20180919_RH_SKim_Proteome-5e4.raw	derived								legacy_derivation	derived	[]
48	PXD012337-Sample-48	sdrf_version	comment[sdrf version]	v1.1.0	derived								legacy_derivation	derived	[]
48	PXD012337-Sample-48	annotation_tool	comment[sdrf annotation tool]	HAMLET-agentic v2.2.5	derived								legacy_derivation	derived	[]
48	PXD012337-Sample-48	factor_disease	factor value[disease]	normal	derived								legacy_derivation	derived	[]
49	PXD012337-Sample-49	source_name	source name	PXD012337-Sample-49	derived								legacy_derivation	derived	[]
49	PXD012337-Sample-49	organism	characteristics[organism]	Mus musculus	biological_agent	3T3-L1 cells, a mouse-derived pre-adipocyte model	AGREE	0.9999969601631165					source_precedence:biological_agent	derived	"[{""cv_accession"": null, ""cv_name"": ""Mus musculus"", ""metadata"": {""source_field"": ""species""}, ""scope"": ""sample"", ""source"": ""biological_agent"", ""value"": ""Mus musculus""}]"
49	PXD012337-Sample-49	disease	characteristics[disease]	normal	biological_agent		LLM_ONLY	0.5					source_precedence:biological_agent	derived	"[{""cv_accession"": null, ""cv_name"": null, ""metadata"": {""source_field"": ""disease_state""}, ""scope"": ""sample"", ""source"": ""biological_agent"", ""value"": ""normal""}]"
49	PXD012337-Sample-49	cell_type	characteristics[cell type]	adipocytes	biological_agent	proteomic analyses with differentiated and treated 3T3-L1s	LLM_ONLY	0.5					source_precedence:biological_agent	derived	"[{""cv_accession"": null, ""cv_name"": null, ""metadata"": {""source_field"": ""cell_type""}, ""scope"": ""sample"", ""source"": ""biological_agent"", ""value"": ""adipocytes""}]"
49	PXD012337-Sample-49	cell_line	characteristics[cell line]	3T3-L1	biological_agent	proteomic analyses with differentiated and treated 3T3-L1s	LLM_ONLY	0.5					source_precedence:biological_agent	derived	"[{""cv_accession"": null, ""cv_name"": null, ""metadata"": {""source_field"": ""cell_line""}, ""scope"": ""sample"", ""source"": ""biological_agent"", ""value"": ""3T3-L1""}]"
49	PXD012337-Sample-49	assay_name	assay name	run 5	derived								legacy_derivation	derived	[]
49	PXD012337-Sample-49	technology_type	technology type	proteomic profiling by mass spectrometry	derived								legacy_derivation	derived	[]
49	PXD012337-Sample-49	acquisition	comment[proteomics data acquisition method]	NT=data-dependent acquisition;AC=PRIDE:0000627	runassessor								source_precedence:runassessor	derived	"[{""cv_accession"": null, ""cv_name"": null, ""metadata"": {""source_path"": ""runAssessor.files.PXD012337/20180919_RH_SKim_Proteome-5e4.mzML.spectra_stats.acquisition_type""}, ""scope"": ""assay"", ""source"": ""runassessor"", ""value"": ""DDA""}]"
49	PXD012337-Sample-49	label	comment[label]	TMT130C	technical_agent								source_precedence:technical_agent	derived	"[{""cv_accession"": null, ""cv_name"": null, ""metadata"": {}, ""scope"": ""study"", ""source"": ""technical_agent"", ""value"": ""TMT10plex""}]"
49	PXD012337-Sample-49	instrument	comment[instrument]	NT=Q Exactive HF-X;AC=MS:1002877	runassessor				high	False	False		source_precedence:runassessor	derived	"[{""cv_accession"": ""MS:1002877"", ""cv_name"": ""Q Exactive HF-X"", ""metadata"": {""source_path"": ""runAssessor.files.PXD012337/20180919_RH_SKim_Proteome-5e4.mzML.instrument_model.name""}, ""scope"": ""assay"", ""source"": ""runassessor"", ""value"": ""Q Exactive HF-X""}, {""cv_accession"": null, ""cv_name"": null, ""metadata"": {}, ""scope"": ""study"", ""source"": ""technical_agent"", ""value"": ""Q Exactive HF-X""}]"
49	PXD012337-Sample-49	cleavage_agent	comment[cleavage agent details]	NT=Trypsin;AC=MS:1001251	derived								legacy_derivation	derived	[]
49	PXD012337-Sample-49	dissociation	comment[dissociation method]	NT=beam-type collision-induced dissociation;AC=MS:1000422	runassessor								source_precedence:runassessor	derived	"[{""cv_accession"": null, ""cv_name"": null, ""metadata"": {""source_path"": ""runAssessor.files.PXD012337/20180919_RH_SKim_Proteome-5e4.mzML.spectra_stats.fragmentation_type""}, ""scope"": ""assay"", ""source"": ""runassessor"", ""value"": ""HR_HCD""}]"
49	PXD012337-Sample-49	factor_value	factor value[experimental design]	treatment (Vh, Rosi, TPhP), diet (low fat diet, high fat diet)	experimental_design_agent	During differentiation, cells were treated with Vh (DMSO), Rosi (20 μM), or TPhP (20 μM).	LLM_ONLY	0.5	medium	False	False	treatment (Vh, Rosi, TPhP), diet (low fat diet, high fat diet)	source_precedence:experimental_design_agent	derived	"[{""cv_accession"": null, ""cv_name"": null, ""metadata"": {""source_field"": ""factor_value""}, ""scope"": ""study"", ""source"": ""experimental_design_agent"", ""value"": ""treatment (Vh, Rosi, TPhP)""}]"
49	PXD012337-Sample-49	modification	comment[modification parameters]	NT=phosphorylated residue;AC=MOD:00696;MT=?	pride	phosphorylated residue							normalized_source_union	derived	"[{""fraction_modified"": null, ""raw_stem"": null, ""scope"": ""study"", ""source"": ""pride"", ""source_path"": ""pride_metadata.project.identifiedPTMStrings[0]"", ""source_value"": ""phosphorylated residue""}]"
49	PXD012337-Sample-49	modification	comment[modification parameters]	NT=Sixplex Tandem Mass Tag®;AC=UNIMOD:737;MT=?;TA=HKSTY,N-term	technical_agent;ptm_shepherd	Sixplex Tandem Mass Tag® | Sixplex Tandem Mass Tag® | Sixplex Tandem Mass Tag®							normalized_source_union	derived	"[{""fraction_modified"": null, ""raw_stem"": null, ""scope"": ""study"", ""source"": ""technical_agent"", ""source_path"": ""TechnicalAgent.ptm.resolved[0]"", ""source_value"": ""Sixplex Tandem Mass Tag\u00ae""}, {""fraction_modified"": null, ""raw_stem"": null, ""scope"": ""study"", ""source"": ""technical_agent"", ""source_path"": ""TechnicalAgent.modification.resolved[0]"", ""source_value"": ""Sixplex Tandem Mass Tag\u00ae""}, {""fraction_modified"": 0.474849, ""raw_stem"": ""20180919_RH_SKim_Proteome-5e4"", ""scope"": ""assay"", ""source"": ""ptm_shepherd"", ""source_path"": ""modification_site_fractions.dda_closed_search.per_sample_files.20180919_RH_SKim_Proteome-5e4.data[0]"", ""source_value"": ""Sixplex Tandem Mass Tag\u00ae""}]"
49	PXD012337-Sample-49	modification	comment[modification parameters]	NT=Iodoacetamide derivative;AC=UNIMOD:4;MT=?;TA=CDEHKMSTUY,N-term	technical_agent;ptm_shepherd	Iodoacetamide derivative | Iodoacetamide derivative | Iodoacetamide derivative							normalized_source_union	derived	"[{""fraction_modified"": null, ""raw_stem"": null, ""scope"": ""study"", ""source"": ""technical_agent"", ""source_path"": ""TechnicalAgent.ptm.resolved[1]"", ""source_value"": ""Iodoacetamide derivative""}, {""fraction_modified"": null, ""raw_stem"": null, ""scope"": ""study"", ""source"": ""technical_agent"", ""source_path"": ""TechnicalAgent.modification.resolved[1]"", ""source_value"": ""Iodoacetamide derivative""}, {""fraction_modified"": 0.069469, ""raw_stem"": ""20180919_RH_SKim_Proteome-5e4"", ""scope"": ""assay"", ""source"": ""ptm_shepherd"", ""source_path"": ""modification_site_fractions.dda_closed_search.per_sample_files.20180919_RH_SKim_Proteome-5e4.data[1]"", ""source_value"": ""Iodoacetamide derivative""}]"
49	PXD012337-Sample-49	modification	comment[modification parameters]	NT=ubiquitinylation residue;AC=UNIMOD:121;MT=?;TA=CKST	technical_agent;ptm_shepherd	ubiquitinylation residue | ubiquitinylation residue | ubiquitinylation residue							normalized_source_union	derived	"[{""fraction_modified"": null, ""raw_stem"": null, ""scope"": ""study"", ""source"": ""technical_agent"", ""source_path"": ""TechnicalAgent.ptm.resolved[2]"", ""source_value"": ""ubiquitinylation residue""}, {""fraction_modified"": null, ""raw_stem"": null, ""scope"": ""study"", ""source"": ""technical_agent"", ""source_path"": ""TechnicalAgent.modification.resolved[2]"", ""source_value"": ""ubiquitinylation residue""}, {""fraction_modified"": 0.060763, ""raw_stem"": ""20180919_RH_SKim_Proteome-5e4"", ""scope"": ""assay"", ""source"": ""ptm_shepherd"", ""source_path"": ""modification_site_fractions.dda_closed_search.per_sample_files.20180919_RH_SKim_Proteome-5e4.data[2]"", ""source_value"": ""ubiquitinylation residue""}]"
49	PXD012337-Sample-49	reduction_reagent	comment[reduction reagent]	dithiothreitol	derived								legacy_derivation	derived	[]
49	PXD012337-Sample-49	alkylation_reagent	comment[alkylation reagent]	iodoacetamide	derived								legacy_derivation	derived	[]
49	PXD012337-Sample-49	ms2_analyzer	comment[ms2 mass analyzer]	Orbitrap	technical_agent								source_precedence:technical_agent	derived	"[{""cv_accession"": null, ""cv_name"": null, ""metadata"": {}, ""scope"": ""study"", ""source"": ""technical_agent"", ""value"": ""Orbitrap""}]"
49	PXD012337-Sample-49	collision_energy	comment[collision energy]	NCE 33	derived								legacy_derivation	derived	[]
49	PXD012337-Sample-49	data_file	comment[data file]	20180919_RH_SKim_Proteome-5e4.raw	derived								legacy_derivation	derived	[]
49	PXD012337-Sample-49	sdrf_version	comment[sdrf version]	v1.1.0	derived								legacy_derivation	derived	[]
49	PXD012337-Sample-49	annotation_tool	comment[sdrf annotation tool]	HAMLET-agentic v2.2.5	derived								legacy_derivation	derived	[]
49	PXD012337-Sample-49	factor_disease	factor value[disease]	normal	derived								legacy_derivation	derived	[]
50	PXD012337-Sample-50	source_name	source name	PXD012337-Sample-50	derived								legacy_derivation	derived	[]
50	PXD012337-Sample-50	organism	characteristics[organism]	Mus musculus	biological_agent	3T3-L1 cells, a mouse-derived pre-adipocyte model	AGREE	0.9999969601631165					source_precedence:biological_agent	derived	"[{""cv_accession"": null, ""cv_name"": ""Mus musculus"", ""metadata"": {""source_field"": ""species""}, ""scope"": ""sample"", ""source"": ""biological_agent"", ""value"": ""Mus musculus""}]"
50	PXD012337-Sample-50	disease	characteristics[disease]	normal	biological_agent		LLM_ONLY	0.5					source_precedence:biological_agent	derived	"[{""cv_accession"": null, ""cv_name"": null, ""metadata"": {""source_field"": ""disease_state""}, ""scope"": ""sample"", ""source"": ""biological_agent"", ""value"": ""normal""}]"
50	PXD012337-Sample-50	cell_type	characteristics[cell type]	adipocytes	biological_agent	proteomic analyses with differentiated and treated 3T3-L1s	LLM_ONLY	0.5					source_precedence:biological_agent	derived	"[{""cv_accession"": null, ""cv_name"": null, ""metadata"": {""source_field"": ""cell_type""}, ""scope"": ""sample"", ""source"": ""biological_agent"", ""value"": ""adipocytes""}]"
50	PXD012337-Sample-50	cell_line	characteristics[cell line]	3T3-L1	biological_agent	proteomic analyses with differentiated and treated 3T3-L1s	LLM_ONLY	0.5					source_precedence:biological_agent	derived	"[{""cv_accession"": null, ""cv_name"": null, ""metadata"": {""source_field"": ""cell_line""}, ""scope"": ""sample"", ""source"": ""biological_agent"", ""value"": ""3T3-L1""}]"
50	PXD012337-Sample-50	assay_name	assay name	run 5	derived								legacy_derivation	derived	[]
50	PXD012337-Sample-50	technology_type	technology type	proteomic profiling by mass spectrometry	derived								legacy_derivation	derived	[]
50	PXD012337-Sample-50	acquisition	comment[proteomics data acquisition method]	NT=data-dependent acquisition;AC=PRIDE:0000627	runassessor								source_precedence:runassessor	derived	"[{""cv_accession"": null, ""cv_name"": null, ""metadata"": {""source_path"": ""runAssessor.files.PXD012337/20180919_RH_SKim_Proteome-5e4.mzML.spectra_stats.acquisition_type""}, ""scope"": ""assay"", ""source"": ""runassessor"", ""value"": ""DDA""}]"
50	PXD012337-Sample-50	label	comment[label]	TMT131	technical_agent								source_precedence:technical_agent	derived	"[{""cv_accession"": null, ""cv_name"": null, ""metadata"": {}, ""scope"": ""study"", ""source"": ""technical_agent"", ""value"": ""TMT10plex""}]"
50	PXD012337-Sample-50	instrument	comment[instrument]	NT=Q Exactive HF-X;AC=MS:1002877	runassessor				high	False	False		source_precedence:runassessor	derived	"[{""cv_accession"": ""MS:1002877"", ""cv_name"": ""Q Exactive HF-X"", ""metadata"": {""source_path"": ""runAssessor.files.PXD012337/20180919_RH_SKim_Proteome-5e4.mzML.instrument_model.name""}, ""scope"": ""assay"", ""source"": ""runassessor"", ""value"": ""Q Exactive HF-X""}, {""cv_accession"": null, ""cv_name"": null, ""metadata"": {}, ""scope"": ""study"", ""source"": ""technical_agent"", ""value"": ""Q Exactive HF-X""}]"
50	PXD012337-Sample-50	cleavage_agent	comment[cleavage agent details]	NT=Trypsin;AC=MS:1001251	derived								legacy_derivation	derived	[]
50	PXD012337-Sample-50	dissociation	comment[dissociation method]	NT=beam-type collision-induced dissociation;AC=MS:1000422	runassessor								source_precedence:runassessor	derived	"[{""cv_accession"": null, ""cv_name"": null, ""metadata"": {""source_path"": ""runAssessor.files.PXD012337/20180919_RH_SKim_Proteome-5e4.mzML.spectra_stats.fragmentation_type""}, ""scope"": ""assay"", ""source"": ""runassessor"", ""value"": ""HR_HCD""}]"
50	PXD012337-Sample-50	factor_value	factor value[experimental design]	treatment (Vh, Rosi, TPhP), diet (low fat diet, high fat diet)	experimental_design_agent	During differentiation, cells were treated with Vh (DMSO), Rosi (20 μM), or TPhP (20 μM).	LLM_ONLY	0.5	medium	False	False	treatment (Vh, Rosi, TPhP), diet (low fat diet, high fat diet)	source_precedence:experimental_design_agent	derived	"[{""cv_accession"": null, ""cv_name"": null, ""metadata"": {""source_field"": ""factor_value""}, ""scope"": ""study"", ""source"": ""experimental_design_agent"", ""value"": ""treatment (Vh, Rosi, TPhP)""}]"
50	PXD012337-Sample-50	modification	comment[modification parameters]	NT=phosphorylated residue;AC=MOD:00696;MT=?	pride	phosphorylated residue							normalized_source_union	derived	"[{""fraction_modified"": null, ""raw_stem"": null, ""scope"": ""study"", ""source"": ""pride"", ""source_path"": ""pride_metadata.project.identifiedPTMStrings[0]"", ""source_value"": ""phosphorylated residue""}]"
50	PXD012337-Sample-50	modification	comment[modification parameters]	NT=Sixplex Tandem Mass Tag®;AC=UNIMOD:737;MT=?;TA=HKSTY,N-term	technical_agent;ptm_shepherd	Sixplex Tandem Mass Tag® | Sixplex Tandem Mass Tag® | Sixplex Tandem Mass Tag®							normalized_source_union	derived	"[{""fraction_modified"": null, ""raw_stem"": null, ""scope"": ""study"", ""source"": ""technical_agent"", ""source_path"": ""TechnicalAgent.ptm.resolved[0]"", ""source_value"": ""Sixplex Tandem Mass Tag\u00ae""}, {""fraction_modified"": null, ""raw_stem"": null, ""scope"": ""study"", ""source"": ""technical_agent"", ""source_path"": ""TechnicalAgent.modification.resolved[0]"", ""source_value"": ""Sixplex Tandem Mass Tag\u00ae""}, {""fraction_modified"": 0.474849, ""raw_stem"": ""20180919_RH_SKim_Proteome-5e4"", ""scope"": ""assay"", ""source"": ""ptm_shepherd"", ""source_path"": ""modification_site_fractions.dda_closed_search.per_sample_files.20180919_RH_SKim_Proteome-5e4.data[0]"", ""source_value"": ""Sixplex Tandem Mass Tag\u00ae""}]"
50	PXD012337-Sample-50	modification	comment[modification parameters]	NT=Iodoacetamide derivative;AC=UNIMOD:4;MT=?;TA=CDEHKMSTUY,N-term	technical_agent;ptm_shepherd	Iodoacetamide derivative | Iodoacetamide derivative | Iodoacetamide derivative							normalized_source_union	derived	"[{""fraction_modified"": null, ""raw_stem"": null, ""scope"": ""study"", ""source"": ""technical_agent"", ""source_path"": ""TechnicalAgent.ptm.resolved[1]"", ""source_value"": ""Iodoacetamide derivative""}, {""fraction_modified"": null, ""raw_stem"": null, ""scope"": ""study"", ""source"": ""technical_agent"", ""source_path"": ""TechnicalAgent.modification.resolved[1]"", ""source_value"": ""Iodoacetamide derivative""}, {""fraction_modified"": 0.069469, ""raw_stem"": ""20180919_RH_SKim_Proteome-5e4"", ""scope"": ""assay"", ""source"": ""ptm_shepherd"", ""source_path"": ""modification_site_fractions.dda_closed_search.per_sample_files.20180919_RH_SKim_Proteome-5e4.data[1]"", ""source_value"": ""Iodoacetamide derivative""}]"
50	PXD012337-Sample-50	modification	comment[modification parameters]	NT=ubiquitinylation residue;AC=UNIMOD:121;MT=?;TA=CKST	technical_agent;ptm_shepherd	ubiquitinylation residue | ubiquitinylation residue | ubiquitinylation residue							normalized_source_union	derived	"[{""fraction_modified"": null, ""raw_stem"": null, ""scope"": ""study"", ""source"": ""technical_agent"", ""source_path"": ""TechnicalAgent.ptm.resolved[2]"", ""source_value"": ""ubiquitinylation residue""}, {""fraction_modified"": null, ""raw_stem"": null, ""scope"": ""study"", ""source"": ""technical_agent"", ""source_path"": ""TechnicalAgent.modification.resolved[2]"", ""source_value"": ""ubiquitinylation residue""}, {""fraction_modified"": 0.060763, ""raw_stem"": ""20180919_RH_SKim_Proteome-5e4"", ""scope"": ""assay"", ""source"": ""ptm_shepherd"", ""source_path"": ""modification_site_fractions.dda_closed_search.per_sample_files.20180919_RH_SKim_Proteome-5e4.data[2]"", ""source_value"": ""ubiquitinylation residue""}]"
50	PXD012337-Sample-50	reduction_reagent	comment[reduction reagent]	dithiothreitol	derived								legacy_derivation	derived	[]
50	PXD012337-Sample-50	alkylation_reagent	comment[alkylation reagent]	iodoacetamide	derived								legacy_derivation	derived	[]
50	PXD012337-Sample-50	ms2_analyzer	comment[ms2 mass analyzer]	Orbitrap	technical_agent								source_precedence:technical_agent	derived	"[{""cv_accession"": null, ""cv_name"": null, ""metadata"": {}, ""scope"": ""study"", ""source"": ""technical_agent"", ""value"": ""Orbitrap""}]"
50	PXD012337-Sample-50	collision_energy	comment[collision energy]	NCE 33	derived								legacy_derivation	derived	[]
50	PXD012337-Sample-50	data_file	comment[data file]	20180919_RH_SKim_Proteome-5e4.raw	derived								legacy_derivation	derived	[]
50	PXD012337-Sample-50	sdrf_version	comment[sdrf version]	v1.1.0	derived								legacy_derivation	derived	[]
50	PXD012337-Sample-50	annotation_tool	comment[sdrf annotation tool]	HAMLET-agentic v2.2.5	derived								legacy_derivation	derived	[]
50	PXD012337-Sample-50	factor_disease	factor value[disease]	normal	derived								legacy_derivation	derived	[]
