pxd	data_file	category	field	assessed_value	gold_value	normalized_assessed_value	normalized_gold_value	status	match_method	similarity
PXD000651	HV_map_A1.raw	Biological	characteristics[disease]	normal		normal		assessed_only	unmatched	0.000000
PXD000651	HV_map_A1.raw	Biological	characteristics[disease]		uninfected		uninfected	gold_only	unmatched	0.000000
PXD000651	HV_map_A1.raw	Biological	characteristics[organism part]	cerebrospinal fluid, plasma	cerebrospinal fluid	cerebrospinal fluid plasma	cerebrospinal fluid	matched	fuzzy	0.844444
PXD000651	HV_map_A1.raw	Biological	characteristics[organism]	Homo sapiens	Homo sapiens	homo sapiens	homo sapiens	matched	exact_normalized	1.000000
PXD000651	HV_map_A1.raw	Technical	comment[cleavage agent details]		NT=Trypsin; AC=MS:1001251; CS=(?<=[KR])(?!P)		cv:ms:1001251	gold_only	unmatched	0.000000
PXD000651	HV_map_A1.raw	Technical	comment[dissociation method]		AC=MS:1000133;NT=CID		cv:ms:1000133	gold_only	unmatched	0.000000
PXD000651	HV_map_A1.raw	Technical	comment[fragment mass tolerance]	0.7 Da	0.7 Da	0.7 da	0.7 da	matched	exact_normalized	1.000000
PXD000651	HV_map_A1.raw	Technical	comment[instrument]	NT=Orbitrap Velos Pro;AC=MS:1003096	AC=MS:1001742; NT=LTQ Orbitrap Velos	cv:ms:1003096	cv:ms:1001742	matched	fuzzy	0.777778
PXD000651	HV_map_A1.raw	Technical	comment[label]	label free sample	AC=MS:1002038;NT=label free sample	label free sample	cv:ms:1002038	matched	exact_normalized	1.000000
PXD000651	HV_map_A1.raw	Technical	comment[modification parameters]		NT=Carbamidomethyl;AC=UNIMOD:4;TA=C;MT=Fixed		cv:unimod:4	gold_only	unmatched	0.000000
PXD000651	HV_map_A1.raw	Technical	comment[modification parameters]		NT=Oxidation;AC=UNIMOD:35;MT=Variable;TA=M		cv:unimod:35	gold_only	unmatched	0.000000
PXD000651	HV_map_A1.raw	Technical	comment[ms2 mass analyzer]	orbitrap		orbitrap		assessed_only	unmatched	0.000000
PXD000651	HV_map_A1.raw	Technical	comment[ms2 mass analyzer]		AC=MS:1000264; NT=ion trap		cv:ms:1000264	gold_only	unmatched	0.000000
PXD000651	HV_map_A1.raw	Technical	comment[precursor mass tolerance]	10 ppm	10 ppm	10 ppm	10 ppm	matched	exact_normalized	1.000000
PXD000651	HV_map_A1.raw	Technical	comment[proteomics data acquisition method]	NT=data-dependent acquisition;AC=PRIDE:0000627		cv:pride:0000627		assessed_only	unmatched	0.000000
PXD000651	HV_map_A1.raw	Technical	technology type	proteomic profiling by mass spectrometry		proteomic profiling by mass spectrometry		assessed_only	unmatched	0.000000
PXD000651	HV_map_A1.raw	ExperimentalDesign	characteristics[biological replicate]	1		1		assessed_only	unmatched	0.000000
PXD000651	HV_map_A1.raw	ExperimentalDesign	comment[fraction identifier]	142		142		assessed_only	unmatched	0.000000
PXD000651	HV_map_A1.raw	ExperimentalDesign	comment[fraction identifier]		1		1	gold_only	unmatched	0.000000
PXD000651	HV_map_A1.raw	ExperimentalDesign	comment[technical replicate]	1	1	1	1	matched	exact_normalized	1.000000
PXD000651	HV_map_A1.raw	ExperimentalDesign	factor value[disease]	normal		normal		assessed_only	unmatched	0.000000
PXD000651	HV_map_A1.raw	ExperimentalDesign	factor value[experimental design]	fluid type (CSF, plasma), fractionation strategy (SDS-PAGE, MM RP-AX, glycopeptide capture)		fluid type csf plasma fractionation strategy sds-page mm rp-ax glycopeptide capture		assessed_only	unmatched	0.000000
PXD000651	HV_map_A10.raw	Biological	characteristics[disease]	normal		normal		assessed_only	unmatched	0.000000
PXD000651	HV_map_A10.raw	Biological	characteristics[disease]		uninfected		uninfected	gold_only	unmatched	0.000000
PXD000651	HV_map_A10.raw	Biological	characteristics[organism part]	cerebrospinal fluid, plasma	cerebrospinal fluid	cerebrospinal fluid plasma	cerebrospinal fluid	matched	fuzzy	0.844444
PXD000651	HV_map_A10.raw	Biological	characteristics[organism]	Homo sapiens	Homo sapiens	homo sapiens	homo sapiens	matched	exact_normalized	1.000000
PXD000651	HV_map_A10.raw	Technical	comment[cleavage agent details]		NT=Trypsin; AC=MS:1001251; CS=(?<=[KR])(?!P)		cv:ms:1001251	gold_only	unmatched	0.000000
PXD000651	HV_map_A10.raw	Technical	comment[dissociation method]	NT=collision-induced dissociation;AC=MS:1000133	AC=MS:1000133;NT=CID	cv:ms:1000133	cv:ms:1000133	matched	cv_accession	1.000000
PXD000651	HV_map_A10.raw	Technical	comment[fragment mass tolerance]	0.7 Da	0.7 Da	0.7 da	0.7 da	matched	exact_normalized	1.000000
PXD000651	HV_map_A10.raw	Technical	comment[instrument]	NT=Orbitrap Velos Pro;AC=MS:1003096	AC=MS:1001742; NT=LTQ Orbitrap Velos	cv:ms:1003096	cv:ms:1001742	matched	fuzzy	0.777778
PXD000651	HV_map_A10.raw	Technical	comment[label]	label free sample	AC=MS:1002038;NT=label free sample	label free sample	cv:ms:1002038	matched	exact_normalized	1.000000
PXD000651	HV_map_A10.raw	Technical	comment[modification parameters]		NT=Carbamidomethyl;AC=UNIMOD:4;TA=C;MT=Fixed		cv:unimod:4	gold_only	unmatched	0.000000
PXD000651	HV_map_A10.raw	Technical	comment[modification parameters]		NT=Oxidation;AC=UNIMOD:35;MT=Variable;TA=M		cv:unimod:35	gold_only	unmatched	0.000000
PXD000651	HV_map_A10.raw	Technical	comment[ms2 mass analyzer]	orbitrap		orbitrap		assessed_only	unmatched	0.000000
PXD000651	HV_map_A10.raw	Technical	comment[ms2 mass analyzer]		AC=MS:1000264; NT=ion trap		cv:ms:1000264	gold_only	unmatched	0.000000
PXD000651	HV_map_A10.raw	Technical	comment[precursor mass tolerance]	10 ppm	10 ppm	10 ppm	10 ppm	matched	exact_normalized	1.000000
PXD000651	HV_map_A10.raw	Technical	comment[proteomics data acquisition method]	NT=data-dependent acquisition;AC=PRIDE:0000627		cv:pride:0000627		assessed_only	unmatched	0.000000
PXD000651	HV_map_A10.raw	Technical	technology type	proteomic profiling by mass spectrometry		proteomic profiling by mass spectrometry		assessed_only	unmatched	0.000000
PXD000651	HV_map_A10.raw	ExperimentalDesign	characteristics[biological replicate]	1		1		assessed_only	unmatched	0.000000
PXD000651	HV_map_A10.raw	ExperimentalDesign	comment[fraction identifier]	142		142		assessed_only	unmatched	0.000000
PXD000651	HV_map_A10.raw	ExperimentalDesign	comment[fraction identifier]		10		10	gold_only	unmatched	0.000000
PXD000651	HV_map_A10.raw	ExperimentalDesign	comment[technical replicate]	1	1	1	1	matched	exact_normalized	1.000000
PXD000651	HV_map_A10.raw	ExperimentalDesign	factor value[disease]	normal		normal		assessed_only	unmatched	0.000000
PXD000651	HV_map_A10.raw	ExperimentalDesign	factor value[experimental design]	fluid type (CSF, plasma), fractionation strategy (SDS-PAGE, MM RP-AX, glycopeptide capture)		fluid type csf plasma fractionation strategy sds-page mm rp-ax glycopeptide capture		assessed_only	unmatched	0.000000
PXD000651	HV_map_A11.raw	Biological	characteristics[disease]	normal		normal		assessed_only	unmatched	0.000000
PXD000651	HV_map_A11.raw	Biological	characteristics[disease]		uninfected		uninfected	gold_only	unmatched	0.000000
PXD000651	HV_map_A11.raw	Biological	characteristics[organism part]	cerebrospinal fluid, plasma	cerebrospinal fluid	cerebrospinal fluid plasma	cerebrospinal fluid	matched	fuzzy	0.844444
PXD000651	HV_map_A11.raw	Biological	characteristics[organism]	Homo sapiens	Homo sapiens	homo sapiens	homo sapiens	matched	exact_normalized	1.000000
PXD000651	HV_map_A11.raw	Technical	comment[cleavage agent details]		NT=Trypsin; AC=MS:1001251; CS=(?<=[KR])(?!P)		cv:ms:1001251	gold_only	unmatched	0.000000
PXD000651	HV_map_A11.raw	Technical	comment[dissociation method]	NT=collision-induced dissociation;AC=MS:1000133	AC=MS:1000133;NT=CID	cv:ms:1000133	cv:ms:1000133	matched	cv_accession	1.000000
PXD000651	HV_map_A11.raw	Technical	comment[fragment mass tolerance]	0.7 Da	0.7 Da	0.7 da	0.7 da	matched	exact_normalized	1.000000
PXD000651	HV_map_A11.raw	Technical	comment[instrument]	NT=Orbitrap Velos Pro;AC=MS:1003096	AC=MS:1001742; NT=LTQ Orbitrap Velos	cv:ms:1003096	cv:ms:1001742	matched	fuzzy	0.777778
PXD000651	HV_map_A11.raw	Technical	comment[label]	label free sample	AC=MS:1002038;NT=label free sample	label free sample	cv:ms:1002038	matched	exact_normalized	1.000000
PXD000651	HV_map_A11.raw	Technical	comment[modification parameters]		NT=Carbamidomethyl;AC=UNIMOD:4;TA=C;MT=Fixed		cv:unimod:4	gold_only	unmatched	0.000000
PXD000651	HV_map_A11.raw	Technical	comment[modification parameters]		NT=Oxidation;AC=UNIMOD:35;MT=Variable;TA=M		cv:unimod:35	gold_only	unmatched	0.000000
PXD000651	HV_map_A11.raw	Technical	comment[ms2 mass analyzer]	orbitrap		orbitrap		assessed_only	unmatched	0.000000
PXD000651	HV_map_A11.raw	Technical	comment[ms2 mass analyzer]		AC=MS:1000264; NT=ion trap		cv:ms:1000264	gold_only	unmatched	0.000000
PXD000651	HV_map_A11.raw	Technical	comment[precursor mass tolerance]	10 ppm	10 ppm	10 ppm	10 ppm	matched	exact_normalized	1.000000
PXD000651	HV_map_A11.raw	Technical	comment[proteomics data acquisition method]	NT=data-dependent acquisition;AC=PRIDE:0000627		cv:pride:0000627		assessed_only	unmatched	0.000000
PXD000651	HV_map_A11.raw	Technical	technology type	proteomic profiling by mass spectrometry		proteomic profiling by mass spectrometry		assessed_only	unmatched	0.000000
PXD000651	HV_map_A11.raw	ExperimentalDesign	characteristics[biological replicate]	1		1		assessed_only	unmatched	0.000000
PXD000651	HV_map_A11.raw	ExperimentalDesign	comment[fraction identifier]	142		142		assessed_only	unmatched	0.000000
PXD000651	HV_map_A11.raw	ExperimentalDesign	comment[fraction identifier]		11		11	gold_only	unmatched	0.000000
PXD000651	HV_map_A11.raw	ExperimentalDesign	comment[technical replicate]	1	1	1	1	matched	exact_normalized	1.000000
PXD000651	HV_map_A11.raw	ExperimentalDesign	factor value[disease]	normal		normal		assessed_only	unmatched	0.000000
PXD000651	HV_map_A11.raw	ExperimentalDesign	factor value[experimental design]	fluid type (CSF, plasma), fractionation strategy (SDS-PAGE, MM RP-AX, glycopeptide capture)		fluid type csf plasma fractionation strategy sds-page mm rp-ax glycopeptide capture		assessed_only	unmatched	0.000000
PXD000651	HV_map_A12.raw	Biological	characteristics[disease]	normal		normal		assessed_only	unmatched	0.000000
PXD000651	HV_map_A12.raw	Biological	characteristics[disease]		uninfected		uninfected	gold_only	unmatched	0.000000
PXD000651	HV_map_A12.raw	Biological	characteristics[organism part]	cerebrospinal fluid, plasma	cerebrospinal fluid	cerebrospinal fluid plasma	cerebrospinal fluid	matched	fuzzy	0.844444
PXD000651	HV_map_A12.raw	Biological	characteristics[organism]	Homo sapiens	Homo sapiens	homo sapiens	homo sapiens	matched	exact_normalized	1.000000
PXD000651	HV_map_A12.raw	Technical	comment[cleavage agent details]		NT=Trypsin; AC=MS:1001251; CS=(?<=[KR])(?!P)		cv:ms:1001251	gold_only	unmatched	0.000000
PXD000651	HV_map_A12.raw	Technical	comment[dissociation method]	NT=collision-induced dissociation;AC=MS:1000133	AC=MS:1000133;NT=CID	cv:ms:1000133	cv:ms:1000133	matched	cv_accession	1.000000
PXD000651	HV_map_A12.raw	Technical	comment[fragment mass tolerance]	0.7 Da	0.7 Da	0.7 da	0.7 da	matched	exact_normalized	1.000000
PXD000651	HV_map_A12.raw	Technical	comment[instrument]	NT=Orbitrap Velos Pro;AC=MS:1003096	AC=MS:1001742; NT=LTQ Orbitrap Velos	cv:ms:1003096	cv:ms:1001742	matched	fuzzy	0.777778
PXD000651	HV_map_A12.raw	Technical	comment[label]	label free sample	AC=MS:1002038;NT=label free sample	label free sample	cv:ms:1002038	matched	exact_normalized	1.000000
PXD000651	HV_map_A12.raw	Technical	comment[modification parameters]		NT=Carbamidomethyl;AC=UNIMOD:4;TA=C;MT=Fixed		cv:unimod:4	gold_only	unmatched	0.000000
PXD000651	HV_map_A12.raw	Technical	comment[modification parameters]		NT=Oxidation;AC=UNIMOD:35;MT=Variable;TA=M		cv:unimod:35	gold_only	unmatched	0.000000
PXD000651	HV_map_A12.raw	Technical	comment[ms2 mass analyzer]	orbitrap		orbitrap		assessed_only	unmatched	0.000000
PXD000651	HV_map_A12.raw	Technical	comment[ms2 mass analyzer]		AC=MS:1000264; NT=ion trap		cv:ms:1000264	gold_only	unmatched	0.000000
PXD000651	HV_map_A12.raw	Technical	comment[precursor mass tolerance]	10 ppm	10 ppm	10 ppm	10 ppm	matched	exact_normalized	1.000000
PXD000651	HV_map_A12.raw	Technical	comment[proteomics data acquisition method]	NT=data-dependent acquisition;AC=PRIDE:0000627		cv:pride:0000627		assessed_only	unmatched	0.000000
PXD000651	HV_map_A12.raw	Technical	technology type	proteomic profiling by mass spectrometry		proteomic profiling by mass spectrometry		assessed_only	unmatched	0.000000
PXD000651	HV_map_A12.raw	ExperimentalDesign	characteristics[biological replicate]	1		1		assessed_only	unmatched	0.000000
PXD000651	HV_map_A12.raw	ExperimentalDesign	comment[fraction identifier]	142	12	142	12	matched	fuzzy	0.800000
PXD000651	HV_map_A12.raw	ExperimentalDesign	comment[technical replicate]	1	1	1	1	matched	exact_normalized	1.000000
PXD000651	HV_map_A12.raw	ExperimentalDesign	factor value[disease]	normal		normal		assessed_only	unmatched	0.000000
PXD000651	HV_map_A12.raw	ExperimentalDesign	factor value[experimental design]	fluid type (CSF, plasma), fractionation strategy (SDS-PAGE, MM RP-AX, glycopeptide capture)		fluid type csf plasma fractionation strategy sds-page mm rp-ax glycopeptide capture		assessed_only	unmatched	0.000000
PXD000651	HV_map_A13ny.raw	Biological	characteristics[disease]	normal		normal		assessed_only	unmatched	0.000000
PXD000651	HV_map_A13ny.raw	Biological	characteristics[disease]		uninfected		uninfected	gold_only	unmatched	0.000000
PXD000651	HV_map_A13ny.raw	Biological	characteristics[organism part]	cerebrospinal fluid, plasma	cerebrospinal fluid	cerebrospinal fluid plasma	cerebrospinal fluid	matched	fuzzy	0.844444
PXD000651	HV_map_A13ny.raw	Biological	characteristics[organism]	Homo sapiens	Homo sapiens	homo sapiens	homo sapiens	matched	exact_normalized	1.000000
PXD000651	HV_map_A13ny.raw	Technical	comment[cleavage agent details]		NT=Trypsin; AC=MS:1001251; CS=(?<=[KR])(?!P)		cv:ms:1001251	gold_only	unmatched	0.000000
PXD000651	HV_map_A13ny.raw	Technical	comment[dissociation method]	NT=collision-induced dissociation;AC=MS:1000133	AC=MS:1000133;NT=CID	cv:ms:1000133	cv:ms:1000133	matched	cv_accession	1.000000
PXD000651	HV_map_A13ny.raw	Technical	comment[fragment mass tolerance]	0.7 Da	0.7 Da	0.7 da	0.7 da	matched	exact_normalized	1.000000
PXD000651	HV_map_A13ny.raw	Technical	comment[instrument]	NT=Orbitrap Velos Pro;AC=MS:1003096	AC=MS:1001742; NT=LTQ Orbitrap Velos	cv:ms:1003096	cv:ms:1001742	matched	fuzzy	0.777778
PXD000651	HV_map_A13ny.raw	Technical	comment[label]	label free sample	AC=MS:1002038;NT=label free sample	label free sample	cv:ms:1002038	matched	exact_normalized	1.000000
PXD000651	HV_map_A13ny.raw	Technical	comment[modification parameters]		NT=Carbamidomethyl;AC=UNIMOD:4;TA=C;MT=Fixed		cv:unimod:4	gold_only	unmatched	0.000000
PXD000651	HV_map_A13ny.raw	Technical	comment[modification parameters]		NT=Oxidation;AC=UNIMOD:35;MT=Variable;TA=M		cv:unimod:35	gold_only	unmatched	0.000000
PXD000651	HV_map_A13ny.raw	Technical	comment[ms2 mass analyzer]	orbitrap		orbitrap		assessed_only	unmatched	0.000000
PXD000651	HV_map_A13ny.raw	Technical	comment[ms2 mass analyzer]		AC=MS:1000264; NT=ion trap		cv:ms:1000264	gold_only	unmatched	0.000000
PXD000651	HV_map_A13ny.raw	Technical	comment[precursor mass tolerance]	10 ppm	10 ppm	10 ppm	10 ppm	matched	exact_normalized	1.000000
PXD000651	HV_map_A13ny.raw	Technical	comment[proteomics data acquisition method]	NT=data-dependent acquisition;AC=PRIDE:0000627		cv:pride:0000627		assessed_only	unmatched	0.000000
PXD000651	HV_map_A13ny.raw	Technical	technology type	proteomic profiling by mass spectrometry		proteomic profiling by mass spectrometry		assessed_only	unmatched	0.000000
PXD000651	HV_map_A13ny.raw	ExperimentalDesign	characteristics[biological replicate]	1		1		assessed_only	unmatched	0.000000
PXD000651	HV_map_A13ny.raw	ExperimentalDesign	comment[fraction identifier]	142		142		assessed_only	unmatched	0.000000
PXD000651	HV_map_A13ny.raw	ExperimentalDesign	comment[fraction identifier]		13		13	gold_only	unmatched	0.000000
PXD000651	HV_map_A13ny.raw	ExperimentalDesign	comment[technical replicate]	1	1	1	1	matched	exact_normalized	1.000000
PXD000651	HV_map_A13ny.raw	ExperimentalDesign	factor value[disease]	normal		normal		assessed_only	unmatched	0.000000
PXD000651	HV_map_A13ny.raw	ExperimentalDesign	factor value[experimental design]	fluid type (CSF, plasma), fractionation strategy (SDS-PAGE, MM RP-AX, glycopeptide capture)		fluid type csf plasma fractionation strategy sds-page mm rp-ax glycopeptide capture		assessed_only	unmatched	0.000000
PXD000651	HV_map_A14.raw	Biological	characteristics[disease]	normal		normal		assessed_only	unmatched	0.000000
PXD000651	HV_map_A14.raw	Biological	characteristics[disease]		uninfected		uninfected	gold_only	unmatched	0.000000
PXD000651	HV_map_A14.raw	Biological	characteristics[organism part]	cerebrospinal fluid, plasma	cerebrospinal fluid	cerebrospinal fluid plasma	cerebrospinal fluid	matched	fuzzy	0.844444
PXD000651	HV_map_A14.raw	Biological	characteristics[organism]	Homo sapiens	Homo sapiens	homo sapiens	homo sapiens	matched	exact_normalized	1.000000
PXD000651	HV_map_A14.raw	Technical	comment[cleavage agent details]		NT=Trypsin; AC=MS:1001251; CS=(?<=[KR])(?!P)		cv:ms:1001251	gold_only	unmatched	0.000000
PXD000651	HV_map_A14.raw	Technical	comment[dissociation method]	NT=collision-induced dissociation;AC=MS:1000133	AC=MS:1000133;NT=CID	cv:ms:1000133	cv:ms:1000133	matched	cv_accession	1.000000
PXD000651	HV_map_A14.raw	Technical	comment[fragment mass tolerance]	0.7 Da	0.7 Da	0.7 da	0.7 da	matched	exact_normalized	1.000000
PXD000651	HV_map_A14.raw	Technical	comment[instrument]	NT=Orbitrap Velos Pro;AC=MS:1003096	AC=MS:1001742; NT=LTQ Orbitrap Velos	cv:ms:1003096	cv:ms:1001742	matched	fuzzy	0.777778
PXD000651	HV_map_A14.raw	Technical	comment[label]	label free sample	AC=MS:1002038;NT=label free sample	label free sample	cv:ms:1002038	matched	exact_normalized	1.000000
PXD000651	HV_map_A14.raw	Technical	comment[modification parameters]		NT=Carbamidomethyl;AC=UNIMOD:4;TA=C;MT=Fixed		cv:unimod:4	gold_only	unmatched	0.000000
PXD000651	HV_map_A14.raw	Technical	comment[modification parameters]		NT=Oxidation;AC=UNIMOD:35;MT=Variable;TA=M		cv:unimod:35	gold_only	unmatched	0.000000
PXD000651	HV_map_A14.raw	Technical	comment[ms2 mass analyzer]	orbitrap		orbitrap		assessed_only	unmatched	0.000000
PXD000651	HV_map_A14.raw	Technical	comment[ms2 mass analyzer]		AC=MS:1000264; NT=ion trap		cv:ms:1000264	gold_only	unmatched	0.000000
PXD000651	HV_map_A14.raw	Technical	comment[precursor mass tolerance]	10 ppm	10 ppm	10 ppm	10 ppm	matched	exact_normalized	1.000000
PXD000651	HV_map_A14.raw	Technical	comment[proteomics data acquisition method]	NT=data-dependent acquisition;AC=PRIDE:0000627		cv:pride:0000627		assessed_only	unmatched	0.000000
PXD000651	HV_map_A14.raw	Technical	technology type	proteomic profiling by mass spectrometry		proteomic profiling by mass spectrometry		assessed_only	unmatched	0.000000
PXD000651	HV_map_A14.raw	ExperimentalDesign	characteristics[biological replicate]	1		1		assessed_only	unmatched	0.000000
PXD000651	HV_map_A14.raw	ExperimentalDesign	comment[fraction identifier]	142	14	142	14	matched	fuzzy	0.800000
PXD000651	HV_map_A14.raw	ExperimentalDesign	comment[technical replicate]	1	1	1	1	matched	exact_normalized	1.000000
PXD000651	HV_map_A14.raw	ExperimentalDesign	factor value[disease]	normal		normal		assessed_only	unmatched	0.000000
PXD000651	HV_map_A14.raw	ExperimentalDesign	factor value[experimental design]	fluid type (CSF, plasma), fractionation strategy (SDS-PAGE, MM RP-AX, glycopeptide capture)		fluid type csf plasma fractionation strategy sds-page mm rp-ax glycopeptide capture		assessed_only	unmatched	0.000000
PXD000651	HV_map_A15ny.raw	Biological	characteristics[disease]	normal		normal		assessed_only	unmatched	0.000000
PXD000651	HV_map_A15ny.raw	Biological	characteristics[disease]		uninfected		uninfected	gold_only	unmatched	0.000000
PXD000651	HV_map_A15ny.raw	Biological	characteristics[organism part]	cerebrospinal fluid, plasma	cerebrospinal fluid	cerebrospinal fluid plasma	cerebrospinal fluid	matched	fuzzy	0.844444
PXD000651	HV_map_A15ny.raw	Biological	characteristics[organism]	Homo sapiens	Homo sapiens	homo sapiens	homo sapiens	matched	exact_normalized	1.000000
PXD000651	HV_map_A15ny.raw	Technical	comment[cleavage agent details]		NT=Trypsin; AC=MS:1001251; CS=(?<=[KR])(?!P)		cv:ms:1001251	gold_only	unmatched	0.000000
PXD000651	HV_map_A15ny.raw	Technical	comment[dissociation method]	NT=collision-induced dissociation;AC=MS:1000133	AC=MS:1000133;NT=CID	cv:ms:1000133	cv:ms:1000133	matched	cv_accession	1.000000
PXD000651	HV_map_A15ny.raw	Technical	comment[fragment mass tolerance]	0.7 Da	0.7 Da	0.7 da	0.7 da	matched	exact_normalized	1.000000
PXD000651	HV_map_A15ny.raw	Technical	comment[instrument]	NT=Orbitrap Velos Pro;AC=MS:1003096	AC=MS:1001742; NT=LTQ Orbitrap Velos	cv:ms:1003096	cv:ms:1001742	matched	fuzzy	0.777778
PXD000651	HV_map_A15ny.raw	Technical	comment[label]	label free sample	AC=MS:1002038;NT=label free sample	label free sample	cv:ms:1002038	matched	exact_normalized	1.000000
PXD000651	HV_map_A15ny.raw	Technical	comment[modification parameters]		NT=Carbamidomethyl;AC=UNIMOD:4;TA=C;MT=Fixed		cv:unimod:4	gold_only	unmatched	0.000000
PXD000651	HV_map_A15ny.raw	Technical	comment[modification parameters]		NT=Oxidation;AC=UNIMOD:35;MT=Variable;TA=M		cv:unimod:35	gold_only	unmatched	0.000000
PXD000651	HV_map_A15ny.raw	Technical	comment[ms2 mass analyzer]	orbitrap		orbitrap		assessed_only	unmatched	0.000000
PXD000651	HV_map_A15ny.raw	Technical	comment[ms2 mass analyzer]		AC=MS:1000264; NT=ion trap		cv:ms:1000264	gold_only	unmatched	0.000000
PXD000651	HV_map_A15ny.raw	Technical	comment[precursor mass tolerance]	10 ppm	10 ppm	10 ppm	10 ppm	matched	exact_normalized	1.000000
PXD000651	HV_map_A15ny.raw	Technical	comment[proteomics data acquisition method]	NT=data-dependent acquisition;AC=PRIDE:0000627		cv:pride:0000627		assessed_only	unmatched	0.000000
PXD000651	HV_map_A15ny.raw	Technical	technology type	proteomic profiling by mass spectrometry		proteomic profiling by mass spectrometry		assessed_only	unmatched	0.000000
PXD000651	HV_map_A15ny.raw	ExperimentalDesign	characteristics[biological replicate]	1		1		assessed_only	unmatched	0.000000
PXD000651	HV_map_A15ny.raw	ExperimentalDesign	comment[fraction identifier]	142		142		assessed_only	unmatched	0.000000
PXD000651	HV_map_A15ny.raw	ExperimentalDesign	comment[fraction identifier]		15		15	gold_only	unmatched	0.000000
PXD000651	HV_map_A15ny.raw	ExperimentalDesign	comment[technical replicate]	1	1	1	1	matched	exact_normalized	1.000000
PXD000651	HV_map_A15ny.raw	ExperimentalDesign	factor value[disease]	normal		normal		assessed_only	unmatched	0.000000
PXD000651	HV_map_A15ny.raw	ExperimentalDesign	factor value[experimental design]	fluid type (CSF, plasma), fractionation strategy (SDS-PAGE, MM RP-AX, glycopeptide capture)		fluid type csf plasma fractionation strategy sds-page mm rp-ax glycopeptide capture		assessed_only	unmatched	0.000000
PXD000651	HV_map_A16ny.raw	Biological	characteristics[disease]	normal		normal		assessed_only	unmatched	0.000000
PXD000651	HV_map_A16ny.raw	Biological	characteristics[disease]		uninfected		uninfected	gold_only	unmatched	0.000000
PXD000651	HV_map_A16ny.raw	Biological	characteristics[organism part]	cerebrospinal fluid, plasma	cerebrospinal fluid	cerebrospinal fluid plasma	cerebrospinal fluid	matched	fuzzy	0.844444
PXD000651	HV_map_A16ny.raw	Biological	characteristics[organism]	Homo sapiens	Homo sapiens	homo sapiens	homo sapiens	matched	exact_normalized	1.000000
PXD000651	HV_map_A16ny.raw	Technical	comment[cleavage agent details]		NT=Trypsin; AC=MS:1001251; CS=(?<=[KR])(?!P)		cv:ms:1001251	gold_only	unmatched	0.000000
PXD000651	HV_map_A16ny.raw	Technical	comment[dissociation method]	NT=collision-induced dissociation;AC=MS:1000133	AC=MS:1000133;NT=CID	cv:ms:1000133	cv:ms:1000133	matched	cv_accession	1.000000
PXD000651	HV_map_A16ny.raw	Technical	comment[fragment mass tolerance]	0.7 Da	0.7 Da	0.7 da	0.7 da	matched	exact_normalized	1.000000
PXD000651	HV_map_A16ny.raw	Technical	comment[instrument]	NT=Orbitrap Velos Pro;AC=MS:1003096	AC=MS:1001742; NT=LTQ Orbitrap Velos	cv:ms:1003096	cv:ms:1001742	matched	fuzzy	0.777778
PXD000651	HV_map_A16ny.raw	Technical	comment[label]	label free sample	AC=MS:1002038;NT=label free sample	label free sample	cv:ms:1002038	matched	exact_normalized	1.000000
PXD000651	HV_map_A16ny.raw	Technical	comment[modification parameters]		NT=Carbamidomethyl;AC=UNIMOD:4;TA=C;MT=Fixed		cv:unimod:4	gold_only	unmatched	0.000000
PXD000651	HV_map_A16ny.raw	Technical	comment[modification parameters]		NT=Oxidation;AC=UNIMOD:35;MT=Variable;TA=M		cv:unimod:35	gold_only	unmatched	0.000000
PXD000651	HV_map_A16ny.raw	Technical	comment[ms2 mass analyzer]	orbitrap		orbitrap		assessed_only	unmatched	0.000000
PXD000651	HV_map_A16ny.raw	Technical	comment[ms2 mass analyzer]		AC=MS:1000264; NT=ion trap		cv:ms:1000264	gold_only	unmatched	0.000000
PXD000651	HV_map_A16ny.raw	Technical	comment[precursor mass tolerance]	10 ppm	10 ppm	10 ppm	10 ppm	matched	exact_normalized	1.000000
PXD000651	HV_map_A16ny.raw	Technical	comment[proteomics data acquisition method]	NT=data-dependent acquisition;AC=PRIDE:0000627		cv:pride:0000627		assessed_only	unmatched	0.000000
PXD000651	HV_map_A16ny.raw	Technical	technology type	proteomic profiling by mass spectrometry		proteomic profiling by mass spectrometry		assessed_only	unmatched	0.000000
PXD000651	HV_map_A16ny.raw	ExperimentalDesign	characteristics[biological replicate]	1		1		assessed_only	unmatched	0.000000
PXD000651	HV_map_A16ny.raw	ExperimentalDesign	comment[fraction identifier]	142		142		assessed_only	unmatched	0.000000
PXD000651	HV_map_A16ny.raw	ExperimentalDesign	comment[fraction identifier]		16		16	gold_only	unmatched	0.000000
PXD000651	HV_map_A16ny.raw	ExperimentalDesign	comment[technical replicate]	1	1	1	1	matched	exact_normalized	1.000000
PXD000651	HV_map_A16ny.raw	ExperimentalDesign	factor value[disease]	normal		normal		assessed_only	unmatched	0.000000
PXD000651	HV_map_A16ny.raw	ExperimentalDesign	factor value[experimental design]	fluid type (CSF, plasma), fractionation strategy (SDS-PAGE, MM RP-AX, glycopeptide capture)		fluid type csf plasma fractionation strategy sds-page mm rp-ax glycopeptide capture		assessed_only	unmatched	0.000000
PXD000651	HV_map_A17conc.raw	Biological	characteristics[disease]	normal		normal		assessed_only	unmatched	0.000000
PXD000651	HV_map_A17conc.raw	Biological	characteristics[disease]		uninfected		uninfected	gold_only	unmatched	0.000000
PXD000651	HV_map_A17conc.raw	Biological	characteristics[organism part]	cerebrospinal fluid, plasma	cerebrospinal fluid	cerebrospinal fluid plasma	cerebrospinal fluid	matched	fuzzy	0.844444
PXD000651	HV_map_A17conc.raw	Biological	characteristics[organism]	Homo sapiens	Homo sapiens	homo sapiens	homo sapiens	matched	exact_normalized	1.000000
PXD000651	HV_map_A17conc.raw	Technical	comment[cleavage agent details]		NT=Trypsin; AC=MS:1001251; CS=(?<=[KR])(?!P)		cv:ms:1001251	gold_only	unmatched	0.000000
PXD000651	HV_map_A17conc.raw	Technical	comment[dissociation method]	NT=collision-induced dissociation;AC=MS:1000133	AC=MS:1000133;NT=CID	cv:ms:1000133	cv:ms:1000133	matched	cv_accession	1.000000
PXD000651	HV_map_A17conc.raw	Technical	comment[fragment mass tolerance]	0.7 Da	0.7 Da	0.7 da	0.7 da	matched	exact_normalized	1.000000
PXD000651	HV_map_A17conc.raw	Technical	comment[instrument]	NT=Orbitrap Velos Pro;AC=MS:1003096	AC=MS:1001742; NT=LTQ Orbitrap Velos	cv:ms:1003096	cv:ms:1001742	matched	fuzzy	0.777778
PXD000651	HV_map_A17conc.raw	Technical	comment[label]	label free sample	AC=MS:1002038;NT=label free sample	label free sample	cv:ms:1002038	matched	exact_normalized	1.000000
PXD000651	HV_map_A17conc.raw	Technical	comment[modification parameters]		NT=Carbamidomethyl;AC=UNIMOD:4;TA=C;MT=Fixed		cv:unimod:4	gold_only	unmatched	0.000000
PXD000651	HV_map_A17conc.raw	Technical	comment[modification parameters]		NT=Oxidation;AC=UNIMOD:35;MT=Variable;TA=M		cv:unimod:35	gold_only	unmatched	0.000000
PXD000651	HV_map_A17conc.raw	Technical	comment[ms2 mass analyzer]	orbitrap		orbitrap		assessed_only	unmatched	0.000000
PXD000651	HV_map_A17conc.raw	Technical	comment[ms2 mass analyzer]		AC=MS:1000264; NT=ion trap		cv:ms:1000264	gold_only	unmatched	0.000000
PXD000651	HV_map_A17conc.raw	Technical	comment[precursor mass tolerance]	10 ppm	10 ppm	10 ppm	10 ppm	matched	exact_normalized	1.000000
PXD000651	HV_map_A17conc.raw	Technical	comment[proteomics data acquisition method]	NT=data-dependent acquisition;AC=PRIDE:0000627		cv:pride:0000627		assessed_only	unmatched	0.000000
PXD000651	HV_map_A17conc.raw	Technical	technology type	proteomic profiling by mass spectrometry		proteomic profiling by mass spectrometry		assessed_only	unmatched	0.000000
PXD000651	HV_map_A17conc.raw	ExperimentalDesign	characteristics[biological replicate]	1		1		assessed_only	unmatched	0.000000
PXD000651	HV_map_A17conc.raw	ExperimentalDesign	comment[fraction identifier]	142		142		assessed_only	unmatched	0.000000
PXD000651	HV_map_A17conc.raw	ExperimentalDesign	comment[fraction identifier]		17		17	gold_only	unmatched	0.000000
PXD000651	HV_map_A17conc.raw	ExperimentalDesign	comment[technical replicate]	1	1	1	1	matched	exact_normalized	1.000000
PXD000651	HV_map_A17conc.raw	ExperimentalDesign	factor value[disease]	normal		normal		assessed_only	unmatched	0.000000
PXD000651	HV_map_A17conc.raw	ExperimentalDesign	factor value[experimental design]	fluid type (CSF, plasma), fractionation strategy (SDS-PAGE, MM RP-AX, glycopeptide capture)		fluid type csf plasma fractionation strategy sds-page mm rp-ax glycopeptide capture		assessed_only	unmatched	0.000000
PXD000651	HV_map_A18ny.raw	Biological	characteristics[disease]	normal		normal		assessed_only	unmatched	0.000000
PXD000651	HV_map_A18ny.raw	Biological	characteristics[disease]		uninfected		uninfected	gold_only	unmatched	0.000000
PXD000651	HV_map_A18ny.raw	Biological	characteristics[organism part]	cerebrospinal fluid, plasma	cerebrospinal fluid	cerebrospinal fluid plasma	cerebrospinal fluid	matched	fuzzy	0.844444
PXD000651	HV_map_A18ny.raw	Biological	characteristics[organism]	Homo sapiens	Homo sapiens	homo sapiens	homo sapiens	matched	exact_normalized	1.000000
PXD000651	HV_map_A18ny.raw	Technical	comment[cleavage agent details]		NT=Trypsin; AC=MS:1001251; CS=(?<=[KR])(?!P)		cv:ms:1001251	gold_only	unmatched	0.000000
PXD000651	HV_map_A18ny.raw	Technical	comment[dissociation method]	NT=collision-induced dissociation;AC=MS:1000133	AC=MS:1000133;NT=CID	cv:ms:1000133	cv:ms:1000133	matched	cv_accession	1.000000
PXD000651	HV_map_A18ny.raw	Technical	comment[fragment mass tolerance]	0.7 Da	0.7 Da	0.7 da	0.7 da	matched	exact_normalized	1.000000
PXD000651	HV_map_A18ny.raw	Technical	comment[instrument]	NT=Orbitrap Velos Pro;AC=MS:1003096	AC=MS:1001742; NT=LTQ Orbitrap Velos	cv:ms:1003096	cv:ms:1001742	matched	fuzzy	0.777778
PXD000651	HV_map_A18ny.raw	Technical	comment[label]	label free sample	AC=MS:1002038;NT=label free sample	label free sample	cv:ms:1002038	matched	exact_normalized	1.000000
PXD000651	HV_map_A18ny.raw	Technical	comment[modification parameters]		NT=Carbamidomethyl;AC=UNIMOD:4;TA=C;MT=Fixed		cv:unimod:4	gold_only	unmatched	0.000000
PXD000651	HV_map_A18ny.raw	Technical	comment[modification parameters]		NT=Oxidation;AC=UNIMOD:35;MT=Variable;TA=M		cv:unimod:35	gold_only	unmatched	0.000000
PXD000651	HV_map_A18ny.raw	Technical	comment[ms2 mass analyzer]	orbitrap		orbitrap		assessed_only	unmatched	0.000000
PXD000651	HV_map_A18ny.raw	Technical	comment[ms2 mass analyzer]		AC=MS:1000264; NT=ion trap		cv:ms:1000264	gold_only	unmatched	0.000000
PXD000651	HV_map_A18ny.raw	Technical	comment[precursor mass tolerance]	10 ppm	10 ppm	10 ppm	10 ppm	matched	exact_normalized	1.000000
PXD000651	HV_map_A18ny.raw	Technical	comment[proteomics data acquisition method]	NT=data-dependent acquisition;AC=PRIDE:0000627		cv:pride:0000627		assessed_only	unmatched	0.000000
PXD000651	HV_map_A18ny.raw	Technical	technology type	proteomic profiling by mass spectrometry		proteomic profiling by mass spectrometry		assessed_only	unmatched	0.000000
PXD000651	HV_map_A18ny.raw	ExperimentalDesign	characteristics[biological replicate]	1		1		assessed_only	unmatched	0.000000
PXD000651	HV_map_A18ny.raw	ExperimentalDesign	comment[fraction identifier]	142		142		assessed_only	unmatched	0.000000
PXD000651	HV_map_A18ny.raw	ExperimentalDesign	comment[fraction identifier]		18		18	gold_only	unmatched	0.000000
PXD000651	HV_map_A18ny.raw	ExperimentalDesign	comment[technical replicate]	1	1	1	1	matched	exact_normalized	1.000000
PXD000651	HV_map_A18ny.raw	ExperimentalDesign	factor value[disease]	normal		normal		assessed_only	unmatched	0.000000
PXD000651	HV_map_A18ny.raw	ExperimentalDesign	factor value[experimental design]	fluid type (CSF, plasma), fractionation strategy (SDS-PAGE, MM RP-AX, glycopeptide capture)		fluid type csf plasma fractionation strategy sds-page mm rp-ax glycopeptide capture		assessed_only	unmatched	0.000000
PXD000651	HV_map_A19.raw	Biological	characteristics[disease]	normal		normal		assessed_only	unmatched	0.000000
PXD000651	HV_map_A19.raw	Biological	characteristics[disease]		uninfected		uninfected	gold_only	unmatched	0.000000
PXD000651	HV_map_A19.raw	Biological	characteristics[organism part]	cerebrospinal fluid, plasma	cerebrospinal fluid	cerebrospinal fluid plasma	cerebrospinal fluid	matched	fuzzy	0.844444
PXD000651	HV_map_A19.raw	Biological	characteristics[organism]	Homo sapiens	Homo sapiens	homo sapiens	homo sapiens	matched	exact_normalized	1.000000
PXD000651	HV_map_A19.raw	Technical	comment[cleavage agent details]		NT=Trypsin; AC=MS:1001251; CS=(?<=[KR])(?!P)		cv:ms:1001251	gold_only	unmatched	0.000000
PXD000651	HV_map_A19.raw	Technical	comment[dissociation method]	NT=collision-induced dissociation;AC=MS:1000133	AC=MS:1000133;NT=CID	cv:ms:1000133	cv:ms:1000133	matched	cv_accession	1.000000
PXD000651	HV_map_A19.raw	Technical	comment[fragment mass tolerance]	0.7 Da	0.7 Da	0.7 da	0.7 da	matched	exact_normalized	1.000000
PXD000651	HV_map_A19.raw	Technical	comment[instrument]	NT=Orbitrap Velos Pro;AC=MS:1003096	AC=MS:1001742; NT=LTQ Orbitrap Velos	cv:ms:1003096	cv:ms:1001742	matched	fuzzy	0.777778
PXD000651	HV_map_A19.raw	Technical	comment[label]	label free sample	AC=MS:1002038;NT=label free sample	label free sample	cv:ms:1002038	matched	exact_normalized	1.000000
PXD000651	HV_map_A19.raw	Technical	comment[modification parameters]		NT=Carbamidomethyl;AC=UNIMOD:4;TA=C;MT=Fixed		cv:unimod:4	gold_only	unmatched	0.000000
PXD000651	HV_map_A19.raw	Technical	comment[modification parameters]		NT=Oxidation;AC=UNIMOD:35;MT=Variable;TA=M		cv:unimod:35	gold_only	unmatched	0.000000
PXD000651	HV_map_A19.raw	Technical	comment[ms2 mass analyzer]	orbitrap		orbitrap		assessed_only	unmatched	0.000000
PXD000651	HV_map_A19.raw	Technical	comment[ms2 mass analyzer]		AC=MS:1000264; NT=ion trap		cv:ms:1000264	gold_only	unmatched	0.000000
PXD000651	HV_map_A19.raw	Technical	comment[precursor mass tolerance]	10 ppm	10 ppm	10 ppm	10 ppm	matched	exact_normalized	1.000000
PXD000651	HV_map_A19.raw	Technical	comment[proteomics data acquisition method]	NT=data-dependent acquisition;AC=PRIDE:0000627		cv:pride:0000627		assessed_only	unmatched	0.000000
PXD000651	HV_map_A19.raw	Technical	technology type	proteomic profiling by mass spectrometry		proteomic profiling by mass spectrometry		assessed_only	unmatched	0.000000
PXD000651	HV_map_A19.raw	ExperimentalDesign	characteristics[biological replicate]	1		1		assessed_only	unmatched	0.000000
PXD000651	HV_map_A19.raw	ExperimentalDesign	comment[fraction identifier]	142		142		assessed_only	unmatched	0.000000
PXD000651	HV_map_A19.raw	ExperimentalDesign	comment[fraction identifier]		19		19	gold_only	unmatched	0.000000
PXD000651	HV_map_A19.raw	ExperimentalDesign	comment[technical replicate]	1	1	1	1	matched	exact_normalized	1.000000
PXD000651	HV_map_A19.raw	ExperimentalDesign	factor value[disease]	normal		normal		assessed_only	unmatched	0.000000
PXD000651	HV_map_A19.raw	ExperimentalDesign	factor value[experimental design]	fluid type (CSF, plasma), fractionation strategy (SDS-PAGE, MM RP-AX, glycopeptide capture)		fluid type csf plasma fractionation strategy sds-page mm rp-ax glycopeptide capture		assessed_only	unmatched	0.000000
PXD000651	HV_map_A2.raw	Biological	characteristics[disease]	normal		normal		assessed_only	unmatched	0.000000
PXD000651	HV_map_A2.raw	Biological	characteristics[disease]		uninfected		uninfected	gold_only	unmatched	0.000000
PXD000651	HV_map_A2.raw	Biological	characteristics[organism part]	cerebrospinal fluid, plasma	cerebrospinal fluid	cerebrospinal fluid plasma	cerebrospinal fluid	matched	fuzzy	0.844444
PXD000651	HV_map_A2.raw	Biological	characteristics[organism]	Homo sapiens	Homo sapiens	homo sapiens	homo sapiens	matched	exact_normalized	1.000000
PXD000651	HV_map_A2.raw	Technical	comment[cleavage agent details]		NT=Trypsin; AC=MS:1001251; CS=(?<=[KR])(?!P)		cv:ms:1001251	gold_only	unmatched	0.000000
PXD000651	HV_map_A2.raw	Technical	comment[dissociation method]	NT=collision-induced dissociation;AC=MS:1000133	AC=MS:1000133;NT=CID	cv:ms:1000133	cv:ms:1000133	matched	cv_accession	1.000000
PXD000651	HV_map_A2.raw	Technical	comment[fragment mass tolerance]	0.7 Da	0.7 Da	0.7 da	0.7 da	matched	exact_normalized	1.000000
PXD000651	HV_map_A2.raw	Technical	comment[instrument]	NT=Orbitrap Velos Pro;AC=MS:1003096	AC=MS:1001742; NT=LTQ Orbitrap Velos	cv:ms:1003096	cv:ms:1001742	matched	fuzzy	0.777778
PXD000651	HV_map_A2.raw	Technical	comment[label]	label free sample	AC=MS:1002038;NT=label free sample	label free sample	cv:ms:1002038	matched	exact_normalized	1.000000
PXD000651	HV_map_A2.raw	Technical	comment[modification parameters]		NT=Carbamidomethyl;AC=UNIMOD:4;TA=C;MT=Fixed		cv:unimod:4	gold_only	unmatched	0.000000
PXD000651	HV_map_A2.raw	Technical	comment[modification parameters]		NT=Oxidation;AC=UNIMOD:35;MT=Variable;TA=M		cv:unimod:35	gold_only	unmatched	0.000000
PXD000651	HV_map_A2.raw	Technical	comment[ms2 mass analyzer]	orbitrap		orbitrap		assessed_only	unmatched	0.000000
PXD000651	HV_map_A2.raw	Technical	comment[ms2 mass analyzer]		AC=MS:1000264; NT=ion trap		cv:ms:1000264	gold_only	unmatched	0.000000
PXD000651	HV_map_A2.raw	Technical	comment[precursor mass tolerance]	10 ppm	10 ppm	10 ppm	10 ppm	matched	exact_normalized	1.000000
PXD000651	HV_map_A2.raw	Technical	comment[proteomics data acquisition method]	NT=data-dependent acquisition;AC=PRIDE:0000627		cv:pride:0000627		assessed_only	unmatched	0.000000
PXD000651	HV_map_A2.raw	Technical	technology type	proteomic profiling by mass spectrometry		proteomic profiling by mass spectrometry		assessed_only	unmatched	0.000000
PXD000651	HV_map_A2.raw	ExperimentalDesign	characteristics[biological replicate]	1		1		assessed_only	unmatched	0.000000
PXD000651	HV_map_A2.raw	ExperimentalDesign	comment[fraction identifier]	142		142		assessed_only	unmatched	0.000000
PXD000651	HV_map_A2.raw	ExperimentalDesign	comment[fraction identifier]		2		2	gold_only	unmatched	0.000000
PXD000651	HV_map_A2.raw	ExperimentalDesign	comment[technical replicate]	1	1	1	1	matched	exact_normalized	1.000000
PXD000651	HV_map_A2.raw	ExperimentalDesign	factor value[disease]	normal		normal		assessed_only	unmatched	0.000000
PXD000651	HV_map_A2.raw	ExperimentalDesign	factor value[experimental design]	fluid type (CSF, plasma), fractionation strategy (SDS-PAGE, MM RP-AX, glycopeptide capture)		fluid type csf plasma fractionation strategy sds-page mm rp-ax glycopeptide capture		assessed_only	unmatched	0.000000
PXD000651	HV_map_A20.raw	Biological	characteristics[disease]	normal		normal		assessed_only	unmatched	0.000000
PXD000651	HV_map_A20.raw	Biological	characteristics[disease]		uninfected		uninfected	gold_only	unmatched	0.000000
PXD000651	HV_map_A20.raw	Biological	characteristics[organism part]	cerebrospinal fluid, plasma	cerebrospinal fluid	cerebrospinal fluid plasma	cerebrospinal fluid	matched	fuzzy	0.844444
PXD000651	HV_map_A20.raw	Biological	characteristics[organism]	Homo sapiens	Homo sapiens	homo sapiens	homo sapiens	matched	exact_normalized	1.000000
PXD000651	HV_map_A20.raw	Technical	comment[cleavage agent details]		NT=Trypsin; AC=MS:1001251; CS=(?<=[KR])(?!P)		cv:ms:1001251	gold_only	unmatched	0.000000
PXD000651	HV_map_A20.raw	Technical	comment[dissociation method]		AC=MS:1000133;NT=CID		cv:ms:1000133	gold_only	unmatched	0.000000
PXD000651	HV_map_A20.raw	Technical	comment[fragment mass tolerance]	0.7 Da	0.7 Da	0.7 da	0.7 da	matched	exact_normalized	1.000000
PXD000651	HV_map_A20.raw	Technical	comment[instrument]	NT=Orbitrap Velos Pro;AC=MS:1003096	AC=MS:1001742; NT=LTQ Orbitrap Velos	cv:ms:1003096	cv:ms:1001742	matched	fuzzy	0.777778
PXD000651	HV_map_A20.raw	Technical	comment[label]	label free sample	AC=MS:1002038;NT=label free sample	label free sample	cv:ms:1002038	matched	exact_normalized	1.000000
PXD000651	HV_map_A20.raw	Technical	comment[modification parameters]		NT=Carbamidomethyl;AC=UNIMOD:4;TA=C;MT=Fixed		cv:unimod:4	gold_only	unmatched	0.000000
PXD000651	HV_map_A20.raw	Technical	comment[modification parameters]		NT=Oxidation;AC=UNIMOD:35;MT=Variable;TA=M		cv:unimod:35	gold_only	unmatched	0.000000
PXD000651	HV_map_A20.raw	Technical	comment[ms2 mass analyzer]	orbitrap		orbitrap		assessed_only	unmatched	0.000000
PXD000651	HV_map_A20.raw	Technical	comment[ms2 mass analyzer]		AC=MS:1000264; NT=ion trap		cv:ms:1000264	gold_only	unmatched	0.000000
PXD000651	HV_map_A20.raw	Technical	comment[precursor mass tolerance]	10 ppm	10 ppm	10 ppm	10 ppm	matched	exact_normalized	1.000000
PXD000651	HV_map_A20.raw	Technical	comment[proteomics data acquisition method]	NT=data-dependent acquisition;AC=PRIDE:0000627		cv:pride:0000627		assessed_only	unmatched	0.000000
PXD000651	HV_map_A20.raw	Technical	technology type	proteomic profiling by mass spectrometry		proteomic profiling by mass spectrometry		assessed_only	unmatched	0.000000
PXD000651	HV_map_A20.raw	ExperimentalDesign	characteristics[biological replicate]	1		1		assessed_only	unmatched	0.000000
PXD000651	HV_map_A20.raw	ExperimentalDesign	comment[fraction identifier]	142		142		assessed_only	unmatched	0.000000
PXD000651	HV_map_A20.raw	ExperimentalDesign	comment[fraction identifier]		20		20	gold_only	unmatched	0.000000
PXD000651	HV_map_A20.raw	ExperimentalDesign	comment[technical replicate]	1	1	1	1	matched	exact_normalized	1.000000
PXD000651	HV_map_A20.raw	ExperimentalDesign	factor value[disease]	normal		normal		assessed_only	unmatched	0.000000
PXD000651	HV_map_A20.raw	ExperimentalDesign	factor value[experimental design]	fluid type (CSF, plasma), fractionation strategy (SDS-PAGE, MM RP-AX, glycopeptide capture)		fluid type csf plasma fractionation strategy sds-page mm rp-ax glycopeptide capture		assessed_only	unmatched	0.000000
PXD000651	HV_map_A21.raw	Biological	characteristics[disease]	normal		normal		assessed_only	unmatched	0.000000
PXD000651	HV_map_A21.raw	Biological	characteristics[disease]		uninfected		uninfected	gold_only	unmatched	0.000000
PXD000651	HV_map_A21.raw	Biological	characteristics[organism part]	cerebrospinal fluid, plasma	cerebrospinal fluid	cerebrospinal fluid plasma	cerebrospinal fluid	matched	fuzzy	0.844444
PXD000651	HV_map_A21.raw	Biological	characteristics[organism]	Homo sapiens	Homo sapiens	homo sapiens	homo sapiens	matched	exact_normalized	1.000000
PXD000651	HV_map_A21.raw	Technical	comment[cleavage agent details]		NT=Trypsin; AC=MS:1001251; CS=(?<=[KR])(?!P)		cv:ms:1001251	gold_only	unmatched	0.000000
PXD000651	HV_map_A21.raw	Technical	comment[dissociation method]	NT=collision-induced dissociation;AC=MS:1000133	AC=MS:1000133;NT=CID	cv:ms:1000133	cv:ms:1000133	matched	cv_accession	1.000000
PXD000651	HV_map_A21.raw	Technical	comment[fragment mass tolerance]	0.7 Da	0.7 Da	0.7 da	0.7 da	matched	exact_normalized	1.000000
PXD000651	HV_map_A21.raw	Technical	comment[instrument]	NT=Orbitrap Velos Pro;AC=MS:1003096	AC=MS:1001742; NT=LTQ Orbitrap Velos	cv:ms:1003096	cv:ms:1001742	matched	fuzzy	0.777778
PXD000651	HV_map_A21.raw	Technical	comment[label]	label free sample	AC=MS:1002038;NT=label free sample	label free sample	cv:ms:1002038	matched	exact_normalized	1.000000
PXD000651	HV_map_A21.raw	Technical	comment[modification parameters]		NT=Carbamidomethyl;AC=UNIMOD:4;TA=C;MT=Fixed		cv:unimod:4	gold_only	unmatched	0.000000
PXD000651	HV_map_A21.raw	Technical	comment[modification parameters]		NT=Oxidation;AC=UNIMOD:35;MT=Variable;TA=M		cv:unimod:35	gold_only	unmatched	0.000000
PXD000651	HV_map_A21.raw	Technical	comment[ms2 mass analyzer]	orbitrap		orbitrap		assessed_only	unmatched	0.000000
PXD000651	HV_map_A21.raw	Technical	comment[ms2 mass analyzer]		AC=MS:1000264; NT=ion trap		cv:ms:1000264	gold_only	unmatched	0.000000
PXD000651	HV_map_A21.raw	Technical	comment[precursor mass tolerance]	10 ppm	10 ppm	10 ppm	10 ppm	matched	exact_normalized	1.000000
PXD000651	HV_map_A21.raw	Technical	comment[proteomics data acquisition method]	NT=data-dependent acquisition;AC=PRIDE:0000627		cv:pride:0000627		assessed_only	unmatched	0.000000
PXD000651	HV_map_A21.raw	Technical	technology type	proteomic profiling by mass spectrometry		proteomic profiling by mass spectrometry		assessed_only	unmatched	0.000000
PXD000651	HV_map_A21.raw	ExperimentalDesign	characteristics[biological replicate]	1		1		assessed_only	unmatched	0.000000
PXD000651	HV_map_A21.raw	ExperimentalDesign	comment[fraction identifier]	142		142		assessed_only	unmatched	0.000000
PXD000651	HV_map_A21.raw	ExperimentalDesign	comment[fraction identifier]		21		21	gold_only	unmatched	0.000000
PXD000651	HV_map_A21.raw	ExperimentalDesign	comment[technical replicate]	1	1	1	1	matched	exact_normalized	1.000000
PXD000651	HV_map_A21.raw	ExperimentalDesign	factor value[disease]	normal		normal		assessed_only	unmatched	0.000000
PXD000651	HV_map_A21.raw	ExperimentalDesign	factor value[experimental design]	fluid type (CSF, plasma), fractionation strategy (SDS-PAGE, MM RP-AX, glycopeptide capture)		fluid type csf plasma fractionation strategy sds-page mm rp-ax glycopeptide capture		assessed_only	unmatched	0.000000
PXD000651	HV_map_A22.raw	Biological	characteristics[disease]	normal		normal		assessed_only	unmatched	0.000000
PXD000651	HV_map_A22.raw	Biological	characteristics[disease]		uninfected		uninfected	gold_only	unmatched	0.000000
PXD000651	HV_map_A22.raw	Biological	characteristics[organism part]	cerebrospinal fluid, plasma	cerebrospinal fluid	cerebrospinal fluid plasma	cerebrospinal fluid	matched	fuzzy	0.844444
PXD000651	HV_map_A22.raw	Biological	characteristics[organism]	Homo sapiens	Homo sapiens	homo sapiens	homo sapiens	matched	exact_normalized	1.000000
PXD000651	HV_map_A22.raw	Technical	comment[cleavage agent details]		NT=Trypsin; AC=MS:1001251; CS=(?<=[KR])(?!P)		cv:ms:1001251	gold_only	unmatched	0.000000
PXD000651	HV_map_A22.raw	Technical	comment[dissociation method]		AC=MS:1000133;NT=CID		cv:ms:1000133	gold_only	unmatched	0.000000
PXD000651	HV_map_A22.raw	Technical	comment[fragment mass tolerance]	0.7 Da	0.7 Da	0.7 da	0.7 da	matched	exact_normalized	1.000000
PXD000651	HV_map_A22.raw	Technical	comment[instrument]	NT=Orbitrap Velos Pro;AC=MS:1003096	AC=MS:1001742; NT=LTQ Orbitrap Velos	cv:ms:1003096	cv:ms:1001742	matched	fuzzy	0.777778
PXD000651	HV_map_A22.raw	Technical	comment[label]	label free sample	AC=MS:1002038;NT=label free sample	label free sample	cv:ms:1002038	matched	exact_normalized	1.000000
PXD000651	HV_map_A22.raw	Technical	comment[modification parameters]		NT=Carbamidomethyl;AC=UNIMOD:4;TA=C;MT=Fixed		cv:unimod:4	gold_only	unmatched	0.000000
PXD000651	HV_map_A22.raw	Technical	comment[modification parameters]		NT=Oxidation;AC=UNIMOD:35;MT=Variable;TA=M		cv:unimod:35	gold_only	unmatched	0.000000
PXD000651	HV_map_A22.raw	Technical	comment[ms2 mass analyzer]	orbitrap		orbitrap		assessed_only	unmatched	0.000000
PXD000651	HV_map_A22.raw	Technical	comment[ms2 mass analyzer]		AC=MS:1000264; NT=ion trap		cv:ms:1000264	gold_only	unmatched	0.000000
PXD000651	HV_map_A22.raw	Technical	comment[precursor mass tolerance]	10 ppm	10 ppm	10 ppm	10 ppm	matched	exact_normalized	1.000000
PXD000651	HV_map_A22.raw	Technical	comment[proteomics data acquisition method]	NT=data-dependent acquisition;AC=PRIDE:0000627		cv:pride:0000627		assessed_only	unmatched	0.000000
PXD000651	HV_map_A22.raw	Technical	technology type	proteomic profiling by mass spectrometry		proteomic profiling by mass spectrometry		assessed_only	unmatched	0.000000
PXD000651	HV_map_A22.raw	ExperimentalDesign	characteristics[biological replicate]	1		1		assessed_only	unmatched	0.000000
PXD000651	HV_map_A22.raw	ExperimentalDesign	comment[fraction identifier]	142		142		assessed_only	unmatched	0.000000
PXD000651	HV_map_A22.raw	ExperimentalDesign	comment[fraction identifier]		22		22	gold_only	unmatched	0.000000
PXD000651	HV_map_A22.raw	ExperimentalDesign	comment[technical replicate]	1	1	1	1	matched	exact_normalized	1.000000
PXD000651	HV_map_A22.raw	ExperimentalDesign	factor value[disease]	normal		normal		assessed_only	unmatched	0.000000
PXD000651	HV_map_A22.raw	ExperimentalDesign	factor value[experimental design]	fluid type (CSF, plasma), fractionation strategy (SDS-PAGE, MM RP-AX, glycopeptide capture)		fluid type csf plasma fractionation strategy sds-page mm rp-ax glycopeptide capture		assessed_only	unmatched	0.000000
PXD000651	HV_map_A23.raw	Biological	characteristics[disease]	normal		normal		assessed_only	unmatched	0.000000
PXD000651	HV_map_A23.raw	Biological	characteristics[disease]		uninfected		uninfected	gold_only	unmatched	0.000000
PXD000651	HV_map_A23.raw	Biological	characteristics[organism part]	cerebrospinal fluid, plasma	cerebrospinal fluid	cerebrospinal fluid plasma	cerebrospinal fluid	matched	fuzzy	0.844444
PXD000651	HV_map_A23.raw	Biological	characteristics[organism]	Homo sapiens	Homo sapiens	homo sapiens	homo sapiens	matched	exact_normalized	1.000000
PXD000651	HV_map_A23.raw	Technical	comment[cleavage agent details]		NT=Trypsin; AC=MS:1001251; CS=(?<=[KR])(?!P)		cv:ms:1001251	gold_only	unmatched	0.000000
PXD000651	HV_map_A23.raw	Technical	comment[dissociation method]	NT=collision-induced dissociation;AC=MS:1000133	AC=MS:1000133;NT=CID	cv:ms:1000133	cv:ms:1000133	matched	cv_accession	1.000000
PXD000651	HV_map_A23.raw	Technical	comment[fragment mass tolerance]	0.7 Da	0.7 Da	0.7 da	0.7 da	matched	exact_normalized	1.000000
PXD000651	HV_map_A23.raw	Technical	comment[instrument]	NT=Orbitrap Velos Pro;AC=MS:1003096	AC=MS:1001742; NT=LTQ Orbitrap Velos	cv:ms:1003096	cv:ms:1001742	matched	fuzzy	0.777778
PXD000651	HV_map_A23.raw	Technical	comment[label]	label free sample	AC=MS:1002038;NT=label free sample	label free sample	cv:ms:1002038	matched	exact_normalized	1.000000
PXD000651	HV_map_A23.raw	Technical	comment[modification parameters]		NT=Carbamidomethyl;AC=UNIMOD:4;TA=C;MT=Fixed		cv:unimod:4	gold_only	unmatched	0.000000
PXD000651	HV_map_A23.raw	Technical	comment[modification parameters]		NT=Oxidation;AC=UNIMOD:35;MT=Variable;TA=M		cv:unimod:35	gold_only	unmatched	0.000000
PXD000651	HV_map_A23.raw	Technical	comment[ms2 mass analyzer]	orbitrap		orbitrap		assessed_only	unmatched	0.000000
PXD000651	HV_map_A23.raw	Technical	comment[ms2 mass analyzer]		AC=MS:1000264; NT=ion trap		cv:ms:1000264	gold_only	unmatched	0.000000
PXD000651	HV_map_A23.raw	Technical	comment[precursor mass tolerance]	10 ppm	10 ppm	10 ppm	10 ppm	matched	exact_normalized	1.000000
PXD000651	HV_map_A23.raw	Technical	comment[proteomics data acquisition method]	NT=data-dependent acquisition;AC=PRIDE:0000627		cv:pride:0000627		assessed_only	unmatched	0.000000
PXD000651	HV_map_A23.raw	Technical	technology type	proteomic profiling by mass spectrometry		proteomic profiling by mass spectrometry		assessed_only	unmatched	0.000000
PXD000651	HV_map_A23.raw	ExperimentalDesign	characteristics[biological replicate]	1		1		assessed_only	unmatched	0.000000
PXD000651	HV_map_A23.raw	ExperimentalDesign	comment[fraction identifier]	142		142		assessed_only	unmatched	0.000000
PXD000651	HV_map_A23.raw	ExperimentalDesign	comment[fraction identifier]		23		23	gold_only	unmatched	0.000000
PXD000651	HV_map_A23.raw	ExperimentalDesign	comment[technical replicate]	1	1	1	1	matched	exact_normalized	1.000000
PXD000651	HV_map_A23.raw	ExperimentalDesign	factor value[disease]	normal		normal		assessed_only	unmatched	0.000000
PXD000651	HV_map_A23.raw	ExperimentalDesign	factor value[experimental design]	fluid type (CSF, plasma), fractionation strategy (SDS-PAGE, MM RP-AX, glycopeptide capture)		fluid type csf plasma fractionation strategy sds-page mm rp-ax glycopeptide capture		assessed_only	unmatched	0.000000
PXD000651	HV_map_A24.raw	Biological	characteristics[disease]	normal		normal		assessed_only	unmatched	0.000000
PXD000651	HV_map_A24.raw	Biological	characteristics[disease]		uninfected		uninfected	gold_only	unmatched	0.000000
PXD000651	HV_map_A24.raw	Biological	characteristics[organism part]	cerebrospinal fluid, plasma	cerebrospinal fluid	cerebrospinal fluid plasma	cerebrospinal fluid	matched	fuzzy	0.844444
PXD000651	HV_map_A24.raw	Biological	characteristics[organism]	Homo sapiens	Homo sapiens	homo sapiens	homo sapiens	matched	exact_normalized	1.000000
PXD000651	HV_map_A24.raw	Technical	comment[cleavage agent details]		NT=Trypsin; AC=MS:1001251; CS=(?<=[KR])(?!P)		cv:ms:1001251	gold_only	unmatched	0.000000
PXD000651	HV_map_A24.raw	Technical	comment[dissociation method]	NT=collision-induced dissociation;AC=MS:1000133	AC=MS:1000133;NT=CID	cv:ms:1000133	cv:ms:1000133	matched	cv_accession	1.000000
PXD000651	HV_map_A24.raw	Technical	comment[fragment mass tolerance]	0.7 Da	0.7 Da	0.7 da	0.7 da	matched	exact_normalized	1.000000
PXD000651	HV_map_A24.raw	Technical	comment[instrument]	NT=Orbitrap Velos Pro;AC=MS:1003096	AC=MS:1001742; NT=LTQ Orbitrap Velos	cv:ms:1003096	cv:ms:1001742	matched	fuzzy	0.777778
PXD000651	HV_map_A24.raw	Technical	comment[label]	label free sample	AC=MS:1002038;NT=label free sample	label free sample	cv:ms:1002038	matched	exact_normalized	1.000000
PXD000651	HV_map_A24.raw	Technical	comment[modification parameters]		NT=Carbamidomethyl;AC=UNIMOD:4;TA=C;MT=Fixed		cv:unimod:4	gold_only	unmatched	0.000000
PXD000651	HV_map_A24.raw	Technical	comment[modification parameters]		NT=Oxidation;AC=UNIMOD:35;MT=Variable;TA=M		cv:unimod:35	gold_only	unmatched	0.000000
PXD000651	HV_map_A24.raw	Technical	comment[ms2 mass analyzer]	orbitrap		orbitrap		assessed_only	unmatched	0.000000
PXD000651	HV_map_A24.raw	Technical	comment[ms2 mass analyzer]		AC=MS:1000264; NT=ion trap		cv:ms:1000264	gold_only	unmatched	0.000000
PXD000651	HV_map_A24.raw	Technical	comment[precursor mass tolerance]	10 ppm	10 ppm	10 ppm	10 ppm	matched	exact_normalized	1.000000
PXD000651	HV_map_A24.raw	Technical	comment[proteomics data acquisition method]	NT=data-dependent acquisition;AC=PRIDE:0000627		cv:pride:0000627		assessed_only	unmatched	0.000000
PXD000651	HV_map_A24.raw	Technical	technology type	proteomic profiling by mass spectrometry		proteomic profiling by mass spectrometry		assessed_only	unmatched	0.000000
PXD000651	HV_map_A24.raw	ExperimentalDesign	characteristics[biological replicate]	1		1		assessed_only	unmatched	0.000000
PXD000651	HV_map_A24.raw	ExperimentalDesign	comment[fraction identifier]	142		142		assessed_only	unmatched	0.000000
PXD000651	HV_map_A24.raw	ExperimentalDesign	comment[fraction identifier]		24		24	gold_only	unmatched	0.000000
PXD000651	HV_map_A24.raw	ExperimentalDesign	comment[technical replicate]	1	1	1	1	matched	exact_normalized	1.000000
PXD000651	HV_map_A24.raw	ExperimentalDesign	factor value[disease]	normal		normal		assessed_only	unmatched	0.000000
PXD000651	HV_map_A24.raw	ExperimentalDesign	factor value[experimental design]	fluid type (CSF, plasma), fractionation strategy (SDS-PAGE, MM RP-AX, glycopeptide capture)		fluid type csf plasma fractionation strategy sds-page mm rp-ax glycopeptide capture		assessed_only	unmatched	0.000000
PXD000651	HV_map_A25.raw	Biological	characteristics[disease]	normal		normal		assessed_only	unmatched	0.000000
PXD000651	HV_map_A25.raw	Biological	characteristics[disease]		uninfected		uninfected	gold_only	unmatched	0.000000
PXD000651	HV_map_A25.raw	Biological	characteristics[organism part]	cerebrospinal fluid, plasma	cerebrospinal fluid	cerebrospinal fluid plasma	cerebrospinal fluid	matched	fuzzy	0.844444
PXD000651	HV_map_A25.raw	Biological	characteristics[organism]	Homo sapiens	Homo sapiens	homo sapiens	homo sapiens	matched	exact_normalized	1.000000
PXD000651	HV_map_A25.raw	Technical	comment[cleavage agent details]		NT=Trypsin; AC=MS:1001251; CS=(?<=[KR])(?!P)		cv:ms:1001251	gold_only	unmatched	0.000000
PXD000651	HV_map_A25.raw	Technical	comment[dissociation method]	NT=collision-induced dissociation;AC=MS:1000133	AC=MS:1000133;NT=CID	cv:ms:1000133	cv:ms:1000133	matched	cv_accession	1.000000
PXD000651	HV_map_A25.raw	Technical	comment[fragment mass tolerance]	0.7 Da	0.7 Da	0.7 da	0.7 da	matched	exact_normalized	1.000000
PXD000651	HV_map_A25.raw	Technical	comment[instrument]	NT=Orbitrap Velos Pro;AC=MS:1003096	AC=MS:1001742; NT=LTQ Orbitrap Velos	cv:ms:1003096	cv:ms:1001742	matched	fuzzy	0.777778
PXD000651	HV_map_A25.raw	Technical	comment[label]	label free sample	AC=MS:1002038;NT=label free sample	label free sample	cv:ms:1002038	matched	exact_normalized	1.000000
PXD000651	HV_map_A25.raw	Technical	comment[modification parameters]		NT=Carbamidomethyl;AC=UNIMOD:4;TA=C;MT=Fixed		cv:unimod:4	gold_only	unmatched	0.000000
PXD000651	HV_map_A25.raw	Technical	comment[modification parameters]		NT=Oxidation;AC=UNIMOD:35;MT=Variable;TA=M		cv:unimod:35	gold_only	unmatched	0.000000
PXD000651	HV_map_A25.raw	Technical	comment[ms2 mass analyzer]	orbitrap		orbitrap		assessed_only	unmatched	0.000000
PXD000651	HV_map_A25.raw	Technical	comment[ms2 mass analyzer]		AC=MS:1000264; NT=ion trap		cv:ms:1000264	gold_only	unmatched	0.000000
PXD000651	HV_map_A25.raw	Technical	comment[precursor mass tolerance]	10 ppm	10 ppm	10 ppm	10 ppm	matched	exact_normalized	1.000000
PXD000651	HV_map_A25.raw	Technical	comment[proteomics data acquisition method]	NT=data-dependent acquisition;AC=PRIDE:0000627		cv:pride:0000627		assessed_only	unmatched	0.000000
PXD000651	HV_map_A25.raw	Technical	technology type	proteomic profiling by mass spectrometry		proteomic profiling by mass spectrometry		assessed_only	unmatched	0.000000
PXD000651	HV_map_A25.raw	ExperimentalDesign	characteristics[biological replicate]	1		1		assessed_only	unmatched	0.000000
PXD000651	HV_map_A25.raw	ExperimentalDesign	comment[fraction identifier]	142		142		assessed_only	unmatched	0.000000
PXD000651	HV_map_A25.raw	ExperimentalDesign	comment[fraction identifier]		25		25	gold_only	unmatched	0.000000
PXD000651	HV_map_A25.raw	ExperimentalDesign	comment[technical replicate]	1	1	1	1	matched	exact_normalized	1.000000
PXD000651	HV_map_A25.raw	ExperimentalDesign	factor value[disease]	normal		normal		assessed_only	unmatched	0.000000
PXD000651	HV_map_A25.raw	ExperimentalDesign	factor value[experimental design]	fluid type (CSF, plasma), fractionation strategy (SDS-PAGE, MM RP-AX, glycopeptide capture)		fluid type csf plasma fractionation strategy sds-page mm rp-ax glycopeptide capture		assessed_only	unmatched	0.000000
PXD000651	HV_map_A26.raw	Biological	characteristics[disease]	normal		normal		assessed_only	unmatched	0.000000
PXD000651	HV_map_A26.raw	Biological	characteristics[disease]		uninfected		uninfected	gold_only	unmatched	0.000000
PXD000651	HV_map_A26.raw	Biological	characteristics[organism part]	cerebrospinal fluid, plasma	cerebrospinal fluid	cerebrospinal fluid plasma	cerebrospinal fluid	matched	fuzzy	0.844444
PXD000651	HV_map_A26.raw	Biological	characteristics[organism]	Homo sapiens	Homo sapiens	homo sapiens	homo sapiens	matched	exact_normalized	1.000000
PXD000651	HV_map_A26.raw	Technical	comment[cleavage agent details]		NT=Trypsin; AC=MS:1001251; CS=(?<=[KR])(?!P)		cv:ms:1001251	gold_only	unmatched	0.000000
PXD000651	HV_map_A26.raw	Technical	comment[dissociation method]		AC=MS:1000133;NT=CID		cv:ms:1000133	gold_only	unmatched	0.000000
PXD000651	HV_map_A26.raw	Technical	comment[fragment mass tolerance]	0.7 Da	0.7 Da	0.7 da	0.7 da	matched	exact_normalized	1.000000
PXD000651	HV_map_A26.raw	Technical	comment[instrument]	NT=Orbitrap Velos Pro;AC=MS:1003096	AC=MS:1001742; NT=LTQ Orbitrap Velos	cv:ms:1003096	cv:ms:1001742	matched	fuzzy	0.777778
PXD000651	HV_map_A26.raw	Technical	comment[label]	label free sample	AC=MS:1002038;NT=label free sample	label free sample	cv:ms:1002038	matched	exact_normalized	1.000000
PXD000651	HV_map_A26.raw	Technical	comment[modification parameters]		NT=Carbamidomethyl;AC=UNIMOD:4;TA=C;MT=Fixed		cv:unimod:4	gold_only	unmatched	0.000000
PXD000651	HV_map_A26.raw	Technical	comment[modification parameters]		NT=Oxidation;AC=UNIMOD:35;MT=Variable;TA=M		cv:unimod:35	gold_only	unmatched	0.000000
PXD000651	HV_map_A26.raw	Technical	comment[ms2 mass analyzer]	orbitrap		orbitrap		assessed_only	unmatched	0.000000
PXD000651	HV_map_A26.raw	Technical	comment[ms2 mass analyzer]		AC=MS:1000264; NT=ion trap		cv:ms:1000264	gold_only	unmatched	0.000000
PXD000651	HV_map_A26.raw	Technical	comment[precursor mass tolerance]	10 ppm	10 ppm	10 ppm	10 ppm	matched	exact_normalized	1.000000
PXD000651	HV_map_A26.raw	Technical	comment[proteomics data acquisition method]	NT=data-dependent acquisition;AC=PRIDE:0000627		cv:pride:0000627		assessed_only	unmatched	0.000000
PXD000651	HV_map_A26.raw	Technical	technology type	proteomic profiling by mass spectrometry		proteomic profiling by mass spectrometry		assessed_only	unmatched	0.000000
PXD000651	HV_map_A26.raw	ExperimentalDesign	characteristics[biological replicate]	1		1		assessed_only	unmatched	0.000000
PXD000651	HV_map_A26.raw	ExperimentalDesign	comment[fraction identifier]	142		142		assessed_only	unmatched	0.000000
PXD000651	HV_map_A26.raw	ExperimentalDesign	comment[fraction identifier]		26		26	gold_only	unmatched	0.000000
PXD000651	HV_map_A26.raw	ExperimentalDesign	comment[technical replicate]	1	1	1	1	matched	exact_normalized	1.000000
PXD000651	HV_map_A26.raw	ExperimentalDesign	factor value[disease]	normal		normal		assessed_only	unmatched	0.000000
PXD000651	HV_map_A26.raw	ExperimentalDesign	factor value[experimental design]	fluid type (CSF, plasma), fractionation strategy (SDS-PAGE, MM RP-AX, glycopeptide capture)		fluid type csf plasma fractionation strategy sds-page mm rp-ax glycopeptide capture		assessed_only	unmatched	0.000000
PXD000651	HV_map_A27.raw	Biological	characteristics[disease]	normal		normal		assessed_only	unmatched	0.000000
PXD000651	HV_map_A27.raw	Biological	characteristics[disease]		uninfected		uninfected	gold_only	unmatched	0.000000
PXD000651	HV_map_A27.raw	Biological	characteristics[organism part]	cerebrospinal fluid, plasma	cerebrospinal fluid	cerebrospinal fluid plasma	cerebrospinal fluid	matched	fuzzy	0.844444
PXD000651	HV_map_A27.raw	Biological	characteristics[organism]	Homo sapiens	Homo sapiens	homo sapiens	homo sapiens	matched	exact_normalized	1.000000
PXD000651	HV_map_A27.raw	Technical	comment[cleavage agent details]		NT=Trypsin; AC=MS:1001251; CS=(?<=[KR])(?!P)		cv:ms:1001251	gold_only	unmatched	0.000000
PXD000651	HV_map_A27.raw	Technical	comment[dissociation method]	NT=collision-induced dissociation;AC=MS:1000133	AC=MS:1000133;NT=CID	cv:ms:1000133	cv:ms:1000133	matched	cv_accession	1.000000
PXD000651	HV_map_A27.raw	Technical	comment[fragment mass tolerance]	0.7 Da	0.7 Da	0.7 da	0.7 da	matched	exact_normalized	1.000000
PXD000651	HV_map_A27.raw	Technical	comment[instrument]	NT=Orbitrap Velos Pro;AC=MS:1003096	AC=MS:1001742; NT=LTQ Orbitrap Velos	cv:ms:1003096	cv:ms:1001742	matched	fuzzy	0.777778
PXD000651	HV_map_A27.raw	Technical	comment[label]	label free sample	AC=MS:1002038;NT=label free sample	label free sample	cv:ms:1002038	matched	exact_normalized	1.000000
PXD000651	HV_map_A27.raw	Technical	comment[modification parameters]		NT=Carbamidomethyl;AC=UNIMOD:4;TA=C;MT=Fixed		cv:unimod:4	gold_only	unmatched	0.000000
PXD000651	HV_map_A27.raw	Technical	comment[modification parameters]		NT=Oxidation;AC=UNIMOD:35;MT=Variable;TA=M		cv:unimod:35	gold_only	unmatched	0.000000
PXD000651	HV_map_A27.raw	Technical	comment[ms2 mass analyzer]	orbitrap		orbitrap		assessed_only	unmatched	0.000000
PXD000651	HV_map_A27.raw	Technical	comment[ms2 mass analyzer]		AC=MS:1000264; NT=ion trap		cv:ms:1000264	gold_only	unmatched	0.000000
PXD000651	HV_map_A27.raw	Technical	comment[precursor mass tolerance]	10 ppm	10 ppm	10 ppm	10 ppm	matched	exact_normalized	1.000000
PXD000651	HV_map_A27.raw	Technical	comment[proteomics data acquisition method]	NT=data-dependent acquisition;AC=PRIDE:0000627		cv:pride:0000627		assessed_only	unmatched	0.000000
PXD000651	HV_map_A27.raw	Technical	technology type	proteomic profiling by mass spectrometry		proteomic profiling by mass spectrometry		assessed_only	unmatched	0.000000
PXD000651	HV_map_A27.raw	ExperimentalDesign	characteristics[biological replicate]	1		1		assessed_only	unmatched	0.000000
PXD000651	HV_map_A27.raw	ExperimentalDesign	comment[fraction identifier]	142		142		assessed_only	unmatched	0.000000
PXD000651	HV_map_A27.raw	ExperimentalDesign	comment[fraction identifier]		27		27	gold_only	unmatched	0.000000
PXD000651	HV_map_A27.raw	ExperimentalDesign	comment[technical replicate]	1	1	1	1	matched	exact_normalized	1.000000
PXD000651	HV_map_A27.raw	ExperimentalDesign	factor value[disease]	normal		normal		assessed_only	unmatched	0.000000
PXD000651	HV_map_A27.raw	ExperimentalDesign	factor value[experimental design]	fluid type (CSF, plasma), fractionation strategy (SDS-PAGE, MM RP-AX, glycopeptide capture)		fluid type csf plasma fractionation strategy sds-page mm rp-ax glycopeptide capture		assessed_only	unmatched	0.000000
PXD000651	HV_map_A28.raw	Biological	characteristics[disease]	normal		normal		assessed_only	unmatched	0.000000
PXD000651	HV_map_A28.raw	Biological	characteristics[disease]		uninfected		uninfected	gold_only	unmatched	0.000000
PXD000651	HV_map_A28.raw	Biological	characteristics[organism part]	cerebrospinal fluid, plasma	cerebrospinal fluid	cerebrospinal fluid plasma	cerebrospinal fluid	matched	fuzzy	0.844444
PXD000651	HV_map_A28.raw	Biological	characteristics[organism]	Homo sapiens	Homo sapiens	homo sapiens	homo sapiens	matched	exact_normalized	1.000000
PXD000651	HV_map_A28.raw	Technical	comment[cleavage agent details]		NT=Trypsin; AC=MS:1001251; CS=(?<=[KR])(?!P)		cv:ms:1001251	gold_only	unmatched	0.000000
PXD000651	HV_map_A28.raw	Technical	comment[dissociation method]	NT=collision-induced dissociation;AC=MS:1000133	AC=MS:1000133;NT=CID	cv:ms:1000133	cv:ms:1000133	matched	cv_accession	1.000000
PXD000651	HV_map_A28.raw	Technical	comment[fragment mass tolerance]	0.7 Da	0.7 Da	0.7 da	0.7 da	matched	exact_normalized	1.000000
PXD000651	HV_map_A28.raw	Technical	comment[instrument]	NT=Orbitrap Velos Pro;AC=MS:1003096	AC=MS:1001742; NT=LTQ Orbitrap Velos	cv:ms:1003096	cv:ms:1001742	matched	fuzzy	0.777778
PXD000651	HV_map_A28.raw	Technical	comment[label]	label free sample	AC=MS:1002038;NT=label free sample	label free sample	cv:ms:1002038	matched	exact_normalized	1.000000
PXD000651	HV_map_A28.raw	Technical	comment[modification parameters]		NT=Carbamidomethyl;AC=UNIMOD:4;TA=C;MT=Fixed		cv:unimod:4	gold_only	unmatched	0.000000
PXD000651	HV_map_A28.raw	Technical	comment[modification parameters]		NT=Oxidation;AC=UNIMOD:35;MT=Variable;TA=M		cv:unimod:35	gold_only	unmatched	0.000000
PXD000651	HV_map_A28.raw	Technical	comment[ms2 mass analyzer]	orbitrap		orbitrap		assessed_only	unmatched	0.000000
PXD000651	HV_map_A28.raw	Technical	comment[ms2 mass analyzer]		AC=MS:1000264; NT=ion trap		cv:ms:1000264	gold_only	unmatched	0.000000
PXD000651	HV_map_A28.raw	Technical	comment[precursor mass tolerance]	10 ppm	10 ppm	10 ppm	10 ppm	matched	exact_normalized	1.000000
PXD000651	HV_map_A28.raw	Technical	comment[proteomics data acquisition method]	NT=data-dependent acquisition;AC=PRIDE:0000627		cv:pride:0000627		assessed_only	unmatched	0.000000
PXD000651	HV_map_A28.raw	Technical	technology type	proteomic profiling by mass spectrometry		proteomic profiling by mass spectrometry		assessed_only	unmatched	0.000000
PXD000651	HV_map_A28.raw	ExperimentalDesign	characteristics[biological replicate]	1		1		assessed_only	unmatched	0.000000
PXD000651	HV_map_A28.raw	ExperimentalDesign	comment[fraction identifier]	142		142		assessed_only	unmatched	0.000000
PXD000651	HV_map_A28.raw	ExperimentalDesign	comment[fraction identifier]		28		28	gold_only	unmatched	0.000000
PXD000651	HV_map_A28.raw	ExperimentalDesign	comment[technical replicate]	1	1	1	1	matched	exact_normalized	1.000000
PXD000651	HV_map_A28.raw	ExperimentalDesign	factor value[disease]	normal		normal		assessed_only	unmatched	0.000000
PXD000651	HV_map_A28.raw	ExperimentalDesign	factor value[experimental design]	fluid type (CSF, plasma), fractionation strategy (SDS-PAGE, MM RP-AX, glycopeptide capture)		fluid type csf plasma fractionation strategy sds-page mm rp-ax glycopeptide capture		assessed_only	unmatched	0.000000
PXD000651	HV_map_A29.raw	Biological	characteristics[disease]	normal		normal		assessed_only	unmatched	0.000000
PXD000651	HV_map_A29.raw	Biological	characteristics[disease]		uninfected		uninfected	gold_only	unmatched	0.000000
PXD000651	HV_map_A29.raw	Biological	characteristics[organism part]	cerebrospinal fluid, plasma	cerebrospinal fluid	cerebrospinal fluid plasma	cerebrospinal fluid	matched	fuzzy	0.844444
PXD000651	HV_map_A29.raw	Biological	characteristics[organism]	Homo sapiens	Homo sapiens	homo sapiens	homo sapiens	matched	exact_normalized	1.000000
PXD000651	HV_map_A29.raw	Technical	comment[cleavage agent details]		NT=Trypsin; AC=MS:1001251; CS=(?<=[KR])(?!P)		cv:ms:1001251	gold_only	unmatched	0.000000
PXD000651	HV_map_A29.raw	Technical	comment[dissociation method]	NT=collision-induced dissociation;AC=MS:1000133	AC=MS:1000133;NT=CID	cv:ms:1000133	cv:ms:1000133	matched	cv_accession	1.000000
PXD000651	HV_map_A29.raw	Technical	comment[fragment mass tolerance]	0.7 Da	0.7 Da	0.7 da	0.7 da	matched	exact_normalized	1.000000
PXD000651	HV_map_A29.raw	Technical	comment[instrument]	NT=Orbitrap Velos Pro;AC=MS:1003096	AC=MS:1001742; NT=LTQ Orbitrap Velos	cv:ms:1003096	cv:ms:1001742	matched	fuzzy	0.777778
PXD000651	HV_map_A29.raw	Technical	comment[label]	label free sample	AC=MS:1002038;NT=label free sample	label free sample	cv:ms:1002038	matched	exact_normalized	1.000000
PXD000651	HV_map_A29.raw	Technical	comment[modification parameters]		NT=Carbamidomethyl;AC=UNIMOD:4;TA=C;MT=Fixed		cv:unimod:4	gold_only	unmatched	0.000000
PXD000651	HV_map_A29.raw	Technical	comment[modification parameters]		NT=Oxidation;AC=UNIMOD:35;MT=Variable;TA=M		cv:unimod:35	gold_only	unmatched	0.000000
PXD000651	HV_map_A29.raw	Technical	comment[ms2 mass analyzer]	orbitrap		orbitrap		assessed_only	unmatched	0.000000
PXD000651	HV_map_A29.raw	Technical	comment[ms2 mass analyzer]		AC=MS:1000264; NT=ion trap		cv:ms:1000264	gold_only	unmatched	0.000000
PXD000651	HV_map_A29.raw	Technical	comment[precursor mass tolerance]	10 ppm	10 ppm	10 ppm	10 ppm	matched	exact_normalized	1.000000
PXD000651	HV_map_A29.raw	Technical	comment[proteomics data acquisition method]	NT=data-dependent acquisition;AC=PRIDE:0000627		cv:pride:0000627		assessed_only	unmatched	0.000000
PXD000651	HV_map_A29.raw	Technical	technology type	proteomic profiling by mass spectrometry		proteomic profiling by mass spectrometry		assessed_only	unmatched	0.000000
PXD000651	HV_map_A29.raw	ExperimentalDesign	characteristics[biological replicate]	1		1		assessed_only	unmatched	0.000000
PXD000651	HV_map_A29.raw	ExperimentalDesign	comment[fraction identifier]	142		142		assessed_only	unmatched	0.000000
PXD000651	HV_map_A29.raw	ExperimentalDesign	comment[fraction identifier]		29		29	gold_only	unmatched	0.000000
PXD000651	HV_map_A29.raw	ExperimentalDesign	comment[technical replicate]	1	1	1	1	matched	exact_normalized	1.000000
PXD000651	HV_map_A29.raw	ExperimentalDesign	factor value[disease]	normal		normal		assessed_only	unmatched	0.000000
PXD000651	HV_map_A29.raw	ExperimentalDesign	factor value[experimental design]	fluid type (CSF, plasma), fractionation strategy (SDS-PAGE, MM RP-AX, glycopeptide capture)		fluid type csf plasma fractionation strategy sds-page mm rp-ax glycopeptide capture		assessed_only	unmatched	0.000000
PXD000651	HV_map_A3.raw	Biological	characteristics[disease]	normal		normal		assessed_only	unmatched	0.000000
PXD000651	HV_map_A3.raw	Biological	characteristics[disease]		uninfected		uninfected	gold_only	unmatched	0.000000
PXD000651	HV_map_A3.raw	Biological	characteristics[organism part]	cerebrospinal fluid, plasma	cerebrospinal fluid	cerebrospinal fluid plasma	cerebrospinal fluid	matched	fuzzy	0.844444
PXD000651	HV_map_A3.raw	Biological	characteristics[organism]	Homo sapiens	Homo sapiens	homo sapiens	homo sapiens	matched	exact_normalized	1.000000
PXD000651	HV_map_A3.raw	Technical	comment[cleavage agent details]		NT=Trypsin; AC=MS:1001251; CS=(?<=[KR])(?!P)		cv:ms:1001251	gold_only	unmatched	0.000000
PXD000651	HV_map_A3.raw	Technical	comment[dissociation method]		AC=MS:1000133;NT=CID		cv:ms:1000133	gold_only	unmatched	0.000000
PXD000651	HV_map_A3.raw	Technical	comment[fragment mass tolerance]	0.7 Da	0.7 Da	0.7 da	0.7 da	matched	exact_normalized	1.000000
PXD000651	HV_map_A3.raw	Technical	comment[instrument]	NT=Orbitrap Velos Pro;AC=MS:1003096	AC=MS:1001742; NT=LTQ Orbitrap Velos	cv:ms:1003096	cv:ms:1001742	matched	fuzzy	0.777778
PXD000651	HV_map_A3.raw	Technical	comment[label]	label free sample	AC=MS:1002038;NT=label free sample	label free sample	cv:ms:1002038	matched	exact_normalized	1.000000
PXD000651	HV_map_A3.raw	Technical	comment[modification parameters]		NT=Carbamidomethyl;AC=UNIMOD:4;TA=C;MT=Fixed		cv:unimod:4	gold_only	unmatched	0.000000
PXD000651	HV_map_A3.raw	Technical	comment[modification parameters]		NT=Oxidation;AC=UNIMOD:35;MT=Variable;TA=M		cv:unimod:35	gold_only	unmatched	0.000000
PXD000651	HV_map_A3.raw	Technical	comment[ms2 mass analyzer]	orbitrap		orbitrap		assessed_only	unmatched	0.000000
PXD000651	HV_map_A3.raw	Technical	comment[ms2 mass analyzer]		AC=MS:1000264; NT=ion trap		cv:ms:1000264	gold_only	unmatched	0.000000
PXD000651	HV_map_A3.raw	Technical	comment[precursor mass tolerance]	10 ppm	10 ppm	10 ppm	10 ppm	matched	exact_normalized	1.000000
PXD000651	HV_map_A3.raw	Technical	comment[proteomics data acquisition method]	NT=data-dependent acquisition;AC=PRIDE:0000627		cv:pride:0000627		assessed_only	unmatched	0.000000
PXD000651	HV_map_A3.raw	Technical	technology type	proteomic profiling by mass spectrometry		proteomic profiling by mass spectrometry		assessed_only	unmatched	0.000000
PXD000651	HV_map_A3.raw	ExperimentalDesign	characteristics[biological replicate]	1		1		assessed_only	unmatched	0.000000
PXD000651	HV_map_A3.raw	ExperimentalDesign	comment[fraction identifier]	142		142		assessed_only	unmatched	0.000000
PXD000651	HV_map_A3.raw	ExperimentalDesign	comment[fraction identifier]		3		3	gold_only	unmatched	0.000000
PXD000651	HV_map_A3.raw	ExperimentalDesign	comment[technical replicate]	1	1	1	1	matched	exact_normalized	1.000000
PXD000651	HV_map_A3.raw	ExperimentalDesign	factor value[disease]	normal		normal		assessed_only	unmatched	0.000000
PXD000651	HV_map_A3.raw	ExperimentalDesign	factor value[experimental design]	fluid type (CSF, plasma), fractionation strategy (SDS-PAGE, MM RP-AX, glycopeptide capture)		fluid type csf plasma fractionation strategy sds-page mm rp-ax glycopeptide capture		assessed_only	unmatched	0.000000
PXD000651	HV_map_A30.raw	Biological	characteristics[disease]	normal		normal		assessed_only	unmatched	0.000000
PXD000651	HV_map_A30.raw	Biological	characteristics[disease]		uninfected		uninfected	gold_only	unmatched	0.000000
PXD000651	HV_map_A30.raw	Biological	characteristics[organism part]	cerebrospinal fluid, plasma	cerebrospinal fluid	cerebrospinal fluid plasma	cerebrospinal fluid	matched	fuzzy	0.844444
PXD000651	HV_map_A30.raw	Biological	characteristics[organism]	Homo sapiens	Homo sapiens	homo sapiens	homo sapiens	matched	exact_normalized	1.000000
PXD000651	HV_map_A30.raw	Technical	comment[cleavage agent details]		NT=Trypsin; AC=MS:1001251; CS=(?<=[KR])(?!P)		cv:ms:1001251	gold_only	unmatched	0.000000
PXD000651	HV_map_A30.raw	Technical	comment[dissociation method]	NT=collision-induced dissociation;AC=MS:1000133	AC=MS:1000133;NT=CID	cv:ms:1000133	cv:ms:1000133	matched	cv_accession	1.000000
PXD000651	HV_map_A30.raw	Technical	comment[fragment mass tolerance]	0.7 Da	0.7 Da	0.7 da	0.7 da	matched	exact_normalized	1.000000
PXD000651	HV_map_A30.raw	Technical	comment[instrument]	NT=Orbitrap Velos Pro;AC=MS:1003096	AC=MS:1001742; NT=LTQ Orbitrap Velos	cv:ms:1003096	cv:ms:1001742	matched	fuzzy	0.777778
PXD000651	HV_map_A30.raw	Technical	comment[label]	label free sample	AC=MS:1002038;NT=label free sample	label free sample	cv:ms:1002038	matched	exact_normalized	1.000000
PXD000651	HV_map_A30.raw	Technical	comment[modification parameters]		NT=Carbamidomethyl;AC=UNIMOD:4;TA=C;MT=Fixed		cv:unimod:4	gold_only	unmatched	0.000000
PXD000651	HV_map_A30.raw	Technical	comment[modification parameters]		NT=Oxidation;AC=UNIMOD:35;MT=Variable;TA=M		cv:unimod:35	gold_only	unmatched	0.000000
PXD000651	HV_map_A30.raw	Technical	comment[ms2 mass analyzer]	orbitrap		orbitrap		assessed_only	unmatched	0.000000
PXD000651	HV_map_A30.raw	Technical	comment[ms2 mass analyzer]		AC=MS:1000264; NT=ion trap		cv:ms:1000264	gold_only	unmatched	0.000000
PXD000651	HV_map_A30.raw	Technical	comment[precursor mass tolerance]	10 ppm	10 ppm	10 ppm	10 ppm	matched	exact_normalized	1.000000
PXD000651	HV_map_A30.raw	Technical	comment[proteomics data acquisition method]	NT=data-dependent acquisition;AC=PRIDE:0000627		cv:pride:0000627		assessed_only	unmatched	0.000000
PXD000651	HV_map_A30.raw	Technical	technology type	proteomic profiling by mass spectrometry		proteomic profiling by mass spectrometry		assessed_only	unmatched	0.000000
PXD000651	HV_map_A30.raw	ExperimentalDesign	characteristics[biological replicate]	1		1		assessed_only	unmatched	0.000000
PXD000651	HV_map_A30.raw	ExperimentalDesign	comment[fraction identifier]	142		142		assessed_only	unmatched	0.000000
PXD000651	HV_map_A30.raw	ExperimentalDesign	comment[fraction identifier]		30		30	gold_only	unmatched	0.000000
PXD000651	HV_map_A30.raw	ExperimentalDesign	comment[technical replicate]	1	1	1	1	matched	exact_normalized	1.000000
PXD000651	HV_map_A30.raw	ExperimentalDesign	factor value[disease]	normal		normal		assessed_only	unmatched	0.000000
PXD000651	HV_map_A30.raw	ExperimentalDesign	factor value[experimental design]	fluid type (CSF, plasma), fractionation strategy (SDS-PAGE, MM RP-AX, glycopeptide capture)		fluid type csf plasma fractionation strategy sds-page mm rp-ax glycopeptide capture		assessed_only	unmatched	0.000000
PXD000651	HV_map_A31.raw	Biological	characteristics[disease]	normal		normal		assessed_only	unmatched	0.000000
PXD000651	HV_map_A31.raw	Biological	characteristics[disease]		uninfected		uninfected	gold_only	unmatched	0.000000
PXD000651	HV_map_A31.raw	Biological	characteristics[organism part]	cerebrospinal fluid, plasma	cerebrospinal fluid	cerebrospinal fluid plasma	cerebrospinal fluid	matched	fuzzy	0.844444
PXD000651	HV_map_A31.raw	Biological	characteristics[organism]	Homo sapiens	Homo sapiens	homo sapiens	homo sapiens	matched	exact_normalized	1.000000
PXD000651	HV_map_A31.raw	Technical	comment[cleavage agent details]		NT=Trypsin; AC=MS:1001251; CS=(?<=[KR])(?!P)		cv:ms:1001251	gold_only	unmatched	0.000000
PXD000651	HV_map_A31.raw	Technical	comment[dissociation method]	NT=collision-induced dissociation;AC=MS:1000133	AC=MS:1000133;NT=CID	cv:ms:1000133	cv:ms:1000133	matched	cv_accession	1.000000
PXD000651	HV_map_A31.raw	Technical	comment[fragment mass tolerance]	0.7 Da	0.7 Da	0.7 da	0.7 da	matched	exact_normalized	1.000000
PXD000651	HV_map_A31.raw	Technical	comment[instrument]	NT=Orbitrap Velos Pro;AC=MS:1003096	AC=MS:1001742; NT=LTQ Orbitrap Velos	cv:ms:1003096	cv:ms:1001742	matched	fuzzy	0.777778
PXD000651	HV_map_A31.raw	Technical	comment[label]	label free sample	AC=MS:1002038;NT=label free sample	label free sample	cv:ms:1002038	matched	exact_normalized	1.000000
PXD000651	HV_map_A31.raw	Technical	comment[modification parameters]		NT=Carbamidomethyl;AC=UNIMOD:4;TA=C;MT=Fixed		cv:unimod:4	gold_only	unmatched	0.000000
PXD000651	HV_map_A31.raw	Technical	comment[modification parameters]		NT=Oxidation;AC=UNIMOD:35;MT=Variable;TA=M		cv:unimod:35	gold_only	unmatched	0.000000
PXD000651	HV_map_A31.raw	Technical	comment[ms2 mass analyzer]	orbitrap		orbitrap		assessed_only	unmatched	0.000000
PXD000651	HV_map_A31.raw	Technical	comment[ms2 mass analyzer]		AC=MS:1000264; NT=ion trap		cv:ms:1000264	gold_only	unmatched	0.000000
PXD000651	HV_map_A31.raw	Technical	comment[precursor mass tolerance]	10 ppm	10 ppm	10 ppm	10 ppm	matched	exact_normalized	1.000000
PXD000651	HV_map_A31.raw	Technical	comment[proteomics data acquisition method]	NT=data-dependent acquisition;AC=PRIDE:0000627		cv:pride:0000627		assessed_only	unmatched	0.000000
PXD000651	HV_map_A31.raw	Technical	technology type	proteomic profiling by mass spectrometry		proteomic profiling by mass spectrometry		assessed_only	unmatched	0.000000
PXD000651	HV_map_A31.raw	ExperimentalDesign	characteristics[biological replicate]	1		1		assessed_only	unmatched	0.000000
PXD000651	HV_map_A31.raw	ExperimentalDesign	comment[fraction identifier]	142		142		assessed_only	unmatched	0.000000
PXD000651	HV_map_A31.raw	ExperimentalDesign	comment[fraction identifier]		31		31	gold_only	unmatched	0.000000
PXD000651	HV_map_A31.raw	ExperimentalDesign	comment[technical replicate]	1	1	1	1	matched	exact_normalized	1.000000
PXD000651	HV_map_A31.raw	ExperimentalDesign	factor value[disease]	normal		normal		assessed_only	unmatched	0.000000
PXD000651	HV_map_A31.raw	ExperimentalDesign	factor value[experimental design]	fluid type (CSF, plasma), fractionation strategy (SDS-PAGE, MM RP-AX, glycopeptide capture)		fluid type csf plasma fractionation strategy sds-page mm rp-ax glycopeptide capture		assessed_only	unmatched	0.000000
PXD000651	HV_map_A32.raw	Biological	characteristics[disease]	normal		normal		assessed_only	unmatched	0.000000
PXD000651	HV_map_A32.raw	Biological	characteristics[disease]		uninfected		uninfected	gold_only	unmatched	0.000000
PXD000651	HV_map_A32.raw	Biological	characteristics[organism part]	cerebrospinal fluid, plasma	cerebrospinal fluid	cerebrospinal fluid plasma	cerebrospinal fluid	matched	fuzzy	0.844444
PXD000651	HV_map_A32.raw	Biological	characteristics[organism]	Homo sapiens	Homo sapiens	homo sapiens	homo sapiens	matched	exact_normalized	1.000000
PXD000651	HV_map_A32.raw	Technical	comment[cleavage agent details]		NT=Trypsin; AC=MS:1001251; CS=(?<=[KR])(?!P)		cv:ms:1001251	gold_only	unmatched	0.000000
PXD000651	HV_map_A32.raw	Technical	comment[dissociation method]	NT=collision-induced dissociation;AC=MS:1000133	AC=MS:1000133;NT=CID	cv:ms:1000133	cv:ms:1000133	matched	cv_accession	1.000000
PXD000651	HV_map_A32.raw	Technical	comment[fragment mass tolerance]	0.7 Da	0.7 Da	0.7 da	0.7 da	matched	exact_normalized	1.000000
PXD000651	HV_map_A32.raw	Technical	comment[instrument]	NT=Orbitrap Velos Pro;AC=MS:1003096	AC=MS:1001742; NT=LTQ Orbitrap Velos	cv:ms:1003096	cv:ms:1001742	matched	fuzzy	0.777778
PXD000651	HV_map_A32.raw	Technical	comment[label]	label free sample	AC=MS:1002038;NT=label free sample	label free sample	cv:ms:1002038	matched	exact_normalized	1.000000
PXD000651	HV_map_A32.raw	Technical	comment[modification parameters]		NT=Carbamidomethyl;AC=UNIMOD:4;TA=C;MT=Fixed		cv:unimod:4	gold_only	unmatched	0.000000
PXD000651	HV_map_A32.raw	Technical	comment[modification parameters]		NT=Oxidation;AC=UNIMOD:35;MT=Variable;TA=M		cv:unimod:35	gold_only	unmatched	0.000000
PXD000651	HV_map_A32.raw	Technical	comment[ms2 mass analyzer]	orbitrap		orbitrap		assessed_only	unmatched	0.000000
PXD000651	HV_map_A32.raw	Technical	comment[ms2 mass analyzer]		AC=MS:1000264; NT=ion trap		cv:ms:1000264	gold_only	unmatched	0.000000
PXD000651	HV_map_A32.raw	Technical	comment[precursor mass tolerance]	10 ppm	10 ppm	10 ppm	10 ppm	matched	exact_normalized	1.000000
PXD000651	HV_map_A32.raw	Technical	comment[proteomics data acquisition method]	NT=data-dependent acquisition;AC=PRIDE:0000627		cv:pride:0000627		assessed_only	unmatched	0.000000
PXD000651	HV_map_A32.raw	Technical	technology type	proteomic profiling by mass spectrometry		proteomic profiling by mass spectrometry		assessed_only	unmatched	0.000000
PXD000651	HV_map_A32.raw	ExperimentalDesign	characteristics[biological replicate]	1		1		assessed_only	unmatched	0.000000
PXD000651	HV_map_A32.raw	ExperimentalDesign	comment[fraction identifier]	142		142		assessed_only	unmatched	0.000000
PXD000651	HV_map_A32.raw	ExperimentalDesign	comment[fraction identifier]		32		32	gold_only	unmatched	0.000000
PXD000651	HV_map_A32.raw	ExperimentalDesign	comment[technical replicate]	1	1	1	1	matched	exact_normalized	1.000000
PXD000651	HV_map_A32.raw	ExperimentalDesign	factor value[disease]	normal		normal		assessed_only	unmatched	0.000000
PXD000651	HV_map_A32.raw	ExperimentalDesign	factor value[experimental design]	fluid type (CSF, plasma), fractionation strategy (SDS-PAGE, MM RP-AX, glycopeptide capture)		fluid type csf plasma fractionation strategy sds-page mm rp-ax glycopeptide capture		assessed_only	unmatched	0.000000
PXD000651	HV_map_A33ny.raw	Biological	characteristics[disease]	normal		normal		assessed_only	unmatched	0.000000
PXD000651	HV_map_A33ny.raw	Biological	characteristics[disease]		uninfected		uninfected	gold_only	unmatched	0.000000
PXD000651	HV_map_A33ny.raw	Biological	characteristics[organism part]	cerebrospinal fluid, plasma	cerebrospinal fluid	cerebrospinal fluid plasma	cerebrospinal fluid	matched	fuzzy	0.844444
PXD000651	HV_map_A33ny.raw	Biological	characteristics[organism]	Homo sapiens	Homo sapiens	homo sapiens	homo sapiens	matched	exact_normalized	1.000000
PXD000651	HV_map_A33ny.raw	Technical	comment[cleavage agent details]		NT=Trypsin; AC=MS:1001251; CS=(?<=[KR])(?!P)		cv:ms:1001251	gold_only	unmatched	0.000000
PXD000651	HV_map_A33ny.raw	Technical	comment[dissociation method]	NT=collision-induced dissociation;AC=MS:1000133	AC=MS:1000133;NT=CID	cv:ms:1000133	cv:ms:1000133	matched	cv_accession	1.000000
PXD000651	HV_map_A33ny.raw	Technical	comment[fragment mass tolerance]	0.7 Da	0.7 Da	0.7 da	0.7 da	matched	exact_normalized	1.000000
PXD000651	HV_map_A33ny.raw	Technical	comment[instrument]	NT=Orbitrap Velos Pro;AC=MS:1003096	AC=MS:1001742; NT=LTQ Orbitrap Velos	cv:ms:1003096	cv:ms:1001742	matched	fuzzy	0.777778
PXD000651	HV_map_A33ny.raw	Technical	comment[label]	label free sample	AC=MS:1002038;NT=label free sample	label free sample	cv:ms:1002038	matched	exact_normalized	1.000000
PXD000651	HV_map_A33ny.raw	Technical	comment[modification parameters]		NT=Carbamidomethyl;AC=UNIMOD:4;TA=C;MT=Fixed		cv:unimod:4	gold_only	unmatched	0.000000
PXD000651	HV_map_A33ny.raw	Technical	comment[modification parameters]		NT=Oxidation;AC=UNIMOD:35;MT=Variable;TA=M		cv:unimod:35	gold_only	unmatched	0.000000
PXD000651	HV_map_A33ny.raw	Technical	comment[ms2 mass analyzer]	orbitrap		orbitrap		assessed_only	unmatched	0.000000
PXD000651	HV_map_A33ny.raw	Technical	comment[ms2 mass analyzer]		AC=MS:1000264; NT=ion trap		cv:ms:1000264	gold_only	unmatched	0.000000
PXD000651	HV_map_A33ny.raw	Technical	comment[precursor mass tolerance]	10 ppm	10 ppm	10 ppm	10 ppm	matched	exact_normalized	1.000000
PXD000651	HV_map_A33ny.raw	Technical	comment[proteomics data acquisition method]	NT=data-dependent acquisition;AC=PRIDE:0000627		cv:pride:0000627		assessed_only	unmatched	0.000000
PXD000651	HV_map_A33ny.raw	Technical	technology type	proteomic profiling by mass spectrometry		proteomic profiling by mass spectrometry		assessed_only	unmatched	0.000000
PXD000651	HV_map_A33ny.raw	ExperimentalDesign	characteristics[biological replicate]	1		1		assessed_only	unmatched	0.000000
PXD000651	HV_map_A33ny.raw	ExperimentalDesign	comment[fraction identifier]	142		142		assessed_only	unmatched	0.000000
PXD000651	HV_map_A33ny.raw	ExperimentalDesign	comment[fraction identifier]		33		33	gold_only	unmatched	0.000000
PXD000651	HV_map_A33ny.raw	ExperimentalDesign	comment[technical replicate]	1	1	1	1	matched	exact_normalized	1.000000
PXD000651	HV_map_A33ny.raw	ExperimentalDesign	factor value[disease]	normal		normal		assessed_only	unmatched	0.000000
PXD000651	HV_map_A33ny.raw	ExperimentalDesign	factor value[experimental design]	fluid type (CSF, plasma), fractionation strategy (SDS-PAGE, MM RP-AX, glycopeptide capture)		fluid type csf plasma fractionation strategy sds-page mm rp-ax glycopeptide capture		assessed_only	unmatched	0.000000
PXD000651	HV_map_A34ny.raw	Biological	characteristics[disease]	normal		normal		assessed_only	unmatched	0.000000
PXD000651	HV_map_A34ny.raw	Biological	characteristics[disease]		uninfected		uninfected	gold_only	unmatched	0.000000
PXD000651	HV_map_A34ny.raw	Biological	characteristics[organism part]	cerebrospinal fluid, plasma	cerebrospinal fluid	cerebrospinal fluid plasma	cerebrospinal fluid	matched	fuzzy	0.844444
PXD000651	HV_map_A34ny.raw	Biological	characteristics[organism]	Homo sapiens	Homo sapiens	homo sapiens	homo sapiens	matched	exact_normalized	1.000000
PXD000651	HV_map_A34ny.raw	Technical	comment[cleavage agent details]		NT=Trypsin; AC=MS:1001251; CS=(?<=[KR])(?!P)		cv:ms:1001251	gold_only	unmatched	0.000000
PXD000651	HV_map_A34ny.raw	Technical	comment[dissociation method]	NT=collision-induced dissociation;AC=MS:1000133	AC=MS:1000133;NT=CID	cv:ms:1000133	cv:ms:1000133	matched	cv_accession	1.000000
PXD000651	HV_map_A34ny.raw	Technical	comment[fragment mass tolerance]	0.7 Da	0.7 Da	0.7 da	0.7 da	matched	exact_normalized	1.000000
PXD000651	HV_map_A34ny.raw	Technical	comment[instrument]	NT=Orbitrap Velos Pro;AC=MS:1003096	AC=MS:1001742; NT=LTQ Orbitrap Velos	cv:ms:1003096	cv:ms:1001742	matched	fuzzy	0.777778
PXD000651	HV_map_A34ny.raw	Technical	comment[label]	label free sample	AC=MS:1002038;NT=label free sample	label free sample	cv:ms:1002038	matched	exact_normalized	1.000000
PXD000651	HV_map_A34ny.raw	Technical	comment[modification parameters]		NT=Carbamidomethyl;AC=UNIMOD:4;TA=C;MT=Fixed		cv:unimod:4	gold_only	unmatched	0.000000
PXD000651	HV_map_A34ny.raw	Technical	comment[modification parameters]		NT=Oxidation;AC=UNIMOD:35;MT=Variable;TA=M		cv:unimod:35	gold_only	unmatched	0.000000
PXD000651	HV_map_A34ny.raw	Technical	comment[ms2 mass analyzer]	orbitrap		orbitrap		assessed_only	unmatched	0.000000
PXD000651	HV_map_A34ny.raw	Technical	comment[ms2 mass analyzer]		AC=MS:1000264; NT=ion trap		cv:ms:1000264	gold_only	unmatched	0.000000
PXD000651	HV_map_A34ny.raw	Technical	comment[precursor mass tolerance]	10 ppm	10 ppm	10 ppm	10 ppm	matched	exact_normalized	1.000000
PXD000651	HV_map_A34ny.raw	Technical	comment[proteomics data acquisition method]	NT=data-dependent acquisition;AC=PRIDE:0000627		cv:pride:0000627		assessed_only	unmatched	0.000000
PXD000651	HV_map_A34ny.raw	Technical	technology type	proteomic profiling by mass spectrometry		proteomic profiling by mass spectrometry		assessed_only	unmatched	0.000000
PXD000651	HV_map_A34ny.raw	ExperimentalDesign	characteristics[biological replicate]	1		1		assessed_only	unmatched	0.000000
PXD000651	HV_map_A34ny.raw	ExperimentalDesign	comment[fraction identifier]	142		142		assessed_only	unmatched	0.000000
PXD000651	HV_map_A34ny.raw	ExperimentalDesign	comment[fraction identifier]		34		34	gold_only	unmatched	0.000000
PXD000651	HV_map_A34ny.raw	ExperimentalDesign	comment[technical replicate]	1	1	1	1	matched	exact_normalized	1.000000
PXD000651	HV_map_A34ny.raw	ExperimentalDesign	factor value[disease]	normal		normal		assessed_only	unmatched	0.000000
PXD000651	HV_map_A34ny.raw	ExperimentalDesign	factor value[experimental design]	fluid type (CSF, plasma), fractionation strategy (SDS-PAGE, MM RP-AX, glycopeptide capture)		fluid type csf plasma fractionation strategy sds-page mm rp-ax glycopeptide capture		assessed_only	unmatched	0.000000
PXD000651	HV_map_A35.raw	Biological	characteristics[disease]	normal		normal		assessed_only	unmatched	0.000000
PXD000651	HV_map_A35.raw	Biological	characteristics[disease]		uninfected		uninfected	gold_only	unmatched	0.000000
PXD000651	HV_map_A35.raw	Biological	characteristics[organism part]	cerebrospinal fluid, plasma	cerebrospinal fluid	cerebrospinal fluid plasma	cerebrospinal fluid	matched	fuzzy	0.844444
PXD000651	HV_map_A35.raw	Biological	characteristics[organism]	Homo sapiens	Homo sapiens	homo sapiens	homo sapiens	matched	exact_normalized	1.000000
PXD000651	HV_map_A35.raw	Technical	comment[cleavage agent details]		NT=Trypsin; AC=MS:1001251; CS=(?<=[KR])(?!P)		cv:ms:1001251	gold_only	unmatched	0.000000
PXD000651	HV_map_A35.raw	Technical	comment[dissociation method]		AC=MS:1000133;NT=CID		cv:ms:1000133	gold_only	unmatched	0.000000
PXD000651	HV_map_A35.raw	Technical	comment[fragment mass tolerance]	0.7 Da	0.7 Da	0.7 da	0.7 da	matched	exact_normalized	1.000000
PXD000651	HV_map_A35.raw	Technical	comment[instrument]	NT=Orbitrap Velos Pro;AC=MS:1003096	AC=MS:1001742; NT=LTQ Orbitrap Velos	cv:ms:1003096	cv:ms:1001742	matched	fuzzy	0.777778
PXD000651	HV_map_A35.raw	Technical	comment[label]	label free sample	AC=MS:1002038;NT=label free sample	label free sample	cv:ms:1002038	matched	exact_normalized	1.000000
PXD000651	HV_map_A35.raw	Technical	comment[modification parameters]		NT=Carbamidomethyl;AC=UNIMOD:4;TA=C;MT=Fixed		cv:unimod:4	gold_only	unmatched	0.000000
PXD000651	HV_map_A35.raw	Technical	comment[modification parameters]		NT=Oxidation;AC=UNIMOD:35;MT=Variable;TA=M		cv:unimod:35	gold_only	unmatched	0.000000
PXD000651	HV_map_A35.raw	Technical	comment[ms2 mass analyzer]	orbitrap		orbitrap		assessed_only	unmatched	0.000000
PXD000651	HV_map_A35.raw	Technical	comment[ms2 mass analyzer]		AC=MS:1000264; NT=ion trap		cv:ms:1000264	gold_only	unmatched	0.000000
PXD000651	HV_map_A35.raw	Technical	comment[precursor mass tolerance]	10 ppm	10 ppm	10 ppm	10 ppm	matched	exact_normalized	1.000000
PXD000651	HV_map_A35.raw	Technical	comment[proteomics data acquisition method]	NT=data-dependent acquisition;AC=PRIDE:0000627		cv:pride:0000627		assessed_only	unmatched	0.000000
PXD000651	HV_map_A35.raw	Technical	technology type	proteomic profiling by mass spectrometry		proteomic profiling by mass spectrometry		assessed_only	unmatched	0.000000
PXD000651	HV_map_A35.raw	ExperimentalDesign	characteristics[biological replicate]	1		1		assessed_only	unmatched	0.000000
PXD000651	HV_map_A35.raw	ExperimentalDesign	comment[fraction identifier]	142		142		assessed_only	unmatched	0.000000
PXD000651	HV_map_A35.raw	ExperimentalDesign	comment[fraction identifier]		35		35	gold_only	unmatched	0.000000
PXD000651	HV_map_A35.raw	ExperimentalDesign	comment[technical replicate]	1	1	1	1	matched	exact_normalized	1.000000
PXD000651	HV_map_A35.raw	ExperimentalDesign	factor value[disease]	normal		normal		assessed_only	unmatched	0.000000
PXD000651	HV_map_A35.raw	ExperimentalDesign	factor value[experimental design]	fluid type (CSF, plasma), fractionation strategy (SDS-PAGE, MM RP-AX, glycopeptide capture)		fluid type csf plasma fractionation strategy sds-page mm rp-ax glycopeptide capture		assessed_only	unmatched	0.000000
PXD000651	HV_map_A36.raw	Biological	characteristics[disease]	normal		normal		assessed_only	unmatched	0.000000
PXD000651	HV_map_A36.raw	Biological	characteristics[disease]		uninfected		uninfected	gold_only	unmatched	0.000000
PXD000651	HV_map_A36.raw	Biological	characteristics[organism part]	cerebrospinal fluid, plasma	cerebrospinal fluid	cerebrospinal fluid plasma	cerebrospinal fluid	matched	fuzzy	0.844444
PXD000651	HV_map_A36.raw	Biological	characteristics[organism]	Homo sapiens	Homo sapiens	homo sapiens	homo sapiens	matched	exact_normalized	1.000000
PXD000651	HV_map_A36.raw	Technical	comment[cleavage agent details]		NT=Trypsin; AC=MS:1001251; CS=(?<=[KR])(?!P)		cv:ms:1001251	gold_only	unmatched	0.000000
PXD000651	HV_map_A36.raw	Technical	comment[dissociation method]	NT=collision-induced dissociation;AC=MS:1000133	AC=MS:1000133;NT=CID	cv:ms:1000133	cv:ms:1000133	matched	cv_accession	1.000000
PXD000651	HV_map_A36.raw	Technical	comment[fragment mass tolerance]	0.7 Da	0.7 Da	0.7 da	0.7 da	matched	exact_normalized	1.000000
PXD000651	HV_map_A36.raw	Technical	comment[instrument]	NT=Orbitrap Velos Pro;AC=MS:1003096	AC=MS:1001742; NT=LTQ Orbitrap Velos	cv:ms:1003096	cv:ms:1001742	matched	fuzzy	0.777778
PXD000651	HV_map_A36.raw	Technical	comment[label]	label free sample	AC=MS:1002038;NT=label free sample	label free sample	cv:ms:1002038	matched	exact_normalized	1.000000
PXD000651	HV_map_A36.raw	Technical	comment[modification parameters]		NT=Carbamidomethyl;AC=UNIMOD:4;TA=C;MT=Fixed		cv:unimod:4	gold_only	unmatched	0.000000
PXD000651	HV_map_A36.raw	Technical	comment[modification parameters]		NT=Oxidation;AC=UNIMOD:35;MT=Variable;TA=M		cv:unimod:35	gold_only	unmatched	0.000000
PXD000651	HV_map_A36.raw	Technical	comment[ms2 mass analyzer]	orbitrap		orbitrap		assessed_only	unmatched	0.000000
PXD000651	HV_map_A36.raw	Technical	comment[ms2 mass analyzer]		AC=MS:1000264; NT=ion trap		cv:ms:1000264	gold_only	unmatched	0.000000
PXD000651	HV_map_A36.raw	Technical	comment[precursor mass tolerance]	10 ppm	10 ppm	10 ppm	10 ppm	matched	exact_normalized	1.000000
PXD000651	HV_map_A36.raw	Technical	comment[proteomics data acquisition method]	NT=data-dependent acquisition;AC=PRIDE:0000627		cv:pride:0000627		assessed_only	unmatched	0.000000
PXD000651	HV_map_A36.raw	Technical	technology type	proteomic profiling by mass spectrometry		proteomic profiling by mass spectrometry		assessed_only	unmatched	0.000000
PXD000651	HV_map_A36.raw	ExperimentalDesign	characteristics[biological replicate]	1		1		assessed_only	unmatched	0.000000
PXD000651	HV_map_A36.raw	ExperimentalDesign	comment[fraction identifier]	142		142		assessed_only	unmatched	0.000000
PXD000651	HV_map_A36.raw	ExperimentalDesign	comment[fraction identifier]		36		36	gold_only	unmatched	0.000000
PXD000651	HV_map_A36.raw	ExperimentalDesign	comment[technical replicate]	1	1	1	1	matched	exact_normalized	1.000000
PXD000651	HV_map_A36.raw	ExperimentalDesign	factor value[disease]	normal		normal		assessed_only	unmatched	0.000000
PXD000651	HV_map_A36.raw	ExperimentalDesign	factor value[experimental design]	fluid type (CSF, plasma), fractionation strategy (SDS-PAGE, MM RP-AX, glycopeptide capture)		fluid type csf plasma fractionation strategy sds-page mm rp-ax glycopeptide capture		assessed_only	unmatched	0.000000
PXD000651	HV_map_A37.raw	Biological	characteristics[disease]	normal		normal		assessed_only	unmatched	0.000000
PXD000651	HV_map_A37.raw	Biological	characteristics[disease]		uninfected		uninfected	gold_only	unmatched	0.000000
PXD000651	HV_map_A37.raw	Biological	characteristics[organism part]	cerebrospinal fluid, plasma	cerebrospinal fluid	cerebrospinal fluid plasma	cerebrospinal fluid	matched	fuzzy	0.844444
PXD000651	HV_map_A37.raw	Biological	characteristics[organism]	Homo sapiens	Homo sapiens	homo sapiens	homo sapiens	matched	exact_normalized	1.000000
PXD000651	HV_map_A37.raw	Technical	comment[cleavage agent details]		NT=Trypsin; AC=MS:1001251; CS=(?<=[KR])(?!P)		cv:ms:1001251	gold_only	unmatched	0.000000
PXD000651	HV_map_A37.raw	Technical	comment[dissociation method]	NT=collision-induced dissociation;AC=MS:1000133	AC=MS:1000133;NT=CID	cv:ms:1000133	cv:ms:1000133	matched	cv_accession	1.000000
PXD000651	HV_map_A37.raw	Technical	comment[fragment mass tolerance]	0.7 Da	0.7 Da	0.7 da	0.7 da	matched	exact_normalized	1.000000
PXD000651	HV_map_A37.raw	Technical	comment[instrument]	NT=Orbitrap Velos Pro;AC=MS:1003096	AC=MS:1001742; NT=LTQ Orbitrap Velos	cv:ms:1003096	cv:ms:1001742	matched	fuzzy	0.777778
PXD000651	HV_map_A37.raw	Technical	comment[label]	label free sample	AC=MS:1002038;NT=label free sample	label free sample	cv:ms:1002038	matched	exact_normalized	1.000000
PXD000651	HV_map_A37.raw	Technical	comment[modification parameters]		NT=Carbamidomethyl;AC=UNIMOD:4;TA=C;MT=Fixed		cv:unimod:4	gold_only	unmatched	0.000000
PXD000651	HV_map_A37.raw	Technical	comment[modification parameters]		NT=Oxidation;AC=UNIMOD:35;MT=Variable;TA=M		cv:unimod:35	gold_only	unmatched	0.000000
PXD000651	HV_map_A37.raw	Technical	comment[ms2 mass analyzer]	orbitrap		orbitrap		assessed_only	unmatched	0.000000
PXD000651	HV_map_A37.raw	Technical	comment[ms2 mass analyzer]		AC=MS:1000264; NT=ion trap		cv:ms:1000264	gold_only	unmatched	0.000000
PXD000651	HV_map_A37.raw	Technical	comment[precursor mass tolerance]	10 ppm	10 ppm	10 ppm	10 ppm	matched	exact_normalized	1.000000
PXD000651	HV_map_A37.raw	Technical	comment[proteomics data acquisition method]	NT=data-dependent acquisition;AC=PRIDE:0000627		cv:pride:0000627		assessed_only	unmatched	0.000000
PXD000651	HV_map_A37.raw	Technical	technology type	proteomic profiling by mass spectrometry		proteomic profiling by mass spectrometry		assessed_only	unmatched	0.000000
PXD000651	HV_map_A37.raw	ExperimentalDesign	characteristics[biological replicate]	1		1		assessed_only	unmatched	0.000000
PXD000651	HV_map_A37.raw	ExperimentalDesign	comment[fraction identifier]	142		142		assessed_only	unmatched	0.000000
PXD000651	HV_map_A37.raw	ExperimentalDesign	comment[fraction identifier]		37		37	gold_only	unmatched	0.000000
PXD000651	HV_map_A37.raw	ExperimentalDesign	comment[technical replicate]	1	1	1	1	matched	exact_normalized	1.000000
PXD000651	HV_map_A37.raw	ExperimentalDesign	factor value[disease]	normal		normal		assessed_only	unmatched	0.000000
PXD000651	HV_map_A37.raw	ExperimentalDesign	factor value[experimental design]	fluid type (CSF, plasma), fractionation strategy (SDS-PAGE, MM RP-AX, glycopeptide capture)		fluid type csf plasma fractionation strategy sds-page mm rp-ax glycopeptide capture		assessed_only	unmatched	0.000000
PXD000651	HV_map_A4.raw	Biological	characteristics[disease]	normal		normal		assessed_only	unmatched	0.000000
PXD000651	HV_map_A4.raw	Biological	characteristics[disease]		uninfected		uninfected	gold_only	unmatched	0.000000
PXD000651	HV_map_A4.raw	Biological	characteristics[organism part]	cerebrospinal fluid, plasma	cerebrospinal fluid	cerebrospinal fluid plasma	cerebrospinal fluid	matched	fuzzy	0.844444
PXD000651	HV_map_A4.raw	Biological	characteristics[organism]	Homo sapiens	Homo sapiens	homo sapiens	homo sapiens	matched	exact_normalized	1.000000
PXD000651	HV_map_A4.raw	Technical	comment[cleavage agent details]		NT=Trypsin; AC=MS:1001251; CS=(?<=[KR])(?!P)		cv:ms:1001251	gold_only	unmatched	0.000000
PXD000651	HV_map_A4.raw	Technical	comment[dissociation method]	NT=collision-induced dissociation;AC=MS:1000133	AC=MS:1000133;NT=CID	cv:ms:1000133	cv:ms:1000133	matched	cv_accession	1.000000
PXD000651	HV_map_A4.raw	Technical	comment[fragment mass tolerance]	0.7 Da	0.7 Da	0.7 da	0.7 da	matched	exact_normalized	1.000000
PXD000651	HV_map_A4.raw	Technical	comment[instrument]	NT=Orbitrap Velos Pro;AC=MS:1003096	AC=MS:1001742; NT=LTQ Orbitrap Velos	cv:ms:1003096	cv:ms:1001742	matched	fuzzy	0.777778
PXD000651	HV_map_A4.raw	Technical	comment[label]	label free sample	AC=MS:1002038;NT=label free sample	label free sample	cv:ms:1002038	matched	exact_normalized	1.000000
PXD000651	HV_map_A4.raw	Technical	comment[modification parameters]		NT=Carbamidomethyl;AC=UNIMOD:4;TA=C;MT=Fixed		cv:unimod:4	gold_only	unmatched	0.000000
PXD000651	HV_map_A4.raw	Technical	comment[modification parameters]		NT=Oxidation;AC=UNIMOD:35;MT=Variable;TA=M		cv:unimod:35	gold_only	unmatched	0.000000
PXD000651	HV_map_A4.raw	Technical	comment[ms2 mass analyzer]	orbitrap		orbitrap		assessed_only	unmatched	0.000000
PXD000651	HV_map_A4.raw	Technical	comment[ms2 mass analyzer]		AC=MS:1000264; NT=ion trap		cv:ms:1000264	gold_only	unmatched	0.000000
PXD000651	HV_map_A4.raw	Technical	comment[precursor mass tolerance]	10 ppm	10 ppm	10 ppm	10 ppm	matched	exact_normalized	1.000000
PXD000651	HV_map_A4.raw	Technical	comment[proteomics data acquisition method]	NT=data-dependent acquisition;AC=PRIDE:0000627		cv:pride:0000627		assessed_only	unmatched	0.000000
PXD000651	HV_map_A4.raw	Technical	technology type	proteomic profiling by mass spectrometry		proteomic profiling by mass spectrometry		assessed_only	unmatched	0.000000
PXD000651	HV_map_A4.raw	ExperimentalDesign	characteristics[biological replicate]	1		1		assessed_only	unmatched	0.000000
PXD000651	HV_map_A4.raw	ExperimentalDesign	comment[fraction identifier]	142		142		assessed_only	unmatched	0.000000
PXD000651	HV_map_A4.raw	ExperimentalDesign	comment[fraction identifier]		4		4	gold_only	unmatched	0.000000
PXD000651	HV_map_A4.raw	ExperimentalDesign	comment[technical replicate]	1	1	1	1	matched	exact_normalized	1.000000
PXD000651	HV_map_A4.raw	ExperimentalDesign	factor value[disease]	normal		normal		assessed_only	unmatched	0.000000
PXD000651	HV_map_A4.raw	ExperimentalDesign	factor value[experimental design]	fluid type (CSF, plasma), fractionation strategy (SDS-PAGE, MM RP-AX, glycopeptide capture)		fluid type csf plasma fractionation strategy sds-page mm rp-ax glycopeptide capture		assessed_only	unmatched	0.000000
PXD000651	HV_map_A5.raw	Biological	characteristics[disease]	normal		normal		assessed_only	unmatched	0.000000
PXD000651	HV_map_A5.raw	Biological	characteristics[disease]		uninfected		uninfected	gold_only	unmatched	0.000000
PXD000651	HV_map_A5.raw	Biological	characteristics[organism part]	cerebrospinal fluid, plasma	cerebrospinal fluid	cerebrospinal fluid plasma	cerebrospinal fluid	matched	fuzzy	0.844444
PXD000651	HV_map_A5.raw	Biological	characteristics[organism]	Homo sapiens	Homo sapiens	homo sapiens	homo sapiens	matched	exact_normalized	1.000000
PXD000651	HV_map_A5.raw	Technical	comment[cleavage agent details]		NT=Trypsin; AC=MS:1001251; CS=(?<=[KR])(?!P)		cv:ms:1001251	gold_only	unmatched	0.000000
PXD000651	HV_map_A5.raw	Technical	comment[dissociation method]	NT=collision-induced dissociation;AC=MS:1000133	AC=MS:1000133;NT=CID	cv:ms:1000133	cv:ms:1000133	matched	cv_accession	1.000000
PXD000651	HV_map_A5.raw	Technical	comment[fragment mass tolerance]	0.7 Da	0.7 Da	0.7 da	0.7 da	matched	exact_normalized	1.000000
PXD000651	HV_map_A5.raw	Technical	comment[instrument]	NT=Orbitrap Velos Pro;AC=MS:1003096	AC=MS:1001742; NT=LTQ Orbitrap Velos	cv:ms:1003096	cv:ms:1001742	matched	fuzzy	0.777778
PXD000651	HV_map_A5.raw	Technical	comment[label]	label free sample	AC=MS:1002038;NT=label free sample	label free sample	cv:ms:1002038	matched	exact_normalized	1.000000
PXD000651	HV_map_A5.raw	Technical	comment[modification parameters]		NT=Carbamidomethyl;AC=UNIMOD:4;TA=C;MT=Fixed		cv:unimod:4	gold_only	unmatched	0.000000
PXD000651	HV_map_A5.raw	Technical	comment[modification parameters]		NT=Oxidation;AC=UNIMOD:35;MT=Variable;TA=M		cv:unimod:35	gold_only	unmatched	0.000000
PXD000651	HV_map_A5.raw	Technical	comment[ms2 mass analyzer]	orbitrap		orbitrap		assessed_only	unmatched	0.000000
PXD000651	HV_map_A5.raw	Technical	comment[ms2 mass analyzer]		AC=MS:1000264; NT=ion trap		cv:ms:1000264	gold_only	unmatched	0.000000
PXD000651	HV_map_A5.raw	Technical	comment[precursor mass tolerance]	10 ppm	10 ppm	10 ppm	10 ppm	matched	exact_normalized	1.000000
PXD000651	HV_map_A5.raw	Technical	comment[proteomics data acquisition method]	NT=data-dependent acquisition;AC=PRIDE:0000627		cv:pride:0000627		assessed_only	unmatched	0.000000
PXD000651	HV_map_A5.raw	Technical	technology type	proteomic profiling by mass spectrometry		proteomic profiling by mass spectrometry		assessed_only	unmatched	0.000000
PXD000651	HV_map_A5.raw	ExperimentalDesign	characteristics[biological replicate]	1		1		assessed_only	unmatched	0.000000
PXD000651	HV_map_A5.raw	ExperimentalDesign	comment[fraction identifier]	142		142		assessed_only	unmatched	0.000000
PXD000651	HV_map_A5.raw	ExperimentalDesign	comment[fraction identifier]		5		5	gold_only	unmatched	0.000000
PXD000651	HV_map_A5.raw	ExperimentalDesign	comment[technical replicate]	1	1	1	1	matched	exact_normalized	1.000000
PXD000651	HV_map_A5.raw	ExperimentalDesign	factor value[disease]	normal		normal		assessed_only	unmatched	0.000000
PXD000651	HV_map_A5.raw	ExperimentalDesign	factor value[experimental design]	fluid type (CSF, plasma), fractionation strategy (SDS-PAGE, MM RP-AX, glycopeptide capture)		fluid type csf plasma fractionation strategy sds-page mm rp-ax glycopeptide capture		assessed_only	unmatched	0.000000
PXD000651	HV_map_A6.raw	Biological	characteristics[disease]	normal		normal		assessed_only	unmatched	0.000000
PXD000651	HV_map_A6.raw	Biological	characteristics[disease]		uninfected		uninfected	gold_only	unmatched	0.000000
PXD000651	HV_map_A6.raw	Biological	characteristics[organism part]	cerebrospinal fluid, plasma	cerebrospinal fluid	cerebrospinal fluid plasma	cerebrospinal fluid	matched	fuzzy	0.844444
PXD000651	HV_map_A6.raw	Biological	characteristics[organism]	Homo sapiens	Homo sapiens	homo sapiens	homo sapiens	matched	exact_normalized	1.000000
PXD000651	HV_map_A6.raw	Technical	comment[cleavage agent details]		NT=Trypsin; AC=MS:1001251; CS=(?<=[KR])(?!P)		cv:ms:1001251	gold_only	unmatched	0.000000
PXD000651	HV_map_A6.raw	Technical	comment[dissociation method]	NT=collision-induced dissociation;AC=MS:1000133	AC=MS:1000133;NT=CID	cv:ms:1000133	cv:ms:1000133	matched	cv_accession	1.000000
PXD000651	HV_map_A6.raw	Technical	comment[fragment mass tolerance]	0.7 Da	0.7 Da	0.7 da	0.7 da	matched	exact_normalized	1.000000
PXD000651	HV_map_A6.raw	Technical	comment[instrument]	NT=Orbitrap Velos Pro;AC=MS:1003096	AC=MS:1001742; NT=LTQ Orbitrap Velos	cv:ms:1003096	cv:ms:1001742	matched	fuzzy	0.777778
PXD000651	HV_map_A6.raw	Technical	comment[label]	label free sample	AC=MS:1002038;NT=label free sample	label free sample	cv:ms:1002038	matched	exact_normalized	1.000000
PXD000651	HV_map_A6.raw	Technical	comment[modification parameters]		NT=Carbamidomethyl;AC=UNIMOD:4;TA=C;MT=Fixed		cv:unimod:4	gold_only	unmatched	0.000000
PXD000651	HV_map_A6.raw	Technical	comment[modification parameters]		NT=Oxidation;AC=UNIMOD:35;MT=Variable;TA=M		cv:unimod:35	gold_only	unmatched	0.000000
PXD000651	HV_map_A6.raw	Technical	comment[ms2 mass analyzer]	orbitrap		orbitrap		assessed_only	unmatched	0.000000
PXD000651	HV_map_A6.raw	Technical	comment[ms2 mass analyzer]		AC=MS:1000264; NT=ion trap		cv:ms:1000264	gold_only	unmatched	0.000000
PXD000651	HV_map_A6.raw	Technical	comment[precursor mass tolerance]	10 ppm	10 ppm	10 ppm	10 ppm	matched	exact_normalized	1.000000
PXD000651	HV_map_A6.raw	Technical	comment[proteomics data acquisition method]	NT=data-dependent acquisition;AC=PRIDE:0000627		cv:pride:0000627		assessed_only	unmatched	0.000000
PXD000651	HV_map_A6.raw	Technical	technology type	proteomic profiling by mass spectrometry		proteomic profiling by mass spectrometry		assessed_only	unmatched	0.000000
PXD000651	HV_map_A6.raw	ExperimentalDesign	characteristics[biological replicate]	1		1		assessed_only	unmatched	0.000000
PXD000651	HV_map_A6.raw	ExperimentalDesign	comment[fraction identifier]	142		142		assessed_only	unmatched	0.000000
PXD000651	HV_map_A6.raw	ExperimentalDesign	comment[fraction identifier]		6		6	gold_only	unmatched	0.000000
PXD000651	HV_map_A6.raw	ExperimentalDesign	comment[technical replicate]	1	1	1	1	matched	exact_normalized	1.000000
PXD000651	HV_map_A6.raw	ExperimentalDesign	factor value[disease]	normal		normal		assessed_only	unmatched	0.000000
PXD000651	HV_map_A6.raw	ExperimentalDesign	factor value[experimental design]	fluid type (CSF, plasma), fractionation strategy (SDS-PAGE, MM RP-AX, glycopeptide capture)		fluid type csf plasma fractionation strategy sds-page mm rp-ax glycopeptide capture		assessed_only	unmatched	0.000000
PXD000651	HV_map_A7.raw	Biological	characteristics[disease]	normal		normal		assessed_only	unmatched	0.000000
PXD000651	HV_map_A7.raw	Biological	characteristics[disease]		uninfected		uninfected	gold_only	unmatched	0.000000
PXD000651	HV_map_A7.raw	Biological	characteristics[organism part]	cerebrospinal fluid, plasma	cerebrospinal fluid	cerebrospinal fluid plasma	cerebrospinal fluid	matched	fuzzy	0.844444
PXD000651	HV_map_A7.raw	Biological	characteristics[organism]	Homo sapiens	Homo sapiens	homo sapiens	homo sapiens	matched	exact_normalized	1.000000
PXD000651	HV_map_A7.raw	Technical	comment[cleavage agent details]		NT=Trypsin; AC=MS:1001251; CS=(?<=[KR])(?!P)		cv:ms:1001251	gold_only	unmatched	0.000000
PXD000651	HV_map_A7.raw	Technical	comment[dissociation method]	NT=collision-induced dissociation;AC=MS:1000133	AC=MS:1000133;NT=CID	cv:ms:1000133	cv:ms:1000133	matched	cv_accession	1.000000
PXD000651	HV_map_A7.raw	Technical	comment[fragment mass tolerance]	0.7 Da	0.7 Da	0.7 da	0.7 da	matched	exact_normalized	1.000000
PXD000651	HV_map_A7.raw	Technical	comment[instrument]	NT=Orbitrap Velos Pro;AC=MS:1003096	AC=MS:1001742; NT=LTQ Orbitrap Velos	cv:ms:1003096	cv:ms:1001742	matched	fuzzy	0.777778
PXD000651	HV_map_A7.raw	Technical	comment[label]	label free sample	AC=MS:1002038;NT=label free sample	label free sample	cv:ms:1002038	matched	exact_normalized	1.000000
PXD000651	HV_map_A7.raw	Technical	comment[modification parameters]		NT=Carbamidomethyl;AC=UNIMOD:4;TA=C;MT=Fixed		cv:unimod:4	gold_only	unmatched	0.000000
PXD000651	HV_map_A7.raw	Technical	comment[modification parameters]		NT=Oxidation;AC=UNIMOD:35;MT=Variable;TA=M		cv:unimod:35	gold_only	unmatched	0.000000
PXD000651	HV_map_A7.raw	Technical	comment[ms2 mass analyzer]	orbitrap		orbitrap		assessed_only	unmatched	0.000000
PXD000651	HV_map_A7.raw	Technical	comment[ms2 mass analyzer]		AC=MS:1000264; NT=ion trap		cv:ms:1000264	gold_only	unmatched	0.000000
PXD000651	HV_map_A7.raw	Technical	comment[precursor mass tolerance]	10 ppm	10 ppm	10 ppm	10 ppm	matched	exact_normalized	1.000000
PXD000651	HV_map_A7.raw	Technical	comment[proteomics data acquisition method]	NT=data-dependent acquisition;AC=PRIDE:0000627		cv:pride:0000627		assessed_only	unmatched	0.000000
PXD000651	HV_map_A7.raw	Technical	technology type	proteomic profiling by mass spectrometry		proteomic profiling by mass spectrometry		assessed_only	unmatched	0.000000
PXD000651	HV_map_A7.raw	ExperimentalDesign	characteristics[biological replicate]	1		1		assessed_only	unmatched	0.000000
PXD000651	HV_map_A7.raw	ExperimentalDesign	comment[fraction identifier]	142		142		assessed_only	unmatched	0.000000
PXD000651	HV_map_A7.raw	ExperimentalDesign	comment[fraction identifier]		7		7	gold_only	unmatched	0.000000
PXD000651	HV_map_A7.raw	ExperimentalDesign	comment[technical replicate]	1	1	1	1	matched	exact_normalized	1.000000
PXD000651	HV_map_A7.raw	ExperimentalDesign	factor value[disease]	normal		normal		assessed_only	unmatched	0.000000
PXD000651	HV_map_A7.raw	ExperimentalDesign	factor value[experimental design]	fluid type (CSF, plasma), fractionation strategy (SDS-PAGE, MM RP-AX, glycopeptide capture)		fluid type csf plasma fractionation strategy sds-page mm rp-ax glycopeptide capture		assessed_only	unmatched	0.000000
PXD000651	HV_map_A8.raw	Biological	characteristics[disease]	normal		normal		assessed_only	unmatched	0.000000
PXD000651	HV_map_A8.raw	Biological	characteristics[disease]		uninfected		uninfected	gold_only	unmatched	0.000000
PXD000651	HV_map_A8.raw	Biological	characteristics[organism part]	cerebrospinal fluid, plasma	cerebrospinal fluid	cerebrospinal fluid plasma	cerebrospinal fluid	matched	fuzzy	0.844444
PXD000651	HV_map_A8.raw	Biological	characteristics[organism]	Homo sapiens	Homo sapiens	homo sapiens	homo sapiens	matched	exact_normalized	1.000000
PXD000651	HV_map_A8.raw	Technical	comment[cleavage agent details]		NT=Trypsin; AC=MS:1001251; CS=(?<=[KR])(?!P)		cv:ms:1001251	gold_only	unmatched	0.000000
PXD000651	HV_map_A8.raw	Technical	comment[dissociation method]	NT=collision-induced dissociation;AC=MS:1000133	AC=MS:1000133;NT=CID	cv:ms:1000133	cv:ms:1000133	matched	cv_accession	1.000000
PXD000651	HV_map_A8.raw	Technical	comment[fragment mass tolerance]	0.7 Da	0.7 Da	0.7 da	0.7 da	matched	exact_normalized	1.000000
PXD000651	HV_map_A8.raw	Technical	comment[instrument]	NT=Orbitrap Velos Pro;AC=MS:1003096	AC=MS:1001742; NT=LTQ Orbitrap Velos	cv:ms:1003096	cv:ms:1001742	matched	fuzzy	0.777778
PXD000651	HV_map_A8.raw	Technical	comment[label]	label free sample	AC=MS:1002038;NT=label free sample	label free sample	cv:ms:1002038	matched	exact_normalized	1.000000
PXD000651	HV_map_A8.raw	Technical	comment[modification parameters]		NT=Carbamidomethyl;AC=UNIMOD:4;TA=C;MT=Fixed		cv:unimod:4	gold_only	unmatched	0.000000
PXD000651	HV_map_A8.raw	Technical	comment[modification parameters]		NT=Oxidation;AC=UNIMOD:35;MT=Variable;TA=M		cv:unimod:35	gold_only	unmatched	0.000000
PXD000651	HV_map_A8.raw	Technical	comment[ms2 mass analyzer]	orbitrap		orbitrap		assessed_only	unmatched	0.000000
PXD000651	HV_map_A8.raw	Technical	comment[ms2 mass analyzer]		AC=MS:1000264; NT=ion trap		cv:ms:1000264	gold_only	unmatched	0.000000
PXD000651	HV_map_A8.raw	Technical	comment[precursor mass tolerance]	10 ppm	10 ppm	10 ppm	10 ppm	matched	exact_normalized	1.000000
PXD000651	HV_map_A8.raw	Technical	comment[proteomics data acquisition method]	NT=data-dependent acquisition;AC=PRIDE:0000627		cv:pride:0000627		assessed_only	unmatched	0.000000
PXD000651	HV_map_A8.raw	Technical	technology type	proteomic profiling by mass spectrometry		proteomic profiling by mass spectrometry		assessed_only	unmatched	0.000000
PXD000651	HV_map_A8.raw	ExperimentalDesign	characteristics[biological replicate]	1		1		assessed_only	unmatched	0.000000
PXD000651	HV_map_A8.raw	ExperimentalDesign	comment[fraction identifier]	142		142		assessed_only	unmatched	0.000000
PXD000651	HV_map_A8.raw	ExperimentalDesign	comment[fraction identifier]		8		8	gold_only	unmatched	0.000000
PXD000651	HV_map_A8.raw	ExperimentalDesign	comment[technical replicate]	1	1	1	1	matched	exact_normalized	1.000000
PXD000651	HV_map_A8.raw	ExperimentalDesign	factor value[disease]	normal		normal		assessed_only	unmatched	0.000000
PXD000651	HV_map_A8.raw	ExperimentalDesign	factor value[experimental design]	fluid type (CSF, plasma), fractionation strategy (SDS-PAGE, MM RP-AX, glycopeptide capture)		fluid type csf plasma fractionation strategy sds-page mm rp-ax glycopeptide capture		assessed_only	unmatched	0.000000
PXD000651	HV_map_A9.raw	Biological	characteristics[disease]	normal		normal		assessed_only	unmatched	0.000000
PXD000651	HV_map_A9.raw	Biological	characteristics[disease]		uninfected		uninfected	gold_only	unmatched	0.000000
PXD000651	HV_map_A9.raw	Biological	characteristics[organism part]	cerebrospinal fluid, plasma	cerebrospinal fluid	cerebrospinal fluid plasma	cerebrospinal fluid	matched	fuzzy	0.844444
PXD000651	HV_map_A9.raw	Biological	characteristics[organism]	Homo sapiens	Homo sapiens	homo sapiens	homo sapiens	matched	exact_normalized	1.000000
PXD000651	HV_map_A9.raw	Technical	comment[cleavage agent details]		NT=Trypsin; AC=MS:1001251; CS=(?<=[KR])(?!P)		cv:ms:1001251	gold_only	unmatched	0.000000
PXD000651	HV_map_A9.raw	Technical	comment[dissociation method]	NT=collision-induced dissociation;AC=MS:1000133	AC=MS:1000133;NT=CID	cv:ms:1000133	cv:ms:1000133	matched	cv_accession	1.000000
PXD000651	HV_map_A9.raw	Technical	comment[fragment mass tolerance]	0.7 Da	0.7 Da	0.7 da	0.7 da	matched	exact_normalized	1.000000
PXD000651	HV_map_A9.raw	Technical	comment[instrument]	NT=Orbitrap Velos Pro;AC=MS:1003096	AC=MS:1001742; NT=LTQ Orbitrap Velos	cv:ms:1003096	cv:ms:1001742	matched	fuzzy	0.777778
PXD000651	HV_map_A9.raw	Technical	comment[label]	label free sample	AC=MS:1002038;NT=label free sample	label free sample	cv:ms:1002038	matched	exact_normalized	1.000000
PXD000651	HV_map_A9.raw	Technical	comment[modification parameters]		NT=Carbamidomethyl;AC=UNIMOD:4;TA=C;MT=Fixed		cv:unimod:4	gold_only	unmatched	0.000000
PXD000651	HV_map_A9.raw	Technical	comment[modification parameters]		NT=Oxidation;AC=UNIMOD:35;MT=Variable;TA=M		cv:unimod:35	gold_only	unmatched	0.000000
PXD000651	HV_map_A9.raw	Technical	comment[ms2 mass analyzer]	orbitrap		orbitrap		assessed_only	unmatched	0.000000
PXD000651	HV_map_A9.raw	Technical	comment[ms2 mass analyzer]		AC=MS:1000264; NT=ion trap		cv:ms:1000264	gold_only	unmatched	0.000000
PXD000651	HV_map_A9.raw	Technical	comment[precursor mass tolerance]	10 ppm	10 ppm	10 ppm	10 ppm	matched	exact_normalized	1.000000
PXD000651	HV_map_A9.raw	Technical	comment[proteomics data acquisition method]	NT=data-dependent acquisition;AC=PRIDE:0000627		cv:pride:0000627		assessed_only	unmatched	0.000000
PXD000651	HV_map_A9.raw	Technical	technology type	proteomic profiling by mass spectrometry		proteomic profiling by mass spectrometry		assessed_only	unmatched	0.000000
PXD000651	HV_map_A9.raw	ExperimentalDesign	characteristics[biological replicate]	1		1		assessed_only	unmatched	0.000000
PXD000651	HV_map_A9.raw	ExperimentalDesign	comment[fraction identifier]	142		142		assessed_only	unmatched	0.000000
PXD000651	HV_map_A9.raw	ExperimentalDesign	comment[fraction identifier]		9		9	gold_only	unmatched	0.000000
PXD000651	HV_map_A9.raw	ExperimentalDesign	comment[technical replicate]	1	1	1	1	matched	exact_normalized	1.000000
PXD000651	HV_map_A9.raw	ExperimentalDesign	factor value[disease]	normal		normal		assessed_only	unmatched	0.000000
PXD000651	HV_map_A9.raw	ExperimentalDesign	factor value[experimental design]	fluid type (CSF, plasma), fractionation strategy (SDS-PAGE, MM RP-AX, glycopeptide capture)		fluid type csf plasma fractionation strategy sds-page mm rp-ax glycopeptide capture		assessed_only	unmatched	0.000000
